record_id,source_dataset,target_category,source_subcategory,complaint_text,status,created_date
20771690,INDIAN_OPENCITY_BBMP,Street/Public Electrical Infrastructure,Street Light Not Working,Street Light Not Working in Jagajeevanram Nagar Field inspection assigned to JE officer.,Registered,2025-06-19 10:39:00.000000000
20771689,INDIAN_OPENCITY_BBMP,Street/Public Electrical Infrastructure,Street Light Not Working,Street Light Not Working in Kammanahalli Field inspection assigned to AE officer.,Registered,2025-06-19 10:36:00.000000000
20771688,INDIAN_OPENCITY_BBMP,General Consumer Services,Garbage dump,Garbage dump in Banaswadi Field inspection assigned to Marshal officer.,Registered,2025-06-19 10:35:00.000000000
20771687,INDIAN_OPENCITY_BBMP,Street/Public Electrical Infrastructure,Street Light Not Working,Street Light Not Working in Gandhi Nagar Field inspection assigned to JE officer.,Registered,2025-06-19 10:34:00.000000000
20771686,INDIAN_OPENCITY_BBMP,General Consumer Services,Garbage dump,Garbage dump in Kumaraswamy Layout Field inspection assigned to Marshal officer.,Registered,2025-06-19 10:34:00.000000000
20771685,INDIAN_OPENCITY_BBMP,Street/Public Electrical Infrastructure,Street Light Not Working,Street Light Not Working in Jogupalya Field inspection assigned to AE officer.,Registered,2025-06-19 10:31:00.000000000
20771684,INDIAN_OPENCITY_BBMP,Street/Public Electrical Infrastructure,Street Light Not Working,Street Light Not Working in Vijanapura Field inspection assigned to AE officer.,Registered,2025-06-19 10:30:00.000000000
20771683,INDIAN_OPENCITY_BBMP,Street/Public Electrical Infrastructure,Street Light Not Working,Street Light Not Working in Shanthi Nagar Field inspection assigned to AE officer.,Registered,2025-06-19 10:30:00.000000000
20771682,INDIAN_OPENCITY_BBMP,General Consumer Services,Garbage dump,Garbage dump in Uttarahalli Field inspection assigned to Marshal officer.,Registered,2025-06-19 10:24:00.000000000
20771681,INDIAN_OPENCITY_BBMP,General Consumer Services,footpath encroachment,footpath encroachment in Doddanekkundi Field inspection assigned to AE officer.,Registered,2025-06-19 10:22:00.000000000
20771680,INDIAN_OPENCITY_BBMP,Street/Public Electrical Infrastructure,Street Light Not Working,Street Light Not Working in Kengeri Field inspection assigned to JE officer.,Registered,2025-06-19 10:20:00.000000000
20771679,INDIAN_OPENCITY_BBMP,General Consumer Services,Stray dog related complaints,Stray dog related complaints in Shankaramata Field inspection assigned to VI officer.,Registered,2025-06-19 10:20:00.000000000
20771678,INDIAN_OPENCITY_BBMP,General Consumer Services,Animal Rescue - Not well - Requires attention,Animal Rescue - Not well - Requires attention in Singasandra Field inspection assigned to VI officer.,Registered,2025-06-19 10:18:00.000000000
20771677,INDIAN_OPENCITY_BBMP,General Consumer Services,Garbage dump,Garbage dump in Kavalbyrasandra Field inspection assigned to Marshal officer.,Registered,2025-06-19 10:16:00.000000000
20771676,INDIAN_OPENCITY_BBMP,Street/Public Electrical Infrastructure,Street Light Not Working,Street Light Not Working in Shankaramata Field inspection assigned to AE officer.,Registered,2025-06-19 10:16:00.000000000
20771675,INDIAN_OPENCITY_BBMP,General Consumer Services,Garbage dump,Garbage dump in Thanisandra Field inspection assigned to Marshal officer.,Registered,2025-06-19 10:15:00.000000000
20771674,INDIAN_OPENCITY_BBMP,Street/Public Electrical Infrastructure,Street Light Not Working,Street Light Not Working in Giri Nagar Field inspection assigned to JE officer.,Registered,2025-06-19 10:14:00.000000000
20771673,INDIAN_OPENCITY_BBMP,Street/Public Electrical Infrastructure,Street Light Not Working,Street Light Not Working in Begur Field inspection assigned to JE officer.,Registered,2025-06-19 10:13:00.000000000
20771672,INDIAN_OPENCITY_BBMP,General Consumer Services,obstructions Branches / Trees.,obstructions Branches / Trees. in Vishwanathnagenahalli Field inspection assigned to DYRFO officer.,Registered,2025-06-19 10:11:00.000000000
20771671,INDIAN_OPENCITY_BBMP,General Consumer Services,Removal of dead/fallen trees,Removal of dead/fallen trees in Anjanapur Field inspection assigned to RFO officer.,Registered,2025-06-19 10:11:00.000000000
20771670,INDIAN_OPENCITY_BBMP,Street/Public Electrical Infrastructure,Street Light Not Working,Street Light Not Working in Byatarayanapura Field inspection assigned to JE officer.,Registered,2025-06-19 10:10:00.000000000
20771669,INDIAN_OPENCITY_BBMP,Street/Public Electrical Infrastructure,Street Light Not Working,Street Light Not Working in Doddanekkundi Field inspection assigned to AE officer.,Registered,2025-06-19 10:10:00.000000000
20771666,INDIAN_OPENCITY_BBMP,General Consumer Services,Garbage dump,Garbage dump in Doddanekkundi Field inspection assigned to Marshal officer.,Registered,2025-06-19 10:09:00.000000000
20771665,INDIAN_OPENCITY_BBMP,General Consumer Services,Removal of dead/fallen trees,Removal of dead/fallen trees in Gottigere Field inspection assigned to RFO officer.,Registered,2025-06-19 10:08:00.000000000
20771664,INDIAN_OPENCITY_BBMP,General Consumer Services,Unhygienic  premises in hospital,Unhygienic premises in hospital in Hoysala Nagar Field inspection assigned to SHI officer.,Registered,2025-06-19 10:07:00.000000000
20771663,INDIAN_OPENCITY_BBMP,General Consumer Services,Others,Others in Singasandra Field inspection assigned to Customer Support Representative officer.,Registered,2025-06-19 10:06:00.000000000
20771662,INDIAN_OPENCITY_BBMP,General Consumer Services,Potholes,Potholes in Bilekahalli Field inspection assigned to AE officer.,Registered,2025-06-19 10:05:00.000000000
20771661,INDIAN_OPENCITY_BBMP,Street/Public Electrical Infrastructure,Street Light Not Working,Street Light Not Working in BTM Layout Field inspection assigned to JE officer.,Registered,2025-06-19 10:04:00.000000000
20771660,INDIAN_OPENCITY_BBMP,Street/Public Electrical Infrastructure,Street Light Not Working,Street Light Not Working in Gottigere Field inspection assigned to JE officer.,Registered,2025-06-19 10:04:00.000000000
20771659,INDIAN_OPENCITY_BBMP,General Consumer Services,Anti Rabies Vaccination of stray dogs,Anti Rabies Vaccination of stray dogs in Varthur Field inspection assigned to VI officer.,Registered,2025-06-19 10:02:00.000000000
20771658,INDIAN_OPENCITY_BBMP,Street/Public Electrical Infrastructure,Street Light Not Working,Street Light Not Working in Bellandur Field inspection assigned to AE officer.,Registered,2025-06-19 10:00:00.000000000
20771657,INDIAN_OPENCITY_BBMP,General Consumer Services,Removal of dead/fallen trees,Removal of dead/fallen trees in Uttarahalli Field inspection assigned to RFO officer.,Registered,2025-06-19 10:00:00.000000000
20771656,INDIAN_OPENCITY_BBMP,General Consumer Services,Road side drains,Road side drains in Varthur Field inspection assigned to AE officer.,Registered,2025-06-19 09:55:00.000000000
20771655,INDIAN_OPENCITY_BBMP,Street/Public Electrical Infrastructure,Street Light Not Working,Street Light Not Working in Basaveshwara Nagar Field inspection assigned to JE officer.,Registered,2025-06-19 09:52:00.000000000
20771654,INDIAN_OPENCITY_BBMP,General Consumer Services,Garbage dump,Garbage dump in Bommanahalli Field inspection assigned to Marshal officer.,Registered,2025-06-19 09:50:00.000000000
20771653,INDIAN_OPENCITY_BBMP,General Consumer Services,shifting of the street dogs to other places,shifting of the street dogs to other places in Jnanabharathi Ward Field inspection assigned to VI officer.,Registered,2025-06-19 09:50:00.000000000
20771652,INDIAN_OPENCITY_BBMP,Street/Public Electrical Infrastructure,Street Light Not Working,Street Light Not Working in Vidyaranyapura Field inspection assigned to JE officer.,Registered,2025-06-19 09:46:00.000000000
20771651,INDIAN_OPENCITY_BBMP,Street/Public Electrical Infrastructure,Street Light Not Working,Street Light Not Working in Padarayanapura Field inspection assigned to JE officer.,Registered,2025-06-19 09:45:00.000000000
20771650,INDIAN_OPENCITY_BBMP,General Consumer Services,Garbage dump,Garbage dump in Shiva Nagar Field inspection assigned to Marshal officer.,Registered,2025-06-19 09:43:00.000000000
20771649,INDIAN_OPENCITY_BBMP,General Consumer Services,Road side drains,Road side drains in Radhakrishna Temple Field inspection assigned to AE officer.,Registered,2025-06-19 09:37:00.000000000
20771648,INDIAN_OPENCITY_BBMP,General Consumer Services,Removal of dead/fallen trees,Removal of dead/fallen trees in Giri Nagar Field inspection assigned to DYRFO officer.,Registered,2025-06-19 09:36:00.000000000
20771647,INDIAN_OPENCITY_BBMP,Street/Public Electrical Infrastructure,Street Light Not Working,Street Light Not Working in Sanjay Nagar Field inspection assigned to AE officer.,Registered,2025-06-19 09:36:00.000000000
20771646,INDIAN_OPENCITY_BBMP,General Consumer Services,Garbage dump,Garbage dump in Hagadooru Field inspection assigned to Marshal officer.,Registered,2025-06-19 09:34:00.000000000
20771645,INDIAN_OPENCITY_BBMP,Street/Public Electrical Infrastructure,Street Light Not Working,Street Light Not Working in Benniganahalli Field inspection assigned to AE officer.,Registered,2025-06-19 09:34:00.000000000
20771644,INDIAN_OPENCITY_BBMP,General Consumer Services,Garbage dump,Garbage dump in Padmanabha Nagar Field inspection assigned to Marshal officer.,Registered,2025-06-19 09:30:00.000000000
20771643,INDIAN_OPENCITY_BBMP,Street/Public Electrical Infrastructure,Street Light Not Working,Street Light Not Working in Herohalli Field inspection assigned to JE officer.,Registered,2025-06-19 09:29:00.000000000
20771642,INDIAN_OPENCITY_BBMP,General Consumer Services,Garbage dump,Garbage dump in HSR Layout Field inspection assigned to Marshal officer.,Registered,2025-06-19 09:27:00.000000000
20771641,INDIAN_OPENCITY_BBMP,General Consumer Services,obstructions Branches / Trees.,obstructions Branches / Trees. in Anjanapur Field inspection assigned to RFO officer.,Registered,2025-06-19 09:26:00.000000000
20771639,INDIAN_OPENCITY_BBMP,General Consumer Services,Garbage dumping in vacant sites,Garbage dumping in vacant sites in Thanisandra Field inspection assigned to Marshal officer.,Registered,2025-06-19 09:21:00.000000000
20771638,INDIAN_OPENCITY_BBMP,General Consumer Services,Sweeping not done,Sweeping not done in Yelahanka old Satellite Town Field inspection assigned to JHI officer.,Registered,2025-06-19 09:21:00.000000000
20771637,INDIAN_OPENCITY_BBMP,Street/Public Electrical Infrastructure,Street Light Not Working,Street Light Not Working in Chikkalasandra Field inspection assigned to AE officer.,Registered,2025-06-19 09:20:00.000000000
20771636,INDIAN_OPENCITY_BBMP,Street/Public Electrical Infrastructure,Street Light Not Working,Street Light Not Working in Bagalagunte Field inspection assigned to AE officer.,Registered,2025-06-19 09:19:00.000000000
20771635,INDIAN_OPENCITY_BBMP,Street/Public Electrical Infrastructure,Street Light Not Working,Street Light Not Working in Basavanagudi Field inspection assigned to JE officer.,Registered,2025-06-19 09:19:00.000000000
20771634,INDIAN_OPENCITY_BBMP,General Consumer Services,Road side drains,Road side drains in Neelasandra Field inspection assigned to AE officer.,Registered,2025-06-19 09:18:00.000000000
20771633,INDIAN_OPENCITY_BBMP,Street/Public Electrical Infrastructure,Street Light Not Working,Street Light Not Working in Sarakki Field inspection assigned to AE officer.,Registered,2025-06-19 09:18:00.000000000
20771632,INDIAN_OPENCITY_BBMP,General Consumer Services,Sewerage water left in SWD,Sewerage water left in SWD in Vidyaranyapura Field inspection assigned to AE officer.,Registered,2025-06-19 09:17:00.000000000
20771631,INDIAN_OPENCITY_BBMP,Street/Public Electrical Infrastructure,Street Light Not Working,Street Light Not Working in Hosahalli Field inspection assigned to AE officer.,Registered,2025-06-19 09:17:00.000000000
20771630,INDIAN_OPENCITY_BBMP,Street/Public Electrical Infrastructure,Street Light Not Working,Street Light Not Working in Newthippasandra Field inspection assigned to AE officer.,Registered,2025-06-19 09:17:00.000000000
20771629,INDIAN_OPENCITY_BBMP,Street/Public Electrical Infrastructure,Street Light Not Working,Street Light Not Working in Uttarahalli Field inspection assigned to JE officer.,Registered,2025-06-19 09:16:00.000000000
20771628,INDIAN_OPENCITY_BBMP,General Consumer Services,Garbage dump,Garbage dump in Horamavu Field inspection assigned to Marshal officer.,Registered,2025-06-19 09:16:00.000000000
20771627,INDIAN_OPENCITY_BBMP,General Consumer Services,Garbage dump,Garbage dump in Byatarayanapura Field inspection assigned to Marshal officer.,Registered,2025-06-19 09:16:00.000000000
20771626,INDIAN_OPENCITY_BBMP,Street/Public Electrical Infrastructure,Street Light Not Working,Street Light Not Working in Jnanabharathi Ward Field inspection assigned to JE officer.,Registered,2025-06-19 09:15:00.000000000
20771625,INDIAN_OPENCITY_BBMP,General Consumer Services,Fatally injured - Needs immediate attention,Fatally injured - Needs immediate attention in Koramangala Field inspection assigned to VI officer.,Registered,2025-06-19 09:15:00.000000000
20771624,INDIAN_OPENCITY_BBMP,Street/Public Electrical Infrastructure,Street Light Not Working,Street Light Not Working in Mahalakshmipuram Field inspection assigned to AE officer.,Registered,2025-06-19 09:15:00.000000000
20771623,INDIAN_OPENCITY_BBMP,Street/Public Electrical Infrastructure,Street Light Not Working,Street Light Not Working in Hagadooru Field inspection assigned to AE officer.,Registered,2025-06-19 09:15:00.000000000
20771622,INDIAN_OPENCITY_BBMP,General Consumer Services,Garbage transfer not as per norms & area not kept clean,Garbage transfer not as per norms & area not kept clean in Thanisandra Field inspection assigned to Marshal officer.,Registered,2025-06-19 09:15:00.000000000
20771621,INDIAN_OPENCITY_BBMP,General Consumer Services,Road side drains,Road side drains in Bommanahalli Field inspection assigned to AE officer.,Registered,2025-06-19 09:14:00.000000000
20771620,INDIAN_OPENCITY_BBMP,General Consumer Services,Garbage dumping in vacant sites,Garbage dumping in vacant sites in Someshwara Field inspection assigned to Marshal officer.,Registered,2025-06-19 09:12:00.000000000
20771618,INDIAN_OPENCITY_BBMP,Street/Public Electrical Infrastructure,Street Light Not Working,Street Light Not Working in Kempegowda Ward Field inspection assigned to JE officer.,Registered,2025-06-19 09:10:00.000000000
20771616,INDIAN_OPENCITY_BBMP,Street/Public Electrical Infrastructure,Street Light Not Working,Street Light Not Working in Hemmigepura Field inspection assigned to JE officer.,Registered,2025-06-19 09:06:00.000000000
20771615,INDIAN_OPENCITY_BBMP,General Consumer Services,Garbage vehicle not arrived,Garbage vehicle not arrived in Banashankari Temple Ward Field inspection assigned to Marshal officer.,Registered,2025-06-19 09:05:00.000000000
20771613,INDIAN_OPENCITY_BBMP,Street/Public Electrical Infrastructure,Street Light Not Working,Street Light Not Working in Subedarapalya Field inspection assigned to JE officer.,Registered,2025-06-19 09:05:00.000000000
20771612,INDIAN_OPENCITY_BBMP,General Consumer Services,Garbage dump,Garbage dump in Horamavu Clear sir today morning,Closed,2025-06-19 09:03:00.000000000
20771608,INDIAN_OPENCITY_BBMP,Street/Public Electrical Infrastructure,Street Light Not Working,Street Light Not Working in Thanisandra Field inspection assigned to JE officer.,Registered,2025-06-19 09:01:00.000000000
20771606,INDIAN_OPENCITY_BBMP,Street/Public Electrical Infrastructure,Street Light Not Working,Street Light Not Working in Shakthiganapathi Nagar Field inspection assigned to AE officer.,Registered,2025-06-19 09:00:00.000000000
20771604,INDIAN_OPENCITY_BBMP,Street/Public Electrical Infrastructure,Street Light Not Working,Street Light Not Working in Banaswadi Field inspection assigned to AE officer.,Registered,2025-06-19 09:00:00.000000000
20771601,INDIAN_OPENCITY_BBMP,Street/Public Electrical Infrastructure,Street Light Not Working,Street Light Not Working in Vishwanathnagenahalli Field inspection assigned to AE officer.,Registered,2025-06-19 08:58:00.000000000
20771600,INDIAN_OPENCITY_BBMP,Street/Public Electrical Infrastructure,Street Light Not Working,Street Light Not Working in Yelachenahalli Field inspection assigned to JE officer.,Registered,2025-06-19 08:57:00.000000000
20771599,INDIAN_OPENCITY_BBMP,Street/Public Electrical Infrastructure,Street Light Not Working,Street Light Not Working in Arakere Field inspection assigned to JE officer.,Registered,2025-06-19 08:56:00.000000000
20771598,INDIAN_OPENCITY_BBMP,General Consumer Services,Garbage dump,Garbage dump in Hoysala Nagar Field inspection assigned to Marshal officer.,Registered,2025-06-19 08:56:00.000000000
20771597,INDIAN_OPENCITY_BBMP,Street/Public Electrical Infrastructure,Street Light Not Working,Street Light Not Working in Hombegowda Nagar Field inspection assigned to AE officer.,Registered,2025-06-19 08:54:00.000000000
20771596,INDIAN_OPENCITY_BBMP,Street/Public Electrical Infrastructure,Street Light Not Working,Street Light Not Working in HBR Layout Field inspection assigned to AE officer.,Registered,2025-06-19 08:54:00.000000000
20771595,INDIAN_OPENCITY_BBMP,General Consumer Services,Garbage dump,Garbage dump in Benniganahalli Field inspection assigned to Marshal officer.,Registered,2025-06-19 08:52:00.000000000
20771594,INDIAN_OPENCITY_BBMP,General Consumer Services,Road cutting,Road cutting in Banashankari Temple Ward Field inspection assigned to AE officer.,Registered,2025-06-19 08:51:00.000000000
20771593,INDIAN_OPENCITY_BBMP,General Consumer Services,water stagnation,water stagnation in Lakkasandra Field inspection assigned to AE officer.,Registered,2025-06-19 08:50:00.000000000
20771592,INDIAN_OPENCITY_BBMP,Street/Public Electrical Infrastructure,Requirement For New Street Lights,Requirement For New Street Lights in Herohalli Field inspection assigned to JE officer.,Registered,2025-06-19 08:49:00.000000000
20771590,INDIAN_OPENCITY_BBMP,Street/Public Electrical Infrastructure,Requirement For New Street Lights,Requirement For New Street Lights in Vidyaranyapura Field inspection assigned to JE officer.,Registered,2025-06-19 08:48:00.000000000
20771589,INDIAN_OPENCITY_BBMP,Street/Public Electrical Infrastructure,Street Light Not Working,Street Light Not Working in Jakkur Field inspection assigned to JE officer.,Registered,2025-06-19 08:47:00.000000000
20771588,INDIAN_OPENCITY_BBMP,General Consumer Services,Road side drains,Road side drains in Sarvagna Nagar Field inspection assigned to AE officer.,Registered,2025-06-19 08:47:00.000000000
20771586,INDIAN_OPENCITY_BBMP,Street/Public Electrical Infrastructure,Street Light Not Working,Street Light Not Working in Ganeshmandira Ward Field inspection assigned to AE officer.,Registered,2025-06-19 08:45:00.000000000
20771585,INDIAN_OPENCITY_BBMP,General Consumer Services,Flex and banners,Flex and banners in Arakere Field inspection assigned to ARO officer.,Registered,2025-06-19 08:44:00.000000000
20771584,INDIAN_OPENCITY_BBMP,General Consumer Services,Garbage dumping in vacant sites,Garbage dumping in vacant sites in Kadugodi Field inspection assigned to Marshal officer.,Registered,2025-06-19 08:43:00.000000000
20771583,INDIAN_OPENCITY_BBMP,General Consumer Services,Garbage vehicle not arrived,Garbage vehicle not arrived in Dodda Bidarkallu Field inspection assigned to Marshal officer.,Registered,2025-06-19 08:42:00.000000000
20771582,INDIAN_OPENCITY_BBMP,Street/Public Electrical Infrastructure,Street Light Not Working,Street Light Not Working in Kuvempu Nagar Field inspection assigned to JE officer.,Registered,2025-06-19 08:40:00.000000000
20771578,INDIAN_OPENCITY_BBMP,General Consumer Services,Garbage vehicle not arrived,Garbage vehicle not arrived in Hoodi Field inspection assigned to Marshal officer.,Registered,2025-06-19 08:33:00.000000000
20771577,INDIAN_OPENCITY_BBMP,Street/Public Electrical Infrastructure,Street Light Not Working,Street Light Not Working in Nandini Layout Field inspection assigned to AE officer.,Registered,2025-06-19 08:32:00.000000000
20771576,INDIAN_OPENCITY_BBMP,General Consumer Services,obstructions Branches / Trees.,obstructions Branches / Trees. in Nagarabhavi Field inspection assigned to DYRFO officer.,Registered,2025-06-19 08:30:00.000000000
20771575,INDIAN_OPENCITY_BBMP,General Consumer Services,Collect the food available to feed dogs,Collect the food available to feed dogs in Basavanagudi Field inspection assigned to VI officer.,Registered,2025-06-19 08:30:00.000000000
20771574,INDIAN_OPENCITY_BBMP,Street/Public Electrical Infrastructure,Park Lights Not Working,Park Lights Not Working in Hampi Nagar Field inspection assigned to AE officer.,Registered,2025-06-19 08:30:00.000000000
20771571,INDIAN_OPENCITY_BBMP,General Consumer Services,Maintenance of SWD,Maintenance of SWD in Uttarahalli Field inspection assigned to AE officer.,Registered,2025-06-19 08:27:00.000000000
20771570,INDIAN_OPENCITY_BBMP,Street/Public Electrical Infrastructure,Street Light Not Working,Street Light Not Working in Someshwara Field inspection assigned to JE officer.,Registered,2025-06-19 08:27:00.000000000
20771568,INDIAN_OPENCITY_BBMP,Street/Public Electrical Infrastructure,Street Light Not Working,Street Light Not Working in Peenya Industrial Area Field inspection assigned to AE officer.,Registered,2025-06-19 08:26:00.000000000
20771567,INDIAN_OPENCITY_BBMP,General Consumer Services,Garbage dump,Garbage dump in Anjanapur Field inspection assigned to Marshal officer.,Registered,2025-06-19 08:25:00.000000000
20771566,INDIAN_OPENCITY_BBMP,General Consumer Services,Garbage vehicle not arrived,Garbage vehicle not arrived in Ramamurthy Nagar Field inspection assigned to Marshal officer.,Registered,2025-06-19 08:25:00.000000000
20771565,INDIAN_OPENCITY_BBMP,General Consumer Services,Stray dog related complaints,Stray dog related complaints in J.P.Nagar Field inspection assigned to VI officer.,Registered,2025-06-19 08:25:00.000000000
20771563,INDIAN_OPENCITY_BBMP,Street/Public Electrical Infrastructure,Street Light Not Working,Street Light Not Working in Horamavu Field inspection assigned to AE officer.,Registered,2025-06-19 08:22:00.000000000
20771562,INDIAN_OPENCITY_BBMP,Street/Public Electrical Infrastructure,Street Light Not Working,Street Light Not Working in K.R.Puram Field inspection assigned to AE officer.,Registered,2025-06-19 08:22:00.000000000
20771560,INDIAN_OPENCITY_BBMP,Street/Public Electrical Infrastructure,Street Light Not Working,Street Light Not Working in Visvesvarapuram Field inspection assigned to AE officer.,Registered,2025-06-19 08:19:00.000000000
20771558,INDIAN_OPENCITY_BBMP,General Consumer Services,Garbage dump,Garbage dump in Hemmigepura Field inspection assigned to Marshal officer.,Registered,2025-06-19 08:18:00.000000000
20771557,INDIAN_OPENCITY_BBMP,Street/Public Electrical Infrastructure,Street Light Not Working,Street Light Not Working in J.P.Nagar Field inspection assigned to AE officer.,Registered,2025-06-19 08:17:00.000000000
20771555,INDIAN_OPENCITY_BBMP,General Consumer Services,obstructions Branches / Trees.,obstructions Branches / Trees. in Attiguppe Field inspection assigned to DYRFO officer.,Registered,2025-06-19 08:12:00.000000000
20771553,INDIAN_OPENCITY_BBMP,Street/Public Electrical Infrastructure,Street Light Not Working,Street Light Not Working in Hoodi Field inspection assigned to AE officer.,Registered,2025-06-19 08:08:00.000000000
20771552,INDIAN_OPENCITY_BBMP,General Consumer Services,Garbage dumping in vacant sites,Garbage dumping in vacant sites in S.K.Garden Field inspection assigned to Marshal officer.,Registered,2025-06-19 08:08:00.000000000
20771550,INDIAN_OPENCITY_BBMP,Street/Public Electrical Infrastructure,Requirement For New Street Lights,Requirement For New Street Lights in Hemmigepura Field inspection assigned to JE officer.,Registered,2025-06-19 08:07:00.000000000
20771547,INDIAN_OPENCITY_BBMP,Street/Public Electrical Infrastructure,Street Light Not Working,Street Light Not Working in Shettyhalli Field inspection assigned to AE officer.,Registered,2025-06-19 08:04:00.000000000
20771546,INDIAN_OPENCITY_BBMP,Street/Public Electrical Infrastructure,Street Light Not Working,Street Light Not Working in Varthur Field inspection assigned to AE officer.,Registered,2025-06-19 08:03:00.000000000
20771544,INDIAN_OPENCITY_BBMP,General Consumer Services,Garbage dump,Garbage dump in Sunkenahalli Field inspection assigned to Marshal officer.,Registered,2025-06-19 07:59:00.000000000
20771541,INDIAN_OPENCITY_BBMP,General Consumer Services,Animal Rescue - Not well - Requires attention,Animal Rescue - Not well - Requires attention in Uttarahalli Field inspection assigned to VI officer.,Registered,2025-06-19 07:58:00.000000000
20771540,INDIAN_OPENCITY_BBMP,General Consumer Services,Fatally injured - Needs immediate attention,Fatally injured - Needs immediate attention in K.R.Puram Field inspection assigned to VI officer.,Registered,2025-06-19 07:57:00.000000000
20771538,INDIAN_OPENCITY_BBMP,General Consumer Services,Garbage dump,Garbage dump in Dodda Bidarkallu Field inspection assigned to Marshal officer.,Registered,2025-06-19 07:53:00.000000000
20771537,INDIAN_OPENCITY_BBMP,Street/Public Electrical Infrastructure,Street Light Not Working,Street Light Not Working in Kumaraswamy Layout Field inspection assigned to AE officer.,Registered,2025-06-19 07:53:00.000000000
20771536,INDIAN_OPENCITY_BBMP,Street/Public Electrical Infrastructure,Street Light Not Working,Street Light Not Working in Yelahanka old Satellite Town Field inspection assigned to JE officer.,Registered,2025-06-19 07:51:00.000000000
20771535,INDIAN_OPENCITY_BBMP,Street/Public Electrical Infrastructure,Street Light Not Working,Street Light Not Working in Vijay Nagar Field inspection assigned to AE officer.,Registered,2025-06-19 07:51:00.000000000
20771533,INDIAN_OPENCITY_BBMP,Street/Public Electrical Infrastructure,Street Light Not Working,Street Light Not Working in Cottonpet Field inspection assigned to JE officer.,Registered,2025-06-19 07:45:00.000000000
20771532,INDIAN_OPENCITY_BBMP,Street/Public Electrical Infrastructure,Street Light Not Working,Street Light Not Working in Vasanth Nagar Field inspection assigned to AE officer.,Registered,2025-06-19 07:44:00.000000000
20771531,INDIAN_OPENCITY_BBMP,General Consumer Services,Issues Related to Parks/Medians/Circles/Island.,Issues Related to Parks/Medians/Circles/Island. in Someshwara Field inspection assigned to HS officer.,Registered,2025-06-19 07:43:00.000000000
20771528,INDIAN_OPENCITY_BBMP,Street/Public Electrical Infrastructure,Street Light Not Working,Street Light Not Working in Chikpete Field inspection assigned to JE officer.,Registered,2025-06-19 07:40:00.000000000
20771527,INDIAN_OPENCITY_BBMP,General Consumer Services,footpath encroachment,footpath encroachment in Kadugodi Field inspection assigned to AE officer.,Registered,2025-06-19 07:39:00.000000000
20771526,INDIAN_OPENCITY_BBMP,General Consumer Services,Road side drains,Road side drains in Kadugodi Field inspection assigned to AE officer.,Registered,2025-06-19 07:39:00.000000000
20771525,INDIAN_OPENCITY_BBMP,General Consumer Services,Garbage dump,Garbage dump in Visvesvarapuram Field inspection assigned to Marshal officer.,Registered,2025-06-19 07:38:00.000000000
20771524,INDIAN_OPENCITY_BBMP,General Consumer Services,Sewerage water left in SWD,Sewerage water left in SWD in Ramamurthy Nagar Field inspection assigned to AE officer.,Registered,2025-06-19 07:36:00.000000000
20771523,INDIAN_OPENCITY_BBMP,General Consumer Services,Debris Removal / Construction Material,Debris Removal / Construction Material in Gali Anjaneya Swamy Temple Ward Field inspection assigned to AE officer.,Registered,2025-06-19 07:36:00.000000000
20771518,INDIAN_OPENCITY_BBMP,General Consumer Services,Garbage vehicle not arrived,Garbage vehicle not arrived in Rajagopala Nagar Field inspection assigned to Marshal officer.,Registered,2025-06-19 07:29:00.000000000
20771517,INDIAN_OPENCITY_BBMP,General Consumer Services,Garbage vehicle not arrived,Garbage vehicle not arrived in Thanisandra Field inspection assigned to Marshal officer.,Registered,2025-06-19 07:29:00.000000000
20771516,INDIAN_OPENCITY_BBMP,Street/Public Electrical Infrastructure,Street Light Not Working,Street Light Not Working in Vignana Nagar Field inspection assigned to AE officer.,Registered,2025-06-19 07:29:00.000000000
20771515,INDIAN_OPENCITY_BBMP,Street/Public Electrical Infrastructure,Street Light Not Working,Street Light Not Working in Yadiyuru Field inspection assigned to AE officer.,Registered,2025-06-19 07:27:00.000000000
20771514,INDIAN_OPENCITY_BBMP,General Consumer Services,Potholes,Potholes in C.V.Raman Nagar Field inspection assigned to AE officer.,Registered,2025-06-19 07:27:00.000000000
20771512,INDIAN_OPENCITY_BBMP,Street/Public Electrical Infrastructure,Street Light Not Working,Street Light Not Working in Garudacharpalya Field inspection assigned to AE officer.,Registered,2025-06-19 07:25:00.000000000
20771511,INDIAN_OPENCITY_BBMP,General Consumer Services,Garbage dump,Garbage dump in Jakkur Field inspection assigned to Marshal officer.,Registered,2025-06-19 07:25:00.000000000
20771509,INDIAN_OPENCITY_BBMP,Street/Public Electrical Infrastructure,Street Light Not Working,Street Light Not Working in Dodda Bidarkallu Field inspection assigned to JE officer.,Registered,2025-06-19 07:25:00.000000000
20771507,INDIAN_OPENCITY_BBMP,Street/Public Electrical Infrastructure,Street Light Not Working,Street Light Not Working in Okalipuram Field inspection assigned to JE officer.,Registered,2025-06-19 07:23:00.000000000
20771506,INDIAN_OPENCITY_BBMP,Street/Public Electrical Infrastructure,Street Light Not Working,Street Light Not Working in Jeevanbhima Nagar Field inspection assigned to AE officer.,Registered,2025-06-19 07:22:00.000000000
20771505,INDIAN_OPENCITY_BBMP,Street/Public Electrical Infrastructure,Street Light Not Working,Street Light Not Working in Kavalbyrasandra Field inspection assigned to AE officer.,Registered,2025-06-19 07:21:00.000000000
20771499,INDIAN_OPENCITY_BBMP,General Consumer Services,Garbage dump,Garbage dump in Vidyaranyapura Field inspection assigned to Marshal officer.,In Progress,2025-06-19 07:17:00.000000000
20771498,INDIAN_OPENCITY_BBMP,Street/Public Electrical Infrastructure,Street Light Not Working,Street Light Not Working in Malleshwaram Field inspection assigned to JE officer.,Registered,2025-06-19 07:17:00.000000000
20771497,INDIAN_OPENCITY_BBMP,General Consumer Services,Garbage vehicle not arrived,Garbage vehicle not arrived in Jnanabharathi Ward Field inspection assigned to Marshal officer.,Registered,2025-06-19 07:17:00.000000000
20771495,INDIAN_OPENCITY_BBMP,Street/Public Electrical Infrastructure,Street Light Not Working,Street Light Not Working in Rajagopala Nagar Field inspection assigned to AE officer.,Registered,2025-06-19 07:16:00.000000000
20771494,INDIAN_OPENCITY_BBMP,General Consumer Services,Removal of dead/fallen trees,Removal of dead/fallen trees in Pulikeshi Nagar Field inspection assigned to DYRFO officer.,Registered,2025-06-19 07:16:00.000000000
20771493,INDIAN_OPENCITY_BBMP,Street/Public Electrical Infrastructure,Street Light Not Working,Street Light Not Working in T-Dasarahalli Field inspection assigned to AE officer.,Registered,2025-06-19 07:16:00.000000000
20771485,INDIAN_OPENCITY_BBMP,General Consumer Services,Fatally injured - Needs immediate attention,Fatally injured - Needs immediate attention in Chamrajpet Field inspection assigned to VI officer.,Registered,2025-06-19 07:11:00.000000000
20771483,INDIAN_OPENCITY_BBMP,Street/Public Electrical Infrastructure,Street Light Not Working,Street Light Not Working in Ramamurthy Nagar Field inspection assigned to AE officer.,Registered,2025-06-19 07:09:00.000000000
20771481,INDIAN_OPENCITY_BBMP,General Consumer Services,Road Infrastructure,Road Infrastructure in Vignana Nagar Field inspection assigned to AE officer.,Registered,2025-06-19 07:09:00.000000000
20771480,INDIAN_OPENCITY_BBMP,Street/Public Electrical Infrastructure,Street Light Not Working,Street Light Not Working in Basavanapura Field inspection assigned to AE officer.,Registered,2025-06-19 07:08:00.000000000
20771479,INDIAN_OPENCITY_BBMP,Street/Public Electrical Infrastructure,Street Light Not Working,Street Light Not Working in Singasandra Field inspection assigned to JE officer.,Registered,2025-06-19 07:08:00.000000000
20771477,INDIAN_OPENCITY_BBMP,Street/Public Electrical Infrastructure,Street Light Not Working,Street Light Not Working in Kodigehalli Field inspection assigned to JE officer.,Registered,2025-06-19 07:05:00.000000000
20771472,INDIAN_OPENCITY_BBMP,Street/Public Electrical Infrastructure,Street Light Not Working,Street Light Not Working in Ullalu Field inspection assigned to JE officer.,Registered,2025-06-19 07:00:00.000000000
20771468,INDIAN_OPENCITY_BBMP,General Consumer Services,Footpath,Footpath in Benniganahalli Field inspection assigned to AE officer.,Registered,2025-06-19 06:52:00.000000000
20771467,INDIAN_OPENCITY_BBMP,General Consumer Services,Sewerage water left in SWD,Sewerage water left in SWD in Kodigehalli Field inspection assigned to AE officer.,Registered,2025-06-19 06:51:00.000000000
20771466,INDIAN_OPENCITY_BBMP,General Consumer Services,Potholes,Potholes in Shettyhalli Field inspection assigned to AE officer.,Registered,2025-06-19 06:50:00.000000000
20771463,INDIAN_OPENCITY_BBMP,General Consumer Services,Fatally injured - Needs immediate attention,Fatally injured - Needs immediate attention in Shettyhalli Field inspection assigned to VI officer.,Registered,2025-06-19 06:48:00.000000000
20771461,INDIAN_OPENCITY_BBMP,Street/Public Electrical Infrastructure,Street Light Not Working,Street Light Not Working in Nagapura Field inspection assigned to AE officer.,Registered,2025-06-19 06:47:00.000000000
20771456,INDIAN_OPENCITY_BBMP,Street/Public Electrical Infrastructure,Street Light Not Working,Street Light Not Working in Sagayapuram Field inspection assigned to AE officer.,Registered,2025-06-19 06:43:00.000000000
20771455,INDIAN_OPENCITY_BBMP,Street/Public Electrical Infrastructure,Street Light Not Working,Street Light Not Working in Hoysala Nagar Field inspection assigned to AE officer.,Registered,2025-06-19 06:43:00.000000000
20771453,INDIAN_OPENCITY_BBMP,General Consumer Services,Dead animal(s),Dead animal(s) in Bellandur Field inspection assigned to JHI officer.,Registered,2025-06-19 06:43:00.000000000
20771449,INDIAN_OPENCITY_BBMP,General Consumer Services,footpath encroachment,footpath encroachment in A.Narayanapura Field inspection assigned to AE officer.,Registered,2025-06-19 06:40:00.000000000
20771448,INDIAN_OPENCITY_BBMP,Street/Public Electrical Infrastructure,Street Light Not Working,Street Light Not Working in Rajarajeshwari Nagar Field inspection assigned to JE officer.,Registered,2025-06-19 06:40:00.000000000
20771446,INDIAN_OPENCITY_BBMP,General Consumer Services,Stray dog related complaints,Stray dog related complaints in Horamavu Field inspection assigned to VI officer.,Registered,2025-06-19 06:37:00.000000000
20771445,INDIAN_OPENCITY_BBMP,General Consumer Services,Removal of dead/fallen trees,Removal of dead/fallen trees in Gali Anjaneya Swamy Temple Ward Field inspection assigned to DYRFO officer.,Registered,2025-06-19 06:35:00.000000000
20771444,INDIAN_OPENCITY_BBMP,General Consumer Services,footpath encroachment,footpath encroachment in Sampangiram Nagar Field inspection assigned to AE officer.,Registered,2025-06-19 06:34:00.000000000
20771441,INDIAN_OPENCITY_BBMP,Street/Public Electrical Infrastructure,Street Light Not Working,Street Light Not Working in Hegganahalli Field inspection assigned to AE officer.,Registered,2025-06-19 06:30:00.000000000
20771440,INDIAN_OPENCITY_BBMP,Street/Public Electrical Infrastructure,Street Light Not Working,Street Light Not Working in Binnipet Field inspection assigned to JE officer.,Registered,2025-06-19 06:29:00.000000000
20771439,INDIAN_OPENCITY_BBMP,Street/Public Electrical Infrastructure,Street Light Not Working,Street Light Not Working in Marathalli Field inspection assigned to AE officer.,Registered,2025-06-19 06:29:00.000000000
20771438,INDIAN_OPENCITY_BBMP,Pole / Wire / Electrical Hazard,Earthing Issue relate to Electric Poles/Panel Boards,Earthing Issue relate to Electric Poles/Panel Boards in Mallasandra Field inspection assigned to AE officer.,Registered,2025-06-19 06:28:00.000000000
20771437,INDIAN_OPENCITY_BBMP,General Consumer Services,obstructions Branches / Trees.,obstructions Branches / Trees. in Sudam Nagar Field inspection assigned to DYRFO officer.,Registered,2025-06-19 06:26:00.000000000
20771436,INDIAN_OPENCITY_BBMP,General Consumer Services,Garbage dump,Garbage dump in Lingarajapuram Field inspection assigned to Marshal officer.,Registered,2025-06-19 06:25:00.000000000
20771435,INDIAN_OPENCITY_BBMP,General Consumer Services,Garbage dump,Garbage dump in Vasanthapura Field inspection assigned to Marshal officer.,Registered,2025-06-19 06:24:00.000000000
20771434,INDIAN_OPENCITY_BBMP,General Consumer Services,Stray dog related complaints,Stray dog related complaints in Rajarajeshwari Nagar Animal birth control and vaccination of stray dogs scheduled,Closed,2025-06-19 06:24:00.000000000
20771433,INDIAN_OPENCITY_BBMP,General Consumer Services,water stagnation,water stagnation in Chikpete Field inspection assigned to AE officer.,Registered,2025-06-19 06:24:00.000000000
20771432,INDIAN_OPENCITY_BBMP,Pole / Wire / Electrical Hazard,Earthing Issue relate to Electric Poles/Panel Boards,Earthing Issue relate to Electric Poles/Panel Boards in Kengeri Field inspection assigned to JE officer.,Registered,2025-06-19 06:23:00.000000000
20771429,INDIAN_OPENCITY_BBMP,General Consumer Services,Dead animal(s),Dead animal(s) in Hagadooru Field inspection assigned to JHI officer.,Registered,2025-06-19 06:20:00.000000000
20771426,INDIAN_OPENCITY_BBMP,General Consumer Services,water stagnation,water stagnation in Byrasandra Field inspection assigned to AE officer.,Registered,2025-06-19 06:16:00.000000000
20771425,INDIAN_OPENCITY_BBMP,Street/Public Electrical Infrastructure,Street Light Not Working,Street Light Not Working in Hebbal Field inspection assigned to AE officer.,Registered,2025-06-19 06:15:00.000000000
20771424,INDIAN_OPENCITY_BBMP,General Consumer Services,Garbage dump,Garbage dump in Manorayanapalya Field inspection assigned to Marshal officer.,Registered,2025-06-19 06:15:00.000000000
20771422,INDIAN_OPENCITY_BBMP,General Consumer Services,Garbage vehicle not arrived,Garbage vehicle not arrived in Basavanapura Field inspection assigned to Marshal officer.,Registered,2025-06-19 06:14:00.000000000
20771420,INDIAN_OPENCITY_BBMP,General Consumer Services,Road side drains,Road side drains in Arakere Field inspection assigned to AE officer.,Registered,2025-06-19 06:11:00.000000000
20771419,INDIAN_OPENCITY_BBMP,General Consumer Services,Garbage dump,Garbage dump in Subedarapalya Field inspection assigned to Marshal officer.,Registered,2025-06-19 06:11:00.000000000
20771416,INDIAN_OPENCITY_BBMP,General Consumer Services,Garbage dump,Garbage dump in Begur Field inspection assigned to Marshal officer.,Registered,2025-06-19 06:07:00.000000000
20771415,INDIAN_OPENCITY_BBMP,General Consumer Services,obstructions Branches / Trees.,obstructions Branches / Trees. in Nayandanahalli Field inspection assigned to DYRFO officer.,Registered,2025-06-19 06:07:00.000000000
20771414,INDIAN_OPENCITY_BBMP,General Consumer Services,Sewerage water left in SWD,Sewerage water left in SWD in Kuvempu Nagar Field inspection assigned to AE officer.,Registered,2025-06-19 06:07:00.000000000
20771413,INDIAN_OPENCITY_BBMP,General Consumer Services,Increase in mosquito density,Increase in mosquito density in Maruthi Seva Nagar Field inspection assigned to SHI officer.,Registered,2025-06-19 06:07:00.000000000
20771412,INDIAN_OPENCITY_BBMP,General Consumer Services,Garbage vehicle not arrived,Garbage vehicle not arrived in Shiva Nagar Field inspection assigned to Marshal officer.,Registered,2025-06-19 06:05:00.000000000
20771410,INDIAN_OPENCITY_BBMP,General Consumer Services,Road cutting,Road cutting in Konanakunte Field inspection assigned to AE officer.,Registered,2025-06-19 06:05:00.000000000
20771409,INDIAN_OPENCITY_BBMP,General Consumer Services,Garbage dump,Garbage dump in Hongasandra Field inspection assigned to Marshal officer.,Registered,2025-06-19 06:04:00.000000000
20771407,INDIAN_OPENCITY_BBMP,General Consumer Services,Stray dog related complaints,Stray dog related complaints in Dodda Bidarkallu Field inspection assigned to VI officer.,Registered,2025-06-19 06:01:00.000000000
20771406,INDIAN_OPENCITY_BBMP,General Consumer Services,footpath encroachment,footpath encroachment in Rajagopala Nagar Field inspection assigned to AE officer.,Registered,2025-06-19 06:00:00.000000000
20771403,INDIAN_OPENCITY_BBMP,General Consumer Services,Garbage dump,Garbage dump in Yelachenahalli Field inspection assigned to Marshal officer.,Registered,2025-06-19 05:57:00.000000000
20771401,INDIAN_OPENCITY_BBMP,General Consumer Services,Burning of Garbage in Open Space,Burning of Garbage in Open Space in Kengeri Field inspection assigned to Marshal officer.,Registered,2025-06-19 05:56:00.000000000
20771400,INDIAN_OPENCITY_BBMP,General Consumer Services,Technical Issue In Ekhata,Technical Issue In Ekhata in Arakere Field inspection assigned to RI officer.,Registered,2025-06-19 05:55:00.000000000
20771399,INDIAN_OPENCITY_BBMP,General Consumer Services,Garbage dump,Garbage dump in Jeevanbhima Nagar Field inspection assigned to Marshal officer.,Registered,2025-06-19 05:54:00.000000000
20771398,INDIAN_OPENCITY_BBMP,General Consumer Services,Garbage vehicle not arrived,Garbage vehicle not arrived in HAL Airport Field inspection assigned to Marshal officer.,Registered,2025-06-19 05:54:00.000000000
20771397,INDIAN_OPENCITY_BBMP,General Consumer Services,Use of banned single use plastic,Use of banned single use plastic in Rajarajeshwari Nagar Field inspection assigned to SHI officer.,Registered,2025-06-19 05:54:00.000000000
20771396,INDIAN_OPENCITY_BBMP,General Consumer Services,Garbage dumping in vacant sites,Garbage dumping in vacant sites in Vignana Nagar Field inspection assigned to Marshal officer.,Registered,2025-06-19 05:54:00.000000000
20771394,INDIAN_OPENCITY_BBMP,General Consumer Services,Garbage vehicle not arrived,Garbage vehicle not arrived in Hoysala Nagar Field inspection assigned to Marshal officer.,Registered,2025-06-19 05:53:00.000000000
20771393,INDIAN_OPENCITY_BBMP,General Consumer Services,Garbage dumping in vacant sites,Garbage dumping in vacant sites in Kushal Nagar Field inspection assigned to Marshal officer.,Registered,2025-06-19 05:53:00.000000000
20771392,INDIAN_OPENCITY_BBMP,General Consumer Services,Feeder Harassment  by Individual / Mob but no association,Feeder Harassment by Individual / Mob but no association in Vijanapura Field inspection assigned to VI officer.,Registered,2025-06-19 05:53:00.000000000
20771390,INDIAN_OPENCITY_BBMP,General Consumer Services,obstructions Branches / Trees.,obstructions Branches / Trees. in Jayangar Field inspection assigned to DYRFO officer.,Registered,2025-06-19 05:52:00.000000000
20771389,INDIAN_OPENCITY_BBMP,General Consumer Services,Garbage dump,Garbage dump in Vignana Nagar Field inspection assigned to Marshal officer.,Registered,2025-06-19 05:52:00.000000000
20771386,INDIAN_OPENCITY_BBMP,General Consumer Services,Removal of dead/fallen trees,Removal of dead/fallen trees in Rajamahal Field inspection assigned to DYRFO officer.,Registered,2025-06-19 05:48:00.000000000
20771383,INDIAN_OPENCITY_BBMP,General Consumer Services,Others,Others in Attiguppe Field inspection assigned to Customer Support Representative officer.,Registered,2025-06-19 05:47:00.000000000
20771382,INDIAN_OPENCITY_BBMP,General Consumer Services,Animal Rescue - Not well - Requires attention,Animal Rescue - Not well - Requires attention in Anjanapur Field inspection assigned to VI officer.,Registered,2025-06-19 05:47:00.000000000
20771380,INDIAN_OPENCITY_BBMP,General Consumer Services,Garbage vehicle not arrived,Garbage vehicle not arrived in Benniganahalli Field inspection assigned to Marshal officer.,Registered,2025-06-19 05:46:00.000000000
20771378,INDIAN_OPENCITY_BBMP,General Consumer Services,Garbage dump,Garbage dump in HBR Layout Field inspection assigned to Marshal officer.,Registered,2025-06-19 05:45:00.000000000
20771377,INDIAN_OPENCITY_BBMP,General Consumer Services,Increase in mosquito density,Increase in mosquito density in Attiguppe Field inspection assigned to SHI officer.,Registered,2025-06-19 05:45:00.000000000
20771375,INDIAN_OPENCITY_BBMP,General Consumer Services,footpath encroachment,footpath encroachment in C.V.Raman Nagar Field inspection assigned to AE officer.,Registered,2025-06-19 05:44:00.000000000
20771374,INDIAN_OPENCITY_BBMP,General Consumer Services,Potholes,Potholes in Attiguppe Field inspection assigned to AE officer.,Registered,2025-06-19 05:44:00.000000000
20771373,INDIAN_OPENCITY_BBMP,Street/Public Electrical Infrastructure,Street Light Not Working,Street Light Not Working in Lingarajapuram Field inspection assigned to AE officer.,Registered,2025-06-19 05:44:00.000000000
20771372,INDIAN_OPENCITY_BBMP,General Consumer Services,obstructions Branches / Trees.,obstructions Branches / Trees. in Vidyapeetha Field inspection assigned to DYRFO officer.,Registered,2025-06-19 05:43:00.000000000
20771371,INDIAN_OPENCITY_BBMP,General Consumer Services,Road side drains,Road side drains in Kengeri Field inspection assigned to AE officer.,Registered,2025-06-19 05:43:00.000000000
20771369,INDIAN_OPENCITY_BBMP,General Consumer Services,Animal birth control/neutering of stray dogs,Animal birth control/neutering of stray dogs in Attiguppe Field inspection assigned to VI officer.,Registered,2025-06-19 05:43:00.000000000
20771368,INDIAN_OPENCITY_BBMP,General Consumer Services,Garbage dump,Garbage dump in Attiguppe Field inspection assigned to Marshal officer.,Registered,2025-06-19 05:42:00.000000000
20771367,INDIAN_OPENCITY_BBMP,General Consumer Services,Garbage dumping in vacant sites,Garbage dumping in vacant sites in Kumaraswamy Layout Field inspection assigned to Marshal officer.,Registered,2025-06-19 05:42:00.000000000
20771365,INDIAN_OPENCITY_BBMP,Street/Public Electrical Infrastructure,Street Light Not Working,Street Light Not Working in Puttenahalli Field inspection assigned to JE officer.,Registered,2025-06-19 05:38:00.000000000
20771363,INDIAN_OPENCITY_BBMP,General Consumer Services,Garbage dump,Garbage dump in Domlur Field inspection assigned to Marshal officer.,Registered,2025-06-19 05:37:00.000000000
20771361,INDIAN_OPENCITY_BBMP,General Consumer Services,Animal Rescue - Not well - Requires attention,Animal Rescue - Not well - Requires attention in HAL Airport Field inspection assigned to VI officer.,Registered,2025-06-19 05:37:00.000000000
20771360,INDIAN_OPENCITY_BBMP,General Consumer Services,Discrepancy In Khata Certificate and Khata Extract,Discrepancy In Khata Certificate and Khata Extract in A.Narayanapura Field inspection assigned to ARO officer.,Registered,2025-06-19 05:35:00.000000000
20771359,INDIAN_OPENCITY_BBMP,General Consumer Services,Khata / Ekhata mutation / transfer,Khata / Ekhata mutation / transfer in Yelachenahalli Field inspection assigned to ARO officer.,Registered,2025-06-19 05:35:00.000000000
20771358,INDIAN_OPENCITY_BBMP,General Consumer Services,Construction not done as per approved plan (Building Bye Law Violations),Construction not done as per approved plan (Building Bye Law Violations) in Radhakrishna Temple Field inspection assigned to AE officer.,Registered,2025-06-19 05:34:00.000000000
20771357,INDIAN_OPENCITY_BBMP,General Consumer Services,Garbage dumping in vacant sites,Garbage dumping in vacant sites in Vishwanathnagenahalli Field inspection assigned to Marshal officer.,Registered,2025-06-19 05:34:00.000000000
20771356,INDIAN_OPENCITY_BBMP,General Consumer Services,Dead animal(s),Dead animal(s) in Hoodi Field inspection assigned to JHI officer.,Registered,2025-06-19 05:33:00.000000000
20771355,INDIAN_OPENCITY_BBMP,General Consumer Services,Issues Related to Parks/Medians/Circles/Island.,Issues Related to Parks/Medians/Circles/Island. in Kamakshipalya Field inspection assigned to HS officer.,Registered,2025-06-19 05:33:00.000000000
20771354,INDIAN_OPENCITY_BBMP,Street/Public Electrical Infrastructure,Street Light Not Working,Street Light Not Working in Hosakerehalli Field inspection assigned to AE officer.,Registered,2025-06-19 05:32:00.000000000
20771353,INDIAN_OPENCITY_BBMP,General Consumer Services,obstructions Branches / Trees.,obstructions Branches / Trees. in Laggere Field inspection assigned to DYRFO officer.,Registered,2025-06-19 05:32:00.000000000
20771351,INDIAN_OPENCITY_BBMP,General Consumer Services,Garbage vehicle not arrived,Garbage vehicle not arrived in Maruthi Mandira Ward Field inspection assigned to Marshal officer.,Registered,2025-06-19 05:27:00.000000000
20771349,INDIAN_OPENCITY_BBMP,General Consumer Services,Animal Rescue - Not well - Requires attention,Animal Rescue - Not well - Requires attention in Sampangiram Nagar Field inspection assigned to VI officer.,Registered,2025-06-19 05:26:00.000000000
20771346,INDIAN_OPENCITY_BBMP,General Consumer Services,Technical Issue In Ekhata,Technical Issue In Ekhata in Sudduguntepalya Field inspection assigned to RI officer.,Registered,2025-06-19 05:22:00.000000000
20771345,INDIAN_OPENCITY_BBMP,General Consumer Services,Garbage dump,Garbage dump in Bellandur Field inspection assigned to Marshal officer.,Registered,2025-06-19 05:21:00.000000000
20771344,INDIAN_OPENCITY_BBMP,Street/Public Electrical Infrastructure,Street Light Not Working,Street Light Not Working in Adugodi Field inspection assigned to JE officer.,Registered,2025-06-19 05:21:00.000000000
20771342,INDIAN_OPENCITY_BBMP,General Consumer Services,Garbage vehicle not arrived,Garbage vehicle not arrived in Hemmigepura Field inspection assigned to Marshal officer.,Registered,2025-06-19 05:15:00.000000000
20771341,INDIAN_OPENCITY_BBMP,General Consumer Services,Gym/Children Play equipment in the parks,Gym/Children Play equipment in the parks in Banaswadi Field inspection assigned to HS officer.,Registered,2025-06-19 05:15:00.000000000
20771340,INDIAN_OPENCITY_BBMP,General Consumer Services,Garbage vehicle not arrived,Garbage vehicle not arrived in Gottigere Field inspection assigned to Marshal officer.,Registered,2025-06-19 05:13:00.000000000
20771339,INDIAN_OPENCITY_BBMP,General Consumer Services,Animal Rescue - Not well - Requires attention,Animal Rescue - Not well - Requires attention in Shettyhalli attended,Closed,2025-06-19 05:12:00.000000000
20771337,INDIAN_OPENCITY_BBMP,General Consumer Services,Ekhata missing in online,Ekhata missing in online in Ramamurthy Nagar Please enclose bbmp katha copy,Closed,2025-06-19 05:10:00.000000000
20771335,INDIAN_OPENCITY_BBMP,General Consumer Services,Garbage vehicle not arrived,Garbage vehicle not arrived in HSR Layout Field inspection assigned to Marshal officer.,Registered,2025-06-19 05:09:00.000000000
20771333,INDIAN_OPENCITY_BBMP,General Consumer Services,Garbage vehicle not arrived,Garbage vehicle not arrived in Singasandra Field inspection assigned to Marshal officer.,In Progress,2025-06-19 05:08:00.000000000
20771332,INDIAN_OPENCITY_BBMP,Street/Public Electrical Infrastructure,Street Light Not Working,Street Light Not Working in H.M.T Field inspection assigned to JE officer.,Registered,2025-06-19 05:08:00.000000000
20771331,INDIAN_OPENCITY_BBMP,General Consumer Services,Gym/Children Play equipment in the parks,Gym/Children Play equipment in the parks in Nagapura Field inspection assigned to HS officer.,Registered,2025-06-19 05:07:00.000000000
20771329,INDIAN_OPENCITY_BBMP,General Consumer Services,Garbage vehicle not arrived,Garbage vehicle not arrived in Nagavara Forwarded Task,Registered,2025-06-19 05:00:00.000000000
20771328,INDIAN_OPENCITY_BBMP,General Consumer Services,Road Infrastructure,Road Infrastructure in Hagadooru Field inspection assigned to AE officer.,Registered,2025-06-19 04:51:00.000000000
20771327,INDIAN_OPENCITY_BBMP,General Consumer Services,Garbage vehicle not arrived,Garbage vehicle not arrived in Manorayanapalya Field inspection assigned to Marshal officer.,Registered,2025-06-19 04:50:00.000000000
20771326,INDIAN_OPENCITY_BBMP,General Consumer Services,Feeder Harassment  by Individual / Mob but no association,Feeder Harassment by Individual / Mob but no association in Begur Field inspection assigned to VI officer.,Registered,2025-06-19 04:49:00.000000000
20771325,INDIAN_OPENCITY_BBMP,General Consumer Services,Technical Issue In Ekhata,Technical Issue In Ekhata in Varthur Field inspection assigned to ARO officer.,Registered,2025-06-19 04:47:00.000000000
20771322,INDIAN_OPENCITY_BBMP,Street/Public Electrical Infrastructure,Street Light Not Working,Street Light Not Working in Doddabommasandra Field inspection assigned to JE officer.,Registered,2025-06-19 04:47:00.000000000
20771320,INDIAN_OPENCITY_BBMP,General Consumer Services,Footpath,Footpath in Newthippasandra Field inspection assigned to AE officer.,Registered,2025-06-19 04:45:00.000000000
20771319,INDIAN_OPENCITY_BBMP,General Consumer Services,Removal of dead/fallen trees,Removal of dead/fallen trees in Padmanabha Nagar Field inspection assigned to DYRFO officer.,Registered,2025-06-19 04:40:00.000000000
20771318,INDIAN_OPENCITY_BBMP,General Consumer Services,Road side drains,Road side drains in Hagadooru Field inspection assigned to AE officer.,Registered,2025-06-19 04:38:00.000000000
20771317,INDIAN_OPENCITY_BBMP,General Consumer Services,Ekhata - name correction,Ekhata - name correction in Devasandra Field inspection assigned to ARO officer.,Registered,2025-06-19 04:37:00.000000000
20771316,INDIAN_OPENCITY_BBMP,General Consumer Services,Garbage vehicle not arrived,Garbage vehicle not arrived in Jayachamarajendra Nagar Field inspection assigned to Marshal officer.,Registered,2025-06-19 04:37:00.000000000
20771315,INDIAN_OPENCITY_BBMP,General Consumer Services,Potholes,Potholes in Jnanabharathi Ward Field inspection assigned to AE officer.,Registered,2025-06-19 04:33:00.000000000
20771314,INDIAN_OPENCITY_BBMP,General Consumer Services,Road side drains,Road side drains in Jnanabharathi Ward Field inspection assigned to AE officer.,Registered,2025-06-19 04:32:00.000000000
20771312,INDIAN_OPENCITY_BBMP,General Consumer Services,"Khata Services (Registration, Transfer, Bifurcation and Amalgamation)","Khata Services (Registration, Transfer, Bifurcation and Amalgamation) in Malleshwaram Field inspection assigned to ARO officer.",Registered,2025-06-19 04:30:00.000000000
20771308,INDIAN_OPENCITY_BBMP,General Consumer Services,Garbage vehicle not arrived,Garbage vehicle not arrived in Moodalapalya Field inspection assigned to Marshal officer.,Registered,2025-06-19 04:24:00.000000000
20771307,INDIAN_OPENCITY_BBMP,General Consumer Services,Garbage vehicle not arrived,Garbage vehicle not arrived in Horamavu Field inspection assigned to Marshal officer.,Registered,2025-06-19 04:24:00.000000000
20771305,INDIAN_OPENCITY_BBMP,General Consumer Services,footpath encroachment,footpath encroachment in Sri Rammandira Field inspection assigned to AE officer.,Registered,2025-06-19 04:23:00.000000000
20771304,INDIAN_OPENCITY_BBMP,General Consumer Services,Public toilet(s) blockage,Public toilet(s) blockage in Sanjay Nagar Field inspection assigned to JHI officer.,Registered,2025-06-19 04:22:00.000000000
20771303,INDIAN_OPENCITY_BBMP,General Consumer Services,Khata / Ekhata mutation / transfer,Khata / Ekhata mutation / transfer in Gottigere Field inspection assigned to ARO officer.,Registered,2025-06-19 04:20:00.000000000
20771300,INDIAN_OPENCITY_BBMP,General Consumer Services,"Khata Services (Registration, Transfer, Bifurcation and Amalgamation)","Khata Services (Registration, Transfer, Bifurcation and Amalgamation) in Vidyaranyapura Closed",Closed,2025-06-19 04:13:00.000000000
20771299,INDIAN_OPENCITY_BBMP,General Consumer Services,Garbage dump,Garbage dump in Varthur Forwarded Task,Registered,2025-06-19 04:12:00.000000000
20771297,INDIAN_OPENCITY_BBMP,General Consumer Services,Road side drains,Road side drains in Begur Field inspection assigned to AE officer.,Registered,2025-06-19 04:09:00.000000000
20771296,INDIAN_OPENCITY_BBMP,General Consumer Services,obstructions Branches / Trees.,obstructions Branches / Trees. in Kacharakanahalli Field inspection assigned to DYRFO officer.,Registered,2025-06-19 04:09:00.000000000
20771293,INDIAN_OPENCITY_BBMP,General Consumer Services,Garbage dump,Garbage dump in Muneshwara Nagar Field inspection assigned to Marshal officer.,Registered,2025-06-19 04:06:00.000000000
20771292,INDIAN_OPENCITY_BBMP,General Consumer Services,Garbage vehicle not arrived,Garbage vehicle not arrived in Dattathreya Temple Field inspection assigned to Marshal officer.,Registered,2025-06-19 04:04:00.000000000
20771291,INDIAN_OPENCITY_BBMP,General Consumer Services,Ekhata missing in online,Ekhata missing in online in Kodigehalli Pl sumit your khatha and relevant documents to verify and update the missing details,Closed,2025-06-19 04:04:00.000000000
20771290,INDIAN_OPENCITY_BBMP,General Consumer Services,Garbage dump,Garbage dump in Koramangala Field inspection assigned to Marshal officer.,Registered,2025-06-19 04:04:00.000000000
20771289,INDIAN_OPENCITY_BBMP,General Consumer Services,Ekhata missing in online,Ekhata missing in online in Nayandanahalli Field inspection assigned to ARO officer.,Registered,2025-06-19 04:02:00.000000000
20771287,INDIAN_OPENCITY_BBMP,General Consumer Services,Garbage vehicle not arrived,Garbage vehicle not arrived in Devasandra Field inspection assigned to Marshal officer.,Registered,2025-06-19 04:01:00.000000000
20771285,INDIAN_OPENCITY_BBMP,General Consumer Services,Road Infrastructure,Road Infrastructure in Hemmigepura Field inspection assigned to AE officer.,Registered,2025-06-19 04:01:00.000000000
20771284,INDIAN_OPENCITY_BBMP,General Consumer Services,Sweeping not done,Sweeping not done in Ramamurthy Nagar Field inspection assigned to JHI officer.,Registered,2025-06-19 03:59:00.000000000
20771283,INDIAN_OPENCITY_BBMP,Street/Public Electrical Infrastructure,Street Light Not Working,Street Light Not Working in Shanthala Nagar Field inspection assigned to AE officer.,Registered,2025-06-19 03:57:00.000000000
20771280,INDIAN_OPENCITY_BBMP,General Consumer Services,Animal Rescue - Not well - Requires attention,"Animal Rescue - Not well - Requires attention in Visvesvarapuram Please contact Dr.D.N Srinath, ADAH, Mobile no:[PHONE]",Closed,2025-06-19 03:56:00.000000000
20771277,INDIAN_OPENCITY_BBMP,General Consumer Services,Animal Rescue - Not well - Requires attention,Animal Rescue - Not well - Requires attention in Yelachenahalli Field inspection assigned to VI officer.,Registered,2025-06-19 03:55:00.000000000
20771275,INDIAN_OPENCITY_BBMP,General Consumer Services,Garbage dump,Garbage dump in Herohalli Field inspection assigned to Marshal officer.,Registered,2025-06-19 03:51:00.000000000
20771274,INDIAN_OPENCITY_BBMP,General Consumer Services,Stray dog related complaints,Stray dog related complaints in Kushal Nagar Field inspection assigned to VI officer.,Registered,2025-06-19 03:51:00.000000000
20771271,INDIAN_OPENCITY_BBMP,Street/Public Electrical Infrastructure,Street Light Not Working,Street Light Not Working in Hemmigepura This complaint belongs to BDA,Closed,2025-06-19 03:48:00.000000000
20771269,INDIAN_OPENCITY_BBMP,General Consumer Services,Garbage dump,Garbage dump in Chokkasandra Field inspection assigned to Marshal officer.,Registered,2025-06-19 03:46:00.000000000
20771268,INDIAN_OPENCITY_BBMP,Street/Public Electrical Infrastructure,Requirement For New Street Lights,Requirement For New Street Lights in Vasanthapura Field inspection assigned to JE officer.,In Progress,2025-06-19 03:46:00.000000000
20771266,INDIAN_OPENCITY_BBMP,General Consumer Services,Removal of dead/fallen trees,Removal of dead/fallen trees in Singasandra Field inspection assigned to RFO officer.,Registered,2025-06-19 03:44:00.000000000
20771265,INDIAN_OPENCITY_BBMP,General Consumer Services,obstructions Branches / Trees.,obstructions Branches / Trees. in Kumaraswamy Layout Field inspection assigned to DYRFO officer.,Registered,2025-06-19 03:43:00.000000000
20771264,INDIAN_OPENCITY_BBMP,General Consumer Services,footpath encroachment,footpath encroachment in Agrahara Dasarahalli Field inspection assigned to AE officer.,In Progress,2025-06-19 03:43:00.000000000
20771263,INDIAN_OPENCITY_BBMP,General Consumer Services,Dengue positive,Dengue positive in Newthippasandra Field inspection assigned to Medical officer officer.,Registered,2025-06-19 03:42:00.000000000
20771262,INDIAN_OPENCITY_BBMP,General Consumer Services,Ekhata missing in online,Ekhata missing in online in Yelachenahalli Field inspection assigned to ARO officer.,Registered,2025-06-19 03:42:00.000000000
20771261,INDIAN_OPENCITY_BBMP,Street/Public Electrical Infrastructure,Street Light Not Working,Street Light Not Working in Vasanthapura Field inspection assigned to JE officer.,In Progress,2025-06-19 03:41:00.000000000
20771260,INDIAN_OPENCITY_BBMP,General Consumer Services,Stray dog related complaints,Stray dog related complaints in Ganeshmandira Ward Field inspection assigned to VI officer.,Registered,2025-06-19 03:41:00.000000000
20771259,INDIAN_OPENCITY_BBMP,General Consumer Services,Urination in Public/Open Defecation,Urination in Public/Open Defecation in Jnanabharathi Ward Field inspection assigned to JHI officer.,Registered,2025-06-19 03:40:00.000000000
20771258,INDIAN_OPENCITY_BBMP,General Consumer Services,Dengue positive,Dengue positive in Bellandur Field inspection assigned to Medical officer officer.,Registered,2025-06-19 03:40:00.000000000
20771257,INDIAN_OPENCITY_BBMP,General Consumer Services,Garbage dumping in vacant sites,Garbage dumping in vacant sites in Hagadooru Clear,Closed,2025-06-19 03:40:00.000000000
20771256,INDIAN_OPENCITY_BBMP,General Consumer Services,Issues Related to Parks/Medians/Circles/Island.,Issues Related to Parks/Medians/Circles/Island. in Puttenahalli Field inspection assigned to HS officer.,Registered,2025-06-19 03:40:00.000000000
20771255,INDIAN_OPENCITY_BBMP,General Consumer Services,Garbage dump,Garbage dump in Puttenahalli Field inspection assigned to Marshal officer.,Registered,2025-06-19 03:39:00.000000000
20771254,INDIAN_OPENCITY_BBMP,General Consumer Services,Dengue positive,Dengue positive in Okalipuram Field inspection assigned to SHI officer.,Registered,2025-06-19 03:39:00.000000000
20771253,INDIAN_OPENCITY_BBMP,General Consumer Services,Dengue positive,Dengue positive in Hagadooru Field inspection assigned to SHI officer.,Registered,2025-06-19 03:37:00.000000000
20771251,INDIAN_OPENCITY_BBMP,General Consumer Services,Dengue positive,Dengue positive in Lingarajapuram Field inspection assigned to Medical officer officer.,Registered,2025-06-19 03:37:00.000000000
20771249,INDIAN_OPENCITY_BBMP,General Consumer Services,Garbage dump,Garbage dump in Hoodi Field inspection assigned to Marshal officer.,Registered,2025-06-19 03:36:00.000000000
20771247,INDIAN_OPENCITY_BBMP,General Consumer Services,Dengue positive,Dengue positive in Mathikere Field inspection assigned to Medical officer officer.,Registered,2025-06-19 03:34:00.000000000
20771246,INDIAN_OPENCITY_BBMP,General Consumer Services,Dengue positive,Dengue positive in Someshwara Field inspection assigned to Medical officer officer.,Registered,2025-06-19 03:34:00.000000000
20771245,INDIAN_OPENCITY_BBMP,General Consumer Services,Dengue positive,Dengue positive in Garudacharpalya Field inspection assigned to Medical officer officer.,Registered,2025-06-19 03:34:00.000000000
20771244,INDIAN_OPENCITY_BBMP,General Consumer Services,Dengue positive,Dengue positive in Madiwala Field inspection assigned to Medical officer officer.,Registered,2025-06-19 03:33:00.000000000
20771243,INDIAN_OPENCITY_BBMP,General Consumer Services,Others(Technical or Software Issues),Others(Technical or Software Issues) in Sampangiram Nagar Field inspection assigned to System Admin officer.,Registered,2025-06-19 03:33:00.000000000
20771242,INDIAN_OPENCITY_BBMP,General Consumer Services,Dengue positive,Dengue positive in Jayangar Field inspection assigned to Medical officer officer.,Registered,2025-06-19 03:31:00.000000000
20771241,INDIAN_OPENCITY_BBMP,General Consumer Services,Technical Issue In Ekhata,Technical Issue In Ekhata in Hagadooru Field inspection assigned to ARO officer.,Registered,2025-06-19 03:31:00.000000000
20771240,INDIAN_OPENCITY_BBMP,General Consumer Services,Dengue positive,Dengue positive in Thanisandra Field inspection assigned to SHI officer.,Registered,2025-06-19 03:31:00.000000000
20771238,INDIAN_OPENCITY_BBMP,General Consumer Services,App Related Issues,App Related Issues in Sampangiram Nagar Field inspection assigned to System Admin officer.,Registered,2025-06-19 03:31:00.000000000
20771236,INDIAN_OPENCITY_BBMP,General Consumer Services,Dengue positive,Dengue positive in Jakkur Field inspection assigned to Medical officer officer.,Registered,2025-06-19 03:30:00.000000000
20771232,INDIAN_OPENCITY_BBMP,General Consumer Services,Dengue positive,Dengue positive in Vignana Nagar Field inspection assigned to Medical officer officer.,Registered,2025-06-19 03:29:00.000000000
20771231,INDIAN_OPENCITY_BBMP,General Consumer Services,Ekhata - name correction,Ekhata - name correction in Gottigere Field inspection assigned to ARO officer.,Registered,2025-06-19 03:28:00.000000000
20771230,INDIAN_OPENCITY_BBMP,General Consumer Services,Dengue positive,Dengue positive in Marathalli Field inspection assigned to Medical officer officer.,Registered,2025-06-19 03:28:00.000000000
20771229,INDIAN_OPENCITY_BBMP,General Consumer Services,obstructions Branches / Trees.,obstructions Branches / Trees. in Ullalu Field inspection assigned to DYRFO officer.,Registered,2025-06-19 03:27:00.000000000
20771228,INDIAN_OPENCITY_BBMP,General Consumer Services,Garbage dump,Garbage dump in Hombegowda Nagar Field inspection assigned to Marshal officer.,Registered,2025-06-19 03:27:00.000000000
20771227,INDIAN_OPENCITY_BBMP,General Consumer Services,Dengue positive,Dengue positive in Lakkasandra Field inspection assigned to Medical officer officer.,Registered,2025-06-19 03:26:00.000000000
20771226,INDIAN_OPENCITY_BBMP,General Consumer Services,Garbage dump,Garbage dump in Jaraganahalli Field inspection assigned to Marshal officer.,Registered,2025-06-19 03:25:00.000000000
20771225,INDIAN_OPENCITY_BBMP,General Consumer Services,Dengue positive,Dengue positive in Hoodi Field inspection assigned to Medical officer officer.,Registered,2025-06-19 03:25:00.000000000
20771219,INDIAN_OPENCITY_BBMP,General Consumer Services,Potholes,Potholes in Bommanahalli Field inspection assigned to AE officer.,Registered,2025-06-19 03:23:00.000000000
20771218,INDIAN_OPENCITY_BBMP,General Consumer Services,Garbage dump,Garbage dump in Someshwara Field inspection assigned to Marshal officer.,Registered,2025-06-19 03:21:00.000000000
20771216,INDIAN_OPENCITY_BBMP,General Consumer Services,Potholes,Potholes in Sampangiram Nagar Field inspection assigned to AE officer.,Registered,2025-06-19 03:20:00.000000000
20771210,INDIAN_OPENCITY_BBMP,General Consumer Services,Dengue positive,Dengue positive in Byatarayanapura Field inspection assigned to SHI officer.,Registered,2025-06-19 03:13:00.000000000
20771209,INDIAN_OPENCITY_BBMP,General Consumer Services,Removal of dead/fallen trees,Removal of dead/fallen trees in Herohalli Field inspection assigned to DYRFO officer.,Registered,2025-06-19 03:13:00.000000000
20771207,INDIAN_OPENCITY_BBMP,General Consumer Services,Garbage dump,Garbage dump in Shanthala Nagar Field inspection assigned to Marshal officer.,Registered,2025-06-19 03:12:00.000000000
20771204,INDIAN_OPENCITY_BBMP,General Consumer Services,Dengue positive,Dengue positive in Kadugodi Field inspection assigned to Medical officer officer.,Registered,2025-06-19 03:09:00.000000000
20771201,INDIAN_OPENCITY_BBMP,General Consumer Services,obstructions Branches / Trees.,obstructions Branches / Trees. in Binnipet Field inspection assigned to DYRFO officer.,Registered,2025-06-19 03:06:00.000000000
20771200,INDIAN_OPENCITY_BBMP,General Consumer Services,Garbage dump,Garbage dump in Kacharakanahalli Field inspection assigned to Marshal officer.,Registered,2025-06-19 03:03:00.000000000
20771197,INDIAN_OPENCITY_BBMP,Street/Public Electrical Infrastructure,Street Light Not Working,Street Light Not Working in Bilekahalli Field inspection assigned to JE officer.,In Progress,2025-06-19 03:02:00.000000000
20771196,INDIAN_OPENCITY_BBMP,General Consumer Services,TEC,TEC in Benniganahalli ORR and service road pertains to East,Registered,2025-06-19 03:01:00.000000000
20771194,INDIAN_OPENCITY_BBMP,General Consumer Services,water leakage on road,water leakage on road in Cottonpet Field inspection assigned to AE officer.,Registered,2025-06-19 03:00:00.000000000
20771193,INDIAN_OPENCITY_BBMP,General Consumer Services,Garbage vehicle not arrived,Garbage vehicle not arrived in Giri Nagar Field inspection assigned to Marshal officer.,Registered,2025-06-19 02:59:00.000000000
20771191,INDIAN_OPENCITY_BBMP,General Consumer Services,Garbage dump,Garbage dump in Newthippasandra Field inspection assigned to Marshal officer.,Registered,2025-06-19 02:59:00.000000000
20771190,INDIAN_OPENCITY_BBMP,General Consumer Services,Garbage vehicle not arrived,Garbage vehicle not arrived in Jakkur Field inspection assigned to Marshal officer.,In Progress,2025-06-19 02:58:00.000000000
20771189,INDIAN_OPENCITY_BBMP,General Consumer Services,Ekhata missing in online,Ekhata missing in online in Sarakki Field inspection assigned to ARO officer.,Registered,2025-06-19 02:58:00.000000000
20771188,INDIAN_OPENCITY_BBMP,General Consumer Services,Dead animal(s),Dead animal(s) in Mangammanapalya Field inspection assigned to JHI officer.,Registered,2025-06-19 02:57:00.000000000
20771187,INDIAN_OPENCITY_BBMP,General Consumer Services,Garbage dump,Garbage dump in Nagapura Field inspection assigned to Marshal officer.,Registered,2025-06-19 02:57:00.000000000
20771186,INDIAN_OPENCITY_BBMP,General Consumer Services,footpath encroachment,footpath encroachment in Hosahalli Field inspection assigned to AE officer.,Registered,2025-06-19 02:56:00.000000000
20771185,INDIAN_OPENCITY_BBMP,General Consumer Services,Khata / Ekhata mutation / transfer,Khata / Ekhata mutation / transfer in Vidyaranyapura THIS IS TECHNICAL ISSUE. WE SENT E-MAIL TO TECHNICAL TEAM TO RESOLVE THE ISSUE.,Closed,2025-06-19 02:56:00.000000000
20771183,INDIAN_OPENCITY_BBMP,Street/Public Electrical Infrastructure,Street Light Not Working,Street Light Not Working in HSR Layout Field inspection assigned to JE officer.,In Progress,2025-06-19 02:55:00.000000000
20771182,INDIAN_OPENCITY_BBMP,General Consumer Services,Garbage nuisance while transporting,Garbage nuisance while transporting in Bilekahalli Forwarded Task,Registered,2025-06-19 02:54:00.000000000
20771181,INDIAN_OPENCITY_BBMP,General Consumer Services,Potholes,Potholes in Shanthala Nagar Field inspection assigned to AE officer.,Registered,2025-06-19 02:52:00.000000000
20771180,INDIAN_OPENCITY_BBMP,General Consumer Services,obstructions Branches / Trees.,obstructions Branches / Trees. in Rajarajeshwari Nagar Field inspection assigned to DYRFO officer.,Registered,2025-06-19 02:49:00.000000000
20771179,INDIAN_OPENCITY_BBMP,Street/Public Electrical Infrastructure,Street Light Not Working,Street Light Not Working in Kadugondanahalli Field inspection assigned to AE officer.,Registered,2025-06-19 02:49:00.000000000
20771178,INDIAN_OPENCITY_BBMP,General Consumer Services,Garbage dump,Garbage dump in Thanisandra Cleard,Closed,2025-06-19 02:47:00.000000000
20771177,INDIAN_OPENCITY_BBMP,General Consumer Services,Technical Issue In Ekhata,Technical Issue In Ekhata in Horamavu Issue resolved,Closed,2025-06-19 02:47:00.000000000
20771175,INDIAN_OPENCITY_BBMP,General Consumer Services,Garbage dump,Garbage dump in Kodigehalli Field inspection assigned to Marshal officer.,Registered,2025-06-19 02:46:00.000000000
20771174,INDIAN_OPENCITY_BBMP,General Consumer Services,Garbage dump,Garbage dump in Nandini Layout Field inspection assigned to Marshal officer.,Registered,2025-06-19 02:46:00.000000000
20771173,INDIAN_OPENCITY_BBMP,Street/Public Electrical Infrastructure,Street Light Not Working,Street Light Not Working in Padmanabha Nagar Field inspection assigned to AE officer.,In Progress,2025-06-19 02:43:00.000000000
20771172,INDIAN_OPENCITY_BBMP,General Consumer Services,Other Khata / ekhata issues,Other Khata / ekhata issues in Doddanekkundi Field inspection assigned to ARO officer.,Registered,2025-06-19 02:42:00.000000000
20771171,INDIAN_OPENCITY_BBMP,General Consumer Services,Garbage dump,Garbage dump in Bellandur Attended,Closed,2025-06-19 02:41:00.000000000
20771170,INDIAN_OPENCITY_BBMP,General Consumer Services,Removal of dead/fallen trees,Removal of dead/fallen trees in Radhakrishna Temple Field inspection assigned to DYRFO officer.,Registered,2025-06-19 02:41:00.000000000
20771169,INDIAN_OPENCITY_BBMP,General Consumer Services,Ekhata missing in online,Ekhata missing in online in Hoysala Nagar Field inspection assigned to ARO officer.,Registered,2025-06-19 02:41:00.000000000
20771168,INDIAN_OPENCITY_BBMP,Street/Public Electrical Infrastructure,Street Light Not Working,Street Light Not Working in C.V.Raman Nagar Field inspection assigned to AE officer.,Registered,2025-06-19 02:41:00.000000000
20771167,INDIAN_OPENCITY_BBMP,Street/Public Electrical Infrastructure,Street Light Not Working,Street Light Not Working in Attiguppe Field inspection assigned to AE officer.,In Progress,2025-06-19 02:41:00.000000000
20771165,INDIAN_OPENCITY_BBMP,General Consumer Services,Garbage dump,Garbage dump in Jayangar Field inspection assigned to Marshal officer.,Registered,2025-06-19 02:39:00.000000000
20771164,INDIAN_OPENCITY_BBMP,General Consumer Services,Removal of dead/fallen trees,Removal of dead/fallen trees in Hanumantha Nagar Field inspection assigned to DYRFO officer.,Registered,2025-06-19 02:39:00.000000000
20771162,INDIAN_OPENCITY_BBMP,General Consumer Services,ekhata approval pending with ARO,ekhata approval pending with ARO in Begur ಸದರಿ ಕಛೇರಿಯ ವ್ಯಾಪ್ತಿಗೆ ಒಳಪಡುವುದಿಲ್ಲ ನಿಯಮಾನುಸಾರ ಕ್ರಮ ವಹಿಸಲಾಗುವುದು,Closed,2025-06-19 02:38:00.000000000
20771160,INDIAN_OPENCITY_BBMP,General Consumer Services,Garbage dump,Garbage dump in Konanakunte Clear,Closed,2025-06-19 02:36:00.000000000
20771157,INDIAN_OPENCITY_BBMP,General Consumer Services,Increase in mosquito density,Increase in mosquito density in Sri Rammandira Field inspection assigned to SHI officer.,Registered,2025-06-19 02:31:00.000000000
20771156,INDIAN_OPENCITY_BBMP,Street/Public Electrical Infrastructure,Street Light Not Working,Street Light Not Working in Kottigepalya Field inspection assigned to JE officer.,Registered,2025-06-19 02:31:00.000000000
20771154,INDIAN_OPENCITY_BBMP,General Consumer Services,ekhata approval pending with ARO,ekhata approval pending with ARO in Shankaramata Field inspection assigned to ARO officer.,Registered,2025-06-19 02:30:00.000000000
20771153,INDIAN_OPENCITY_BBMP,General Consumer Services,Unhygienic premises in Hotel etc,Unhygienic premises in Hotel etc in Doddanekkundi Field inspection assigned to SHI officer.,Registered,2025-06-19 02:30:00.000000000
20771152,INDIAN_OPENCITY_BBMP,General Consumer Services,Others,Others in Padmanabha Nagar Field inspection assigned to Customer Support Representative officer.,Registered,2025-06-19 02:28:00.000000000
20771150,INDIAN_OPENCITY_BBMP,General Consumer Services,Fatally injured - Needs immediate attention,Fatally injured - Needs immediate attention in Bagalagunte attended,Closed,2025-06-19 02:26:00.000000000
20771149,INDIAN_OPENCITY_BBMP,General Consumer Services,Other Khata / ekhata issues,Other Khata / ekhata issues in Hemmigepura Field inspection assigned to ARO officer.,Registered,2025-06-19 02:26:00.000000000
20771148,INDIAN_OPENCITY_BBMP,General Consumer Services,Dead animal(s),Dead animal(s) in Arakere Field inspection assigned to JHI officer.,Registered,2025-06-19 02:25:00.000000000
20771147,INDIAN_OPENCITY_BBMP,General Consumer Services,obstructions Branches / Trees.,obstructions Branches / Trees. in Nandini Layout Field inspection assigned to DYRFO officer.,Registered,2025-06-19 02:23:00.000000000
20771146,INDIAN_OPENCITY_BBMP,General Consumer Services,Ekhata missing in online,Ekhata missing in online in Nagapura Field inspection assigned to ARO officer.,Registered,2025-06-19 02:22:00.000000000
20771143,INDIAN_OPENCITY_BBMP,General Consumer Services,Garbage vehicle not arrived,Garbage vehicle not arrived in Yelachenahalli Field inspection assigned to Marshal officer.,Registered,2025-06-19 02:19:00.000000000
20771142,INDIAN_OPENCITY_BBMP,General Consumer Services,obstructions Branches / Trees.,obstructions Branches / Trees. in Sunkenahalli Field inspection assigned to DYRFO officer.,Registered,2025-06-19 02:18:00.000000000
20771141,INDIAN_OPENCITY_BBMP,General Consumer Services,Sweeping not done,Sweeping not done in Uttarahalli Field inspection assigned to JHI officer.,Registered,2025-06-19 02:16:00.000000000
20771140,INDIAN_OPENCITY_BBMP,General Consumer Services,Road side drains,Road side drains in Bellandur Field inspection assigned to AE officer.,Registered,2025-06-19 02:16:00.000000000
20771139,INDIAN_OPENCITY_BBMP,General Consumer Services,Road side drains,Road side drains in Dodda Bidarkallu Field inspection assigned to AE officer.,Registered,2025-06-19 02:16:00.000000000
20771138,INDIAN_OPENCITY_BBMP,General Consumer Services,obstructions Branches / Trees.,obstructions Branches / Trees. in Nagapura Field inspection assigned to DYRFO officer.,Registered,2025-06-19 02:15:00.000000000
20771137,INDIAN_OPENCITY_BBMP,General Consumer Services,Maintenance of SWD,Maintenance of SWD in Arakere Field inspection assigned to AE officer.,Registered,2025-06-19 02:14:00.000000000
20771136,INDIAN_OPENCITY_BBMP,General Consumer Services,Garbage dump,Garbage dump in Singasandra Field inspection assigned to Marshal officer.,In Progress,2025-06-19 02:14:00.000000000
20771134,INDIAN_OPENCITY_BBMP,General Consumer Services,Flex and banners,Flex and banners in Madiwala Field inspection assigned to ARO officer.,Registered,2025-06-19 02:13:00.000000000
20771133,INDIAN_OPENCITY_BBMP,General Consumer Services,Removal of dead/fallen trees,Removal of dead/fallen trees in Mathikere Field inspection assigned to DYRFO officer.,Registered,2025-06-19 02:08:00.000000000
20771132,INDIAN_OPENCITY_BBMP,General Consumer Services,Removal of dead/fallen trees,Removal of dead/fallen trees in Vidyapeetha Field inspection assigned to DYRFO officer.,Registered,2025-06-19 02:07:00.000000000
20771131,INDIAN_OPENCITY_BBMP,General Consumer Services,Garbage dump,Garbage dump in Deepanjali Nagar Field inspection assigned to Marshal officer.,Registered,2025-06-19 02:07:00.000000000
20771128,INDIAN_OPENCITY_BBMP,General Consumer Services,Garbage dump,Garbage dump in HBR Layout Cleared,Closed,2025-06-19 02:05:00.000000000
20771127,INDIAN_OPENCITY_BBMP,General Consumer Services,Garbage dump,Garbage dump in Kadugondanahalli Field inspection assigned to Marshal officer.,Registered,2025-06-19 02:04:00.000000000
20771125,INDIAN_OPENCITY_BBMP,General Consumer Services,"Khata Services (Registration, Transfer, Bifurcation and Amalgamation)","Khata Services (Registration, Transfer, Bifurcation and Amalgamation) in Jnanabharathi Ward ಅರ್ಜಿದಾರರಿಗೆ ದೂರವಾಣಿ ಮುಖಾಂತರ ಸದರಿ ಸ್ವತ್ತಿಗೆ ಸಂಬಂಧಿಸಿದಂತೆ ದಿನಾಂಕ:-07-01-2025ರ ಸುತ್ತೋಲೆಯಂತೆ ಹೊಸ ಆಸ್ತಿ ಅರ್ಜಿ ಸಲ್ಲಿಸಲು ತಿಳಿಸಲಾಗಿದೆ",Closed,2025-06-19 02:02:00.000000000
20771124,INDIAN_OPENCITY_BBMP,Street/Public Electrical Infrastructure,Street Light Not Working,Street Light Not Working in Kodigehalli Resolved,Closed,2025-06-19 02:01:00.000000000
20771123,INDIAN_OPENCITY_BBMP,Street/Public Electrical Infrastructure,Street Lights Switched On During Day Time,Street Lights Switched On During Day Time in Byatarayanapura Field inspection assigned to JE officer.,Registered,2025-06-19 02:00:00.000000000
20771121,INDIAN_OPENCITY_BBMP,General Consumer Services,ekhata approval pending with ARO,ekhata approval pending with ARO in Varthur Field inspection assigned to ARO officer.,Registered,2025-06-19 01:59:00.000000000
20771118,INDIAN_OPENCITY_BBMP,General Consumer Services,Road side drains,Road side drains in Shettyhalli Field inspection assigned to AE officer.,Registered,2025-06-19 01:51:00.000000000
20771117,INDIAN_OPENCITY_BBMP,General Consumer Services,"Khata Services (Registration, Transfer, Bifurcation and Amalgamation)","Khata Services (Registration, Transfer, Bifurcation and Amalgamation) in Uttarahalli THIS COMPLAINAT DOES NOT BELONGS TO ARO VIDYARANYAPURA SUB DIVISION. PLEASE APPLY CONCERNED OFFICE.",Closed,2025-06-19 01:51:00.000000000
20771116,INDIAN_OPENCITY_BBMP,General Consumer Services,Garbage vehicle not arrived,Garbage vehicle not arrived in Kumaraswamy Layout Field inspection assigned to Marshal officer.,Registered,2025-06-19 01:51:00.000000000
20771115,INDIAN_OPENCITY_BBMP,Street/Public Electrical Infrastructure,Street Light Not Working,Street Light Not Working in Konanakunte Atteded,Closed,2025-06-19 01:50:00.000000000
20771111,INDIAN_OPENCITY_BBMP,General Consumer Services,Potholes,Potholes in Konanakunte Field inspection assigned to AE officer.,Registered,2025-06-19 01:49:00.000000000
20771110,INDIAN_OPENCITY_BBMP,General Consumer Services,Garbage dump,Garbage dump in Garudacharpalya Field inspection assigned to Marshal officer.,Registered,2025-06-19 01:48:00.000000000
20771109,INDIAN_OPENCITY_BBMP,General Consumer Services,ekhata approval pending with ARO,ekhata approval pending with ARO in Bellandur Field inspection assigned to ARO officer.,Registered,2025-06-19 01:48:00.000000000
20771108,INDIAN_OPENCITY_BBMP,General Consumer Services,Potholes,Potholes in Sudam Nagar Field inspection assigned to AE officer.,Registered,2025-06-19 01:48:00.000000000
20771107,INDIAN_OPENCITY_BBMP,General Consumer Services,Dead animal(s),Dead animal(s) in Binnipet Field inspection assigned to JHI officer.,Registered,2025-06-19 01:48:00.000000000
20771106,INDIAN_OPENCITY_BBMP,General Consumer Services,Garbage dump,Garbage dump in Shettyhalli Field inspection assigned to Marshal officer.,Registered,2025-06-19 01:47:00.000000000
20771105,INDIAN_OPENCITY_BBMP,General Consumer Services,Garbage dump,Garbage dump in Rajarajeshwari Nagar Field inspection assigned to Marshal officer.,Registered,2025-06-19 01:46:00.000000000
20771104,INDIAN_OPENCITY_BBMP,General Consumer Services,Anti Rabies Vaccination of stray dogs,Anti Rabies Vaccination of stray dogs in Newthippasandra ARV drive is being conducted every year in all the wards of Bbmp on rotation basis. ARV drive will be conducted in this respective ward on its turn very soon.,Closed,2025-06-19 01:45:00.000000000
20771103,INDIAN_OPENCITY_BBMP,Street/Public Electrical Infrastructure,Street Light Not Working,Street Light Not Working in Dodda Bidarkallu Attended,Closed,2025-06-19 01:43:00.000000000
20771100,INDIAN_OPENCITY_BBMP,General Consumer Services,Garbage vehicle not arrived,Garbage vehicle not arrived in Herohalli Garbage vehicle has been sent to door collection,Closed,2025-06-19 01:42:00.000000000
20771099,INDIAN_OPENCITY_BBMP,General Consumer Services,Garbage dump,Garbage dump in Yadiyuru Field inspection assigned to Marshal officer.,Registered,2025-06-19 01:42:00.000000000
20771098,INDIAN_OPENCITY_BBMP,General Consumer Services,Garbage dumping in vacant sites,Garbage dumping in vacant sites in Padmanabha Nagar Field inspection assigned to Marshal officer.,Registered,2025-06-19 01:41:00.000000000
20771097,INDIAN_OPENCITY_BBMP,Street/Public Electrical Infrastructure,Street Lights Switched On During Day Time,Street Lights Switched On During Day Time in Gayathri Nagar Field inspection assigned to JE officer.,Registered,2025-06-19 01:40:00.000000000
20771096,INDIAN_OPENCITY_BBMP,General Consumer Services,Public dustbins not cleaned,Public dustbins not cleaned in Rajarajeshwari Nagar Field inspection assigned to Marshal officer.,Registered,2025-06-19 01:40:00.000000000
20771093,INDIAN_OPENCITY_BBMP,General Consumer Services,Dead animal(s),Dead animal(s) in Gandhi Nagar Field inspection assigned to JHI officer.,Registered,2025-06-19 01:40:00.000000000
20771089,INDIAN_OPENCITY_BBMP,General Consumer Services,Garbage vehicle not arrived,Garbage vehicle not arrived in Vishwanathnagenahalli Field inspection assigned to Marshal officer.,Registered,2025-06-19 01:36:00.000000000
20771083,INDIAN_OPENCITY_BBMP,General Consumer Services,Other Khata / ekhata issues,Other Khata / ekhata issues in Anjanapur Field inspection assigned to ARO officer.,Registered,2025-06-19 01:33:00.000000000
20771082,INDIAN_OPENCITY_BBMP,Street/Public Electrical Infrastructure,Street Light Not Working,Street Light Not Working in Kadugodi Field inspection assigned to AE officer.,Registered,2025-06-19 01:33:00.000000000
20771080,INDIAN_OPENCITY_BBMP,General Consumer Services,Garbage dump,Garbage dump in Devasandra Field inspection assigned to Marshal officer.,Registered,2025-06-19 01:32:00.000000000
20771078,INDIAN_OPENCITY_BBMP,General Consumer Services,Flex and banners,Flex and banners in Jnanabharathi Ward Field inspection assigned to ARO officer.,Registered,2025-06-19 01:30:00.000000000
20771076,INDIAN_OPENCITY_BBMP,General Consumer Services,Anti Rabies Vaccination of stray dogs,Anti Rabies Vaccination of stray dogs in Doddanekkundi We are doing ward by ward when we attend your ward we do it,Closed,2025-06-19 01:30:00.000000000
20771075,INDIAN_OPENCITY_BBMP,General Consumer Services,Removal of dead/fallen trees,Removal of dead/fallen trees in Katriguppe Field inspection assigned to DYRFO officer.,Registered,2025-06-19 01:29:00.000000000
20771074,INDIAN_OPENCITY_BBMP,General Consumer Services,Garbage dump,Garbage dump in Katriguppe Field inspection assigned to Marshal officer.,Registered,2025-06-19 01:29:00.000000000
20771072,INDIAN_OPENCITY_BBMP,General Consumer Services,Garbage transfer not as per norms & area not kept clean,Garbage transfer not as per norms & area not kept clean in Ulsoor Field inspection assigned to Marshal officer.,Registered,2025-06-19 01:26:00.000000000
20771071,INDIAN_OPENCITY_BBMP,General Consumer Services,Flex and banners,Flex and banners in Banashankari Temple Ward Removed,Closed,2025-06-19 01:26:00.000000000
20771070,INDIAN_OPENCITY_BBMP,General Consumer Services,Garbage dump,Garbage dump in Cottonpet Com,Closed,2025-06-19 01:25:00.000000000
20771068,INDIAN_OPENCITY_BBMP,General Consumer Services,Garbage vehicle not arrived,Garbage vehicle not arrived in Byrasandra Field inspection assigned to Marshal officer.,Registered,2025-06-19 01:23:00.000000000
20771067,INDIAN_OPENCITY_BBMP,General Consumer Services,Garbage dump,Garbage dump in Manorayanapalya Cleared,Closed,2025-06-19 01:23:00.000000000
20771064,INDIAN_OPENCITY_BBMP,General Consumer Services,Stray/Rabid dog bite,Stray/Rabid dog bite in Chikpete Counselling and and give dog caucher mobile no,Closed,2025-06-19 01:20:00.000000000
20771063,INDIAN_OPENCITY_BBMP,General Consumer Services,Garbage dump,Garbage dump in Jagajeevanram Nagar Field inspection assigned to Marshal officer.,In Progress,2025-06-19 01:18:00.000000000
20771062,INDIAN_OPENCITY_BBMP,General Consumer Services,Garbage dump,Garbage dump in Jnanabharathi Ward Field inspection assigned to Marshal officer.,Registered,2025-06-19 01:17:00.000000000
20771061,INDIAN_OPENCITY_BBMP,General Consumer Services,Potholes,Potholes in Jeevanbhima Nagar Field inspection assigned to AE officer.,Registered,2025-06-19 01:16:00.000000000
20771060,INDIAN_OPENCITY_BBMP,General Consumer Services,Garbage dump,Garbage dump in Chowdeshwari Ward Field inspection assigned to Marshal officer.,Registered,2025-06-19 01:16:00.000000000
20771059,INDIAN_OPENCITY_BBMP,Street/Public Electrical Infrastructure,Street Light Not Working,Street Light Not Working in Hongasandra Field inspection assigned to JE officer.,In Progress,2025-06-19 01:16:00.000000000
20771056,INDIAN_OPENCITY_BBMP,General Consumer Services,Debris Removal / Construction Material,Debris Removal / Construction Material in C.V.Raman Nagar Field inspection assigned to AE officer.,Registered,2025-06-19 01:14:00.000000000
20771055,INDIAN_OPENCITY_BBMP,General Consumer Services,Garbage dump,Garbage dump in Gottigere Field inspection assigned to Marshal officer.,Registered,2025-06-19 01:13:00.000000000
20771054,INDIAN_OPENCITY_BBMP,General Consumer Services,obstructions Branches / Trees.,obstructions Branches / Trees. in Sarakki Field inspection assigned to DYRFO officer.,Registered,2025-06-19 01:13:00.000000000
20771053,INDIAN_OPENCITY_BBMP,General Consumer Services,UnAuthorised Building Constructions,UnAuthorised Building Constructions in Devasandra Field inspection assigned to ADTP officer.,Registered,2025-06-19 01:10:00.000000000
20771051,INDIAN_OPENCITY_BBMP,General Consumer Services,Garbage vehicle not arrived,Garbage vehicle not arrived in Kumaraswamy Layout Not resolved,ReOpen,2025-06-19 01:09:00.000000000
20771049,INDIAN_OPENCITY_BBMP,General Consumer Services,Air/Noise pollution,Air/Noise pollution in Newthippasandra Field inspection assigned to SHI officer.,Registered,2025-06-19 01:07:00.000000000
20771044,INDIAN_OPENCITY_BBMP,General Consumer Services,Sweeping not done,Sweeping not done in Someshwara Field inspection assigned to JHI officer.,Registered,2025-06-19 01:05:00.000000000
20771041,INDIAN_OPENCITY_BBMP,General Consumer Services,Sweeping not done,Sweeping not done in Hombegowda Nagar Field inspection assigned to JHI officer.,Registered,2025-06-19 01:04:00.000000000
20771040,INDIAN_OPENCITY_BBMP,General Consumer Services,Garbage vehicle not arrived,Garbage vehicle not arrived in Anjanapur Field inspection assigned to Marshal officer.,Registered,2025-06-19 01:03:00.000000000
20771038,INDIAN_OPENCITY_BBMP,General Consumer Services,Garbage dump,Garbage dump in BTM Layout Field inspection assigned to Marshal officer.,Registered,2025-06-19 01:03:00.000000000
20771037,INDIAN_OPENCITY_BBMP,General Consumer Services,Garbage vehicle not arrived,Garbage vehicle not arrived in Someshwara Field inspection assigned to Marshal officer.,Registered,2025-06-19 01:03:00.000000000
20771034,INDIAN_OPENCITY_BBMP,General Consumer Services,Garbage vehicle not arrived,Garbage vehicle not arrived in Hombegowda Nagar Clear,Closed,2025-06-19 01:02:00.000000000
20771033,INDIAN_OPENCITY_BBMP,General Consumer Services,Animal Rescue - Not well - Requires attention,Animal Rescue - Not well - Requires attention in Laggere Referred to rescue team,Closed,2025-06-19 01:01:00.000000000
20771030,INDIAN_OPENCITY_BBMP,General Consumer Services,Fatally injured - Needs immediate attention,Fatally injured - Needs immediate attention in Kadugodi Field inspection assigned to VI officer.,Registered,2025-06-19 12:59:00.000000000
20771029,INDIAN_OPENCITY_BBMP,General Consumer Services,Garbage dump,Garbage dump in Giri Nagar Field inspection assigned to Marshal officer.,Registered,2025-06-19 12:59:00.000000000
20771024,INDIAN_OPENCITY_BBMP,General Consumer Services,Road side drains,Road side drains in Vignana Nagar Field inspection assigned to JE officer.,Registered,2025-06-19 12:56:00.000000000
20771022,INDIAN_OPENCITY_BBMP,General Consumer Services,Others,Others in Devarajeevanahalli Field inspection assigned to Customer Support Representative officer.,Registered,2025-06-19 12:55:00.000000000
20771021,INDIAN_OPENCITY_BBMP,General Consumer Services,shifting of the street dogs to other places,"shifting of the street dogs to other places in BTM Layout Dogs cannot be relocated as per the ABC Rule 2023. For barking, crying, chasing - nothing can be done since it is a natural instinct of a dog. Sterilisation and Immunisation of street dogs will be done by BBMP. Chasing a speedy vehicle for a short distance is normal behaviour of the street dogs. They do this for various reasons. Relocation of these dogs is not permissible under the law. Any attempt by an individual or a group of individuals or RWA to relocate the dogs through any means attracts serious punishment.",Closed,2025-06-19 12:54:00.000000000
20771020,INDIAN_OPENCITY_BBMP,General Consumer Services,Street dog Adaptation process details,Street dog Adaptation process details in Chikpete We resque team mobile no,Closed,2025-06-19 12:53:00.000000000
20771019,INDIAN_OPENCITY_BBMP,General Consumer Services,Others,Others in Bagalagunte Field inspection assigned to Customer Support Representative officer.,Registered,2025-06-19 12:53:00.000000000
20771018,INDIAN_OPENCITY_BBMP,General Consumer Services,Others,Others in Uttarahalli Field inspection assigned to Customer Support Representative officer.,Registered,2025-06-19 12:52:00.000000000
20771016,INDIAN_OPENCITY_BBMP,General Consumer Services,Garbage dump,Garbage dump in Shakambari Nagar It's cleared,Closed,2025-06-19 12:50:00.000000000
20771015,INDIAN_OPENCITY_BBMP,General Consumer Services,Road Infrastructure,Road Infrastructure in Shanthala Nagar Field inspection assigned to AE officer.,Registered,2025-06-19 12:49:00.000000000
20771014,INDIAN_OPENCITY_BBMP,General Consumer Services,Garbage dumping in vacant sites,Garbage dumping in vacant sites in Jayangar Forwarded Task,Registered,2025-06-19 12:48:00.000000000
20771013,INDIAN_OPENCITY_BBMP,General Consumer Services,Garbage dump,Garbage dump in Varthur Field inspection assigned to Marshal officer.,Registered,2025-06-19 12:47:00.000000000
20771012,INDIAN_OPENCITY_BBMP,General Consumer Services,Road Infrastructure,Road Infrastructure in Shakambari Nagar Field inspection assigned to AE officer.,Registered,2025-06-19 12:47:00.000000000
20771011,INDIAN_OPENCITY_BBMP,General Consumer Services,Removal of dead/fallen trees,Removal of dead/fallen trees in Kamakshipalya Field inspection assigned to DYRFO officer.,Registered,2025-06-19 12:46:00.000000000
20771008,INDIAN_OPENCITY_BBMP,General Consumer Services,Garbage vehicle not arrived,Garbage vehicle not arrived in Jeevanbhima Nagar Field inspection assigned to Marshal officer.,Registered,2025-06-19 12:45:00.000000000
20771007,INDIAN_OPENCITY_BBMP,General Consumer Services,Garbage dump,Garbage dump in Sunkenahalli Forwarded Task,Registered,2025-06-19 12:44:00.000000000
20771006,INDIAN_OPENCITY_BBMP,Pole / Wire / Electrical Hazard,Earthing Issue relate to Electric Poles/Panel Boards,Earthing Issue relate to Electric Poles/Panel Boards in Vishwanathnagenahalli Wrong complaint,Closed,2025-06-19 12:43:00.000000000
20771005,INDIAN_OPENCITY_BBMP,Street/Public Electrical Infrastructure,Street Light Not Working,Street Light Not Working in Ganga Nagar Field inspection assigned to AE officer.,Registered,2025-06-19 12:43:00.000000000
20771004,INDIAN_OPENCITY_BBMP,General Consumer Services,Garbage dumping in vacant sites,Garbage dumping in vacant sites in Kacharakanahalli Field inspection assigned to Marshal officer.,Registered,2025-06-19 12:43:00.000000000
20771003,INDIAN_OPENCITY_BBMP,General Consumer Services,Issues Related to Parks/Medians/Circles/Island.,Issues Related to Parks/Medians/Circles/Island. in Vasanthapura Field inspection assigned to HS officer.,Registered,2025-06-19 12:42:00.000000000
20771001,INDIAN_OPENCITY_BBMP,General Consumer Services,Garbage dump,Garbage dump in Nagarabhavi Forwarded Task,Registered,2025-06-19 12:40:00.000000000
20770998,INDIAN_OPENCITY_BBMP,General Consumer Services,Garbage dump,Garbage dump in Devarajeevanahalli Field inspection assigned to Marshal officer.,Registered,2025-06-19 12:36:00.000000000
20770995,INDIAN_OPENCITY_BBMP,General Consumer Services,Garbage dump,Garbage dump in Gurappanapalya Field inspection assigned to Marshal officer.,Registered,2025-06-19 12:35:00.000000000
20770994,INDIAN_OPENCITY_BBMP,General Consumer Services,Debris Removal / Construction Material,Debris Removal / Construction Material in Malleshwaram Field inspection assigned to AE officer.,Registered,2025-06-19 12:34:00.000000000
20770993,INDIAN_OPENCITY_BBMP,General Consumer Services,Garbage dump,Garbage dump in Arakere Field inspection assigned to Marshal officer.,Registered,2025-06-19 12:34:00.000000000
20770991,INDIAN_OPENCITY_BBMP,General Consumer Services,obstructions Branches / Trees.,obstructions Branches / Trees. in Shanthala Nagar Field inspection assigned to DYRFO officer.,Registered,2025-06-19 12:33:00.000000000
20770990,INDIAN_OPENCITY_BBMP,General Consumer Services,Garbage dumping in vacant sites,Garbage dumping in vacant sites in Hoysala Nagar Forwarded Task,Registered,2025-06-19 12:33:00.000000000
20770988,INDIAN_OPENCITY_BBMP,General Consumer Services,Garbage vehicle not arrived,Garbage vehicle not arrived in Vidyapeetha This block vehicle repair Tommorow will be cleard,Closed,2025-06-19 12:32:00.000000000
20770985,INDIAN_OPENCITY_BBMP,General Consumer Services,Construction not done as per approved plan (Building Bye Law Violations),Construction not done as per approved plan (Building Bye Law Violations) in HSR Layout Field inspection assigned to ADTP officer.,Registered,2025-06-19 12:30:00.000000000
20770984,INDIAN_OPENCITY_BBMP,General Consumer Services,Garbage dump,Garbage dump in Vasanthapura Cleared,Closed,2025-06-19 12:30:00.000000000
20770983,INDIAN_OPENCITY_BBMP,Street/Public Electrical Infrastructure,Street Light Not Working,Street Light Not Working in Chowdeshwari Ward Resolved,Closed,2025-06-19 12:29:00.000000000
20770981,INDIAN_OPENCITY_BBMP,General Consumer Services,Garbage vehicle not arrived,Garbage vehicle not arrived in Yelachenahalli Cleared,Closed,2025-06-19 12:28:00.000000000
20770980,INDIAN_OPENCITY_BBMP,General Consumer Services,Garbage dump,Garbage dump in J.P.Nagar Field inspection assigned to Marshal officer.,Registered,2025-06-19 12:28:00.000000000
20770978,INDIAN_OPENCITY_BBMP,General Consumer Services,Garbage dump,"Garbage dump in Koramangala Yesterday garbage cleared madam. Only their sweeping issues, that is also cleared",Closed,2025-06-19 12:27:00.000000000
20770977,INDIAN_OPENCITY_BBMP,General Consumer Services,Garbage dump,Garbage dump in Doddanekkundi Close,Closed,2025-06-19 12:27:00.000000000
20770971,INDIAN_OPENCITY_BBMP,General Consumer Services,Sweeping not done,Sweeping not done in Banaswadi Field inspection assigned to JHI officer.,Registered,2025-06-19 12:24:00.000000000
20770970,INDIAN_OPENCITY_BBMP,Street/Public Electrical Infrastructure,Street Light Not Working,Street Light Not Working in Neelasandra Field inspection assigned to AE officer.,Registered,2025-06-19 12:24:00.000000000
20770963,INDIAN_OPENCITY_BBMP,General Consumer Services,Garbage dump,Garbage dump in Ramamurthy Nagar Field inspection assigned to Marshal officer.,Registered,2025-06-19 12:21:00.000000000
20770962,INDIAN_OPENCITY_BBMP,General Consumer Services,Footpath,Footpath in HSR Layout Field inspection assigned to AE officer.,Registered,2025-06-19 12:21:00.000000000
20770960,INDIAN_OPENCITY_BBMP,General Consumer Services,Garbage dump,Garbage dump in Someshwara Forwarded Task,Registered,2025-06-19 12:21:00.000000000
20770959,INDIAN_OPENCITY_BBMP,General Consumer Services,Removal of dead/fallen trees,Removal of dead/fallen trees in Adugodi Field inspection assigned to DYRFO officer.,Registered,2025-06-19 12:20:00.000000000
20770958,INDIAN_OPENCITY_BBMP,Street/Public Electrical Infrastructure,Street Light Not Working,Street Light Not Working in Uttarahalli Forwarded Task,In Progress,2025-06-19 12:20:00.000000000
20770957,INDIAN_OPENCITY_BBMP,General Consumer Services,Garbage dump,Garbage dump in Chikpete This point is Regularly Cleared,Closed,2025-06-19 12:18:00.000000000
20770955,INDIAN_OPENCITY_BBMP,General Consumer Services,Garbage dump,Garbage dump in Jayangar Cleard,Closed,2025-06-19 12:17:00.000000000
20770953,INDIAN_OPENCITY_BBMP,Street/Public Electrical Infrastructure,Street Light Not Working,Street Light Not Working in Vasanthapura Atteded,Closed,2025-06-19 12:17:00.000000000
20770950,INDIAN_OPENCITY_BBMP,General Consumer Services,Animal Rescue - Not well - Requires attention,Animal Rescue - Not well - Requires attention in Kottigepalya Forwarded Task,Registered,2025-06-19 12:15:00.000000000
20770949,INDIAN_OPENCITY_BBMP,General Consumer Services,Garbage vehicle not arrived,Garbage vehicle not arrived in Pattabhiram Nagar Clear,Closed,2025-06-19 12:15:00.000000000
20770948,INDIAN_OPENCITY_BBMP,General Consumer Services,Garbage vehicle not arrived,Garbage vehicle not arrived in Horamavu Clear sir,Closed,2025-06-19 12:15:00.000000000
20770946,INDIAN_OPENCITY_BBMP,General Consumer Services,Air/Noise pollution,Air/Noise pollution in Uttarahalli Field inspection assigned to SHI officer.,Registered,2025-06-19 12:14:00.000000000
20770944,INDIAN_OPENCITY_BBMP,General Consumer Services,Garbage dump,Garbage dump in Horamavu Clear sir,Closed,2025-06-19 12:14:00.000000000
20770940,INDIAN_OPENCITY_BBMP,General Consumer Services,Dead animal(s),Dead animal(s) in Ramamurthy Nagar Field inspection assigned to JHI officer.,Registered,2025-06-19 12:10:00.000000000
20770938,INDIAN_OPENCITY_BBMP,General Consumer Services,Garbage nuisance while transporting,Garbage nuisance while transporting in J.P.Nagar Field inspection assigned to Marshal officer.,Registered,2025-06-19 12:08:00.000000000
20770937,INDIAN_OPENCITY_BBMP,General Consumer Services,Garbage nuisance while transporting,Garbage nuisance while transporting in Arakere Field inspection assigned to Marshal officer.,Registered,2025-06-19 12:08:00.000000000
20770936,INDIAN_OPENCITY_BBMP,General Consumer Services,Overhanging cables,Overhanging cables in Arakere Field inspection assigned to AE officer.,Registered,2025-06-19 12:08:00.000000000
20770930,INDIAN_OPENCITY_BBMP,Street/Public Electrical Infrastructure,Street Light Not Working,Street Light Not Working in Madiwala Field inspection assigned to JE officer.,In Progress,2025-06-19 12:06:00.000000000
20770929,INDIAN_OPENCITY_BBMP,General Consumer Services,Animal Rescue - Not well - Requires attention,Animal Rescue - Not well - Requires attention in HAL Airport Complaint attended,Closed,2025-06-19 12:06:00.000000000
20770928,INDIAN_OPENCITY_BBMP,General Consumer Services,Garbage dump,Garbage dump in Sri Nagar Clear,Closed,2025-06-19 12:05:00.000000000
20770927,INDIAN_OPENCITY_BBMP,General Consumer Services,Urination in Public/Open Defecation,Urination in Public/Open Defecation in Bellandur Field inspection assigned to JHI officer.,Registered,2025-06-19 12:05:00.000000000
20770924,INDIAN_OPENCITY_BBMP,General Consumer Services,Segregation of waste is not done,Segregation of waste is not done in J.P.Nagar Field inspection assigned to Marshal officer.,Registered,2025-06-19 12:04:00.000000000
20770922,INDIAN_OPENCITY_BBMP,Street/Public Electrical Infrastructure,Street Light Not Working,Street Light Not Working in Kuvempu Nagar Resolved,Closed,2025-06-19 12:04:00.000000000
20770920,INDIAN_OPENCITY_BBMP,General Consumer Services,obstructions Branches / Trees.,obstructions Branches / Trees. in Basavanapura Field inspection assigned to DYRFO officer.,Registered,2025-06-19 12:03:00.000000000
20770919,INDIAN_OPENCITY_BBMP,General Consumer Services,Garbage dump,Garbage dump in Basavanapura This is ward no 52 ward not 53 ward,Closed,2025-06-19 12:03:00.000000000
20770910,INDIAN_OPENCITY_BBMP,General Consumer Services,Potholes,Potholes in Hebbal Field inspection assigned to AE officer.,Registered,2025-06-19 11:58:00.000000000
20770909,INDIAN_OPENCITY_BBMP,General Consumer Services,Garbage vehicle not arrived,Garbage vehicle not arrived in Doddanekkundi Field inspection assigned to Marshal officer.,Registered,2025-06-19 11:58:00.000000000
20770908,INDIAN_OPENCITY_BBMP,General Consumer Services,"Khata Services (Registration, Transfer, Bifurcation and Amalgamation)","Khata Services (Registration, Transfer, Bifurcation and Amalgamation) in Sampangiram Nagar Field inspection assigned to ARO officer.",Registered,2025-06-19 11:58:00.000000000
20770905,INDIAN_OPENCITY_BBMP,General Consumer Services,Dead animal(s),Dead animal(s) in Hampi Nagar Field inspection assigned to JHI officer.,Registered,2025-06-19 11:55:00.000000000
20770904,INDIAN_OPENCITY_BBMP,General Consumer Services,Removal of dead/fallen trees,Removal of dead/fallen trees in Jeevanbhima Nagar Field inspection assigned to DYRFO officer.,Registered,2025-06-19 11:54:00.000000000
20770902,INDIAN_OPENCITY_BBMP,General Consumer Services,Garbage dump,Garbage dump in Jogupalya Clear,Closed,2025-06-19 11:53:00.000000000
20770901,INDIAN_OPENCITY_BBMP,General Consumer Services,Garbage vehicle not arrived,Garbage vehicle not arrived in Bellandur Attended,Closed,2025-06-19 11:53:00.000000000
20770900,INDIAN_OPENCITY_BBMP,General Consumer Services,obstructions Branches / Trees.,obstructions Branches / Trees. in Doddanekkundi Forwarded Task,Registered,2025-06-19 11:53:00.000000000
20770896,INDIAN_OPENCITY_BBMP,General Consumer Services,Garbage vehicle not arrived,Garbage vehicle not arrived in Hagadooru Clear,Closed,2025-06-19 11:48:00.000000000
20770893,INDIAN_OPENCITY_BBMP,General Consumer Services,Garbage dump,Garbage dump in Kadugodi Engineering department,Closed,2025-06-19 11:45:00.000000000
20770892,INDIAN_OPENCITY_BBMP,General Consumer Services,Removal of dead/fallen trees,Removal of dead/fallen trees in Kadugondanahalli Field inspection assigned to DYRFO officer.,Registered,2025-06-19 11:45:00.000000000
20770891,INDIAN_OPENCITY_BBMP,General Consumer Services,Garbage dump,Garbage dump in Chokkasandra Attended Please mention the proper adress and land mark to finde point,Closed,2025-06-19 11:43:00.000000000
20770890,INDIAN_OPENCITY_BBMP,Street/Public Electrical Infrastructure,Street Light Not Working,Street Light Not Working in Gayathri Nagar Field inspection assigned to JE officer.,Registered,2025-06-19 11:43:00.000000000
20770888,INDIAN_OPENCITY_BBMP,General Consumer Services,Removal of dead/fallen trees,Removal of dead/fallen trees in Vidyaranyapura Field inspection assigned to DYRFO officer.,Registered,2025-06-19 11:41:00.000000000
20770886,INDIAN_OPENCITY_BBMP,General Consumer Services,Stray/Rabid dog bite,Stray/Rabid dog bite in Shanthala Nagar Field inspection assigned to VI officer.,In Progress,2025-06-19 11:41:00.000000000
20770884,INDIAN_OPENCITY_BBMP,General Consumer Services,Garbage dump,Garbage dump in Jagajeevanram Nagar Forwarded Task,Registered,2025-06-19 11:40:00.000000000
20770881,INDIAN_OPENCITY_BBMP,General Consumer Services,Garbage dump,Garbage dump in Jakkasandra Clear,Closed,2025-06-19 11:38:00.000000000
20770879,INDIAN_OPENCITY_BBMP,General Consumer Services,Anti Rabies Vaccination of stray dogs,Anti Rabies Vaccination of stray dogs in Chikpete We give complainter vaccination team mobile no,Closed,2025-06-19 11:38:00.000000000
20770877,INDIAN_OPENCITY_BBMP,General Consumer Services,Debris Removal / Construction Material,Debris Removal / Construction Material in Shivaji Nagar Field inspection assigned to AE officer.,Registered,2025-06-19 11:37:00.000000000
20770874,INDIAN_OPENCITY_BBMP,General Consumer Services,Garbage dump,Garbage dump in Sudam Nagar Field inspection assigned to Marshal officer.,Registered,2025-06-19 11:36:00.000000000
20770873,INDIAN_OPENCITY_BBMP,General Consumer Services,Garbage dump,Garbage dump in Karisandra Clear,Closed,2025-06-19 11:35:00.000000000
20770871,INDIAN_OPENCITY_BBMP,General Consumer Services,Garbage dump,Garbage dump in Arakere Forwarded Task,Registered,2025-06-19 11:35:00.000000000
20770870,INDIAN_OPENCITY_BBMP,General Consumer Services,Ekhata missing in online,Ekhata missing in online in Mathikere Field inspection assigned to ARO officer.,Registered,2025-06-19 11:35:00.000000000
20770869,INDIAN_OPENCITY_BBMP,General Consumer Services,Removal of dead/fallen trees,Removal of dead/fallen trees in Jaraganahalli Field inspection assigned to RFO officer.,Registered,2025-06-19 11:34:00.000000000
20770868,INDIAN_OPENCITY_BBMP,General Consumer Services,Others,Others in Bellandur Field inspection assigned to Customer Support Representative officer.,Registered,2025-06-19 11:34:00.000000000
20770867,INDIAN_OPENCITY_BBMP,General Consumer Services,Stray dog related complaints,Stray dog related complaints in Jakkur Field inspection assigned to VI officer.,Registered,2025-06-19 11:34:00.000000000
20770866,INDIAN_OPENCITY_BBMP,General Consumer Services,Garbage dump,Garbage dump in Dattathreya Temple Field inspection assigned to Marshal officer.,Registered,2025-06-19 11:33:00.000000000
20770865,INDIAN_OPENCITY_BBMP,General Consumer Services,Garbage dumping in vacant sites,Garbage dumping in vacant sites in Kavalbyrasandra Field inspection assigned to Marshal officer.,Registered,2025-06-19 11:33:00.000000000
20770862,INDIAN_OPENCITY_BBMP,General Consumer Services,Footpath,Footpath in Konena Agrahara Field inspection assigned to AE officer.,Registered,2025-06-19 11:32:00.000000000
20770859,INDIAN_OPENCITY_BBMP,Street/Public Electrical Infrastructure,Street Light Not Working,Street Light Not Working in Jakkur Resolved,Closed,2025-06-19 11:30:00.000000000
20770858,INDIAN_OPENCITY_BBMP,General Consumer Services,Garbage dumping in vacant sites,Garbage dumping in vacant sites in Jayamahal Field inspection assigned to Marshal officer.,Registered,2025-06-19 11:30:00.000000000
20770856,INDIAN_OPENCITY_BBMP,General Consumer Services,Garbage dump,Garbage dump in Azad Nagar Complainant cleared,Closed,2025-06-19 11:29:00.000000000
20770855,INDIAN_OPENCITY_BBMP,General Consumer Services,Road cutting,Road cutting in Chamrajpet Field inspection assigned to AE officer.,Registered,2025-06-19 11:28:00.000000000
20770853,INDIAN_OPENCITY_BBMP,General Consumer Services,Garbage dump,Garbage dump in Hongasandra Forwarded Task,Registered,2025-06-19 11:28:00.000000000
20770851,INDIAN_OPENCITY_BBMP,General Consumer Services,Fatally injured - Needs immediate attention,Fatally injured - Needs immediate attention in Cottonpet We give to resque team no to complainter,Closed,2025-06-19 11:27:00.000000000
20770849,INDIAN_OPENCITY_BBMP,General Consumer Services,Dead animal(s),Dead animal(s) in Gottigere Field inspection assigned to Customer Support Representative officer.,Non Relevant,2025-06-19 11:25:00.000000000
20770847,INDIAN_OPENCITY_BBMP,Street/Public Electrical Infrastructure,Street Light Not Working,Street Light Not Working in Byatarayanapura Resolved,Closed,2025-06-19 11:25:00.000000000
20770843,INDIAN_OPENCITY_BBMP,General Consumer Services,Garbage dumping in vacant sites,Garbage dumping in vacant sites in Devasandra Clear,Closed,2025-06-19 11:22:00.000000000
20770838,INDIAN_OPENCITY_BBMP,General Consumer Services,Road cutting,Road cutting in Horamavu Forwarded Task,Registered,2025-06-19 11:21:00.000000000
20770834,INDIAN_OPENCITY_BBMP,General Consumer Services,Stray dog related complaints,Stray dog related complaints in Uttarahalli Field inspection assigned to VI officer.,Registered,2025-06-19 11:19:00.000000000
20770833,INDIAN_OPENCITY_BBMP,General Consumer Services,Stray dog related complaints,Stray dog related complaints in Bapuji Nagar Spoke to the reporter and explained the legality. Chasing a speedy vehicle for a short distance is normal behaviour of the street dogs. They do this for various reasons. Relocation of these dogs is not permissible under the law. Any attempt by an individual or a group of individuals or RWA to relocate the dogs through any means attracts serious punishment.,Closed,2025-06-19 11:19:00.000000000
20770831,INDIAN_OPENCITY_BBMP,Street/Public Electrical Infrastructure,Street Light Not Working,Street Light Not Working in Herohalli The complainant is not answering the call,Closed,2025-06-19 11:18:00.000000000
20770829,INDIAN_OPENCITY_BBMP,General Consumer Services,shifting of the street dogs to other places,shifting of the street dogs to other places in Puttenahalli We can't relocate the dog as per bbmp 2024 rules.,Closed,2025-06-19 11:17:00.000000000
20770826,INDIAN_OPENCITY_BBMP,Street/Public Electrical Infrastructure,Requirement For New Street Lights,Requirement For New Street Lights in HBR Layout Field inspection assigned to AE officer.,Registered,2025-06-19 11:16:00.000000000
20770825,INDIAN_OPENCITY_BBMP,General Consumer Services,Ekhata - name correction,Ekhata - name correction in Horamavu Inform to applicant send pan card to clear the issue,Closed,2025-06-19 11:16:00.000000000
20770824,INDIAN_OPENCITY_BBMP,General Consumer Services,Garbage vehicle not arrived,Garbage vehicle not arrived in Kuvempu Nagar Complaint resolved,Closed,2025-06-19 11:15:00.000000000
20770821,INDIAN_OPENCITY_BBMP,General Consumer Services,Removal of dead/fallen trees,Removal of dead/fallen trees in Moodalapalya Field inspection assigned to DYRFO officer.,Registered,2025-06-19 11:14:00.000000000
20770819,INDIAN_OPENCITY_BBMP,General Consumer Services,Stray/Rabid dog bite,Stray/Rabid dog bite in Puttenahalli Field inspection assigned to VI officer.,Registered,2025-06-19 11:14:00.000000000
20770818,INDIAN_OPENCITY_BBMP,General Consumer Services,Others,Others in Ullalu Field inspection assigned to Customer Support Representative officer.,Registered,2025-06-19 11:13:00.000000000
20770816,INDIAN_OPENCITY_BBMP,General Consumer Services,Garbage dumping in vacant sites,Garbage dumping in vacant sites in Yelachenahalli Field inspection assigned to Marshal officer.,Registered,2025-06-19 11:12:00.000000000
20770815,INDIAN_OPENCITY_BBMP,General Consumer Services,Others,Others in Jogupalya Field inspection assigned to Customer Support Representative officer.,Registered,2025-06-19 11:12:00.000000000
20770814,INDIAN_OPENCITY_BBMP,General Consumer Services,Public dustbins not cleaned,Public dustbins not cleaned in Sunkenahalli Forwarded Task,Registered,2025-06-19 11:11:00.000000000
20770813,INDIAN_OPENCITY_BBMP,Street/Public Electrical Infrastructure,Street Light Not Working,Street Light Not Working in Hemmigepura Attended,Closed,2025-06-19 11:10:00.000000000
20770811,INDIAN_OPENCITY_BBMP,General Consumer Services,obstructions Branches / Trees.,obstructions Branches / Trees. in Hombegowda Nagar Field inspection assigned to DYRFO officer.,Registered,2025-06-19 11:09:00.000000000
20770810,INDIAN_OPENCITY_BBMP,General Consumer Services,Burning of Garbage in Open Space,Burning of Garbage in Open Space in Basavanapura I will see duty and your garbage clear,Closed,2025-06-19 11:07:00.000000000
20770808,INDIAN_OPENCITY_BBMP,General Consumer Services,Stray dog related complaints,Stray dog related complaints in Begur Field inspection assigned to VI officer.,Registered,2025-06-19 11:06:00.000000000
20770805,INDIAN_OPENCITY_BBMP,Street/Public Electrical Infrastructure,Street Light Not Working,Street Light Not Working in Vishwanathnagenahalli Resolved,Closed,2025-06-19 11:05:00.000000000
20770804,INDIAN_OPENCITY_BBMP,General Consumer Services,footpath encroachment,footpath encroachment in Attiguppe Field inspection assigned to AE officer.,Registered,2025-06-19 11:05:00.000000000
20770803,INDIAN_OPENCITY_BBMP,General Consumer Services,Stray dog related complaints,Stray dog related complaints in Basavanapura No relocation of dogs can be done as per supreme court order,Closed,2025-06-19 11:05:00.000000000
20770802,INDIAN_OPENCITY_BBMP,General Consumer Services,Stray dog related complaints,Stray dog related complaints in Vasanth Nagar Field inspection assigned to VI officer.,In Progress,2025-06-19 11:04:00.000000000
20770801,INDIAN_OPENCITY_BBMP,General Consumer Services,Garbage vehicle not arrived,Garbage vehicle not arrived in Devarajeevanahalli Field inspection assigned to Marshal officer.,Registered,2025-06-19 11:04:00.000000000
20770800,INDIAN_OPENCITY_BBMP,General Consumer Services,Garbage transfer not as per norms & area not kept clean,Garbage transfer not as per norms & area not kept clean in J.P.Nagar Field inspection assigned to Marshal officer.,Registered,2025-06-19 11:03:00.000000000
20770798,INDIAN_OPENCITY_BBMP,General Consumer Services,Issues Related to Parks/Medians/Circles/Island.,Issues Related to Parks/Medians/Circles/Island. in Byatarayanapura Field inspection assigned to HS officer.,Registered,2025-06-19 11:02:00.000000000
20770794,INDIAN_OPENCITY_BBMP,General Consumer Services,Others,Others in Hemmigepura Field inspection assigned to Customer Support Representative officer.,Registered,2025-06-19 11:01:00.000000000
20770793,INDIAN_OPENCITY_BBMP,General Consumer Services,Stray cattle related complaints,Stray cattle related complaints in Jnanabharathi Ward Field inspection assigned to VI officer.,Registered,2025-06-19 11:01:00.000000000
20770791,INDIAN_OPENCITY_BBMP,General Consumer Services,Garbage dumping in vacant sites,Garbage dumping in vacant sites in Rajarajeshwari Nagar Forwarded Task,Registered,2025-06-19 11:00:00.000000000
20770789,INDIAN_OPENCITY_BBMP,General Consumer Services,Garbage vehicle not arrived,Garbage vehicle not arrived in Siddapura Field inspection assigned to Marshal officer.,Registered,2025-06-19 10:59:00.000000000
20770788,INDIAN_OPENCITY_BBMP,General Consumer Services,Garbage dump,Garbage dump in Dayananda Nagar All cleared sir,Closed,2025-06-19 10:58:00.000000000
20770787,INDIAN_OPENCITY_BBMP,General Consumer Services,Garbage vehicle not arrived,Garbage vehicle not arrived in Hombegowda Nagar Forwarded Task,Registered,2025-06-19 10:58:00.000000000
20770786,INDIAN_OPENCITY_BBMP,Street/Public Electrical Infrastructure,Street Light Not Working,Street Light Not Working in Jalahalli Forwarded Task,Registered,2025-06-19 10:58:00.000000000
20770785,INDIAN_OPENCITY_BBMP,General Consumer Services,UnAuthorised Constructions,UnAuthorised Constructions in Horamavu Field inspection assigned to AE officer.,Registered,2025-06-19 10:57:00.000000000
20770783,INDIAN_OPENCITY_BBMP,General Consumer Services,Animal Cruelty/Ill-Treated / Abused,Animal Cruelty/Ill-Treated / Abused in Hoodi Field inspection assigned to VI officer.,Registered,2025-06-19 10:56:00.000000000
20770781,INDIAN_OPENCITY_BBMP,Street/Public Electrical Infrastructure,Street Light Not Working,Street Light Not Working in Lakkasandra Field inspection assigned to JE officer.,In Progress,2025-06-19 10:55:00.000000000
20770780,INDIAN_OPENCITY_BBMP,General Consumer Services,Garbage dumping in vacant sites,Garbage dumping in vacant sites in Sunkenahalli Field inspection assigned to Marshal officer.,Registered,2025-06-19 10:50:00.000000000
20770778,INDIAN_OPENCITY_BBMP,General Consumer Services,Spraying,Spraying in Herohalli Field inspection assigned to SHI officer.,Registered,2025-06-19 10:48:00.000000000
20770777,INDIAN_OPENCITY_BBMP,General Consumer Services,Removal of dead/fallen trees,Removal of dead/fallen trees in Aramane Nagar Field inspection assigned to DYRFO officer.,Registered,2025-06-19 10:48:00.000000000
20770776,INDIAN_OPENCITY_BBMP,General Consumer Services,Khata / Ekhata mutation / transfer,Khata / Ekhata mutation / transfer in Dodda Bidarkallu Field inspection assigned to ARO officer.,Registered,2025-06-19 10:48:00.000000000
20770775,INDIAN_OPENCITY_BBMP,Street/Public Electrical Infrastructure,Street Light Not Working,Street Light Not Working in Thanisandra Resolved,Closed,2025-06-19 10:47:00.000000000
20770774,INDIAN_OPENCITY_BBMP,General Consumer Services,Air/Noise pollution,Air/Noise pollution in Ejipura Field inspection assigned to SHI officer.,Registered,2025-06-19 10:47:00.000000000
20770773,INDIAN_OPENCITY_BBMP,General Consumer Services,Garbage vehicle not arrived,Garbage vehicle not arrived in Uttarahalli Field inspection assigned to Marshal officer.,Registered,2025-06-19 10:47:00.000000000
20770770,INDIAN_OPENCITY_BBMP,General Consumer Services,Animal birth control/neutering of stray dogs,Animal birth control/neutering of stray dogs in HBR Layout Field inspection assigned to VI officer.,Registered,2025-06-19 10:43:00.000000000
20770768,INDIAN_OPENCITY_BBMP,General Consumer Services,Garbage dump,Garbage dump in Domlur Clear,Closed,2025-06-19 10:41:00.000000000
20770766,INDIAN_OPENCITY_BBMP,General Consumer Services,Anti Rabies Vaccination of stray dogs,Anti Rabies Vaccination of stray dogs in Visvesvarapuram Your request is sent to ABC catching team all un nutured dogs will be caught for ABC & will be vaccinated before release. Other dogs will be vaccinated against rabies & combined vaccine will also be administered.,Closed,2025-06-19 10:40:00.000000000
20770765,INDIAN_OPENCITY_BBMP,General Consumer Services,Garbage dump,Garbage dump in Yelahanka old Satellite Town Complaint attended,Closed,2025-06-19 10:39:00.000000000
20770764,INDIAN_OPENCITY_BBMP,General Consumer Services,Animal birth control/neutering of stray dogs,Animal birth control/neutering of stray dogs in Visvesvarapuram Your request is sent to ABC catching team all un nutured dogs will be caught for ABC & will be vaccinated before release. Other dogs will be vaccinated against rabies & combined vaccine will also be administered.,Closed,2025-06-19 10:38:00.000000000
20770762,INDIAN_OPENCITY_BBMP,General Consumer Services,Garbage vehicle not arrived,Garbage vehicle not arrived in Begur Field inspection assigned to Marshal officer.,In Progress,2025-06-19 10:37:00.000000000
20770761,INDIAN_OPENCITY_BBMP,General Consumer Services,Others,Others in Pulikeshi Nagar Field inspection assigned to Customer Support Representative officer.,Registered,2025-06-19 10:37:00.000000000
20770760,INDIAN_OPENCITY_BBMP,Street/Public Electrical Infrastructure,Street Light Not Working,Street Light Not Working in Vidyapeetha Field inspection assigned to JE officer.,In Progress,2025-06-19 10:37:00.000000000
20770759,INDIAN_OPENCITY_BBMP,General Consumer Services,Maintenance of SWD,Maintenance of SWD in Sanjay Nagar Field inspection assigned to AE officer.,Registered,2025-06-19 10:36:00.000000000
20770758,INDIAN_OPENCITY_BBMP,General Consumer Services,ekhata approval pending with ARO,ekhata approval pending with ARO in Shanthala Nagar Applied for Mutation based on Sale deed under process,Closed,2025-06-19 10:36:00.000000000
20770757,INDIAN_OPENCITY_BBMP,General Consumer Services,Garbage nuisance while transporting,Garbage nuisance while transporting in Deepanjali Nagar Field inspection assigned to Marshal officer.,Registered,2025-06-19 10:36:00.000000000
20770756,INDIAN_OPENCITY_BBMP,General Consumer Services,Complaint against SW collector/ SWM official for violation of SWM Rules,Complaint against SW collector/ SWM official for violation of SWM Rules in HSR Layout Field inspection assigned to Marshal officer.,Registered,2025-06-19 10:36:00.000000000
20770755,INDIAN_OPENCITY_BBMP,General Consumer Services,Debris Removal / Construction Material,Debris Removal / Construction Material in Hebbal Field inspection assigned to AE officer.,Registered,2025-06-19 10:35:00.000000000
20770754,INDIAN_OPENCITY_BBMP,General Consumer Services,Stray/Rabid dog bite,"Stray/Rabid dog bite in Siddapura Dogs cannot be relocated as per the ABC Rule 2023. For barking, crying, chasing - nothing can be done since it is a natural instinct of a dog. Sterilisation and Immunisation of street dogs will be done by BBMP. If there is any dog bite incident please provide us the details of the dog bite victim like name, address, phone number, Photograph of the wound & dog bite treatment certificate from the doctor. to take further action.",Closed,2025-06-19 10:35:00.000000000
20770753,INDIAN_OPENCITY_BBMP,General Consumer Services,Garbage dump,Garbage dump in Aramane Nagar Cler,Closed,2025-06-19 10:34:00.000000000
20770751,INDIAN_OPENCITY_BBMP,General Consumer Services,Complaint against SW collector/ SWM official for violation of SWM Rules,Complaint against SW collector/ SWM official for violation of SWM Rules in Byatarayanapura Attend resolved,Closed,2025-06-19 10:34:00.000000000
20770750,INDIAN_OPENCITY_BBMP,General Consumer Services,"Khata Services (Registration, Transfer, Bifurcation and Amalgamation)","Khata Services (Registration, Transfer, Bifurcation and Amalgamation) in Shettyhalli Field inspection assigned to ARO officer.",Registered,2025-06-19 10:33:00.000000000
20770749,INDIAN_OPENCITY_BBMP,General Consumer Services,Garbage dump,Garbage dump in Varthur Clear,Closed,2025-06-19 10:33:00.000000000
20770748,INDIAN_OPENCITY_BBMP,General Consumer Services,ekhata approval pending with ARO,ekhata approval pending with ARO in Hagadooru Field inspection assigned to ARO officer.,Registered,2025-06-19 10:32:00.000000000
20770747,INDIAN_OPENCITY_BBMP,General Consumer Services,Stray dog related complaints,Stray dog related complaints in HBR Layout Field inspection assigned to VI officer.,Registered,2025-06-19 10:32:00.000000000
20770746,INDIAN_OPENCITY_BBMP,General Consumer Services,ekhata approval pending with ARO,ekhata approval pending with ARO in Visvesvarapuram 1655233672 e katha processing to ro login,Closed,2025-06-19 10:32:00.000000000
20770745,INDIAN_OPENCITY_BBMP,General Consumer Services,obstructions Branches / Trees.,obstructions Branches / Trees. in Giri Nagar Field inspection assigned to DYRFO officer.,Registered,2025-06-19 10:31:00.000000000
20770744,INDIAN_OPENCITY_BBMP,General Consumer Services,Animal Rescue - Not well - Requires attention,Animal Rescue - Not well - Requires attention in Horamavu Did not pick up the call,Closed,2025-06-19 10:30:00.000000000
20770743,INDIAN_OPENCITY_BBMP,Street/Public Electrical Infrastructure,Requirement For New Street Lights,Requirement For New Street Lights in Hosahalli Required new street light. New Project Survey under process. thank you,Closed,2025-06-19 10:30:00.000000000
20770741,INDIAN_OPENCITY_BBMP,General Consumer Services,Animal Rescue - Not well - Requires attention,Animal Rescue - Not well - Requires attention in Herohalli Field inspection assigned to VI officer.,Registered,2025-06-19 10:30:00.000000000
20770740,INDIAN_OPENCITY_BBMP,General Consumer Services,Garbage vehicle not arrived,Garbage vehicle not arrived in Basavanagudi Clear,Closed,2025-06-19 10:29:00.000000000
20770739,INDIAN_OPENCITY_BBMP,General Consumer Services,Road Infrastructure,Road Infrastructure in Kengeri Field inspection assigned to AE officer.,Registered,2025-06-19 10:29:00.000000000
20770737,INDIAN_OPENCITY_BBMP,General Consumer Services,Garbage vehicle not arrived,Garbage vehicle not arrived in Doddanekkundi Cleared,Closed,2025-06-19 10:28:00.000000000
20770734,INDIAN_OPENCITY_BBMP,Street/Public Electrical Infrastructure,Street Light Not Working,Street Light Not Working in Dattathreya Temple Field inspection assigned to JE officer.,Registered,2025-06-19 10:25:00.000000000
20770732,INDIAN_OPENCITY_BBMP,General Consumer Services,Ekhata Other corrections,Ekhata Other corrections in Madiwala Forwarded Task,Registered,2025-06-19 10:25:00.000000000
20770731,INDIAN_OPENCITY_BBMP,General Consumer Services,Technical Issue In Ekhata,Technical Issue In Ekhata in Someshwara There is no issue in eKYC part. Kindly share the screen shot of the issue if occurred.,Closed,2025-06-19 10:25:00.000000000
20770730,INDIAN_OPENCITY_BBMP,General Consumer Services,Potholes,Potholes in Pattabhiram Nagar Field inspection assigned to AE officer.,Registered,2025-06-19 10:24:00.000000000
20770729,INDIAN_OPENCITY_BBMP,Street/Public Electrical Infrastructure,Street Light Not Working,Street Light Not Working in Herohalli Attended,Closed,2025-06-19 10:23:00.000000000
20770727,INDIAN_OPENCITY_BBMP,General Consumer Services,Maintenance of SWD,Maintenance of SWD in Doddanekkundi Forwarded Task,Registered,2025-06-19 10:23:00.000000000
20770725,INDIAN_OPENCITY_BBMP,General Consumer Services,Urination in Public/Open Defecation,Urination in Public/Open Defecation in Kengeri Field inspection assigned to JHI officer.,Registered,2025-06-19 10:23:00.000000000
20770724,INDIAN_OPENCITY_BBMP,General Consumer Services,Stray dog related complaints,Stray dog related complaints in Hoodi No relocation of dogs can be done as per supreme court order,Closed,2025-06-19 10:22:00.000000000
20770722,INDIAN_OPENCITY_BBMP,General Consumer Services,Animal birth control/neutering of stray dogs,Animal birth control/neutering of stray dogs in Vignana Nagar Field inspection assigned to VI officer.,Registered,2025-06-19 10:21:00.000000000
20770721,INDIAN_OPENCITY_BBMP,General Consumer Services,Potholes,Potholes in Shiva Nagar Field inspection assigned to AE officer.,Registered,2025-06-19 10:21:00.000000000
20770718,INDIAN_OPENCITY_BBMP,General Consumer Services,Garbage dump,Garbage dump in Cottonpet Complaint cleard sir,Closed,2025-06-19 10:20:00.000000000
20770717,INDIAN_OPENCITY_BBMP,General Consumer Services,Garbage dump,Garbage dump in S.K.Garden Field inspection assigned to Marshal officer.,Registered,2025-06-19 10:20:00.000000000
20770716,INDIAN_OPENCITY_BBMP,General Consumer Services,Dead animal(s),Dead animal(s) in Horamavu Field inspection assigned to JHI officer.,Registered,2025-06-19 10:20:00.000000000
20770715,INDIAN_OPENCITY_BBMP,General Consumer Services,Fatally injured - Needs immediate attention,Fatally injured - Needs immediate attention in A.Narayanapura Complaint attended,Closed,2025-06-19 10:20:00.000000000
20770714,INDIAN_OPENCITY_BBMP,General Consumer Services,Garbage dump,Garbage dump in Hombegowda Nagar Clear,Closed,2025-06-19 10:19:00.000000000
20770713,INDIAN_OPENCITY_BBMP,General Consumer Services,Khata / Ekhata mutation / transfer,Khata / Ekhata mutation / transfer in Hagadooru Field inspection assigned to ARO officer.,Registered,2025-06-19 10:19:00.000000000
20770712,INDIAN_OPENCITY_BBMP,General Consumer Services,footpath encroachment,footpath encroachment in Siddapura Field inspection assigned to AE officer.,Registered,2025-06-19 10:19:00.000000000
20770711,INDIAN_OPENCITY_BBMP,General Consumer Services,Stray dog related complaints,Stray dog related complaints in Marathalli No relocation of dogs can be done as per supreme court order,Closed,2025-06-19 10:17:00.000000000
20770710,INDIAN_OPENCITY_BBMP,General Consumer Services,Road side drains,Road side drains in Thanisandra Field inspection assigned to AE officer.,Registered,2025-06-19 10:17:00.000000000
20770708,INDIAN_OPENCITY_BBMP,General Consumer Services,Dead animal(s),Dead animal(s) in K.R.Puram Field inspection assigned to JHI officer.,Registered,2025-06-19 10:16:00.000000000
20770707,INDIAN_OPENCITY_BBMP,General Consumer Services,Sweeping not done,Sweeping not done in Benniganahalli Field inspection assigned to JHI officer.,Registered,2025-06-19 10:15:00.000000000
20770705,INDIAN_OPENCITY_BBMP,General Consumer Services,Garbage vehicle not arrived,Garbage vehicle not arrived in Giri Nagar Clear,Closed,2025-06-19 10:13:00.000000000
20770702,INDIAN_OPENCITY_BBMP,General Consumer Services,Garbage vehicle not arrived,Garbage vehicle not arrived in Kengeri Your garbage collecting is third party not handover BBMP,Closed,2025-06-19 10:12:00.000000000
20770699,INDIAN_OPENCITY_BBMP,General Consumer Services,Garbage dumping in vacant sites,Garbage dumping in vacant sites in Thanisandra Cleard,Closed,2025-06-19 10:08:00.000000000
20770698,INDIAN_OPENCITY_BBMP,Street/Public Electrical Infrastructure,Street Light Not Working,Street Light Not Working in Hombegowda Nagar attended,Closed,2025-06-19 10:07:00.000000000
20770697,INDIAN_OPENCITY_BBMP,General Consumer Services,shifting of the street dogs to other places,shifting of the street dogs to other places in Begur Field inspection assigned to VI officer.,Registered,2025-06-19 10:07:00.000000000
20770696,INDIAN_OPENCITY_BBMP,General Consumer Services,Garbage vehicle not arrived,Garbage vehicle not arrived in Ullalu Field inspection assigned to Marshal officer.,Registered,2025-06-19 10:06:00.000000000
20770694,INDIAN_OPENCITY_BBMP,Street/Public Electrical Infrastructure,Street Light Not Working,Street Light Not Working in Vidyaranyapura Resolved,Closed,2025-06-19 10:06:00.000000000
20770693,INDIAN_OPENCITY_BBMP,General Consumer Services,Fatally injured - Needs immediate attention,Fatally injured - Needs immediate attention in Jeevanbhima Nagar Field inspection assigned to VI officer.,Registered,2025-06-19 10:06:00.000000000
20770691,INDIAN_OPENCITY_BBMP,General Consumer Services,Spraying,Spraying in Doddanekkundi Field inspection assigned to SHI officer.,Registered,2025-06-19 10:04:00.000000000
20770687,INDIAN_OPENCITY_BBMP,General Consumer Services,Ekhata missing in online,Ekhata missing in online in Horamavu Calling to applicant Phone not picking pls enclose bbmp katha copy,Closed,2025-06-19 10:00:00.000000000
20770686,INDIAN_OPENCITY_BBMP,General Consumer Services,Garbage vehicle not arrived,Garbage vehicle not arrived in Deepanjali Nagar Field inspection assigned to Marshal officer.,Registered,2025-06-19 09:58:00.000000000
20770685,INDIAN_OPENCITY_BBMP,General Consumer Services,obstructions Branches / Trees.,obstructions Branches / Trees. in Dayananda Nagar Field inspection assigned to DYRFO officer.,Registered,2025-06-19 09:58:00.000000000
20770684,INDIAN_OPENCITY_BBMP,General Consumer Services,ekhata approval pending with ARO,ekhata approval pending with ARO in Hemmigepura Field inspection assigned to ARO officer.,Registered,2025-06-19 09:56:00.000000000
20770683,INDIAN_OPENCITY_BBMP,General Consumer Services,Garbage vehicle not arrived,Garbage vehicle not arrived in Ganeshmandira Ward clear,Closed,2025-06-19 09:56:00.000000000
20770682,INDIAN_OPENCITY_BBMP,General Consumer Services,Garbage vehicle not arrived,Garbage vehicle not arrived in Jogupalya Clear,Closed,2025-06-19 09:55:00.000000000
20770681,INDIAN_OPENCITY_BBMP,General Consumer Services,Garbage vehicle not arrived,Garbage vehicle not arrived in Basavanapura Clear,Closed,2025-06-19 09:54:00.000000000
20770680,INDIAN_OPENCITY_BBMP,General Consumer Services,Garbage vehicle not arrived,Garbage vehicle not arrived in Hemmigepura Complaint clear,Closed,2025-06-19 09:53:00.000000000
20770679,INDIAN_OPENCITY_BBMP,General Consumer Services,Garbage vehicle not arrived,Garbage vehicle not arrived in Padmanabha Nagar Clear,Closed,2025-06-19 09:52:00.000000000
20770678,INDIAN_OPENCITY_BBMP,General Consumer Services,Construction not done as per approved plan (Building Bye Law Violations),Construction not done as per approved plan (Building Bye Law Violations) in Ullalu Field inspection assigned to ADTP officer.,Registered,2025-06-19 09:52:00.000000000
20770677,INDIAN_OPENCITY_BBMP,General Consumer Services,Garbage dump,Garbage dump in Kuvempu Nagar Field inspection assigned to Marshal officer.,In Progress,2025-06-19 09:52:00.000000000
20770676,INDIAN_OPENCITY_BBMP,Street/Public Electrical Infrastructure,Street Light Not Working,Street Light Not Working in Uttarahalli Atteded,Closed,2025-06-19 09:51:00.000000000
20770675,INDIAN_OPENCITY_BBMP,General Consumer Services,Sweeping not done,Sweeping not done in Bilekahalli Field inspection assigned to JHI officer.,Registered,2025-06-19 09:50:00.000000000
20770674,INDIAN_OPENCITY_BBMP,General Consumer Services,Garbage vehicle not arrived,Garbage vehicle not arrived in Someshwara This Complaint is Clear,Closed,2025-06-19 09:48:00.000000000
20770673,INDIAN_OPENCITY_BBMP,General Consumer Services,Garbage vehicle not arrived,Garbage vehicle not arrived in Rajarajeshwari Nagar Field inspection assigned to Marshal officer.,Registered,2025-06-19 09:48:00.000000000
20770672,INDIAN_OPENCITY_BBMP,General Consumer Services,Garbage dump,Garbage dump in Shanthi Nagar Clear,Closed,2025-06-19 09:47:00.000000000
20770671,INDIAN_OPENCITY_BBMP,General Consumer Services,Garbage vehicle not arrived,Garbage vehicle not arrived in Konanakunte Clear,Closed,2025-06-19 09:47:00.000000000
20770669,INDIAN_OPENCITY_BBMP,General Consumer Services,Sweeping not done,Sweeping not done in Bagalagunte Field inspection assigned to JHI officer.,Registered,2025-06-19 09:46:00.000000000
20770668,INDIAN_OPENCITY_BBMP,General Consumer Services,Garbage dump,Garbage dump in Vishwanathnagenahalli Field inspection assigned to Marshal officer.,Registered,2025-06-19 09:46:00.000000000
20770667,INDIAN_OPENCITY_BBMP,General Consumer Services,Ekhata - name correction,Ekhata - name correction in Hagadooru Field inspection assigned to ARO officer.,Registered,2025-06-19 09:45:00.000000000
20770664,INDIAN_OPENCITY_BBMP,General Consumer Services,Fatally injured - Needs immediate attention,Fatally injured - Needs immediate attention in Shanthi Nagar Field inspection assigned to VI officer.,In Progress,2025-06-19 09:44:00.000000000
20770663,INDIAN_OPENCITY_BBMP,General Consumer Services,Other Khata / ekhata issues,"Other Khata / ekhata issues in Begur New khata Temporary epid number : 2152467807 D.O.A : 28/02/2025 Citizen applied for new khata ,but still it is pending with RO. And spot inspection also has not been done . Citizen wants to know the reason for delay in the process",ReOpen,2025-06-19 09:44:00.000000000
20770661,INDIAN_OPENCITY_BBMP,General Consumer Services,Stray dog related complaints,Stray dog related complaints in Horamavu No relocation of dogs can be done as per supreme court order,Closed,2025-06-19 09:43:00.000000000
20770659,INDIAN_OPENCITY_BBMP,General Consumer Services,Animal Rescue - Not well - Requires attention,Animal Rescue - Not well - Requires attention in Hoodi Field inspection assigned to VI officer.,Registered,2025-06-19 09:39:00.000000000
20770658,INDIAN_OPENCITY_BBMP,General Consumer Services,Garbage vehicle not arrived,Garbage vehicle not arrived in Vasanthapura Cleared,Closed,2025-06-19 09:39:00.000000000
20770656,INDIAN_OPENCITY_BBMP,General Consumer Services,Others,Others in Hegganahalli Field inspection assigned to Customer Support Representative officer.,Registered,2025-06-19 09:38:00.000000000
20770655,INDIAN_OPENCITY_BBMP,General Consumer Services,Garbage dump,Garbage dump in Kengeri Field inspection assigned to Marshal officer.,Registered,2025-06-19 09:37:00.000000000
20770653,INDIAN_OPENCITY_BBMP,General Consumer Services,obstructions Branches / Trees.,obstructions Branches / Trees. in Jnanabharathi Ward Field inspection assigned to DYRFO officer.,Registered,2025-06-19 09:36:00.000000000
20770651,INDIAN_OPENCITY_BBMP,General Consumer Services,Debris Removal / Construction Material,Debris Removal / Construction Material in Hegganahalli Field inspection assigned to AE officer.,Registered,2025-06-19 09:36:00.000000000
20770649,INDIAN_OPENCITY_BBMP,General Consumer Services,obstructions Branches / Trees.,obstructions Branches / Trees. in Kengeri Field inspection assigned to DYRFO officer.,Registered,2025-06-19 09:35:00.000000000
20770648,INDIAN_OPENCITY_BBMP,General Consumer Services,Maintenance of SWD,Maintenance of SWD in Banaswadi Field inspection assigned to AE officer.,Registered,2025-06-19 09:34:00.000000000
20770646,INDIAN_OPENCITY_BBMP,General Consumer Services,Garbage vehicle not arrived,Garbage vehicle not arrived in Kadugondanahalli Field inspection assigned to Marshal officer.,In Progress,2025-06-19 09:33:00.000000000
20770644,INDIAN_OPENCITY_BBMP,Street/Public Electrical Infrastructure,Street Light Not Working,Street Light Not Working in Koramangala attended,Closed,2025-06-19 09:30:00.000000000
20770641,INDIAN_OPENCITY_BBMP,General Consumer Services,Dog bite pet dog,Dog bite pet dog in Begur Field inspection assigned to VI officer.,Registered,2025-06-19 09:28:00.000000000
20770640,INDIAN_OPENCITY_BBMP,General Consumer Services,Garbage vehicle not arrived,Garbage vehicle not arrived in Vasanthapura Forwarded Task,Registered,2025-06-19 09:26:00.000000000
20770639,INDIAN_OPENCITY_BBMP,General Consumer Services,Construction not done as per approved plan (Building Bye Law Violations),Construction not done as per approved plan (Building Bye Law Violations) in Varthur Field inspection assigned to ADTP officer.,Registered,2025-06-19 09:25:00.000000000
20770638,INDIAN_OPENCITY_BBMP,General Consumer Services,Others,Others in HBR Layout Field inspection assigned to Customer Support Representative officer.,Registered,2025-06-19 09:25:00.000000000
20770637,INDIAN_OPENCITY_BBMP,General Consumer Services,Road side drains,Road side drains in HSR Layout Field inspection assigned to AE officer.,Registered,2025-06-19 09:22:00.000000000
20770636,INDIAN_OPENCITY_BBMP,General Consumer Services,shifting of the street dogs to other places,shifting of the street dogs to other places in Thanisandra Field inspection assigned to VI officer.,Registered,2025-06-19 09:22:00.000000000
20770635,INDIAN_OPENCITY_BBMP,General Consumer Services,Garbage dump,Garbage dump in Vijay Nagar Forwarded Task,Registered,2025-06-19 09:21:00.000000000
20770634,INDIAN_OPENCITY_BBMP,General Consumer Services,Road Infrastructure,Road Infrastructure in Bellandur Forwarded Task,Registered,2025-06-19 09:20:00.000000000
20770633,INDIAN_OPENCITY_BBMP,General Consumer Services,Sewerage water left in SWD,Sewerage water left in SWD in Arakere Field inspection assigned to AE officer.,Registered,2025-06-19 09:19:00.000000000
20770632,INDIAN_OPENCITY_BBMP,General Consumer Services,Garbage dump,Garbage dump in Doddanekkundi Cleared,Closed,2025-06-19 09:19:00.000000000
20770631,INDIAN_OPENCITY_BBMP,General Consumer Services,Garbage dump,Garbage dump in Dr.Rajkumar Ward Clearad,Closed,2025-06-19 09:15:00.000000000
20770629,INDIAN_OPENCITY_BBMP,General Consumer Services,"Khata Services (Registration, Transfer, Bifurcation and Amalgamation)","Khata Services (Registration, Transfer, Bifurcation and Amalgamation) in Vidyaranyapura PHONE NO UPDATED IN THE TAX PAID RECEIPT",Closed,2025-06-19 09:13:00.000000000
20770628,INDIAN_OPENCITY_BBMP,General Consumer Services,Garbage vehicle not arrived,Garbage vehicle not arrived in Varthur Clear,Closed,2025-06-19 09:13:00.000000000
20770627,INDIAN_OPENCITY_BBMP,General Consumer Services,Potholes,Potholes in Rajarajeshwari Nagar Field inspection assigned to AE officer.,Registered,2025-06-19 09:12:00.000000000
20770626,INDIAN_OPENCITY_BBMP,Street/Public Electrical Infrastructure,Street Light Not Working,Street Light Not Working in Singasandra Atteded,Closed,2025-06-19 09:12:00.000000000
20770625,INDIAN_OPENCITY_BBMP,General Consumer Services,shifting of the street dogs to other places,shifting of the street dogs to other places in HBR Layout Field inspection assigned to VI officer.,Registered,2025-06-19 09:12:00.000000000
20770623,INDIAN_OPENCITY_BBMP,General Consumer Services,Construction not done as per approved plan (Building Bye Law Violations),Construction not done as per approved plan (Building Bye Law Violations) in Chikkalasandra Field inspection assigned to ADTP officer.,Registered,2025-06-19 09:09:00.000000000
20770622,INDIAN_OPENCITY_BBMP,General Consumer Services,Garbage dump,Garbage dump in Kottigepalya Cleared,Closed,2025-06-19 09:09:00.000000000
20770621,INDIAN_OPENCITY_BBMP,General Consumer Services,Complaint against SW collector/ SWM official for violation of SWM Rules,Complaint against SW collector/ SWM official for violation of SWM Rules in Padmanabha Nagar Forwarded Task,Registered,2025-06-19 09:08:00.000000000
20770619,INDIAN_OPENCITY_BBMP,General Consumer Services,Issues Related to Parks/Medians/Circles/Island.,Issues Related to Parks/Medians/Circles/Island. in Hagadooru Field inspection assigned to HS officer.,Registered,2025-06-19 09:08:00.000000000
20770617,INDIAN_OPENCITY_BBMP,General Consumer Services,Garbage vehicle not arrived,Garbage vehicle not arrived in Kempegowda Ward Resolved,Closed,2025-06-19 09:06:00.000000000
20770615,INDIAN_OPENCITY_BBMP,General Consumer Services,Garbage dump,Garbage dump in Sanjay Nagar Field inspection assigned to Marshal officer.,Registered,2025-06-19 09:06:00.000000000
20770614,INDIAN_OPENCITY_BBMP,General Consumer Services,Garbage dump,Garbage dump in Bellandur Cleard,Closed,2025-06-19 09:04:00.000000000
20770613,INDIAN_OPENCITY_BBMP,General Consumer Services,Garbage vehicle not arrived,Garbage vehicle not arrived in Jakkur Cleard,Closed,2025-06-19 09:03:00.000000000
20770612,INDIAN_OPENCITY_BBMP,General Consumer Services,Increase in mosquito density,Increase in mosquito density in Gottigere Field inspection assigned to SHI officer.,In Progress,2025-06-19 09:02:00.000000000
20770611,INDIAN_OPENCITY_BBMP,General Consumer Services,Garbage dump,Garbage dump in Hagadooru Clear,Closed,2025-06-19 09:02:00.000000000
20770610,INDIAN_OPENCITY_BBMP,General Consumer Services,Encroachment,Encroachment in Arakere Field inspection assigned to ARO officer.,Registered,2025-06-19 09:01:00.000000000
20770608,INDIAN_OPENCITY_BBMP,General Consumer Services,obstructions Branches / Trees.,obstructions Branches / Trees. in Shettyhalli please give an request letter to bbmp forest department office in bagalagunte Bangalore,Closed,2025-06-19 09:01:00.000000000
20770607,INDIAN_OPENCITY_BBMP,General Consumer Services,Garbage vehicle not arrived,Garbage vehicle not arrived in Kottigepalya Cleared,Closed,2025-06-19 09:00:00.000000000
20770606,INDIAN_OPENCITY_BBMP,General Consumer Services,Sweeping not done,Sweeping not done in Konena Agrahara Field inspection assigned to JHI officer.,Registered,2025-06-19 09:00:00.000000000
20770605,INDIAN_OPENCITY_BBMP,General Consumer Services,Dead animal(s),Dead animal(s) in Mangammanapalya Complete attend,Closed,2025-06-19 08:58:00.000000000
20770604,INDIAN_OPENCITY_BBMP,Street/Public Electrical Infrastructure,Street Light Not Working,Street Light Not Working in Jayangar attended,Closed,2025-06-19 08:57:00.000000000
20770603,INDIAN_OPENCITY_BBMP,General Consumer Services,Sweeping not done,Sweeping not done in Vasanth Nagar Complete clear,Closed,2025-06-19 08:56:00.000000000
20770600,INDIAN_OPENCITY_BBMP,General Consumer Services,Garbage dump,Garbage dump in Giri Nagar Clear,Closed,2025-06-19 08:54:00.000000000
20770599,INDIAN_OPENCITY_BBMP,General Consumer Services,Garbage dump,Garbage dump in Kottigepalya Closed,Closed,2025-06-19 08:54:00.000000000
20770598,INDIAN_OPENCITY_BBMP,General Consumer Services,Debris Removal / Construction Material,Debris Removal / Construction Material in K.R.Puram Field inspection assigned to AE officer.,Registered,2025-06-19 08:52:00.000000000
20770597,INDIAN_OPENCITY_BBMP,General Consumer Services,UnAuthorised Constructions,UnAuthorised Constructions in BTM Layout Forwarded Task,Registered,2025-06-19 08:52:00.000000000
20770594,INDIAN_OPENCITY_BBMP,General Consumer Services,obstructions Branches / Trees.,obstructions Branches / Trees. in Shettyhalli please upload a picture of the tree,Closed,2025-06-19 08:48:00.000000000
20770591,INDIAN_OPENCITY_BBMP,General Consumer Services,Garbage nuisance while transporting,Garbage nuisance while transporting in Hemmigepura Complaint clear,Closed,2025-06-19 08:47:00.000000000
20770589,INDIAN_OPENCITY_BBMP,General Consumer Services,obstructions Branches / Trees.,obstructions Branches / Trees. in Pattabhiram Nagar Field inspection assigned to DYRFO officer.,Registered,2025-06-19 08:46:00.000000000
20770587,INDIAN_OPENCITY_BBMP,General Consumer Services,Garbage vehicle not arrived,Garbage vehicle not arrived in Hagadooru Cleared,Closed,2025-06-19 08:45:00.000000000
20770586,INDIAN_OPENCITY_BBMP,General Consumer Services,Garbage vehicle not arrived,Garbage vehicle not arrived in Kavalbyrasandra Resolved,Closed,2025-06-19 08:45:00.000000000
20770585,INDIAN_OPENCITY_BBMP,General Consumer Services,Potholes,Potholes in Vignana Nagar Field inspection assigned to JE officer.,Registered,2025-06-19 08:45:00.000000000
20770584,INDIAN_OPENCITY_BBMP,General Consumer Services,Road side drains,Road side drains in Hegganahalli Field inspection assigned to AE officer.,Registered,2025-06-19 08:44:00.000000000
20770581,INDIAN_OPENCITY_BBMP,General Consumer Services,Garbage dump,Garbage dump in Herohalli Burning garbage has stopped sir,Closed,2025-06-19 08:42:00.000000000
20770580,INDIAN_OPENCITY_BBMP,General Consumer Services,Potholes,Potholes in Begur Field inspection assigned to AE officer.,Registered,2025-06-19 08:41:00.000000000
20770579,INDIAN_OPENCITY_BBMP,General Consumer Services,Stray dog related complaints,"Stray dog related complaints in Konanakunte As per central government order, dogs cannot be relocated",Closed,2025-06-19 08:41:00.000000000
20770577,INDIAN_OPENCITY_BBMP,Street/Public Electrical Infrastructure,Street Light Not Working,Street Light Not Working in Jakkasandra Field inspection assigned to JE officer.,In Progress,2025-06-19 08:38:00.000000000
20770576,INDIAN_OPENCITY_BBMP,General Consumer Services,Garbage dump,Garbage dump in Visvesvarapuram Clear,Closed,2025-06-19 08:37:00.000000000
20770575,INDIAN_OPENCITY_BBMP,General Consumer Services,Animal birth control/neutering of stray dogs,Animal birth control/neutering of stray dogs in Jakkur Field inspection assigned to VI officer.,Registered,2025-06-19 08:35:00.000000000
20770574,INDIAN_OPENCITY_BBMP,General Consumer Services,Garbage dump,Garbage dump in Banaswadi Clared,Closed,2025-06-19 08:34:00.000000000
20770571,INDIAN_OPENCITY_BBMP,General Consumer Services,Garbage dump,Garbage dump in Hagadooru Cleared,Closed,2025-06-19 08:33:00.000000000
20770569,INDIAN_OPENCITY_BBMP,General Consumer Services,Potholes,Potholes in Horamavu Field inspection assigned to AE officer.,Registered,2025-06-19 08:32:00.000000000
20770565,INDIAN_OPENCITY_BBMP,General Consumer Services,Garbage dump,Garbage dump in Puttenahalli Garbage cleared,Closed,2025-06-19 08:26:00.000000000
20770564,INDIAN_OPENCITY_BBMP,Street/Public Electrical Infrastructure,Street Lights Switched On During Day Time,Street Lights Switched On During Day Time in Hosahalli attended,Closed,2025-06-19 08:24:00.000000000
20770562,INDIAN_OPENCITY_BBMP,General Consumer Services,water stagnation,water stagnation in C.V.Raman Nagar Field inspection assigned to AE officer.,Registered,2025-06-19 08:20:00.000000000
20770561,INDIAN_OPENCITY_BBMP,General Consumer Services,Garbage dump,Garbage dump in Hagadooru Beautification done sir.,Closed,2025-06-19 08:20:00.000000000
20770559,INDIAN_OPENCITY_BBMP,General Consumer Services,Dead animal(s),Dead animal(s) in Doddanekkundi Field inspection assigned to JHI officer.,Registered,2025-06-19 08:18:00.000000000
20770558,INDIAN_OPENCITY_BBMP,General Consumer Services,Garbage dump,Garbage dump in Agrahara Dasarahalli Field inspection assigned to Marshal officer.,Registered,2025-06-19 08:16:00.000000000
20770557,INDIAN_OPENCITY_BBMP,General Consumer Services,Stray/Rabid dog bite,Stray/Rabid dog bite in Jakkur Field inspection assigned to VI officer.,Registered,2025-06-19 08:15:00.000000000
20770556,INDIAN_OPENCITY_BBMP,General Consumer Services,Others,Others in Garudacharpalya Field inspection assigned to Customer Support Representative officer.,Registered,2025-06-19 08:13:00.000000000
20770554,INDIAN_OPENCITY_BBMP,General Consumer Services,Garbage dump,Garbage dump in Vidyapeetha Clear,Closed,2025-06-19 08:10:00.000000000
20770551,INDIAN_OPENCITY_BBMP,General Consumer Services,Garbage dump,Garbage dump in H.M.T Compliant clear yesterday,Closed,2025-06-19 08:08:00.000000000
20770550,INDIAN_OPENCITY_BBMP,General Consumer Services,Debris Removal / Construction Material,Debris Removal / Construction Material in Lakkasandra Field inspection assigned to AE officer.,Registered,2025-06-19 08:04:00.000000000
20770549,INDIAN_OPENCITY_BBMP,General Consumer Services,Dead animal(s),Dead animal(s) in Kodigehalli Field inspection assigned to JHI officer.,Registered,2025-06-19 08:03:00.000000000
20770548,INDIAN_OPENCITY_BBMP,General Consumer Services,Garbage dump,Garbage dump in Jnanabharathi Ward It is not cleaned,ReOpen,2025-06-19 08:03:00.000000000
20770547,INDIAN_OPENCITY_BBMP,General Consumer Services,Garbage dump,Garbage dump in Padmanabha Nagar Clear,Closed,2025-06-19 08:03:00.000000000
20770546,INDIAN_OPENCITY_BBMP,General Consumer Services,Garbage vehicle not arrived,Garbage vehicle not arrived in C.V.Raman Nagar Forwarded Task,Registered,2025-06-19 08:03:00.000000000
20770545,INDIAN_OPENCITY_BBMP,General Consumer Services,Garbage vehicle not arrived,Garbage vehicle not arrived in HBR Layout Cleared,Closed,2025-06-19 08:02:00.000000000
20770543,INDIAN_OPENCITY_BBMP,Street/Public Electrical Infrastructure,Street Lights Switched On During Day Time,Street Lights Switched On During Day Time in Rajarajeshwari Nagar Attended,Closed,2025-06-19 07:57:00.000000000
20770542,INDIAN_OPENCITY_BBMP,General Consumer Services,Garbage dump,Garbage dump in Banaswadi Cleared,Closed,2025-06-19 07:56:00.000000000
20770540,INDIAN_OPENCITY_BBMP,General Consumer Services,Removal of dead/fallen trees,Removal of dead/fallen trees in Banaswadi Forwarded Task,Registered,2025-06-19 07:54:00.000000000
20770539,INDIAN_OPENCITY_BBMP,General Consumer Services,Garbage dump,Garbage dump in Garudacharpalya Clear,Closed,2025-06-19 07:53:00.000000000
20770538,INDIAN_OPENCITY_BBMP,General Consumer Services,Garbage dump,Garbage dump in Hemmigepura Forwarded Task,Registered,2025-06-19 07:52:00.000000000
20770536,INDIAN_OPENCITY_BBMP,General Consumer Services,Road side drains,Road side drains in Doddanekkundi Field inspection assigned to AE officer.,Registered,2025-06-19 07:52:00.000000000
20770535,INDIAN_OPENCITY_BBMP,General Consumer Services,UnAuthorised Building Constructions,UnAuthorised Building Constructions in T-Dasarahalli Field inspection assigned to ADTP officer.,Registered,2025-06-19 07:51:00.000000000
20770531,INDIAN_OPENCITY_BBMP,General Consumer Services,Garbage dump,Garbage dump in Kacharakanahalli Complete resolved,Closed,2025-06-19 07:48:00.000000000
20770530,INDIAN_OPENCITY_BBMP,General Consumer Services,Garbage dump,Garbage dump in Subhash Nagar Clear,Closed,2025-06-19 07:46:00.000000000
20770529,INDIAN_OPENCITY_BBMP,General Consumer Services,Sweeping not done,Sweeping not done in K.R.Puram Field inspection assigned to JHI officer.,Registered,2025-06-19 07:45:00.000000000
20770527,INDIAN_OPENCITY_BBMP,General Consumer Services,obstructions Branches / Trees.,obstructions Branches / Trees. in Hampi Nagar Field inspection assigned to DYRFO officer.,Registered,2025-06-19 07:43:00.000000000
20770526,INDIAN_OPENCITY_BBMP,General Consumer Services,Garbage dump,Garbage dump in Banashankari Temple Ward Forwarded Task,Registered,2025-06-19 07:43:00.000000000
20770525,INDIAN_OPENCITY_BBMP,General Consumer Services,Burning of Garbage in Open Space,Burning of Garbage in Open Space in Horamavu Clear sir,Closed,2025-06-19 07:43:00.000000000
20770524,INDIAN_OPENCITY_BBMP,Street/Public Electrical Infrastructure,Street Light Not Working,Street Light Not Working in Ullalu Attended,Closed,2025-06-19 07:42:00.000000000
20770523,INDIAN_OPENCITY_BBMP,General Consumer Services,Potholes,Potholes in Ramamurthy Nagar Field inspection assigned to AE officer.,Registered,2025-06-19 07:41:00.000000000
20770522,INDIAN_OPENCITY_BBMP,General Consumer Services,Debris Removal / Construction Material,Debris Removal / Construction Material in Byrasandra Field inspection assigned to AE officer.,Registered,2025-06-19 07:40:00.000000000
20770521,INDIAN_OPENCITY_BBMP,General Consumer Services,Road Infrastructure,Road Infrastructure in Byrasandra Field inspection assigned to AE officer.,Registered,2025-06-19 07:39:00.000000000
20770520,INDIAN_OPENCITY_BBMP,General Consumer Services,Garbage dump,Garbage dump in Maruthi Mandira Ward Cleared,Closed,2025-06-19 07:36:00.000000000
20770518,INDIAN_OPENCITY_BBMP,General Consumer Services,Issues Related to Parks/Medians/Circles/Island.,Issues Related to Parks/Medians/Circles/Island. in Byrasandra Field inspection assigned to HS officer.,Registered,2025-06-19 07:36:00.000000000
20770516,INDIAN_OPENCITY_BBMP,General Consumer Services,Garbage dump,Garbage dump in Varthur This belongs to engineering department,Closed,2025-06-19 07:33:00.000000000
20770515,INDIAN_OPENCITY_BBMP,General Consumer Services,Garbage thrown in storm water drain,Garbage thrown in storm water drain in Hagadooru Field inspection assigned to AE officer.,Registered,2025-06-19 07:33:00.000000000
20770514,INDIAN_OPENCITY_BBMP,General Consumer Services,Garbage dump,Garbage dump in Kempegowda Ward Forwarded Task,Registered,2025-06-19 07:33:00.000000000
20770510,INDIAN_OPENCITY_BBMP,General Consumer Services,Garbage dump,Garbage dump in Hemmigepura Complaint clear,Closed,2025-06-19 07:28:00.000000000
20770508,INDIAN_OPENCITY_BBMP,General Consumer Services,Issues Related to Parks/Medians/Circles/Island.,Issues Related to Parks/Medians/Circles/Island. in Jnanabharathi Ward Field inspection assigned to HS officer.,Registered,2025-06-19 07:27:00.000000000
20770507,INDIAN_OPENCITY_BBMP,General Consumer Services,Fatally injured - Needs immediate attention,Fatally injured - Needs immediate attention in Uttarahalli Contact 1962 (counseling),Closed,2025-06-19 07:25:00.000000000
20770505,INDIAN_OPENCITY_BBMP,General Consumer Services,Garbage dumping in vacant sites,Garbage dumping in vacant sites in Horamavu Clear sir,Closed,2025-06-19 07:21:00.000000000
20770504,INDIAN_OPENCITY_BBMP,General Consumer Services,Stray dog related complaints,Stray dog related complaints in Anjanapur Field inspection assigned to VI officer.,Registered,2025-06-19 07:20:00.000000000
20770503,INDIAN_OPENCITY_BBMP,General Consumer Services,Debris Removal / Construction Material,Debris Removal / Construction Material in Puttenahalli Field inspection assigned to AE officer.,Registered,2025-06-19 07:19:00.000000000
20770502,INDIAN_OPENCITY_BBMP,General Consumer Services,Increase in mosquito density,Increase in mosquito density in Anjanapur Field inspection assigned to SHI officer.,In Progress,2025-06-19 07:19:00.000000000
20770501,INDIAN_OPENCITY_BBMP,General Consumer Services,Removal of dead/fallen trees,Removal of dead/fallen trees in Varthur Field inspection assigned to DYRFO officer.,Registered,2025-06-19 07:19:00.000000000
20770500,INDIAN_OPENCITY_BBMP,General Consumer Services,Dead animal(s),Dead animal(s) in Radhakrishna Temple Forwarded Task,Registered,2025-06-19 07:18:00.000000000
20770499,INDIAN_OPENCITY_BBMP,General Consumer Services,Garbage dump,Garbage dump in Kempegowda Ward Field inspection assigned to Marshal officer.,Registered,2025-06-19 07:18:00.000000000
20770498,INDIAN_OPENCITY_BBMP,General Consumer Services,Sweeping not done,Sweeping not done in Anjanapur Field inspection assigned to JHI officer.,Registered,2025-06-19 07:17:00.000000000
20770497,INDIAN_OPENCITY_BBMP,General Consumer Services,Animal birth control/neutering of stray dogs,Animal birth control/neutering of stray dogs in Anjanapur Field inspection assigned to VI officer.,Registered,2025-06-19 07:16:00.000000000
20770496,INDIAN_OPENCITY_BBMP,General Consumer Services,Dead animal(s),Dead animal(s) in Banaswadi Field inspection assigned to JHI officer.,Registered,2025-06-19 07:16:00.000000000
20770495,INDIAN_OPENCITY_BBMP,General Consumer Services,Garbage dump,Garbage dump in Byrasandra Daily Garbeg clear,Closed,2025-06-19 07:14:00.000000000
20770494,INDIAN_OPENCITY_BBMP,General Consumer Services,Garbage dump,Garbage dump in Kempegowda Ward Resolved,Closed,2025-06-19 07:12:00.000000000
20770492,INDIAN_OPENCITY_BBMP,General Consumer Services,Garbage dump,Garbage dump in Konena Agrahara Cleared thank you,Closed,2025-06-19 07:06:00.000000000
20770491,INDIAN_OPENCITY_BBMP,Street/Public Electrical Infrastructure,Requirement For New Street Lights,Requirement For New Street Lights in Hoodi Field inspection assigned to AE officer.,Registered,2025-06-19 07:05:00.000000000
20770490,INDIAN_OPENCITY_BBMP,General Consumer Services,Removal of dead/fallen trees,Removal of dead/fallen trees in Benniganahalli Forwarded Task,Registered,2025-06-19 07:04:00.000000000
20770488,INDIAN_OPENCITY_BBMP,General Consumer Services,Garbage dumping in vacant sites,Garbage dumping in vacant sites in A.Narayanapura Field inspection assigned to Marshal officer.,Registered,2025-06-19 06:59:00.000000000
20770486,INDIAN_OPENCITY_BBMP,General Consumer Services,Garbage dump,Garbage dump in Dharmarayaswamy Temple Ward Clear,Closed,2025-06-19 06:55:00.000000000
20770485,INDIAN_OPENCITY_BBMP,General Consumer Services,Potholes,Potholes in Kengeri Field inspection assigned to AE officer.,Registered,2025-06-19 06:53:00.000000000
20770484,INDIAN_OPENCITY_BBMP,General Consumer Services,Garbage dump,Garbage dump in Shanthala Nagar Clear,Closed,2025-06-19 06:46:00.000000000
20770483,INDIAN_OPENCITY_BBMP,General Consumer Services,footpath encroachment,footpath encroachment in Kavalbyrasandra Field inspection assigned to AE officer.,Registered,2025-06-19 06:40:00.000000000
20770482,INDIAN_OPENCITY_BBMP,General Consumer Services,water leakage on road,water leakage on road in Giri Nagar Field inspection assigned to AE officer.,Registered,2025-06-19 06:39:00.000000000
20770480,INDIAN_OPENCITY_BBMP,General Consumer Services,Garbage dump,Garbage dump in Vasanth Nagar Night time public throwing garbage,Closed,2025-06-19 06:30:00.000000000
20770479,INDIAN_OPENCITY_BBMP,General Consumer Services,Garbage dump,Garbage dump in Nandini Layout Clear,Closed,2025-06-19 06:24:00.000000000
20770477,INDIAN_OPENCITY_BBMP,Street/Public Electrical Infrastructure,Street Light Not Working,Street Light Not Working in Jnanabharathi Ward Attended,Closed,2025-06-19 06:13:00.000000000
20770476,INDIAN_OPENCITY_BBMP,General Consumer Services,Debris Removal / Construction Material,Debris Removal / Construction Material in Padmanabha Nagar Forwarded Task,Registered,2025-06-19 06:13:00.000000000
20770475,INDIAN_OPENCITY_BBMP,General Consumer Services,Public dustbins not cleaned,Public dustbins not cleaned in K.R.Market Field inspection assigned to Marshal officer.,Registered,2025-06-19 06:09:00.000000000
20770473,INDIAN_OPENCITY_BBMP,General Consumer Services,Ekhata in previous owner name,Ekhata in previous owner name in Bommanahalli manual Application Submitted ARO Bommanahalli Office,Closed,2025-06-19 04:26:00.000000000
20770471,INDIAN_OPENCITY_BBMP,Street/Public Electrical Infrastructure,Street Light Not Working,Street Light Not Working in Hosahalli attended,Closed,2025-06-19 02:14:00.000000000
20770468,INDIAN_OPENCITY_BBMP,General Consumer Services,Stray dog related complaints,Stray dog related complaints in Kottigepalya Field inspection assigned to VI officer.,Registered,2025-06-19 01:20:00.000000000
20770467,INDIAN_OPENCITY_BBMP,General Consumer Services,Road Infrastructure,Road Infrastructure in Begur Field inspection assigned to AE officer.,Registered,2025-06-19 01:20:00.000000000
20770466,INDIAN_OPENCITY_BBMP,General Consumer Services,Stray dog related complaints,Stray dog related complaints in Varthur No relocation of dogs can be done as per supreme court order,Closed,2025-06-19 01:08:00.000000000
20770464,INDIAN_OPENCITY_BBMP,General Consumer Services,Stray dog related complaints,Stray dog related complaints in Hagadooru No relocation of dogs can be done as per supreme court order,Closed,2025-06-19 12:48:00.000000000
20770463,INDIAN_OPENCITY_BBMP,General Consumer Services,Garbage dump,Garbage dump in Yelachenahalli Cleared,Closed,2025-06-19 12:44:00.000000000
20770460,INDIAN_OPENCITY_BBMP,General Consumer Services,Footpath,Footpath in Chikkalasandra Field inspection assigned to AE officer.,Registered,2025-06-19 12:12:00.000000000
20770459,INDIAN_OPENCITY_BBMP,General Consumer Services,water stagnation,water stagnation in Bellandur Field inspection assigned to AE officer.,Registered,2025-06-19 12:11:00.000000000
20770458,INDIAN_OPENCITY_BBMP,General Consumer Services,Garbage dump,Garbage dump in Yelachenahalli Clear,Closed,2025-06-19 12:10:00.000000000
20770457,INDIAN_OPENCITY_BBMP,General Consumer Services,Road Infrastructure,Road Infrastructure in Bellandur Field inspection assigned to AE officer.,Registered,2025-06-18 12:05:00.000000000
20770455,INDIAN_OPENCITY_BBMP,General Consumer Services,water stagnation,water stagnation in Doddanekkundi Field inspection assigned to AE officer.,Registered,2025-06-18 11:59:00.000000000
20770454,INDIAN_OPENCITY_BBMP,General Consumer Services,Animal Death Need to file FIR,Animal Death Need to file FIR in K.R.Puram Call to health inspector they dispose the body,Closed,2025-06-18 11:58:00.000000000
20770453,INDIAN_OPENCITY_BBMP,General Consumer Services,Road Infrastructure,Road Infrastructure in Sampangiram Nagar Field inspection assigned to AE officer.,Registered,2025-06-18 11:55:00.000000000
20770452,INDIAN_OPENCITY_BBMP,General Consumer Services,Potholes,Potholes in Gottigere Field inspection assigned to AE officer.,Registered,2025-06-18 11:52:00.000000000
20770451,INDIAN_OPENCITY_BBMP,General Consumer Services,Footpath,Footpath in A.Narayanapura Field inspection assigned to AE officer.,Registered,2025-06-18 11:49:00.000000000
20770450,INDIAN_OPENCITY_BBMP,Street/Public Electrical Infrastructure,Street Light Not Working,Street Light Not Working in Anjanapur This Complaint belongs to south zone,Closed,2025-06-18 11:41:00.000000000
20770449,INDIAN_OPENCITY_BBMP,General Consumer Services,Animal Cruelty/Relocated,Animal Cruelty/Relocated in K.R.Puram Field inspection assigned to VI officer.,Registered,2025-06-18 11:39:00.000000000
20770448,INDIAN_OPENCITY_BBMP,General Consumer Services,Stray dog related complaints,Stray dog related complaints in T-Dasarahalli attended,Closed,2025-06-18 11:38:00.000000000
20770447,INDIAN_OPENCITY_BBMP,General Consumer Services,Unhygienic premises in Hotel etc,Unhygienic premises in Hotel etc in Hongasandra Field inspection assigned to SHI officer.,In Progress,2025-06-18 11:37:00.000000000
20770446,INDIAN_OPENCITY_BBMP,Street/Public Electrical Infrastructure,Street Light Not Working,Street Light Not Working in Sudduguntepalya Field inspection assigned to JE officer.,In Progress,2025-06-18 11:37:00.000000000
20770445,INDIAN_OPENCITY_BBMP,Street/Public Electrical Infrastructure,Street Light Not Working,Street Light Not Working in Hampi Nagar attended,Closed,2025-06-18 11:35:00.000000000
20770444,INDIAN_OPENCITY_BBMP,General Consumer Services,Garbage dump,Garbage dump in HSR Layout this complaint is clear sir,Closed,2025-06-18 11:33:00.000000000
20770442,INDIAN_OPENCITY_BBMP,General Consumer Services,Garbage nuisance while transporting,Garbage nuisance while transporting in Mathikere Clear,Closed,2025-06-18 11:31:00.000000000
20770441,INDIAN_OPENCITY_BBMP,General Consumer Services,Stray dog related complaints,Stray dog related complaints in K.R.Puram Field inspection assigned to VI officer.,Registered,2025-06-18 11:31:00.000000000
20770440,INDIAN_OPENCITY_BBMP,General Consumer Services,Unhygienic premises in Hotel etc,Unhygienic premises in Hotel etc in Hongasandra 2 complaint,Closed,2025-06-18 11:24:00.000000000
20770439,INDIAN_OPENCITY_BBMP,General Consumer Services,Public toilet(s) cleaning,Public toilet(s) cleaning in Gandhi Nagar Field inspection assigned to JHI officer.,Registered,2025-06-18 11:22:00.000000000
20770438,INDIAN_OPENCITY_BBMP,General Consumer Services,footpath encroachment,footpath encroachment in Mathikere Field inspection assigned to AE officer.,Registered,2025-06-18 11:18:00.000000000
20770436,INDIAN_OPENCITY_BBMP,Street/Public Electrical Infrastructure,Street Light Not Working,Street Light Not Working in Padmanabha Nagar attended,Closed,2025-06-18 11:12:00.000000000
20770435,INDIAN_OPENCITY_BBMP,Street/Public Electrical Infrastructure,Street Light Not Working,Street Light Not Working in Rajaji Nagar Field inspection assigned to JE officer.,Registered,2025-06-18 11:11:00.000000000
20770434,INDIAN_OPENCITY_BBMP,General Consumer Services,Stray dog related complaints,Stray dog related complaints in Jalahalli Field inspection assigned to VI officer.,Registered,2025-06-18 11:10:00.000000000
20770432,INDIAN_OPENCITY_BBMP,General Consumer Services,Garbage transfer not as per norms & area not kept clean,Garbage transfer not as per norms & area not kept clean in HSR Layout this complaint is clear sir,Closed,2025-06-18 11:03:00.000000000
20770430,INDIAN_OPENCITY_BBMP,Street/Public Electrical Infrastructure,Park Lights Not Working,Park Lights Not Working in J.P.Nagar Field inspection assigned to AE officer.,In Progress,2025-06-18 10:58:00.000000000
20770429,INDIAN_OPENCITY_BBMP,General Consumer Services,Garbage vehicle not arrived,Garbage vehicle not arrived in Bagalagunte Clear,Closed,2025-06-18 10:57:00.000000000
20770426,INDIAN_OPENCITY_BBMP,General Consumer Services,water leakage on road,water leakage on road in Arakere Field inspection assigned to AE officer.,Registered,2025-06-18 10:54:00.000000000
20770425,INDIAN_OPENCITY_BBMP,Street/Public Electrical Infrastructure,Street Light Not Working,Street Light Not Working in Someshwara Resolved,Closed,2025-06-18 10:50:00.000000000
20770421,INDIAN_OPENCITY_BBMP,General Consumer Services,Garbage dump,Garbage dump in Kammanahalli Forwarded Task,Registered,2025-06-18 10:39:00.000000000
20770414,INDIAN_OPENCITY_BBMP,General Consumer Services,Garbage vehicle not arrived,Garbage vehicle not arrived in Hanumantha Nagar Clear,Closed,2025-06-18 10:25:00.000000000
20770413,INDIAN_OPENCITY_BBMP,Street/Public Electrical Infrastructure,Street Light Not Working,Street Light Not Working in A.Narayanapura Field inspection assigned to AE officer.,Registered,2025-06-18 10:23:00.000000000
20770411,INDIAN_OPENCITY_BBMP,Street/Public Electrical Infrastructure,Street Light Not Working,Street Light Not Working in Giri Nagar attended,Closed,2025-06-18 10:23:00.000000000
20770409,INDIAN_OPENCITY_BBMP,General Consumer Services,Garbage dump,Garbage dump in Ejipura Clear,Closed,2025-06-18 10:20:00.000000000
20770408,INDIAN_OPENCITY_BBMP,General Consumer Services,Garbage dumping in vacant sites,Garbage dumping in vacant sites in Manorayanapalya Cleared,Closed,2025-06-18 10:20:00.000000000
20770406,INDIAN_OPENCITY_BBMP,Street/Public Electrical Infrastructure,Street Light Not Working,Street Light Not Working in Benniganahalli Resolved,Closed,2025-06-18 10:19:00.000000000
20770405,INDIAN_OPENCITY_BBMP,General Consumer Services,Garbage dump,Garbage dump in Kavalbyrasandra Resolved,Closed,2025-06-18 10:18:00.000000000
20770404,INDIAN_OPENCITY_BBMP,General Consumer Services,shifting of the street dogs to other places,"shifting of the street dogs to other places in Hampi Nagar Spoke to the reporter and explained the legality. Dogs cannot be relocated as per the ABC Rule 2023. For barking, crying, chasing - nothing can be done since it is a natural instinct of a dog. Sterilisation and Immunisation of street dogs will be done by BBMP. Chasing a speedy vehicle for a short distance is normal behaviour of the street dogs. They do this for various reasons. Relocation of these dogs is not permissible under the law. Any attempt by an individual or a group of individuals or RWA to relocate the dogs through any means attracts serious punishment.",Closed,2025-06-18 10:18:00.000000000
20770403,INDIAN_OPENCITY_BBMP,General Consumer Services,Garbage vehicle not arrived,Garbage vehicle not arrived in Jalahalli Garbage Collection done,Closed,2025-06-18 10:18:00.000000000
20770402,INDIAN_OPENCITY_BBMP,General Consumer Services,Others,Others in Banaswadi Field inspection assigned to Customer Support Representative officer.,Registered,2025-06-18 10:16:00.000000000
20770401,INDIAN_OPENCITY_BBMP,General Consumer Services,Garbage dump,Garbage dump in Sampangiram Nagar Clear,Closed,2025-06-18 10:12:00.000000000
20770400,INDIAN_OPENCITY_BBMP,Street/Public Electrical Infrastructure,Street Light Not Working,Street Light Not Working in Madiwala attended,Closed,2025-06-18 10:11:00.000000000
20770399,INDIAN_OPENCITY_BBMP,Street/Public Electrical Infrastructure,Street Light Not Working,Street Light Not Working in Nagavara Field inspection assigned to AE officer.,Registered,2025-06-18 10:10:00.000000000
20770396,INDIAN_OPENCITY_BBMP,General Consumer Services,Removal of dead/fallen trees,Removal of dead/fallen trees in Dodda Bidarkallu Forwarded Task,Registered,2025-06-18 10:09:00.000000000
20770394,INDIAN_OPENCITY_BBMP,General Consumer Services,Garbage dump,Garbage dump in Sanjay Nagar Cleared,Closed,2025-06-18 10:09:00.000000000
20770392,INDIAN_OPENCITY_BBMP,Street/Public Electrical Infrastructure,Street Light Not Working,Street Light Not Working in Jaraganahalli Atteded,Closed,2025-06-18 10:08:00.000000000
20770388,INDIAN_OPENCITY_BBMP,Street/Public Electrical Infrastructure,Street Light Not Working,Street Light Not Working in Marappana Palya Field inspection assigned to AE officer.,Registered,2025-06-18 10:00:00.000000000
20770384,INDIAN_OPENCITY_BBMP,Street/Public Electrical Infrastructure,Street Light Not Working,Street Light Not Working in Chamrajpet Field inspection assigned to JE officer.,Registered,2025-06-18 09:57:00.000000000
20770382,INDIAN_OPENCITY_BBMP,General Consumer Services,Garbage dumping in vacant sites,Garbage dumping in vacant sites in Gangenahalli Clear,Closed,2025-06-18 09:56:00.000000000
20770379,INDIAN_OPENCITY_BBMP,General Consumer Services,Potholes,Potholes in Herohalli Field inspection assigned to AE officer.,Registered,2025-06-18 09:55:00.000000000
20770376,INDIAN_OPENCITY_BBMP,Street/Public Electrical Infrastructure,Street Light Not Working,Street Light Not Working in Banashankari Temple Ward Field inspection assigned to AE officer.,In Progress,2025-06-18 09:52:00.000000000
20770375,INDIAN_OPENCITY_BBMP,Street/Public Electrical Infrastructure,Street Light Not Working,Street Light Not Working in Hongasandra Atteded,Closed,2025-06-18 09:51:00.000000000
20770372,INDIAN_OPENCITY_BBMP,General Consumer Services,water stagnation,water stagnation in Rajarajeshwari Nagar Field inspection assigned to AE officer.,Registered,2025-06-18 09:51:00.000000000
20770370,INDIAN_OPENCITY_BBMP,General Consumer Services,Garbage dump,Garbage dump in Newthippasandra Forwarded Task,Registered,2025-06-18 09:50:00.000000000
20770368,INDIAN_OPENCITY_BBMP,Street/Public Electrical Infrastructure,Street Light Not Working,Street Light Not Working in Anjanapur Atteded,Closed,2025-06-18 09:47:00.000000000
20770367,INDIAN_OPENCITY_BBMP,General Consumer Services,Garbage dumping in vacant sites,Garbage dumping in vacant sites in Pattabhiram Nagar Clear,Closed,2025-06-18 09:45:00.000000000
20770363,INDIAN_OPENCITY_BBMP,General Consumer Services,Road side drains,Road side drains in Shettyhalli Forwarded Task,Registered,2025-06-18 09:37:00.000000000
20770362,INDIAN_OPENCITY_BBMP,General Consumer Services,Garbage dump,Garbage dump in Vidyapeetha This block auto repair Tommorow will be cleard,Closed,2025-06-18 09:37:00.000000000
20770361,INDIAN_OPENCITY_BBMP,General Consumer Services,Animal birth control/neutering of stray dogs,Animal birth control/neutering of stray dogs in Varthur Field inspection assigned to VI officer.,Registered,2025-06-18 09:37:00.000000000
20770360,INDIAN_OPENCITY_BBMP,Street/Public Electrical Infrastructure,Street Light Not Working,Street Light Not Working in Anjanapur Field inspection assigned to JE officer.,In Progress,2025-06-18 09:36:00.000000000
20770358,INDIAN_OPENCITY_BBMP,Street/Public Electrical Infrastructure,Street Light Not Working,Street Light Not Working in Manorayanapalya Resolved,Closed,2025-06-18 09:32:00.000000000
20770356,INDIAN_OPENCITY_BBMP,General Consumer Services,Stray cattle related complaints,Stray cattle related complaints in Konena Agrahara Field inspection assigned to VI officer.,Registered,2025-06-18 09:30:00.000000000
20770355,INDIAN_OPENCITY_BBMP,Street/Public Electrical Infrastructure,Street Light Not Working,Street Light Not Working in Kottigepalya Attended,Closed,2025-06-18 09:29:00.000000000
20770353,INDIAN_OPENCITY_BBMP,General Consumer Services,Road cutting,Road cutting in Hampi Nagar Field inspection assigned to AE officer.,Registered,2025-06-18 09:26:00.000000000
20770352,INDIAN_OPENCITY_BBMP,General Consumer Services,Road cutting,Road cutting in Jogupalya Field inspection assigned to AE officer.,Registered,2025-06-18 09:25:00.000000000
20770343,INDIAN_OPENCITY_BBMP,General Consumer Services,Issues Related to Parks/Medians/Circles/Island.,Issues Related to Parks/Medians/Circles/Island. in HSR Layout Field inspection assigned to HS officer.,Registered,2025-06-18 09:09:00.000000000
20770335,INDIAN_OPENCITY_BBMP,Street/Public Electrical Infrastructure,Street Light Not Working,Street Light Not Working in Jaraganahalli Field inspection assigned to JE officer.,Registered,2025-06-18 09:03:00.000000000
20770334,INDIAN_OPENCITY_BBMP,Street/Public Electrical Infrastructure,Street Light Not Working,Street Light Not Working in Shakambari Nagar Field inspection assigned to AE officer.,Registered,2025-06-18 09:03:00.000000000
20770333,INDIAN_OPENCITY_BBMP,Street/Public Electrical Infrastructure,Requirement For New Street Lights,Requirement For New Street Lights in Dodda Bidarkallu Field inspection assigned to JE officer.,Registered,2025-06-18 09:02:00.000000000
20770332,INDIAN_OPENCITY_BBMP,General Consumer Services,Others,Others in Bapuji Nagar Field inspection assigned to Customer Support Representative officer.,Registered,2025-06-18 09:02:00.000000000
20770331,INDIAN_OPENCITY_BBMP,General Consumer Services,Road side drains,Road side drains in Nandini Layout Field inspection assigned to AE officer.,Registered,2025-06-18 09:01:00.000000000
20770330,INDIAN_OPENCITY_BBMP,General Consumer Services,Stray dog related complaints,Stray dog related complaints in Shiva Nagar Field inspection assigned to VI officer.,Registered,2025-06-18 09:00:00.000000000
20770329,INDIAN_OPENCITY_BBMP,General Consumer Services,Maintenance of SWD,Maintenance of SWD in Bapuji Nagar Field inspection assigned to AE officer.,Registered,2025-06-18 09:00:00.000000000
20770328,INDIAN_OPENCITY_BBMP,General Consumer Services,Fatally injured - Needs immediate attention,Fatally injured - Needs immediate attention in Vijanapura Field inspection assigned to VI officer.,Registered,2025-06-18 08:59:00.000000000
20770323,INDIAN_OPENCITY_BBMP,Street/Public Electrical Infrastructure,Street Light Not Working,Street Light Not Working in Shivaji Nagar Field inspection assigned to AE officer.,Registered,2025-06-18 08:55:00.000000000
20770319,INDIAN_OPENCITY_BBMP,Street/Public Electrical Infrastructure,Street Light Not Working,Street Light Not Working in Pattabhiram Nagar Field inspection assigned to AE officer.,Registered,2025-06-18 08:53:00.000000000
20770316,INDIAN_OPENCITY_BBMP,Street/Public Electrical Infrastructure,Street Light Not Working,Street Light Not Working in Hampi Nagar Field inspection assigned to AE officer.,Registered,2025-06-18 08:51:00.000000000
20770315,INDIAN_OPENCITY_BBMP,Street/Public Electrical Infrastructure,Street Light Not Working,Street Light Not Working in Bommanahalli Field inspection assigned to JE officer.,Registered,2025-06-18 08:51:00.000000000
20770313,INDIAN_OPENCITY_BBMP,Street/Public Electrical Infrastructure,Street Light Not Working,Street Light Not Working in Bapuji Nagar Field inspection assigned to AE officer.,Registered,2025-06-18 08:50:00.000000000
20770312,INDIAN_OPENCITY_BBMP,Street/Public Electrical Infrastructure,Street Light Not Working,Street Light Not Working in Kamakshipalya Field inspection assigned to JE officer.,Registered,2025-06-18 08:49:00.000000000
20770306,INDIAN_OPENCITY_BBMP,General Consumer Services,Potholes,Potholes in Laggere Field inspection assigned to AE officer.,Registered,2025-06-18 08:43:00.000000000
20770305,INDIAN_OPENCITY_BBMP,General Consumer Services,Others,Others in Lakkasandra Field inspection assigned to SHI officer.,Registered,2025-06-18 08:43:00.000000000
20770304,INDIAN_OPENCITY_BBMP,General Consumer Services,Garbage dump,Garbage dump in Pulikeshi Nagar Clear sir,Closed,2025-06-18 08:42:00.000000000
20770303,INDIAN_OPENCITY_BBMP,Street/Public Electrical Infrastructure,Street Light Not Working,Street Light Not Working in Agrahara Dasarahalli Field inspection assigned to AE officer.,Registered,2025-06-18 08:42:00.000000000
20770300,INDIAN_OPENCITY_BBMP,Street/Public Electrical Infrastructure,Street Light Not Working,Street Light Not Working in Laggere Field inspection assigned to JE officer.,Registered,2025-06-18 08:38:00.000000000
20770299,INDIAN_OPENCITY_BBMP,General Consumer Services,Removal of dead/fallen trees,Removal of dead/fallen trees in Kacharakanahalli Field inspection assigned to DYRFO officer.,Registered,2025-06-18 08:38:00.000000000
20770298,INDIAN_OPENCITY_BBMP,General Consumer Services,Garbage vehicle not arrived,Garbage vehicle not arrived in Kuvempu Nagar Field inspection assigned to Marshal officer.,Registered,2025-06-18 08:37:00.000000000
20770297,INDIAN_OPENCITY_BBMP,General Consumer Services,Sewerage water left in SWD,Sewerage water left in SWD in Doddanekkundi Field inspection assigned to AE officer.,Registered,2025-06-18 08:37:00.000000000
20770291,INDIAN_OPENCITY_BBMP,General Consumer Services,Others,Others in Yeshwanthpur Field inspection assigned to SHI officer.,Registered,2025-06-18 08:29:00.000000000
20770288,INDIAN_OPENCITY_BBMP,Street/Public Electrical Infrastructure,Street Light Not Working,Street Light Not Working in Byrasandra Field inspection assigned to AE officer.,Registered,2025-06-18 08:24:00.000000000
20770286,INDIAN_OPENCITY_BBMP,Street/Public Electrical Infrastructure,Requirement For New Street Lights,Requirement For New Street Lights in Jnanabharathi Ward Field inspection assigned to JE officer.,Registered,2025-06-18 08:23:00.000000000
20770285,INDIAN_OPENCITY_BBMP,Street/Public Electrical Infrastructure,Street Light Not Working,Street Light Not Working in Kacharakanahalli Field inspection assigned to AE officer.,Registered,2025-06-18 08:22:00.000000000
20770275,INDIAN_OPENCITY_BBMP,General Consumer Services,Issues Related to Parks/Medians/Circles/Island.,Issues Related to Parks/Medians/Circles/Island. in Bellandur Field inspection assigned to HS officer.,Registered,2025-06-18 08:13:00.000000000
20770268,INDIAN_OPENCITY_BBMP,General Consumer Services,Garbage dump,Garbage dump in Bapuji Nagar Field inspection assigned to Marshal officer.,Registered,2025-06-18 08:08:00.000000000
20770261,INDIAN_OPENCITY_BBMP,General Consumer Services,Garbage vehicle not arrived,Garbage vehicle not arrived in Arakere Field inspection assigned to Marshal officer.,Registered,2025-06-18 07:58:00.000000000
20770258,INDIAN_OPENCITY_BBMP,General Consumer Services,Garbage dump,Garbage dump in Padarayanapura Field inspection assigned to Marshal officer.,Registered,2025-06-18 07:56:00.000000000
20770254,INDIAN_OPENCITY_BBMP,Street/Public Electrical Infrastructure,Street Light Not Working,Street Light Not Working in Azad Nagar Field inspection assigned to JE officer.,Registered,2025-06-18 07:52:00.000000000
20770253,INDIAN_OPENCITY_BBMP,Street/Public Electrical Infrastructure,Street Light Not Working,Street Light Not Working in Mallasandra Field inspection assigned to AE officer.,Registered,2025-06-18 07:52:00.000000000
20770252,INDIAN_OPENCITY_BBMP,General Consumer Services,shifting of the street dogs to other places,shifting of the street dogs to other places in Ullalu Field inspection assigned to VI officer.,Registered,2025-06-18 07:49:00.000000000
20770246,INDIAN_OPENCITY_BBMP,General Consumer Services,obstructions Branches / Trees.,obstructions Branches / Trees. in Dodda Bidarkallu Field inspection assigned to DYRFO officer.,Registered,2025-06-18 07:46:00.000000000
20770240,INDIAN_OPENCITY_BBMP,Street/Public Electrical Infrastructure,Street Light Not Working,Street Light Not Working in J.P.Park Field inspection assigned to JE officer.,Registered,2025-06-18 07:43:00.000000000
20770237,INDIAN_OPENCITY_BBMP,General Consumer Services,Road side drains,Road side drains in Doddabommasandra Field inspection assigned to AE officer.,Registered,2025-06-18 07:43:00.000000000
20770234,INDIAN_OPENCITY_BBMP,General Consumer Services,Footpath,Footpath in Vasanth Nagar Field inspection assigned to AE officer.,Registered,2025-06-18 07:41:00.000000000
20770227,INDIAN_OPENCITY_BBMP,General Consumer Services,Stray dog related complaints,Stray dog related complaints in Kadugondanahalli Field inspection assigned to VI officer.,Registered,2025-06-18 07:36:00.000000000
20770223,INDIAN_OPENCITY_BBMP,General Consumer Services,Public dustbins not cleaned,Public dustbins not cleaned in Horamavu Field inspection assigned to Marshal officer.,Registered,2025-06-18 07:34:00.000000000
20770218,INDIAN_OPENCITY_BBMP,General Consumer Services,Without permission digging of road,Without permission digging of road in Katriguppe Field inspection assigned to AE officer.,Registered,2025-06-18 07:32:00.000000000
20770217,INDIAN_OPENCITY_BBMP,General Consumer Services,Removal of dead/fallen trees,Removal of dead/fallen trees in Dattathreya Temple Field inspection assigned to DYRFO officer.,Registered,2025-06-18 07:32:00.000000000
20770207,INDIAN_OPENCITY_BBMP,General Consumer Services,Increase in mosquito density,Increase in mosquito density in Horamavu Field inspection assigned to SHI officer.,Registered,2025-06-18 07:24:00.000000000
20770203,INDIAN_OPENCITY_BBMP,Street/Public Electrical Infrastructure,Park Lights Not Working,Park Lights Not Working in Chokkasandra Field inspection assigned to AE officer.,Registered,2025-06-18 07:23:00.000000000
20770197,INDIAN_OPENCITY_BBMP,General Consumer Services,Garbage dumping in vacant sites,Garbage dumping in vacant sites in Banaswadi Field inspection assigned to Marshal officer.,Registered,2025-06-18 07:18:00.000000000
20770192,INDIAN_OPENCITY_BBMP,General Consumer Services,Zonal Violation of the Building,Zonal Violation of the Building in Rajagopala Nagar Field inspection assigned to SHI officer.,Registered,2025-06-18 07:13:00.000000000
20770190,INDIAN_OPENCITY_BBMP,Street/Public Electrical Infrastructure,Street Light Not Working,Street Light Not Working in Deepanjali Nagar Field inspection assigned to AE officer.,Registered,2025-06-18 07:13:00.000000000
20770188,INDIAN_OPENCITY_BBMP,General Consumer Services,Garbage dump,Garbage dump in Sarakki Field inspection assigned to Marshal officer.,Registered,2025-06-18 07:12:00.000000000
20770186,INDIAN_OPENCITY_BBMP,Street/Public Electrical Infrastructure,Street Lights Switched On During Day Time,Street Lights Switched On During Day Time in Someshwara Field inspection assigned to JE officer.,Registered,2025-06-18 07:10:00.000000000
20770183,INDIAN_OPENCITY_BBMP,General Consumer Services,shifting of the street dogs to other places,shifting of the street dogs to other places in Vignana Nagar No relocation of dogs can be done as per supreme court order,Closed,2025-06-18 07:08:00.000000000
20770180,INDIAN_OPENCITY_BBMP,General Consumer Services,Overhanging cables,Overhanging cables in Subramanya Nagar Field inspection assigned to AE officer.,Registered,2025-06-18 07:05:00.000000000
20770178,INDIAN_OPENCITY_BBMP,General Consumer Services,"Khata Services (Registration, Transfer, Bifurcation and Amalgamation)","Khata Services (Registration, Transfer, Bifurcation and Amalgamation) in Gali Anjaneya Swamy Temple Ward Field inspection assigned to ARO officer.",Registered,2025-06-18 07:01:00.000000000
20770170,INDIAN_OPENCITY_BBMP,General Consumer Services,Garbage dumping in vacant sites,Garbage dumping in vacant sites in Shanthala Nagar Field inspection assigned to Marshal officer.,Registered,2025-06-18 06:50:00.000000000
20770169,INDIAN_OPENCITY_BBMP,General Consumer Services,Garbage dumping in vacant sites,Garbage dumping in vacant sites in Attiguppe Field inspection assigned to Marshal officer.,Registered,2025-06-18 06:48:00.000000000
20770168,INDIAN_OPENCITY_BBMP,Street/Public Electrical Infrastructure,Street Light Not Working,Street Light Not Working in Konanakunte Field inspection assigned to JE officer.,Registered,2025-06-18 06:48:00.000000000
20770167,INDIAN_OPENCITY_BBMP,General Consumer Services,Stray dog related complaints,Stray dog related complaints in Thanisandra Field inspection assigned to VI officer.,Registered,2025-06-18 06:45:00.000000000
20770166,INDIAN_OPENCITY_BBMP,General Consumer Services,Garbage dumping in vacant sites,Garbage dumping in vacant sites in Nayandanahalli Field inspection assigned to Marshal officer.,Registered,2025-06-18 06:45:00.000000000
20770165,INDIAN_OPENCITY_BBMP,General Consumer Services,Play Grounds,Play Grounds in Vidyaranyapura Field inspection assigned to HS officer.,Registered,2025-06-18 06:45:00.000000000
20770164,INDIAN_OPENCITY_BBMP,General Consumer Services,Urination in Public/Open Defecation,Urination in Public/Open Defecation in Horamavu Field inspection assigned to JHI officer.,Registered,2025-06-18 06:45:00.000000000
20770163,INDIAN_OPENCITY_BBMP,General Consumer Services,Garbage dump,Garbage dump in Nayandanahalli Field inspection assigned to Marshal officer.,Registered,2025-06-18 06:44:00.000000000
20770162,INDIAN_OPENCITY_BBMP,Street/Public Electrical Infrastructure,Street Lights Switched On During Day Time,Street Lights Switched On During Day Time in Ullalu Field inspection assigned to JE officer.,Registered,2025-06-18 06:43:00.000000000
20770160,INDIAN_OPENCITY_BBMP,General Consumer Services,Garbage vehicle not arrived,Garbage vehicle not arrived in Laggere Field inspection assigned to Marshal officer.,Registered,2025-06-18 06:42:00.000000000
20770157,INDIAN_OPENCITY_BBMP,Street/Public Electrical Infrastructure,Street Light Not Working,Street Light Not Working in Katriguppe Field inspection assigned to JE officer.,Registered,2025-06-18 06:38:00.000000000
20770155,INDIAN_OPENCITY_BBMP,General Consumer Services,footpath encroachment,footpath encroachment in Lakkasandra Field inspection assigned to AE officer.,Registered,2025-06-18 06:37:00.000000000
20770154,INDIAN_OPENCITY_BBMP,General Consumer Services,Street dogs attacking-pet Dogs,Street dogs attacking-pet Dogs in Begur Field inspection assigned to VI officer.,Registered,2025-06-18 06:36:00.000000000
20770153,INDIAN_OPENCITY_BBMP,General Consumer Services,Garbage vehicle not arrived,Garbage vehicle not arrived in Maruthi Seva Nagar Field inspection assigned to Marshal officer.,Registered,2025-06-18 06:36:00.000000000
20770151,INDIAN_OPENCITY_BBMP,General Consumer Services,Potholes,Potholes in Hosahalli Field inspection assigned to AE officer.,Registered,2025-06-18 06:34:00.000000000
20770150,INDIAN_OPENCITY_BBMP,General Consumer Services,Garbage vehicle not arrived,Garbage vehicle not arrived in Radhakrishna Temple Field inspection assigned to Marshal officer.,Registered,2025-06-18 06:34:00.000000000
20770149,INDIAN_OPENCITY_BBMP,General Consumer Services,Garbage dump,Garbage dump in Konanakunte Field inspection assigned to Marshal officer.,Registered,2025-06-18 06:33:00.000000000
20770148,INDIAN_OPENCITY_BBMP,Street/Public Electrical Infrastructure,Street Light Not Working,Street Light Not Working in Sri Nagar Field inspection assigned to JE officer.,Registered,2025-06-18 06:32:00.000000000
20770147,INDIAN_OPENCITY_BBMP,General Consumer Services,Garbage dumping in vacant sites,Garbage dumping in vacant sites in Byatarayanapura Field inspection assigned to Marshal officer.,Registered,2025-06-18 06:32:00.000000000
20770146,INDIAN_OPENCITY_BBMP,General Consumer Services,Footpath,Footpath in Shanthala Nagar Field inspection assigned to AE officer.,Registered,2025-06-18 06:32:00.000000000
20770145,INDIAN_OPENCITY_BBMP,General Consumer Services,Sewerage water left in SWD,Sewerage water left in SWD in HBR Layout Field inspection assigned to AE officer.,Registered,2025-06-18 06:29:00.000000000
20770144,INDIAN_OPENCITY_BBMP,General Consumer Services,Burning of Garbage in Open Space,Burning of Garbage in Open Space in Benniganahalli Field inspection assigned to Marshal officer.,Registered,2025-06-18 06:29:00.000000000
20770143,INDIAN_OPENCITY_BBMP,General Consumer Services,Burning of Garbage in Open Space,Burning of Garbage in Open Space in Rajarajeshwari Nagar Forwarded Task,Registered,2025-06-18 06:29:00.000000000
20770141,INDIAN_OPENCITY_BBMP,General Consumer Services,Garbage dump,Garbage dump in Pulikeshi Nagar Field inspection assigned to Marshal officer.,Registered,2025-06-18 06:26:00.000000000
20770140,INDIAN_OPENCITY_BBMP,General Consumer Services,Others,Others in Vignana Nagar Field inspection assigned to Customer Support Representative officer.,Registered,2025-06-18 06:25:00.000000000
20770139,INDIAN_OPENCITY_BBMP,General Consumer Services,Garbage dump,Garbage dump in Kammanahalli Field inspection assigned to Marshal officer.,Registered,2025-06-18 06:24:00.000000000
20770133,INDIAN_OPENCITY_BBMP,General Consumer Services,UnAuthorised Constructions,UnAuthorised Constructions in Kaveripura Field inspection assigned to AE officer.,Registered,2025-06-18 06:22:00.000000000
20770132,INDIAN_OPENCITY_BBMP,General Consumer Services,Garbage dump,Garbage dump in K.R.Puram Clear,Closed,2025-06-18 06:22:00.000000000
20770131,INDIAN_OPENCITY_BBMP,General Consumer Services,obstructions Branches / Trees.,obstructions Branches / Trees. in Govindraja Nagara Field inspection assigned to DYRFO officer.,Registered,2025-06-18 06:20:00.000000000
20770128,INDIAN_OPENCITY_BBMP,General Consumer Services,Garbage dump,Garbage dump in Pattabhiram Nagar Field inspection assigned to Marshal officer.,Registered,2025-06-18 06:14:00.000000000
20770126,INDIAN_OPENCITY_BBMP,General Consumer Services,Garbage dump,Garbage dump in Byrasandra Field inspection assigned to Marshal officer.,Registered,2025-06-18 06:10:00.000000000
20770125,INDIAN_OPENCITY_BBMP,General Consumer Services,Maintenance of SWD,Maintenance of SWD in Ramamurthy Nagar Field inspection assigned to AE officer.,Registered,2025-06-18 06:08:00.000000000
20770121,INDIAN_OPENCITY_BBMP,General Consumer Services,Gym/Children Play equipment in the parks,Gym/Children Play equipment in the parks in Madiwala Field inspection assigned to HS officer.,Registered,2025-06-18 06:01:00.000000000
20770120,INDIAN_OPENCITY_BBMP,General Consumer Services,Garbage dumping in vacant sites,Garbage dumping in vacant sites in Gangenahalli Field inspection assigned to Marshal officer.,Registered,2025-06-18 06:01:00.000000000
20770119,INDIAN_OPENCITY_BBMP,General Consumer Services,Garbage vehicle not arrived,Garbage vehicle not arrived in Hampi Nagar Field inspection assigned to Marshal officer.,Registered,2025-06-18 06:00:00.000000000
20770115,INDIAN_OPENCITY_BBMP,General Consumer Services,Footpath,Footpath in HBR Layout Field inspection assigned to AE officer.,Registered,2025-06-18 05:59:00.000000000
20770113,INDIAN_OPENCITY_BBMP,General Consumer Services,Others(Technical or Software Issues),Others(Technical or Software Issues) in Ullalu Field inspection assigned to System Admin officer.,Registered,2025-06-18 05:58:00.000000000
20770111,INDIAN_OPENCITY_BBMP,General Consumer Services,Road cutting,Road cutting in Jakkur Field inspection assigned to AE officer.,Registered,2025-06-18 05:56:00.000000000
20770110,INDIAN_OPENCITY_BBMP,General Consumer Services,Air/Noise pollution,Air/Noise pollution in HSR Layout Field inspection assigned to SHI officer.,Registered,2025-06-18 05:55:00.000000000
20770109,INDIAN_OPENCITY_BBMP,General Consumer Services,water stagnation,water stagnation in Thanisandra Field inspection assigned to AE officer.,Registered,2025-06-18 05:54:00.000000000
20770105,INDIAN_OPENCITY_BBMP,General Consumer Services,water stagnation,water stagnation in Laggere Field inspection assigned to AE officer.,Registered,2025-06-18 05:48:00.000000000
20770102,INDIAN_OPENCITY_BBMP,General Consumer Services,Removal of dead/fallen trees,Removal of dead/fallen trees in Hemmigepura Field inspection assigned to DYRFO officer.,Registered,2025-06-18 05:42:00.000000000
20770097,INDIAN_OPENCITY_BBMP,General Consumer Services,Garbage dump,Garbage dump in Jakkasandra Field inspection assigned to Marshal officer.,Registered,2025-06-18 05:36:00.000000000
20770096,INDIAN_OPENCITY_BBMP,General Consumer Services,Road cutting,Road cutting in Kengeri Field inspection assigned to AE officer.,Registered,2025-06-18 05:36:00.000000000
20770088,INDIAN_OPENCITY_BBMP,General Consumer Services,Footpath,Footpath in Mahalakshmipuram Field inspection assigned to AE officer.,Registered,2025-06-18 05:25:00.000000000
20770087,INDIAN_OPENCITY_BBMP,General Consumer Services,Removal of dead/fallen trees,Removal of dead/fallen trees in Basavanagudi Field inspection assigned to DYRFO officer.,Registered,2025-06-18 05:25:00.000000000
20770085,INDIAN_OPENCITY_BBMP,General Consumer Services,Road side drains,Road side drains in Ullalu Field inspection assigned to AE officer.,Registered,2025-06-18 05:22:00.000000000
20770082,INDIAN_OPENCITY_BBMP,General Consumer Services,Stray dog related complaints,Stray dog related complaints in Kadugodi Field inspection assigned to VI officer.,Registered,2025-06-18 05:17:00.000000000
20770081,INDIAN_OPENCITY_BBMP,General Consumer Services,"Khata Services (Registration, Transfer, Bifurcation and Amalgamation)","Khata Services (Registration, Transfer, Bifurcation and Amalgamation) in Kengeri Field inspection assigned to ARO officer.",Registered,2025-06-18 05:13:00.000000000
20770080,INDIAN_OPENCITY_BBMP,General Consumer Services,water stagnation,water stagnation in Deepanjali Nagar Field inspection assigned to AE officer.,Registered,2025-06-18 05:13:00.000000000
20770079,INDIAN_OPENCITY_BBMP,General Consumer Services,Anti Rabies Vaccination of stray dogs,Anti Rabies Vaccination of stray dogs in Horamavu Field inspection assigned to VI officer.,Registered,2025-06-18 05:11:00.000000000
20770077,INDIAN_OPENCITY_BBMP,General Consumer Services,Sweeping not done,Sweeping not done in Giri Nagar Forwarded Task,Registered,2025-06-18 05:09:00.000000000
20770074,INDIAN_OPENCITY_BBMP,General Consumer Services,Potholes,Potholes in HBR Layout Field inspection assigned to AE officer.,Registered,2025-06-18 05:07:00.000000000
20770070,INDIAN_OPENCITY_BBMP,General Consumer Services,Stray dog related complaints,Stray dog related complaints in Shakambari Nagar Field inspection assigned to VI officer.,Registered,2025-06-18 05:04:00.000000000
20770069,INDIAN_OPENCITY_BBMP,General Consumer Services,"Dog, cat Poor conditions / Breeding license validation","Dog, cat Poor conditions / Breeding license validation in HAL Airport Field inspection assigned to VI officer.",Registered,2025-06-18 05:02:00.000000000
20770068,INDIAN_OPENCITY_BBMP,Street/Public Electrical Infrastructure,Street Light Not Working,Street Light Not Working in Hanumantha Nagar Field inspection assigned to JE officer.,Registered,2025-06-18 05:02:00.000000000
20770067,INDIAN_OPENCITY_BBMP,General Consumer Services,Garbage vehicle not arrived,Garbage vehicle not arrived in Vasanthapura Field inspection assigned to Marshal officer.,Registered,2025-06-18 05:01:00.000000000
20770066,INDIAN_OPENCITY_BBMP,General Consumer Services,obstructions Branches / Trees.,obstructions Branches / Trees. in Bilekahalli Field inspection assigned to RFO officer.,Registered,2025-06-18 05:01:00.000000000
20770063,INDIAN_OPENCITY_BBMP,General Consumer Services,Stray dog related complaints,Stray dog related complaints in Singasandra Field inspection assigned to VI officer.,Registered,2025-06-18 04:59:00.000000000
20770062,INDIAN_OPENCITY_BBMP,General Consumer Services,Dengue positive,Dengue positive in Ramamurthy Nagar Field inspection assigned to Medical officer officer.,Registered,2025-06-18 04:58:00.000000000
20770053,INDIAN_OPENCITY_BBMP,General Consumer Services,Animal Rescue - Not well - Requires attention,Animal Rescue - Not well - Requires attention in Horamavu Field inspection assigned to VI officer.,Registered,2025-06-18 04:53:00.000000000
20770052,INDIAN_OPENCITY_BBMP,General Consumer Services,Dengue positive,Dengue positive in Adugodi Field inspection assigned to Medical officer officer.,Registered,2025-06-18 04:53:00.000000000
20770050,INDIAN_OPENCITY_BBMP,General Consumer Services,Stray dog related complaints,Stray dog related complaints in Gangenahalli Field inspection assigned to VI officer.,Registered,2025-06-18 04:52:00.000000000
20770048,INDIAN_OPENCITY_BBMP,General Consumer Services,Removal of dead/fallen trees,Removal of dead/fallen trees in Koramangala Field inspection assigned to DYRFO officer.,Registered,2025-06-18 04:51:00.000000000
20770047,INDIAN_OPENCITY_BBMP,General Consumer Services,Dengue positive,Dengue positive in Siddapura Field inspection assigned to Medical officer officer.,Registered,2025-06-18 04:50:00.000000000
20770046,INDIAN_OPENCITY_BBMP,General Consumer Services,Debris Removal / Construction Material,Debris Removal / Construction Material in Hagadooru Field inspection assigned to AE officer.,Registered,2025-06-18 04:50:00.000000000
20770045,INDIAN_OPENCITY_BBMP,General Consumer Services,obstructions Branches / Trees.,obstructions Branches / Trees. in Marenahalli Field inspection assigned to DYRFO officer.,Registered,2025-06-18 04:47:00.000000000
20770044,INDIAN_OPENCITY_BBMP,General Consumer Services,Dengue positive,Dengue positive in Jnanabharathi Ward Field inspection assigned to SHI officer.,Registered,2025-06-18 04:47:00.000000000
20770042,INDIAN_OPENCITY_BBMP,General Consumer Services,Fatally injured - Needs immediate attention,Fatally injured - Needs immediate attention in Kuvempu Nagar Field inspection assigned to VI officer.,Registered,2025-06-18 04:45:00.000000000
20770038,INDIAN_OPENCITY_BBMP,General Consumer Services,Stray dog related complaints,Stray dog related complaints in Puttenahalli Field inspection assigned to VI officer.,Registered,2025-06-18 04:43:00.000000000
20770037,INDIAN_OPENCITY_BBMP,General Consumer Services,Road side drains,Road side drains in Byatarayanapura Field inspection assigned to AE officer.,Registered,2025-06-18 04:43:00.000000000
20770036,INDIAN_OPENCITY_BBMP,General Consumer Services,Other Khata / ekhata issues,Other Khata / ekhata issues in Gottigere Field inspection assigned to ARO officer.,Registered,2025-06-18 04:42:00.000000000
20770033,INDIAN_OPENCITY_BBMP,General Consumer Services,Dengue positive,Dengue positive in Gurappanapalya Field inspection assigned to Medical officer officer.,Registered,2025-06-18 04:41:00.000000000
20770031,INDIAN_OPENCITY_BBMP,General Consumer Services,Potholes,Potholes in Hemmigepura Field inspection assigned to AE officer.,Registered,2025-06-18 04:40:00.000000000
20770030,INDIAN_OPENCITY_BBMP,General Consumer Services,Dengue positive,Dengue positive in Doddanekkundi Field inspection assigned to Medical officer officer.,Registered,2025-06-18 04:40:00.000000000
20770029,INDIAN_OPENCITY_BBMP,General Consumer Services,Garbage dump,Garbage dump in Banashankari Temple Ward Field inspection assigned to Marshal officer.,Registered,2025-06-18 04:38:00.000000000
20770027,INDIAN_OPENCITY_BBMP,General Consumer Services,Technical Issue In Ekhata,Technical Issue In Ekhata in Kaveripura Field inspection assigned to RI officer.,Registered,2025-06-18 04:37:00.000000000
20770024,INDIAN_OPENCITY_BBMP,Street/Public Electrical Infrastructure,Street Light Not Working,Street Light Not Working in Aramane Nagar Field inspection assigned to JE officer.,Registered,2025-06-18 04:35:00.000000000
20770023,INDIAN_OPENCITY_BBMP,General Consumer Services,Garbage dump,Garbage dump in K.R.Market Field inspection assigned to Marshal officer.,Registered,2025-06-18 04:34:00.000000000
20770022,INDIAN_OPENCITY_BBMP,General Consumer Services,Garbage vehicle not arrived,Garbage vehicle not arrived in Kavalbyrasandra Field inspection assigned to Marshal officer.,Registered,2025-06-18 04:34:00.000000000
20770019,INDIAN_OPENCITY_BBMP,General Consumer Services,Increase in mosquito density,Increase in mosquito density in Aramane Nagar Field inspection assigned to SHI officer.,Registered,2025-06-18 04:31:00.000000000
20770018,INDIAN_OPENCITY_BBMP,General Consumer Services,obstructions Branches / Trees.,obstructions Branches / Trees. in Ganga Nagar Field inspection assigned to DYRFO officer.,Registered,2025-06-18 04:29:00.000000000
20770017,INDIAN_OPENCITY_BBMP,General Consumer Services,Stray dog related complaints,Stray dog related complaints in BTM Layout Field inspection assigned to VI officer.,Registered,2025-06-18 04:28:00.000000000
20770016,INDIAN_OPENCITY_BBMP,General Consumer Services,ekhata approval pending with ARO,ekhata approval pending with ARO in Begur Field inspection assigned to ARO officer.,Registered,2025-06-18 04:25:00.000000000
20770015,INDIAN_OPENCITY_BBMP,General Consumer Services,Animal Rescue - Not well - Requires attention,Animal Rescue - Not well - Requires attention in HBR Layout Field inspection assigned to VI officer.,Registered,2025-06-18 04:24:00.000000000
20770010,INDIAN_OPENCITY_BBMP,General Consumer Services,obstructions Branches / Trees.,obstructions Branches / Trees. in BTM Layout Field inspection assigned to DYRFO officer.,Registered,2025-06-18 04:20:00.000000000
20770009,INDIAN_OPENCITY_BBMP,General Consumer Services,shifting of the street dogs to other places,shifting of the street dogs to other places in K.R.Puram Field inspection assigned to VI officer.,Registered,2025-06-18 04:18:00.000000000
20770008,INDIAN_OPENCITY_BBMP,General Consumer Services,Fatally injured - Needs immediate attention,Fatally injured - Needs immediate attention in Dodda Bidarkallu Field inspection assigned to VI officer.,Registered,2025-06-18 04:18:00.000000000
20770006,INDIAN_OPENCITY_BBMP,General Consumer Services,Garbage dump,Garbage dump in Ganga Nagar Field inspection assigned to Marshal officer.,Registered,2025-06-18 04:15:00.000000000
20770005,INDIAN_OPENCITY_BBMP,General Consumer Services,Sweeping not done,Sweeping not done in Jogupalya Field inspection assigned to JHI officer.,Registered,2025-06-18 04:13:00.000000000
20770003,INDIAN_OPENCITY_BBMP,General Consumer Services,Removal of dead/fallen trees,Removal of dead/fallen trees in Banashankari Temple Ward Field inspection assigned to DYRFO officer.,Registered,2025-06-18 04:12:00.000000000
20770002,INDIAN_OPENCITY_BBMP,General Consumer Services,Debris Removal / Construction Material,Debris Removal / Construction Material in Chamrajpet Field inspection assigned to AE officer.,Registered,2025-06-18 04:07:00.000000000
20770001,INDIAN_OPENCITY_BBMP,General Consumer Services,Stray dog related complaints,Stray dog related complaints in Doddabommasandra Field inspection assigned to VI officer.,Registered,2025-06-18 04:07:00.000000000
20769999,INDIAN_OPENCITY_BBMP,General Consumer Services,Stray dog related complaints,Stray dog related complaints in Varthur Field inspection assigned to VI officer.,Registered,2025-06-18 04:05:00.000000000
20769994,INDIAN_OPENCITY_BBMP,General Consumer Services,Food Quality,Food Quality in Hegganahalli Field inspection assigned to SHI officer.,Registered,2025-06-18 04:02:00.000000000
20769992,INDIAN_OPENCITY_BBMP,General Consumer Services,Garbage nuisance while transporting,Garbage nuisance while transporting in Hagadooru Field inspection assigned to Marshal officer.,Registered,2025-06-18 04:01:00.000000000
20769989,INDIAN_OPENCITY_BBMP,General Consumer Services,Animal birth control/neutering of stray dogs,Animal birth control/neutering of stray dogs in Jaraganahalli Field inspection assigned to VI officer.,Registered,2025-06-18 03:53:00.000000000
20769985,INDIAN_OPENCITY_BBMP,General Consumer Services,Fatally injured - Needs immediate attention,Fatally injured - Needs immediate attention in Deepanjali Nagar Field inspection assigned to VI officer.,Registered,2025-06-18 03:50:00.000000000
20769984,INDIAN_OPENCITY_BBMP,General Consumer Services,Removal of dead/fallen trees,Removal of dead/fallen trees in Kadugodi Field inspection assigned to DYRFO officer.,Registered,2025-06-18 03:50:00.000000000
20769980,INDIAN_OPENCITY_BBMP,General Consumer Services,Garbage dump,Garbage dump in Vidyapeetha Field inspection assigned to Marshal officer.,Registered,2025-06-18 03:46:00.000000000
20769979,INDIAN_OPENCITY_BBMP,General Consumer Services,Garbage transfer not as per norms & area not kept clean,Garbage transfer not as per norms & area not kept clean in Ganeshmandira Ward Field inspection assigned to Marshal officer.,Registered,2025-06-18 03:45:00.000000000
20769968,INDIAN_OPENCITY_BBMP,General Consumer Services,Ekhata - name correction,Ekhata - name correction in Ejipura Field inspection assigned to ARO officer.,Registered,2025-06-18 03:26:00.000000000
20769967,INDIAN_OPENCITY_BBMP,General Consumer Services,footpath encroachment,footpath encroachment in Gottigere Field inspection assigned to AE officer.,Registered,2025-06-18 03:26:00.000000000
20769965,INDIAN_OPENCITY_BBMP,General Consumer Services,Animal birth control/neutering of stray dogs,Animal birth control/neutering of stray dogs in Bellandur Field inspection assigned to VI officer.,Registered,2025-06-18 03:24:00.000000000
20769964,INDIAN_OPENCITY_BBMP,Street/Public Electrical Infrastructure,Requirement For New Street Lights,Requirement For New Street Lights in Laggere Field inspection assigned to JE officer.,Registered,2025-06-18 03:23:00.000000000
20769963,INDIAN_OPENCITY_BBMP,General Consumer Services,obstructions Branches / Trees.,obstructions Branches / Trees. in Shettyhalli Field inspection assigned to DYRFO officer.,Registered,2025-06-18 03:23:00.000000000
20769960,INDIAN_OPENCITY_BBMP,General Consumer Services,Garbage vehicle not arrived,Garbage vehicle not arrived in Shettyhalli Field inspection assigned to Marshal officer.,Registered,2025-06-18 03:18:00.000000000
20769958,INDIAN_OPENCITY_BBMP,General Consumer Services,Garbage dump,Garbage dump in Laggere Field inspection assigned to Marshal officer.,Registered,2025-06-18 03:17:00.000000000
20769956,INDIAN_OPENCITY_BBMP,General Consumer Services,Debris Removal / Construction Material,Debris Removal / Construction Material in Varthur Field inspection assigned to AE officer.,Registered,2025-06-18 03:12:00.000000000
20769954,INDIAN_OPENCITY_BBMP,General Consumer Services,Burning of Garbage in Open Space,Burning of Garbage in Open Space in Hagadooru Field inspection assigned to Marshal officer.,Registered,2025-06-18 03:12:00.000000000
20769950,INDIAN_OPENCITY_BBMP,General Consumer Services,Road cutting,Road cutting in Rajarajeshwari Nagar Field inspection assigned to AE officer.,Registered,2025-06-18 03:08:00.000000000
20769948,INDIAN_OPENCITY_BBMP,General Consumer Services,obstructions Branches / Trees.,obstructions Branches / Trees. in HBR Layout Field inspection assigned to DYRFO officer.,Registered,2025-06-18 03:08:00.000000000
20769947,INDIAN_OPENCITY_BBMP,General Consumer Services,Technical Issue In Ekhata,Technical Issue In Ekhata in Begur Field inspection assigned to RI officer.,Registered,2025-06-18 03:07:00.000000000
20769946,INDIAN_OPENCITY_BBMP,General Consumer Services,Garbage transfer not as per norms & area not kept clean,Garbage transfer not as per norms & area not kept clean in Arakere Field inspection assigned to Marshal officer.,Registered,2025-06-18 03:05:00.000000000
20769945,INDIAN_OPENCITY_BBMP,General Consumer Services,ekhata approval pending with ARO,ekhata approval pending with ARO in Mangammanapalya Field inspection assigned to ARO officer.,Registered,2025-06-18 03:04:00.000000000
20769944,INDIAN_OPENCITY_BBMP,General Consumer Services,ekhata approval pending with ARO,ekhata approval pending with ARO in Yelachenahalli Field inspection assigned to ARO officer.,Registered,2025-06-18 03:03:00.000000000
20769943,INDIAN_OPENCITY_BBMP,General Consumer Services,Garbage dump,Garbage dump in Vannarpet Field inspection assigned to Marshal officer.,Registered,2025-06-18 03:02:00.000000000
20769942,INDIAN_OPENCITY_BBMP,Street/Public Electrical Infrastructure,Street Light Not Working,Street Light Not Working in Vannarpet Field inspection assigned to AE officer.,Registered,2025-06-18 03:00:00.000000000
20769941,INDIAN_OPENCITY_BBMP,General Consumer Services,UnAuthorised Building Constructions,UnAuthorised Building Constructions in Begur Field inspection assigned to AEE officer.,Registered,2025-06-18 02:59:00.000000000
20769940,INDIAN_OPENCITY_BBMP,General Consumer Services,Garbage vehicle not arrived,Garbage vehicle not arrived in Jayangar Field inspection assigned to Marshal officer.,Registered,2025-06-18 02:58:00.000000000
20769938,INDIAN_OPENCITY_BBMP,General Consumer Services,Fatally injured - Needs immediate attention,Fatally injured - Needs immediate attention in Adugodi Sir Please contact stray dog rescue team officer Dr Shrinath Assistant Director mb [PHONE],Closed,2025-06-18 02:57:00.000000000
20769936,INDIAN_OPENCITY_BBMP,General Consumer Services,Road side drains,Road side drains in H.M.T Field inspection assigned to AE officer.,Registered,2025-06-18 02:56:00.000000000
20769934,INDIAN_OPENCITY_BBMP,General Consumer Services,Dead animal(s),Dead animal(s) in Ullalu Field inspection assigned to Madaapa/JHI officer.,Registered,2025-06-18 02:52:00.000000000
20769932,INDIAN_OPENCITY_BBMP,General Consumer Services,Issues related Snakes/Birds/Monkeys,Issues related Snakes/Birds/Monkeys in Bilekahalli Field inspection assigned to RFO officer.,Registered,2025-06-18 02:52:00.000000000
20769929,INDIAN_OPENCITY_BBMP,General Consumer Services,Sweeping not done,Sweeping not done in Vignana Nagar Field inspection assigned to JHI officer.,Registered,2025-06-18 02:46:00.000000000
20769928,INDIAN_OPENCITY_BBMP,General Consumer Services,Stray dog related complaints,Stray dog related complaints in Vidyaranyapura Field inspection assigned to VI officer.,Registered,2025-06-18 02:46:00.000000000
20769926,INDIAN_OPENCITY_BBMP,General Consumer Services,obstructions Branches / Trees.,obstructions Branches / Trees. in Sri Rammandira Field inspection assigned to DYRFO officer.,Registered,2025-06-18 02:43:00.000000000
20769925,INDIAN_OPENCITY_BBMP,General Consumer Services,Fatally injured - Needs immediate attention,Fatally injured - Needs immediate attention in Jogupalya Field inspection assigned to VI officer.,Registered,2025-06-18 02:42:00.000000000
20769923,INDIAN_OPENCITY_BBMP,General Consumer Services,Removal of dead/fallen trees,Removal of dead/fallen trees in Shiva Nagar Field inspection assigned to DYRFO officer.,Registered,2025-06-18 02:39:00.000000000
20769921,INDIAN_OPENCITY_BBMP,General Consumer Services,Burning of Garbage in Open Space,Burning of Garbage in Open Space in Arakere Field inspection assigned to Marshal officer.,Registered,2025-06-18 02:38:00.000000000
20769920,INDIAN_OPENCITY_BBMP,General Consumer Services,Garbage dump,Garbage dump in Koramangala Forwarded Task,Registered,2025-06-18 02:38:00.000000000
20769917,INDIAN_OPENCITY_BBMP,General Consumer Services,ekhata approval pending with ARO,ekhata approval pending with ARO in Someshwara ಅರ್ಜಿದಾರರಿಗೆ ಹಿಂಬರಹದ ಪ್ರತಿಯನ್ನು ಲಗತ್ತಿಸಿ ಮಾಹಿತಿಯನ್ನು ನೀಡಲಾಗಿದೆ,Closed,2025-06-18 02:36:00.000000000
20769915,INDIAN_OPENCITY_BBMP,General Consumer Services,Debris Removal / Construction Material,Debris Removal / Construction Material in Jakkur Field inspection assigned to AE officer.,Registered,2025-06-18 02:35:00.000000000
20769914,INDIAN_OPENCITY_BBMP,General Consumer Services,Removal of dead/fallen trees,Removal of dead/fallen trees in J.P.Nagar Field inspection assigned to DYRFO officer.,Registered,2025-06-18 02:34:00.000000000
20769912,INDIAN_OPENCITY_BBMP,General Consumer Services,Road cutting,Road cutting in HAL Airport Field inspection assigned to AE officer.,Registered,2025-06-18 02:31:00.000000000
20769907,INDIAN_OPENCITY_BBMP,General Consumer Services,Garbage vehicle not arrived,Garbage vehicle not arrived in Kottigepalya Field inspection assigned to Marshal officer.,Registered,2025-06-18 02:26:00.000000000
20769906,INDIAN_OPENCITY_BBMP,Street/Public Electrical Infrastructure,Street Lights Switched On During Day Time,Street Lights Switched On During Day Time in BTM Layout Field inspection assigned to JE officer.,Registered,2025-06-18 02:25:00.000000000
20769904,INDIAN_OPENCITY_BBMP,General Consumer Services,Unavailability of staff,Unavailability of staff in Jogupalya Field inspection assigned to SHI officer.,Registered,2025-06-18 02:24:00.000000000
20769902,INDIAN_OPENCITY_BBMP,General Consumer Services,Removal of dead/fallen trees,Removal of dead/fallen trees in Rajarajeshwari Nagar Field inspection assigned to DYRFO officer.,Registered,2025-06-18 02:23:00.000000000
20769900,INDIAN_OPENCITY_BBMP,General Consumer Services,Burning of Garbage in Open Space,Burning of Garbage in Open Space in Bommanahalli Field inspection assigned to Marshal officer.,Registered,2025-06-18 02:20:00.000000000
20769896,INDIAN_OPENCITY_BBMP,Street/Public Electrical Infrastructure,Street Lights Switched On During Day Time,Street Lights Switched On During Day Time in C.V.Raman Nagar Field inspection assigned to AE officer.,Registered,2025-06-18 02:14:00.000000000
20769894,INDIAN_OPENCITY_BBMP,General Consumer Services,Garbage dump,Garbage dump in Konena Agrahara Field inspection assigned to Marshal officer.,Registered,2025-06-18 02:11:00.000000000
20769893,INDIAN_OPENCITY_BBMP,General Consumer Services,obstructions Branches / Trees.,obstructions Branches / Trees. in Shankaramata Field inspection assigned to DYRFO officer.,Registered,2025-06-18 02:09:00.000000000
20769890,INDIAN_OPENCITY_BBMP,General Consumer Services,"Dog, cat Poor conditions / Breeding license validation","Dog, cat Poor conditions / Breeding license validation in Marappana Palya Field inspection assigned to VI officer.",Registered,2025-06-18 02:00:00.000000000
20769889,INDIAN_OPENCITY_BBMP,General Consumer Services,Unable to generate the property tax challan,Unable to generate the property tax challan in Hoodi Field inspection assigned to ARO officer.,Registered,2025-06-18 02:00:00.000000000
20769886,INDIAN_OPENCITY_BBMP,General Consumer Services,UnAuthorised Constructions,UnAuthorised Constructions in Chokkasandra Field inspection assigned to AE officer.,Registered,2025-06-18 01:56:00.000000000
20769885,INDIAN_OPENCITY_BBMP,General Consumer Services,Stray dog related complaints,Stray dog related complaints in Arakere Field inspection assigned to VI officer.,Registered,2025-06-18 01:56:00.000000000
20769884,INDIAN_OPENCITY_BBMP,General Consumer Services,Fogging,Fogging in Chikpete Field inspection assigned to SHI officer.,Registered,2025-06-18 01:55:00.000000000
20769883,INDIAN_OPENCITY_BBMP,Street/Public Electrical Infrastructure,Street Light Not Working,Street Light Not Working in Jayamahal Field inspection assigned to AE officer.,Registered,2025-06-18 01:55:00.000000000
20769881,INDIAN_OPENCITY_BBMP,General Consumer Services,Debris Removal / Construction Material,Debris Removal / Construction Material in HBR Layout Field inspection assigned to AE officer.,Registered,2025-06-18 01:54:00.000000000
20769880,INDIAN_OPENCITY_BBMP,General Consumer Services,Animal birth control/neutering of stray dogs,Animal birth control/neutering of stray dogs in K.R.Puram Field inspection assigned to VI officer.,Registered,2025-06-18 01:54:00.000000000
20769875,INDIAN_OPENCITY_BBMP,General Consumer Services,footpath encroachment,footpath encroachment in Jayachamarajendra Nagar Field inspection assigned to AE officer.,Registered,2025-06-18 01:52:00.000000000
20769874,INDIAN_OPENCITY_BBMP,General Consumer Services,obstructions Branches / Trees.,obstructions Branches / Trees. in Kempapura Agrahara Field inspection assigned to DYRFO officer.,Registered,2025-06-18 01:51:00.000000000
20769872,INDIAN_OPENCITY_BBMP,General Consumer Services,ekhata approval pending with ARO,ekhata approval pending with ARO in Gurappanapalya Field inspection assigned to ARO officer.,Registered,2025-06-18 01:48:00.000000000
20769871,INDIAN_OPENCITY_BBMP,General Consumer Services,obstructions Branches / Trees.,obstructions Branches / Trees. in Kamakshipalya Field inspection assigned to DYRFO officer.,Registered,2025-06-18 01:47:00.000000000
20769870,INDIAN_OPENCITY_BBMP,General Consumer Services,Stray dog related complaints,Stray dog related complaints in Siddapura Field inspection assigned to VI officer.,Registered,2025-06-18 01:47:00.000000000
20769869,INDIAN_OPENCITY_BBMP,General Consumer Services,Removal of dead/fallen trees,Removal of dead/fallen trees in Ullalu Field inspection assigned to DYRFO officer.,Registered,2025-06-18 01:47:00.000000000
20769868,INDIAN_OPENCITY_BBMP,General Consumer Services,Garbage vehicle not arrived,Garbage vehicle not arrived in Padmanabha Nagar Field inspection assigned to Marshal officer.,Registered,2025-06-18 01:46:00.000000000
20769865,INDIAN_OPENCITY_BBMP,General Consumer Services,Public dustbins not cleaned,Public dustbins not cleaned in Shanthala Nagar Field inspection assigned to Marshal officer.,Registered,2025-06-18 01:45:00.000000000
20769861,INDIAN_OPENCITY_BBMP,General Consumer Services,Discrepancy In Khata Certificate and Khata Extract,Discrepancy In Khata Certificate and Khata Extract in HBR Layout Field inspection assigned to ARO officer.,Registered,2025-06-18 01:41:00.000000000
20769860,INDIAN_OPENCITY_BBMP,General Consumer Services,Road cutting,Road cutting in Doddanekkundi Field inspection assigned to AE officer.,Registered,2025-06-18 01:40:00.000000000
20769859,INDIAN_OPENCITY_BBMP,General Consumer Services,Other Khata / ekhata issues,Other Khata / ekhata issues in Vidyaranyapura Field inspection assigned to ARO officer.,Registered,2025-06-18 01:40:00.000000000
20769857,INDIAN_OPENCITY_BBMP,General Consumer Services,obstructions Branches / Trees.,obstructions Branches / Trees. in Basavanagudi Field inspection assigned to DYRFO officer.,Registered,2025-06-18 01:39:00.000000000
20769856,INDIAN_OPENCITY_BBMP,General Consumer Services,Stray dog related complaints,Stray dog related complaints in Rajarajeshwari Nagar Field inspection assigned to VI officer.,Registered,2025-06-18 01:39:00.000000000
20769853,INDIAN_OPENCITY_BBMP,General Consumer Services,Removal of dead/fallen trees,Removal of dead/fallen trees in Hoysala Nagar Field inspection assigned to DYRFO officer.,Registered,2025-06-18 01:36:00.000000000
20769851,INDIAN_OPENCITY_BBMP,General Consumer Services,Debris Removal / Construction Material,Debris Removal / Construction Material in Jnanabharathi Ward Field inspection assigned to AE officer.,Registered,2025-06-18 01:34:00.000000000
20769850,INDIAN_OPENCITY_BBMP,General Consumer Services,Issues Related to Parks/Medians/Circles/Island.,Issues Related to Parks/Medians/Circles/Island. in Dodda Bidarkallu Field inspection assigned to HS officer.,Registered,2025-06-18 01:34:00.000000000
20769849,INDIAN_OPENCITY_BBMP,General Consumer Services,Maintenance of SWD,Maintenance of SWD in Byatarayanapura Field inspection assigned to AE officer.,Registered,2025-06-18 01:34:00.000000000
20769847,INDIAN_OPENCITY_BBMP,General Consumer Services,Fatally injured - Needs immediate attention,Fatally injured - Needs immediate attention in Garudacharpalya Field inspection assigned to VI officer.,Registered,2025-06-18 01:32:00.000000000
20769845,INDIAN_OPENCITY_BBMP,General Consumer Services,shifting of the street dogs to other places,shifting of the street dogs to other places in Nagapura Field inspection assigned to VI officer.,Registered,2025-06-18 01:31:00.000000000
20769844,INDIAN_OPENCITY_BBMP,Street/Public Electrical Infrastructure,Street Light Not Working,Street Light Not Working in Sri Rammandira Field inspection assigned to JE officer.,Registered,2025-06-18 01:31:00.000000000
20769843,INDIAN_OPENCITY_BBMP,General Consumer Services,Potholes,Potholes in Uttarahalli Field inspection assigned to AE officer.,Registered,2025-06-18 01:31:00.000000000
20769842,INDIAN_OPENCITY_BBMP,General Consumer Services,Stray cattle related complaints,Stray cattle related complaints in Ulsoor Field inspection assigned to VI officer.,Registered,2025-06-18 01:31:00.000000000
20769840,INDIAN_OPENCITY_BBMP,General Consumer Services,Stray/Rabid dog bite,Stray/Rabid dog bite in Nagapura Field inspection assigned to VI officer.,Registered,2025-06-18 01:30:00.000000000
20769839,INDIAN_OPENCITY_BBMP,General Consumer Services,Animal birth control/neutering of stray dogs,Animal birth control/neutering of stray dogs in Peenya Industrial Area Field inspection assigned to VI officer.,Registered,2025-06-18 01:30:00.000000000
20769838,INDIAN_OPENCITY_BBMP,General Consumer Services,Others,Others in Deepanjali Nagar Field inspection assigned to Customer Support Representative officer.,Registered,2025-06-18 01:29:00.000000000
20769834,INDIAN_OPENCITY_BBMP,Street/Public Electrical Infrastructure,Street Light Not Working,Street Light Not Working in Konena Agrahara Field inspection assigned to AE officer.,Registered,2025-06-18 01:28:00.000000000
20769832,INDIAN_OPENCITY_BBMP,General Consumer Services,Road side drains,Road side drains in Hemmigepura Field inspection assigned to AE officer.,Registered,2025-06-18 01:27:00.000000000
20769831,INDIAN_OPENCITY_BBMP,General Consumer Services,Animal birth control/neutering of stray dogs,Animal birth control/neutering of stray dogs in Rajarajeshwari Nagar Field inspection assigned to VI officer.,Registered,2025-06-18 01:26:00.000000000
20769829,INDIAN_OPENCITY_BBMP,General Consumer Services,Without permission digging of road,Without permission digging of road in Doddanekkundi Field inspection assigned to AE officer.,Registered,2025-06-18 01:24:00.000000000
20769826,INDIAN_OPENCITY_BBMP,General Consumer Services,Garbage dump,Garbage dump in Sarvagna Nagar Field inspection assigned to Marshal officer.,Registered,2025-06-18 01:24:00.000000000
20769824,INDIAN_OPENCITY_BBMP,General Consumer Services,ekhata approval pending with ARO,ekhata approval pending with ARO in Kadugodi Field inspection assigned to ARO officer.,Registered,2025-06-18 01:23:00.000000000
20769823,INDIAN_OPENCITY_BBMP,General Consumer Services,Debris Removal / Construction Material,Debris Removal / Construction Material in Sarvagna Nagar Field inspection assigned to AE officer.,Registered,2025-06-18 01:23:00.000000000
20769819,INDIAN_OPENCITY_BBMP,General Consumer Services,TEC,TEC in Bellandur Field inspection assigned to AE officer.,Registered,2025-06-18 01:19:00.000000000
20769817,INDIAN_OPENCITY_BBMP,General Consumer Services,Fatally injured - Needs immediate attention,Fatally injured - Needs immediate attention in Byatarayanapura Field inspection assigned to VI officer.,Registered,2025-06-18 01:17:00.000000000
20769816,INDIAN_OPENCITY_BBMP,General Consumer Services,shifting of the street dogs to other places,shifting of the street dogs to other places in Shiva Nagar Field inspection assigned to VI officer.,Registered,2025-06-18 01:17:00.000000000
20769814,INDIAN_OPENCITY_BBMP,General Consumer Services,Removal of dead/fallen trees,Removal of dead/fallen trees in Malleshwaram Field inspection assigned to DYRFO officer.,Registered,2025-06-18 01:16:00.000000000
20769811,INDIAN_OPENCITY_BBMP,Street/Public Electrical Infrastructure,Street Lights Switched On During Day Time,Street Lights Switched On During Day Time in Vidyaranyapura Field inspection assigned to JE officer.,Registered,2025-06-18 01:14:00.000000000
20769808,INDIAN_OPENCITY_BBMP,General Consumer Services,Garbage dumping in vacant sites,Garbage dumping in vacant sites in Hongasandra Field inspection assigned to Marshal officer.,Registered,2025-06-18 01:13:00.000000000
20769807,INDIAN_OPENCITY_BBMP,General Consumer Services,Removal of dead/fallen trees,Removal of dead/fallen trees in Ganeshmandira Ward Field inspection assigned to DYRFO officer.,Registered,2025-06-18 01:08:00.000000000
20769806,INDIAN_OPENCITY_BBMP,General Consumer Services,Burning of Garbage in Open Space,Burning of Garbage in Open Space in Rajarajeshwari Nagar Field inspection assigned to Marshal officer.,Registered,2025-06-18 01:05:00.000000000
20769803,INDIAN_OPENCITY_BBMP,General Consumer Services,Garbage dump,Garbage dump in Dharmarayaswamy Temple Ward Field inspection assigned to Marshal officer.,Registered,2025-06-18 01:03:00.000000000
20769797,INDIAN_OPENCITY_BBMP,General Consumer Services,Maintenance of SWD,Maintenance of SWD in Hagadooru Field inspection assigned to AE officer.,Registered,2025-06-18 12:57:00.000000000
20769796,INDIAN_OPENCITY_BBMP,General Consumer Services,Garbage dump,Garbage dump in Nagavara Field inspection assigned to Marshal officer.,Registered,2025-06-18 12:55:00.000000000
20769795,INDIAN_OPENCITY_BBMP,Street/Public Electrical Infrastructure,Street Light Not Working,Street Light Not Working in Sudam Nagar Field inspection assigned to AE officer.,Registered,2025-06-18 12:55:00.000000000
20769794,INDIAN_OPENCITY_BBMP,General Consumer Services,Garbage vehicle not arrived,Garbage vehicle not arrived in Kuvempu Nagar Forwarded Task,Registered,2025-06-18 12:55:00.000000000
20769791,INDIAN_OPENCITY_BBMP,General Consumer Services,Animal birth control/neutering of stray dogs,Animal birth control/neutering of stray dogs in Shanthi Nagar Field inspection assigned to VI officer.,Registered,2025-06-18 12:51:00.000000000
20769790,INDIAN_OPENCITY_BBMP,General Consumer Services,Maintenance of SWD,Maintenance of SWD in Bagalagunte Field inspection assigned to AE officer.,Registered,2025-06-18 12:50:00.000000000
20769789,INDIAN_OPENCITY_BBMP,Street/Public Electrical Infrastructure,Street Light Not Working,Street Light Not Working in Koramangala Field inspection assigned to JE officer.,Registered,2025-06-18 12:48:00.000000000
20769787,INDIAN_OPENCITY_BBMP,General Consumer Services,Garbage dump,Garbage dump in Sagayapuram Field inspection assigned to Marshal officer.,Registered,2025-06-18 12:47:00.000000000
20769785,INDIAN_OPENCITY_BBMP,General Consumer Services,Maintenance of SWD,Maintenance of SWD in Varthur Field inspection assigned to AE officer.,Registered,2025-06-18 12:46:00.000000000
20769784,INDIAN_OPENCITY_BBMP,General Consumer Services,Garbage dump,Garbage dump in Kumaraswamy Layout Forwarded Task,Registered,2025-06-18 12:44:00.000000000
20769783,INDIAN_OPENCITY_BBMP,General Consumer Services,Garbage dump,Garbage dump in Nagavara Forwarded Task,Registered,2025-06-18 12:43:00.000000000
20769782,INDIAN_OPENCITY_BBMP,Street/Public Electrical Infrastructure,Street Light Not Working,Street Light Not Working in Agaram Field inspection assigned to AE officer.,Registered,2025-06-18 12:42:00.000000000
20769781,INDIAN_OPENCITY_BBMP,General Consumer Services,Maintenance of SWD,Maintenance of SWD in Kadugodi Field inspection assigned to AE officer.,Registered,2025-06-18 12:42:00.000000000
20769780,INDIAN_OPENCITY_BBMP,General Consumer Services,Stray/Rabid dog bite,Stray/Rabid dog bite in Bellandur Field inspection assigned to VI officer.,Registered,2025-06-18 12:42:00.000000000
20769779,INDIAN_OPENCITY_BBMP,General Consumer Services,Other Khata / ekhata issues,Other Khata / ekhata issues in Begur Field inspection assigned to ARO officer.,Registered,2025-06-18 12:41:00.000000000
20769778,INDIAN_OPENCITY_BBMP,Street/Public Electrical Infrastructure,Street Light Not Working,Street Light Not Working in Nagarabhavi Field inspection assigned to AE officer.,Registered,2025-06-18 12:41:00.000000000
20769773,INDIAN_OPENCITY_BBMP,Street/Public Electrical Infrastructure,Street Light Not Working,Street Light Not Working in Radhakrishna Temple Field inspection assigned to AE officer.,Registered,2025-06-18 12:38:00.000000000
20769767,INDIAN_OPENCITY_BBMP,General Consumer Services,obstructions Branches / Trees.,obstructions Branches / Trees. in Hosakerehalli Field inspection assigned to DYRFO officer.,Registered,2025-06-18 12:32:00.000000000
20769766,INDIAN_OPENCITY_BBMP,General Consumer Services,Stray dog related complaints,Stray dog related complaints in Peenya Industrial Area Field inspection assigned to VI officer.,Registered,2025-06-18 12:29:00.000000000
20769765,INDIAN_OPENCITY_BBMP,General Consumer Services,Anti Rabies Vaccination of stray dogs,Anti Rabies Vaccination of stray dogs in Konena Agrahara Field inspection assigned to VI officer.,Registered,2025-06-18 12:29:00.000000000
20769760,INDIAN_OPENCITY_BBMP,General Consumer Services,obstructions Branches / Trees.,obstructions Branches / Trees. in Gayathri Nagar Field inspection assigned to DYRFO officer.,Registered,2025-06-18 12:28:00.000000000
20769759,INDIAN_OPENCITY_BBMP,General Consumer Services,Sweeping not done,Sweeping not done in Shanthi Nagar Field inspection assigned to JHI officer.,Registered,2025-06-18 12:28:00.000000000
20769754,INDIAN_OPENCITY_BBMP,General Consumer Services,Garbage dump,Garbage dump in Basavanapura Field inspection assigned to Marshal officer.,Registered,2025-06-18 12:25:00.000000000
20769753,INDIAN_OPENCITY_BBMP,General Consumer Services,"Khata Services (Registration, Transfer, Bifurcation and Amalgamation)","Khata Services (Registration, Transfer, Bifurcation and Amalgamation) in Byatarayanapura Field inspection assigned to ARO officer.",Registered,2025-06-18 12:25:00.000000000
20769752,INDIAN_OPENCITY_BBMP,General Consumer Services,Garbage dumping in vacant sites,Garbage dumping in vacant sites in Hagadooru Field inspection assigned to Marshal officer.,Registered,2025-06-18 12:24:00.000000000
20769751,INDIAN_OPENCITY_BBMP,General Consumer Services,Garbage dump,Garbage dump in Jogupalya Field inspection assigned to Marshal officer.,Registered,2025-06-18 12:23:00.000000000
20769747,INDIAN_OPENCITY_BBMP,General Consumer Services,"Khata Services (Registration, Transfer, Bifurcation and Amalgamation)","Khata Services (Registration, Transfer, Bifurcation and Amalgamation) in HAL Airport Field inspection assigned to ARO officer.",Registered,2025-06-18 12:20:00.000000000
20769743,INDIAN_OPENCITY_BBMP,General Consumer Services,Potholes,Potholes in Chikpete Field inspection assigned to AE officer.,Registered,2025-06-18 12:17:00.000000000
20769740,INDIAN_OPENCITY_BBMP,General Consumer Services,Garbage dump,Garbage dump in K.R.Puram Forwarded Task,Registered,2025-06-18 12:14:00.000000000
20769737,INDIAN_OPENCITY_BBMP,General Consumer Services,Other Khata / ekhata issues,Other Khata / ekhata issues in Horamavu Field inspection assigned to ARO officer.,Registered,2025-06-18 12:13:00.000000000
20769734,INDIAN_OPENCITY_BBMP,General Consumer Services,Garbage vehicle not arrived,Garbage vehicle not arrived in Varthur Field inspection assigned to Marshal officer.,Registered,2025-06-18 12:11:00.000000000
20769732,INDIAN_OPENCITY_BBMP,General Consumer Services,Potholes,Potholes in Benniganahalli Field inspection assigned to AE officer.,Registered,2025-06-18 12:11:00.000000000
20769731,INDIAN_OPENCITY_BBMP,Street/Public Electrical Infrastructure,Street Lights Switched On During Day Time,Street Lights Switched On During Day Time in Uttarahalli Field inspection assigned to JE officer.,Registered,2025-06-18 12:11:00.000000000
20769730,INDIAN_OPENCITY_BBMP,General Consumer Services,shifting of the street dogs to other places,shifting of the street dogs to other places in Uttarahalli Field inspection assigned to VI officer.,Registered,2025-06-18 12:10:00.000000000
20769729,INDIAN_OPENCITY_BBMP,General Consumer Services,Technical Issue In Ekhata,Technical Issue In Ekhata in Horamavu Field inspection assigned to RI officer.,Registered,2025-06-18 12:10:00.000000000
20769728,INDIAN_OPENCITY_BBMP,Street/Public Electrical Infrastructure,Street Light Not Working,Street Light Not Working in Gurappanapalya Field inspection assigned to AE officer.,Registered,2025-06-18 12:09:00.000000000
20769727,INDIAN_OPENCITY_BBMP,General Consumer Services,Ekhata - name correction,Ekhata - name correction in Horamavu Field inspection assigned to ARO officer.,Registered,2025-06-18 12:09:00.000000000
20769722,INDIAN_OPENCITY_BBMP,General Consumer Services,Garbage dump,Garbage dump in Horamavu Forwarded Task,Registered,2025-06-18 12:07:00.000000000
20769721,INDIAN_OPENCITY_BBMP,General Consumer Services,Air/Noise pollution,Air/Noise pollution in Mallasandra Field inspection assigned to SHI officer.,Registered,2025-06-18 12:07:00.000000000
20769720,INDIAN_OPENCITY_BBMP,Street/Public Electrical Infrastructure,Street Lights Switched On During Day Time,Street Lights Switched On During Day Time in Subhash Nagar Field inspection assigned to JE officer.,Registered,2025-06-18 12:07:00.000000000
20769718,INDIAN_OPENCITY_BBMP,General Consumer Services,Removal of dead/fallen trees,Removal of dead/fallen trees in Banaswadi Field inspection assigned to DYRFO officer.,Registered,2025-06-18 12:05:00.000000000
20769717,INDIAN_OPENCITY_BBMP,General Consumer Services,Garbage dump,Garbage dump in Chikpete This point is Regularly Clrared,Closed,2025-06-18 12:04:00.000000000
20769711,INDIAN_OPENCITY_BBMP,General Consumer Services,Removal of dead/fallen trees,Removal of dead/fallen trees in Newthippasandra Field inspection assigned to DYRFO officer.,Registered,2025-06-18 12:01:00.000000000
20769709,INDIAN_OPENCITY_BBMP,General Consumer Services,Garbage dump,Garbage dump in Sampangiram Nagar Field inspection assigned to Marshal officer.,Registered,2025-06-18 12:00:00.000000000
20769708,INDIAN_OPENCITY_BBMP,General Consumer Services,Removal of dead/fallen trees,Removal of dead/fallen trees in Shettyhalli Field inspection assigned to DYRFO officer.,Registered,2025-06-18 12:00:00.000000000
20769696,INDIAN_OPENCITY_BBMP,General Consumer Services,Garbage transfer not as per norms & area not kept clean,Garbage transfer not as per norms & area not kept clean in Basavanagudi Clear,Closed,2025-06-18 11:53:00.000000000
20769695,INDIAN_OPENCITY_BBMP,General Consumer Services,Road cutting,Road cutting in Shakambari Nagar Field inspection assigned to AE officer.,Registered,2025-06-18 11:53:00.000000000
20769690,INDIAN_OPENCITY_BBMP,General Consumer Services,Garbage dump,Garbage dump in Dr.Rajkumar Ward Field inspection assigned to Marshal officer.,Registered,2025-06-18 11:49:00.000000000
20769689,INDIAN_OPENCITY_BBMP,General Consumer Services,Garbage dump,Garbage dump in H.M.T Field inspection assigned to Marshal officer.,Registered,2025-06-18 11:49:00.000000000
20769687,INDIAN_OPENCITY_BBMP,General Consumer Services,Garbage vehicle not arrived,Garbage vehicle not arrived in Pulikeshi Nagar Field inspection assigned to Marshal officer.,Registered,2025-06-18 11:47:00.000000000
20769686,INDIAN_OPENCITY_BBMP,General Consumer Services,Garbage dump,Garbage dump in Konanakunte Forwarded Task,Registered,2025-06-18 11:46:00.000000000
20769681,INDIAN_OPENCITY_BBMP,General Consumer Services,Public toilet(s) cleaning,Public toilet(s) cleaning in Jakkur Field inspection assigned to JHI officer.,Registered,2025-06-18 11:43:00.000000000
20769680,INDIAN_OPENCITY_BBMP,General Consumer Services,Animal Rescue - Not well - Requires attention,Animal Rescue - Not well - Requires attention in Someshwara Field inspection assigned to VI officer.,Registered,2025-06-18 11:43:00.000000000
20769672,INDIAN_OPENCITY_BBMP,General Consumer Services,Others,Others in Jakkur Field inspection assigned to Customer Support Representative officer.,Registered,2025-06-18 11:40:00.000000000
20769671,INDIAN_OPENCITY_BBMP,General Consumer Services,Garbage vehicle not arrived,Garbage vehicle not arrived in Nagavara Field inspection assigned to Marshal officer.,Registered,2025-06-18 11:40:00.000000000
20769667,INDIAN_OPENCITY_BBMP,General Consumer Services,obstructions Branches / Trees.,obstructions Branches / Trees. in Katriguppe Field inspection assigned to DYRFO officer.,Registered,2025-06-18 11:38:00.000000000
20769666,INDIAN_OPENCITY_BBMP,General Consumer Services,Road Infrastructure,Road Infrastructure in Uttarahalli Field inspection assigned to AE officer.,Registered,2025-06-18 11:38:00.000000000
20769665,INDIAN_OPENCITY_BBMP,General Consumer Services,Stray dog related complaints,Stray dog related complaints in Jnanabharathi Ward Field inspection assigned to VI officer.,Registered,2025-06-18 11:37:00.000000000
20769663,INDIAN_OPENCITY_BBMP,General Consumer Services,obstructions Branches / Trees.,obstructions Branches / Trees. in Vidyaranyapura Field inspection assigned to DYRFO officer.,Registered,2025-06-18 11:37:00.000000000
20769658,INDIAN_OPENCITY_BBMP,General Consumer Services,Garbage dump,Garbage dump in Hoodi Forwarded Task,Registered,2025-06-18 11:33:00.000000000
20769657,INDIAN_OPENCITY_BBMP,General Consumer Services,Road side drains,Road side drains in Sampangiram Nagar Field inspection assigned to AE officer.,Registered,2025-06-18 11:31:00.000000000
20769655,INDIAN_OPENCITY_BBMP,General Consumer Services,Removal of dead/fallen trees,Removal of dead/fallen trees in Kempegowda Ward Field inspection assigned to DYRFO officer.,Registered,2025-06-18 11:30:00.000000000
20769648,INDIAN_OPENCITY_BBMP,General Consumer Services,obstructions Branches / Trees.,obstructions Branches / Trees. in Basaveshwara Nagar Field inspection assigned to DYRFO officer.,Registered,2025-06-18 11:29:00.000000000
20769645,INDIAN_OPENCITY_BBMP,General Consumer Services,Garbage dump,Garbage dump in Padmanabha Nagar Forwarded Task,Registered,2025-06-18 11:27:00.000000000
20769642,INDIAN_OPENCITY_BBMP,General Consumer Services,Garbage dump,Garbage dump in Yeshwanthpur Field inspection assigned to Marshal officer.,Registered,2025-06-18 11:24:00.000000000
20769641,INDIAN_OPENCITY_BBMP,General Consumer Services,Garbage dump,Garbage dump in Basavanagudi Garbage clear only debris I informed engineering department,Closed,2025-06-18 11:24:00.000000000
20769640,INDIAN_OPENCITY_BBMP,General Consumer Services,Other Khata / ekhata issues,Other Khata / ekhata issues in Hanumantha Nagar Field inspection assigned to ARO officer.,Registered,2025-06-18 11:24:00.000000000
20769639,INDIAN_OPENCITY_BBMP,General Consumer Services,obstructions Branches / Trees.,obstructions Branches / Trees. in Kottigepalya Field inspection assigned to DYRFO officer.,Registered,2025-06-18 11:24:00.000000000
20769637,INDIAN_OPENCITY_BBMP,General Consumer Services,Garbage dumping in vacant sites,Garbage dumping in vacant sites in Kodigehalli Field inspection assigned to Marshal officer.,Registered,2025-06-18 11:24:00.000000000
20769635,INDIAN_OPENCITY_BBMP,General Consumer Services,Garbage vehicle not arrived,Garbage vehicle not arrived in Mahalakshmipuram Field inspection assigned to Marshal officer.,Registered,2025-06-18 11:22:00.000000000
20769633,INDIAN_OPENCITY_BBMP,General Consumer Services,Garbage vehicle not arrived,Garbage vehicle not arrived in Bagalagunte Field inspection assigned to Marshal officer.,Registered,2025-06-18 11:21:00.000000000
20769628,INDIAN_OPENCITY_BBMP,General Consumer Services,Air/Noise pollution,Air/Noise pollution in Jeevanbhima Nagar Field inspection assigned to SHI officer.,Registered,2025-06-18 11:18:00.000000000
20769626,INDIAN_OPENCITY_BBMP,General Consumer Services,Stray dog related complaints,Stray dog related complaints in HAL Airport Field inspection assigned to VI officer.,Registered,2025-06-18 11:16:00.000000000
20769624,INDIAN_OPENCITY_BBMP,General Consumer Services,Removal of dead/fallen trees,Removal of dead/fallen trees in Gayathri Nagar Field inspection assigned to DYRFO officer.,Registered,2025-06-18 11:16:00.000000000
20769622,INDIAN_OPENCITY_BBMP,General Consumer Services,water stagnation,water stagnation in Sudam Nagar Field inspection assigned to AE officer.,Registered,2025-06-18 11:15:00.000000000
20769621,INDIAN_OPENCITY_BBMP,General Consumer Services,Stray/Rabid dog bite,Stray/Rabid dog bite in Yadiyuru Field inspection assigned to VI officer.,Registered,2025-06-18 11:14:00.000000000
20769620,INDIAN_OPENCITY_BBMP,General Consumer Services,Garbage dump,Garbage dump in Chamrajpet Field inspection assigned to Marshal officer.,Registered,2025-06-18 11:14:00.000000000
20769615,INDIAN_OPENCITY_BBMP,General Consumer Services,Garbage vehicle not arrived,Garbage vehicle not arrived in J.P.Nagar Forwarded Task,Registered,2025-06-18 11:13:00.000000000
20769611,INDIAN_OPENCITY_BBMP,General Consumer Services,Garbage dump,Garbage dump in Lakkasandra Field inspection assigned to Marshal officer.,Registered,2025-06-18 11:12:00.000000000
20769607,INDIAN_OPENCITY_BBMP,General Consumer Services,Potholes,Potholes in Lingarajapuram Field inspection assigned to AE officer.,Registered,2025-06-18 11:11:00.000000000
20769606,INDIAN_OPENCITY_BBMP,General Consumer Services,Animal Cruelty/Ill-Treated / Abused,Animal Cruelty/Ill-Treated / Abused in Nagarabhavi Field inspection assigned to VI officer.,Registered,2025-06-18 11:10:00.000000000
20769605,INDIAN_OPENCITY_BBMP,General Consumer Services,Garbage vehicle not arrived,Garbage vehicle not arrived in Konanakunte Field inspection assigned to Marshal officer.,Registered,2025-06-18 11:10:00.000000000
20769604,INDIAN_OPENCITY_BBMP,General Consumer Services,obstructions Branches / Trees.,"obstructions Branches / Trees. in Konanakunte Please submit application to BBMP, Forest Department",Closed,2025-06-18 11:09:00.000000000
20769602,INDIAN_OPENCITY_BBMP,General Consumer Services,Overhanging cables,Overhanging cables in Rajaji Nagar Field inspection assigned to AE officer.,Registered,2025-06-18 11:08:00.000000000
20769600,INDIAN_OPENCITY_BBMP,General Consumer Services,Complaint against SW collector/ SWM official for violation of SWM Rules,Complaint against SW collector/ SWM official for violation of SWM Rules in Someshwara Field inspection assigned to Marshal officer.,Registered,2025-06-18 11:07:00.000000000
20769594,INDIAN_OPENCITY_BBMP,General Consumer Services,Garbage dump,Garbage dump in Vishwanathnagenahalli Forwarded Task,Registered,2025-06-18 11:06:00.000000000
20769593,INDIAN_OPENCITY_BBMP,General Consumer Services,Garbage dump,Garbage dump in Marappana Palya Field inspection assigned to Marshal officer.,Registered,2025-06-18 11:05:00.000000000
20769592,INDIAN_OPENCITY_BBMP,General Consumer Services,Garbage dump,Garbage dump in Chalavadipalya Field inspection assigned to Marshal officer.,Registered,2025-06-18 11:05:00.000000000
20769591,INDIAN_OPENCITY_BBMP,General Consumer Services,Feeder Harassment by Association / Gated Community,Feeder Harassment by Association / Gated Community in Jakkur Field inspection assigned to VI officer.,Registered,2025-06-18 11:04:00.000000000
20769590,INDIAN_OPENCITY_BBMP,General Consumer Services,Debris Removal / Construction Material,Debris Removal / Construction Material in Arakere Field inspection assigned to AE officer.,Registered,2025-06-18 11:04:00.000000000
20769589,INDIAN_OPENCITY_BBMP,General Consumer Services,Removal of dead/fallen trees,Removal of dead/fallen trees in HSR Layout Field inspection assigned to RFO officer.,Registered,2025-06-18 11:04:00.000000000
20769581,INDIAN_OPENCITY_BBMP,General Consumer Services,shifting of the street dogs to other places,shifting of the street dogs to other places in Devasandra Field inspection assigned to VI officer.,Registered,2025-06-18 11:01:00.000000000
20769579,INDIAN_OPENCITY_BBMP,General Consumer Services,Garbage dump,Garbage dump in Someshwara This Complaint is Clear,Closed,2025-06-18 11:01:00.000000000
20769577,INDIAN_OPENCITY_BBMP,General Consumer Services,Garbage dumping in vacant sites,Garbage dumping in vacant sites in Horamavu Field inspection assigned to Marshal officer.,Registered,2025-06-18 11:00:00.000000000
20769574,INDIAN_OPENCITY_BBMP,General Consumer Services,Garbage transfer not as per norms & area not kept clean,Garbage transfer not as per norms & area not kept clean in Horamavu Forwarded Task,Registered,2025-06-18 10:58:00.000000000
20769573,INDIAN_OPENCITY_BBMP,General Consumer Services,Garbage transfer not as per norms & area not kept clean,Garbage transfer not as per norms & area not kept clean in Benniganahalli Field inspection assigned to Marshal officer.,Registered,2025-06-18 10:58:00.000000000
20769569,INDIAN_OPENCITY_BBMP,General Consumer Services,Debris Removal / Construction Material,Debris Removal / Construction Material in Byatarayanapura Field inspection assigned to AE officer.,Registered,2025-06-18 10:57:00.000000000
20769568,INDIAN_OPENCITY_BBMP,General Consumer Services,Technical Issue In Ekhata,Technical Issue In Ekhata in Jakkur Field inspection assigned to RI officer.,Registered,2025-06-18 10:57:00.000000000
20769567,INDIAN_OPENCITY_BBMP,General Consumer Services,obstructions Branches / Trees.,obstructions Branches / Trees. in Neelasandra Field inspection assigned to DYRFO officer.,Registered,2025-06-18 10:56:00.000000000
20769563,INDIAN_OPENCITY_BBMP,General Consumer Services,Garbage vehicle not arrived,Garbage vehicle not arrived in Shakambari Nagar Field inspection assigned to Marshal officer.,Registered,2025-06-18 10:55:00.000000000
20769558,INDIAN_OPENCITY_BBMP,General Consumer Services,Stray dog related complaints,Stray dog related complaints in Sanjay Nagar Field inspection assigned to VI officer.,Registered,2025-06-18 10:54:00.000000000
20769557,INDIAN_OPENCITY_BBMP,General Consumer Services,obstructions Branches / Trees.,obstructions Branches / Trees. in Vasanth Nagar Field inspection assigned to DYRFO officer.,Registered,2025-06-18 10:54:00.000000000
20769556,INDIAN_OPENCITY_BBMP,General Consumer Services,Garbage dumping in vacant sites,Garbage dumping in vacant sites in Jayangar Field inspection assigned to Marshal officer.,Registered,2025-06-18 10:53:00.000000000
20769555,INDIAN_OPENCITY_BBMP,General Consumer Services,Removal of dead/fallen trees,Removal of dead/fallen trees in Vannarpet Field inspection assigned to DYRFO officer.,Registered,2025-06-18 10:53:00.000000000
20769553,INDIAN_OPENCITY_BBMP,General Consumer Services,Increase in mosquito density,Increase in mosquito density in Jnanabharathi Ward Forwarded Task,Registered,2025-06-18 10:52:00.000000000
20769550,INDIAN_OPENCITY_BBMP,General Consumer Services,eKhata - name Mismatch,eKhata - name Mismatch in Katriguppe Field inspection assigned to ARO officer.,Registered,2025-06-18 10:51:00.000000000
20769548,INDIAN_OPENCITY_BBMP,General Consumer Services,footpath encroachment,footpath encroachment in BTM Layout Field inspection assigned to AE officer.,Registered,2025-06-18 10:51:00.000000000
20769547,INDIAN_OPENCITY_BBMP,General Consumer Services,Potholes,Potholes in Shakambari Nagar Field inspection assigned to AE officer.,Registered,2025-06-18 10:50:00.000000000
20769544,INDIAN_OPENCITY_BBMP,General Consumer Services,Garbage vehicle not arrived,Garbage vehicle not arrived in Jayanagar East Field inspection assigned to Marshal officer.,Registered,2025-06-18 10:50:00.000000000
20769543,INDIAN_OPENCITY_BBMP,General Consumer Services,Garbage dump,Garbage dump in Chalavadipalya Forwarded Task,Registered,2025-06-18 10:50:00.000000000
20769541,INDIAN_OPENCITY_BBMP,General Consumer Services,Sewerage water left in SWD,Sewerage water left in SWD in Kengeri Field inspection assigned to AE officer.,Registered,2025-06-18 10:49:00.000000000
20769537,INDIAN_OPENCITY_BBMP,General Consumer Services,Garbage vehicle not arrived,Garbage vehicle not arrived in Katriguppe Field inspection assigned to Marshal officer.,Registered,2025-06-18 10:47:00.000000000
20769535,INDIAN_OPENCITY_BBMP,General Consumer Services,Removal of dead/fallen trees,Removal of dead/fallen trees in Doddanekkundi Field inspection assigned to DYRFO officer.,Registered,2025-06-18 10:46:00.000000000
20769533,INDIAN_OPENCITY_BBMP,General Consumer Services,Garbage dump,Garbage dump in Chikpete This point cleared,Closed,2025-06-18 10:45:00.000000000
20769532,INDIAN_OPENCITY_BBMP,General Consumer Services,Road side drains,Road side drains in Vasanthapura .,Closed,2025-06-18 10:45:00.000000000
20769531,INDIAN_OPENCITY_BBMP,General Consumer Services,Garbage vehicle not arrived,Garbage vehicle not arrived in Adugodi Field inspection assigned to Marshal officer.,Registered,2025-06-18 10:44:00.000000000
20769529,INDIAN_OPENCITY_BBMP,General Consumer Services,Garbage dumping in vacant sites,Garbage dumping in vacant sites in BTM Layout Field inspection assigned to Marshal officer.,Registered,2025-06-18 10:43:00.000000000
20769522,INDIAN_OPENCITY_BBMP,General Consumer Services,Road side drains,Road side drains in Koramangala Field inspection assigned to AE officer.,Registered,2025-06-18 10:39:00.000000000
20769520,INDIAN_OPENCITY_BBMP,General Consumer Services,Stray/Rabid dog bite,Stray/Rabid dog bite in Benniganahalli Field inspection assigned to VI officer.,Registered,2025-06-18 10:38:00.000000000
20769519,INDIAN_OPENCITY_BBMP,General Consumer Services,Garbage dump,Garbage dump in Chokkasandra Clear,Closed,2025-06-18 10:38:00.000000000
20769518,INDIAN_OPENCITY_BBMP,Street/Public Electrical Infrastructure,Street Light Not Working,Street Light Not Working in Chokkasandra Field inspection assigned to AE officer.,Registered,2025-06-18 10:38:00.000000000
20769516,INDIAN_OPENCITY_BBMP,General Consumer Services,ekhata approval pending with ARO,ekhata approval pending with ARO in Jayangar Field inspection assigned to ARO officer.,Registered,2025-06-18 10:37:00.000000000
20769514,INDIAN_OPENCITY_BBMP,General Consumer Services,Removal of dead/fallen trees,Removal of dead/fallen trees in Kumaraswamy Layout Field inspection assigned to DYRFO officer.,Registered,2025-06-18 10:36:00.000000000
20769506,INDIAN_OPENCITY_BBMP,General Consumer Services,Garbage dump,Garbage dump in C.V.Raman Nagar Field inspection assigned to Marshal officer.,Registered,2025-06-18 10:31:00.000000000
20769505,INDIAN_OPENCITY_BBMP,General Consumer Services,Road side drains,Road side drains in Nagarabhavi Field inspection assigned to AE officer.,Registered,2025-06-18 10:30:00.000000000
20769502,INDIAN_OPENCITY_BBMP,General Consumer Services,Garbage vehicle not arrived,Garbage vehicle not arrived in Kavalbyrasandra Hope they have made it a habit to close the complains without attending the job hence reopened,ReOpen,2025-06-18 10:28:00.000000000
20769501,INDIAN_OPENCITY_BBMP,General Consumer Services,Removal of dead/fallen trees,Removal of dead/fallen trees in Someshwara Field inspection assigned to DYRFO officer.,Registered,2025-06-18 10:28:00.000000000
20769500,INDIAN_OPENCITY_BBMP,General Consumer Services,Debris Removal / Construction Material,Debris Removal / Construction Material in Okalipuram Field inspection assigned to AE officer.,Registered,2025-06-18 10:27:00.000000000
20769498,INDIAN_OPENCITY_BBMP,General Consumer Services,Garbage dump,Garbage dump in Chokkasandra Attended,Closed,2025-06-18 10:27:00.000000000
20769497,INDIAN_OPENCITY_BBMP,General Consumer Services,Fogging,Fogging in Ullalu Field inspection assigned to SHI officer.,Registered,2025-06-18 10:26:00.000000000
20769496,INDIAN_OPENCITY_BBMP,Street/Public Electrical Infrastructure,Street Light Not Working,Street Light Not Working in Sampangiram Nagar Field inspection assigned to AE officer.,Registered,2025-06-18 10:26:00.000000000
20769495,INDIAN_OPENCITY_BBMP,General Consumer Services,Animal Rescue - Not well - Requires attention,Animal Rescue - Not well - Requires attention in Kodigehalli Field inspection assigned to VI officer.,Registered,2025-06-18 10:24:00.000000000
20769493,INDIAN_OPENCITY_BBMP,General Consumer Services,shifting of the street dogs to other places,shifting of the street dogs to other places in Rajarajeshwari Nagar Field inspection assigned to VI officer.,Registered,2025-06-18 10:24:00.000000000
20769491,INDIAN_OPENCITY_BBMP,General Consumer Services,Sweeping not done,Sweeping not done in Giri Nagar Field inspection assigned to JHI officer.,Registered,2025-06-18 10:23:00.000000000
20769489,INDIAN_OPENCITY_BBMP,Street/Public Electrical Infrastructure,Street Light Not Working,Street Light Not Working in Subramanya Nagar Field inspection assigned to JE officer.,Registered,2025-06-18 10:21:00.000000000
20769488,INDIAN_OPENCITY_BBMP,General Consumer Services,Animal birth control/neutering of stray dogs,Animal birth control/neutering of stray dogs in Shettyhalli Field inspection assigned to VI officer.,Registered,2025-06-18 10:21:00.000000000
20769487,INDIAN_OPENCITY_BBMP,General Consumer Services,Potholes,Potholes in Visvesvarapuram Field inspection assigned to AEE officer.,Registered,2025-06-18 10:20:00.000000000
20769485,INDIAN_OPENCITY_BBMP,General Consumer Services,Overhanging cables,Overhanging cables in H.M.T Field inspection assigned to AE officer.,Registered,2025-06-18 10:19:00.000000000
20769483,INDIAN_OPENCITY_BBMP,General Consumer Services,Garbage vehicle not arrived,Garbage vehicle not arrived in Shettyhalli Solved,Closed,2025-06-18 10:15:00.000000000
20769481,INDIAN_OPENCITY_BBMP,General Consumer Services,Footpath,Footpath in H.M.T Field inspection assigned to AE officer.,Registered,2025-06-18 10:15:00.000000000
20769480,INDIAN_OPENCITY_BBMP,General Consumer Services,Potholes,Potholes in Garudacharpalya Field inspection assigned to AE officer.,Registered,2025-06-18 10:15:00.000000000
20769479,INDIAN_OPENCITY_BBMP,General Consumer Services,Unsafe Hoardings,Unsafe Hoardings in H.M.T Field inspection assigned to ARO officer.,Registered,2025-06-18 10:13:00.000000000
20769478,INDIAN_OPENCITY_BBMP,General Consumer Services,Garbage vehicle not arrived,Garbage vehicle not arrived in Byatarayanapura Field inspection assigned to Marshal officer.,Registered,2025-06-18 10:13:00.000000000
20769477,INDIAN_OPENCITY_BBMP,General Consumer Services,Road Infrastructure,Road Infrastructure in Maruthi Seva Nagar Forwarded Task,Registered,2025-06-18 10:13:00.000000000
20769476,INDIAN_OPENCITY_BBMP,General Consumer Services,Debris Removal / Construction Material,Debris Removal / Construction Material in Manorayanapalya Field inspection assigned to AE officer.,Registered,2025-06-18 10:11:00.000000000
20769475,INDIAN_OPENCITY_BBMP,General Consumer Services,Potholes,Potholes in Jakkur Field inspection assigned to AE officer.,Registered,2025-06-18 10:11:00.000000000
20769474,INDIAN_OPENCITY_BBMP,General Consumer Services,Garbage vehicle not arrived,Garbage vehicle not arrived in Doddanekkundi ಗ್ರಿವಂನ್ಸ್ number not reachable,Closed,2025-06-18 10:10:00.000000000
20769473,INDIAN_OPENCITY_BBMP,General Consumer Services,obstructions Branches / Trees.,obstructions Branches / Trees. in Visvesvarapuram Field inspection assigned to DYRFO officer.,Registered,2025-06-18 10:10:00.000000000
20769472,INDIAN_OPENCITY_BBMP,General Consumer Services,Fatally injured - Needs immediate attention,Fatally injured - Needs immediate attention in Mangammanapalya Field inspection assigned to VI officer.,Registered,2025-06-18 10:10:00.000000000
20769471,INDIAN_OPENCITY_BBMP,General Consumer Services,Garbage dump,Garbage dump in Shakambari Nagar Field inspection assigned to Marshal officer.,Registered,2025-06-18 10:08:00.000000000
20769468,INDIAN_OPENCITY_BBMP,General Consumer Services,Sweeping not done,Sweeping not done in Vishwanathnagenahalli Field inspection assigned to JHI officer.,Registered,2025-06-18 10:06:00.000000000
20769467,INDIAN_OPENCITY_BBMP,General Consumer Services,Removal of dead/fallen trees,Removal of dead/fallen trees in Arakere Field inspection assigned to RFO officer.,Registered,2025-06-18 10:06:00.000000000
20769463,INDIAN_OPENCITY_BBMP,General Consumer Services,Garbage vehicle not arrived,Garbage vehicle not arrived in Laggere Forwarded Task,Registered,2025-06-18 10:03:00.000000000
20769461,INDIAN_OPENCITY_BBMP,General Consumer Services,Debris Removal / Construction Material,Debris Removal / Construction Material in Vasanth Nagar Field inspection assigned to AE officer.,Registered,2025-06-18 10:02:00.000000000
20769460,INDIAN_OPENCITY_BBMP,General Consumer Services,Garbage dump,Garbage dump in Varthur This belongs to kodati panchayat limit,Closed,2025-06-18 10:02:00.000000000
20769459,INDIAN_OPENCITY_BBMP,Street/Public Electrical Infrastructure,Street Light Not Working,Street Light Not Working in Mangammanapalya Field inspection assigned to JE officer.,In Progress,2025-06-18 10:02:00.000000000
20769457,INDIAN_OPENCITY_BBMP,General Consumer Services,Potholes,Potholes in Ejipura Field inspection assigned to AE officer.,Registered,2025-06-18 10:00:00.000000000
20769455,INDIAN_OPENCITY_BBMP,General Consumer Services,Removal of dead/fallen trees,Removal of dead/fallen trees in Sunkenahalli Field inspection assigned to DYRFO officer.,Registered,2025-06-18 09:58:00.000000000
20769454,INDIAN_OPENCITY_BBMP,General Consumer Services,obstructions Branches / Trees.,"obstructions Branches / Trees. in Uttarahalli Please submit application to BBMP, Forest Department",Closed,2025-06-18 09:57:00.000000000
20769452,INDIAN_OPENCITY_BBMP,General Consumer Services,Complaint against SW collector/ SWM official for violation of SWM Rules,Complaint against SW collector/ SWM official for violation of SWM Rules in Kuvempu Nagar Complaint resolved,Closed,2025-06-18 09:56:00.000000000
20769449,INDIAN_OPENCITY_BBMP,General Consumer Services,Garbage vehicle not arrived,Garbage vehicle not arrived in Dodda Bidarkallu Complaint attended,Closed,2025-06-18 09:53:00.000000000
20769448,INDIAN_OPENCITY_BBMP,General Consumer Services,ekhata approval pending with ARO,ekhata approval pending with ARO in Ramamurthy Nagar Field inspection assigned to ARO officer.,Registered,2025-06-18 09:53:00.000000000
20769442,INDIAN_OPENCITY_BBMP,General Consumer Services,obstructions Branches / Trees.,obstructions Branches / Trees. in Kuvempu Nagar Field inspection assigned to DYRFO officer.,Registered,2025-06-18 09:48:00.000000000
20769436,INDIAN_OPENCITY_BBMP,General Consumer Services,Garbage vehicle not arrived,Garbage vehicle not arrived in Basavanapura Forwarded Task,Registered,2025-06-18 09:47:00.000000000
20769435,INDIAN_OPENCITY_BBMP,Street/Public Electrical Infrastructure,Street Light Not Working,Street Light Not Working in Anjanapur It belongs to BDA layout and kindly contact BDA engineer,Closed,2025-06-18 09:47:00.000000000
20769431,INDIAN_OPENCITY_BBMP,General Consumer Services,Complaint against SW collector/ SWM official for violation of SWM Rules,Complaint against SW collector/ SWM official for violation of SWM Rules in Jnanabharathi Ward Clear,Closed,2025-06-18 09:44:00.000000000
20769430,INDIAN_OPENCITY_BBMP,General Consumer Services,Garbage dump,Garbage dump in Maruthi Seva Nagar Field inspection assigned to Marshal officer.,Registered,2025-06-18 09:44:00.000000000
20769428,INDIAN_OPENCITY_BBMP,General Consumer Services,Garbage dump,Garbage dump in Ganeshmandira Ward Forwarded Task,Registered,2025-06-18 09:43:00.000000000
20769427,INDIAN_OPENCITY_BBMP,Street/Public Electrical Infrastructure,Street Lights Switched On During Day Time,Street Lights Switched On During Day Time in Agaram Field inspection assigned to AE officer.,Registered,2025-06-18 09:42:00.000000000
20769423,INDIAN_OPENCITY_BBMP,General Consumer Services,Request for ABC,Request for ABC in Gandhi Nagar Field inspection assigned to VI officer.,Registered,2025-06-18 09:40:00.000000000
20769420,INDIAN_OPENCITY_BBMP,General Consumer Services,Unable to generate the property tax challan,Unable to generate the property tax challan in Bellandur Field inspection assigned to ARO officer.,Registered,2025-06-18 09:37:00.000000000
20769418,INDIAN_OPENCITY_BBMP,General Consumer Services,Complaint against SW collector/ SWM official for violation of SWM Rules,Complaint against SW collector/ SWM official for violation of SWM Rules in Hemmigepura Field inspection assigned to Marshal officer.,Registered,2025-06-18 09:36:00.000000000
20769417,INDIAN_OPENCITY_BBMP,General Consumer Services,Road side drains,Road side drains in HAL Airport CLOSE,Closed,2025-06-18 09:36:00.000000000
20769416,INDIAN_OPENCITY_BBMP,General Consumer Services,water stagnation,water stagnation in HAL Airport CLOSE,Closed,2025-06-18 09:35:00.000000000
20769412,INDIAN_OPENCITY_BBMP,General Consumer Services,footpath encroachment,footpath encroachment in Hoysala Nagar Forwarded Task,Registered,2025-06-18 09:33:00.000000000
20769411,INDIAN_OPENCITY_BBMP,General Consumer Services,Fatally injured - Needs immediate attention,Fatally injured - Needs immediate attention in Basavanapura Field inspection assigned to VI officer.,Registered,2025-06-18 09:32:00.000000000
20769409,INDIAN_OPENCITY_BBMP,General Consumer Services,Garbage transfer not as per norms & area not kept clean,Garbage transfer not as per norms & area not kept clean in Mathikere Complaint clear,Closed,2025-06-18 09:31:00.000000000
20769408,INDIAN_OPENCITY_BBMP,General Consumer Services,UnAuthorised Constructions,UnAuthorised Constructions in Kamakshipalya Field inspection assigned to AE officer.,Registered,2025-06-18 09:30:00.000000000
20769406,INDIAN_OPENCITY_BBMP,General Consumer Services,Spraying,Spraying in Jnanabharathi Ward Field inspection assigned to SHI officer.,Registered,2025-06-18 09:29:00.000000000
20769405,INDIAN_OPENCITY_BBMP,General Consumer Services,Garbage dump,Garbage dump in Banaswadi Forwarded Task,Registered,2025-06-18 09:28:00.000000000
20769404,INDIAN_OPENCITY_BBMP,General Consumer Services,Garbage vehicle not arrived,Garbage vehicle not arrived in Vannarpet Field inspection assigned to Marshal officer.,Registered,2025-06-18 09:28:00.000000000
20769401,INDIAN_OPENCITY_BBMP,General Consumer Services,Stray dog related complaints,Stray dog related complaints in Hoodi Field inspection assigned to VI officer.,Registered,2025-06-18 09:27:00.000000000
20769400,INDIAN_OPENCITY_BBMP,General Consumer Services,Garbage dump,Garbage dump in Doddanekkundi Forwarded Task,Registered,2025-06-18 09:27:00.000000000
20769398,INDIAN_OPENCITY_BBMP,Street/Public Electrical Infrastructure,Street Light Not Working,Street Light Not Working in Devasandra Field inspection assigned to AE officer.,Registered,2025-06-18 09:26:00.000000000
20769397,INDIAN_OPENCITY_BBMP,General Consumer Services,Road side drains,Road side drains in Basavanapura Field inspection assigned to AE officer.,Registered,2025-06-18 09:24:00.000000000
20769396,INDIAN_OPENCITY_BBMP,General Consumer Services,Animal birth control/neutering of stray dogs,Animal birth control/neutering of stray dogs in Doddanekkundi Field inspection assigned to VI officer.,Registered,2025-06-18 09:23:00.000000000
20769390,INDIAN_OPENCITY_BBMP,General Consumer Services,Garbage dump,Garbage dump in Hombegowda Nagar Forwarded Task,Registered,2025-06-18 09:20:00.000000000
20769388,INDIAN_OPENCITY_BBMP,General Consumer Services,Garbage dump,Garbage dump in Vijanapura Cleared,Closed,2025-06-18 09:19:00.000000000
20769387,INDIAN_OPENCITY_BBMP,General Consumer Services,footpath encroachment,footpath encroachment in Visvesvarapuram Complaint pertains to vv puram ward,Registered,2025-06-18 09:19:00.000000000
20769384,INDIAN_OPENCITY_BBMP,General Consumer Services,Removal of dead/fallen trees,Removal of dead/fallen trees in Jakkur Field inspection assigned to DYRFO officer.,Registered,2025-06-18 09:18:00.000000000
20769383,INDIAN_OPENCITY_BBMP,General Consumer Services,Street dogs attacking-pet Dogs,Street dogs attacking-pet Dogs in Rajarajeshwari Nagar Field inspection assigned to VI officer.,Registered,2025-06-18 09:18:00.000000000
20769381,INDIAN_OPENCITY_BBMP,General Consumer Services,Garbage vehicle not arrived,Garbage vehicle not arrived in Peenya Industrial Area Forwarded Task,Registered,2025-06-18 09:16:00.000000000
20769380,INDIAN_OPENCITY_BBMP,General Consumer Services,shifting of the street dogs to other places,shifting of the street dogs to other places in Basavanapura Field inspection assigned to VI officer.,Registered,2025-06-18 09:15:00.000000000
20769378,INDIAN_OPENCITY_BBMP,General Consumer Services,Garbage dump,Garbage dump in Jnanabharathi Ward Forwarded Task,Registered,2025-06-18 09:15:00.000000000
20769377,INDIAN_OPENCITY_BBMP,Street/Public Electrical Infrastructure,Street Light Not Working,Street Light Not Working in Devarajeevanahalli Field inspection assigned to AE officer.,Registered,2025-06-18 09:13:00.000000000
20769375,INDIAN_OPENCITY_BBMP,Street/Public Electrical Infrastructure,Street Lights Switched On During Day Time,Street Lights Switched On During Day Time in Singasandra Field inspection assigned to JE officer.,In Progress,2025-06-18 09:13:00.000000000
20769372,INDIAN_OPENCITY_BBMP,General Consumer Services,Garbage dump,Garbage dump in Newthippasandra Cleared,Closed,2025-06-18 09:12:00.000000000
20769370,INDIAN_OPENCITY_BBMP,General Consumer Services,water stagnation,water stagnation in Bharathi Nagar Field inspection assigned to AE officer.,Registered,2025-06-18 09:09:00.000000000
20769367,INDIAN_OPENCITY_BBMP,General Consumer Services,Removal of dead/fallen trees,Removal of dead/fallen trees in Pattabhiram Nagar Field inspection assigned to DYRFO officer.,Registered,2025-06-18 09:06:00.000000000
20769364,INDIAN_OPENCITY_BBMP,General Consumer Services,Removal of dead/fallen trees,"Removal of dead/fallen trees in Yelachenahalli Please submit application to BBMP, Forest Department",Closed,2025-06-18 09:03:00.000000000
20769362,INDIAN_OPENCITY_BBMP,General Consumer Services,Footpath,Footpath in Giri Nagar Resolved,Closed,2025-06-18 09:03:00.000000000
20769361,INDIAN_OPENCITY_BBMP,General Consumer Services,obstructions Branches / Trees.,obstructions Branches / Trees. in Rajaji Nagar Field inspection assigned to DYRFO officer.,Registered,2025-06-18 09:02:00.000000000
20769360,INDIAN_OPENCITY_BBMP,General Consumer Services,Maintenance of SWD,Maintenance of SWD in Peenya Industrial Area Field inspection assigned to AE officer.,Registered,2025-06-18 09:01:00.000000000
20769356,INDIAN_OPENCITY_BBMP,General Consumer Services,Segregation of waste is not done,Segregation of waste is not done in Hemmigepura Field inspection assigned to Marshal officer.,Registered,2025-06-18 08:58:00.000000000
20769352,INDIAN_OPENCITY_BBMP,General Consumer Services,obstructions Branches / Trees.,obstructions Branches / Trees. in Arakere Field inspection assigned to RFO officer.,Registered,2025-06-18 08:55:00.000000000
20769348,INDIAN_OPENCITY_BBMP,General Consumer Services,Garbage dump,Garbage dump in Hoodi Cleared,Closed,2025-06-18 08:51:00.000000000
20769347,INDIAN_OPENCITY_BBMP,General Consumer Services,obstructions Branches / Trees.,obstructions Branches / Trees. in Radhakrishna Temple Field inspection assigned to DYRFO officer.,Registered,2025-06-18 08:51:00.000000000
20769345,INDIAN_OPENCITY_BBMP,General Consumer Services,Road side drains,Road side drains in Marappana Palya Field inspection assigned to AE officer.,Registered,2025-06-18 08:50:00.000000000
20769344,INDIAN_OPENCITY_BBMP,General Consumer Services,Fatally injured - Needs immediate attention,Fatally injured - Needs immediate attention in Kodigehalli Field inspection assigned to VI officer.,Registered,2025-06-18 08:50:00.000000000
20769342,INDIAN_OPENCITY_BBMP,General Consumer Services,Garbage vehicle not arrived,Garbage vehicle not arrived in C.V.Raman Nagar Cleared thank you,Closed,2025-06-18 08:48:00.000000000
20769341,INDIAN_OPENCITY_BBMP,General Consumer Services,Dead animal(s),Dead animal(s) in Radhakrishna Temple Field inspection assigned to JHI officer.,Registered,2025-06-18 08:47:00.000000000
20769339,INDIAN_OPENCITY_BBMP,General Consumer Services,Removal of dead/fallen trees,Removal of dead/fallen trees in Nandini Layout Field inspection assigned to DYRFO officer.,Registered,2025-06-18 08:44:00.000000000
20769335,INDIAN_OPENCITY_BBMP,General Consumer Services,Complaint against SW collector/ SWM official for violation of SWM Rules,Complaint against SW collector/ SWM official for violation of SWM Rules in A.Narayanapura Attended,Closed,2025-06-18 08:42:00.000000000
20769330,INDIAN_OPENCITY_BBMP,General Consumer Services,Fatally injured - Needs immediate attention,Fatally injured - Needs immediate attention in HAL Airport Field inspection assigned to VI officer.,Registered,2025-06-18 08:40:00.000000000
20769328,INDIAN_OPENCITY_BBMP,General Consumer Services,Others,Others in Vidyaranyapura Field inspection assigned to Customer Support Representative officer.,Registered,2025-06-18 08:38:00.000000000
20769327,INDIAN_OPENCITY_BBMP,General Consumer Services,Stray/Rabid dog bite,Stray/Rabid dog bite in Vannarpet Field inspection assigned to VI officer.,Registered,2025-06-18 08:37:00.000000000
20769325,INDIAN_OPENCITY_BBMP,General Consumer Services,Road Infrastructure,Road Infrastructure in Basaveshwara Nagar Field inspection assigned to AE officer.,Registered,2025-06-18 08:36:00.000000000
20769324,INDIAN_OPENCITY_BBMP,General Consumer Services,shifting of the street dogs to other places,shifting of the street dogs to other places in Shettyhalli Field inspection assigned to VI officer.,Registered,2025-06-18 08:35:00.000000000
20769323,INDIAN_OPENCITY_BBMP,General Consumer Services,Garbage vehicle not arrived,Garbage vehicle not arrived in Shakthiganapathi Nagar Close,Closed,2025-06-18 08:34:00.000000000
20769322,INDIAN_OPENCITY_BBMP,Street/Public Electrical Infrastructure,Requirement For New Street Lights,Requirement For New Street Lights in Kottigepalya Field inspection assigned to JE officer.,Registered,2025-06-18 08:33:00.000000000
20769320,INDIAN_OPENCITY_BBMP,General Consumer Services,Garbage dump,Garbage dump in Jaraganahalli Complaint clear,Closed,2025-06-18 08:32:00.000000000
20769319,INDIAN_OPENCITY_BBMP,General Consumer Services,footpath encroachment,footpath encroachment in Hemmigepura Field inspection assigned to AE officer.,Registered,2025-06-18 08:30:00.000000000
20769316,INDIAN_OPENCITY_BBMP,General Consumer Services,Garbage dump,Garbage dump in Kavalbyrasandra It's clear sir,Closed,2025-06-18 08:26:00.000000000
20769314,INDIAN_OPENCITY_BBMP,Street/Public Electrical Infrastructure,Street Light Not Working,Street Light Not Working in Ejipura Field inspection assigned to JE officer.,Registered,2025-06-18 08:25:00.000000000
20769310,INDIAN_OPENCITY_BBMP,General Consumer Services,Sweeping not done,Sweeping not done in Kuvempu Nagar Field inspection assigned to JHI officer.,Registered,2025-06-18 08:22:00.000000000
20769308,INDIAN_OPENCITY_BBMP,General Consumer Services,Sweeping not done,Sweeping not done in Jayanagar East Field inspection assigned to JHI officer.,Registered,2025-06-18 08:20:00.000000000
20769307,INDIAN_OPENCITY_BBMP,General Consumer Services,Urination in Public/Open Defecation,Urination in Public/Open Defecation in H.M.T Field inspection assigned to JHI officer.,Registered,2025-06-18 08:20:00.000000000
20769306,INDIAN_OPENCITY_BBMP,General Consumer Services,obstructions Branches / Trees.,obstructions Branches / Trees. in Hebbal Field inspection assigned to DYRFO officer.,Registered,2025-06-18 08:19:00.000000000
20769303,INDIAN_OPENCITY_BBMP,General Consumer Services,Garbage vehicle not arrived,Garbage vehicle not arrived in K.R.Puram Clear,Closed,2025-06-18 08:16:00.000000000
20769302,INDIAN_OPENCITY_BBMP,General Consumer Services,Debris Removal / Construction Material,Debris Removal / Construction Material in Jayangar Field inspection assigned to AE officer.,Registered,2025-06-18 08:13:00.000000000
20769301,INDIAN_OPENCITY_BBMP,General Consumer Services,Garbage transfer not as per norms & area not kept clean,Garbage transfer not as per norms & area not kept clean in Jayangar Field inspection assigned to Marshal officer.,Registered,2025-06-18 08:13:00.000000000
20769297,INDIAN_OPENCITY_BBMP,General Consumer Services,Sweeping not done,Sweeping not done in Rajarajeshwari Nagar Field inspection assigned to JHI officer.,Registered,2025-06-18 08:09:00.000000000
20769295,INDIAN_OPENCITY_BBMP,General Consumer Services,Complaint against SW collector/ SWM official for violation of SWM Rules,Complaint against SW collector/ SWM official for violation of SWM Rules in Horamavu Clear sir,Closed,2025-06-18 08:06:00.000000000
20769294,INDIAN_OPENCITY_BBMP,General Consumer Services,Sewerage water left in SWD,Sewerage water left in SWD in Marenahalli Drainage problem,Registered,2025-06-18 08:03:00.000000000
20769293,INDIAN_OPENCITY_BBMP,General Consumer Services,Garbage nuisance while transporting,Garbage nuisance while transporting in Dodda Bidarkallu Complaint cleared,Closed,2025-06-18 07:58:00.000000000
20769292,INDIAN_OPENCITY_BBMP,General Consumer Services,Public dustbins not cleaned,Public dustbins not cleaned in A.Narayanapura Field inspection assigned to Marshal officer.,Registered,2025-06-18 07:57:00.000000000
20769290,INDIAN_OPENCITY_BBMP,General Consumer Services,Garbage dump,Garbage dump in Jnanabharathi Ward Clear,Closed,2025-06-18 07:57:00.000000000
20769289,INDIAN_OPENCITY_BBMP,General Consumer Services,Garbage vehicle not arrived,Garbage vehicle not arrived in Garudacharpalya Field inspection assigned to Marshal officer.,Registered,2025-06-18 07:54:00.000000000
20769288,INDIAN_OPENCITY_BBMP,General Consumer Services,Garbage dump,Garbage dump in Attiguppe Resolved,Closed,2025-06-18 07:53:00.000000000
20769287,INDIAN_OPENCITY_BBMP,General Consumer Services,Flex and banners,Flex and banners in Rajarajeshwari Nagar Field inspection assigned to ARO officer.,Registered,2025-06-18 07:52:00.000000000
20769284,INDIAN_OPENCITY_BBMP,General Consumer Services,Garbage vehicle not arrived,Garbage vehicle not arrived in Manorayanapalya Cleared,Closed,2025-06-18 07:50:00.000000000
20769282,INDIAN_OPENCITY_BBMP,General Consumer Services,Removal of dead/fallen trees,Removal of dead/fallen trees in Shanthala Nagar Field inspection assigned to DYRFO officer.,Registered,2025-06-18 07:49:00.000000000
20769278,INDIAN_OPENCITY_BBMP,General Consumer Services,Debris Removal / Construction Material,Debris Removal / Construction Material in Rajaji Nagar Field inspection assigned to AE officer.,Registered,2025-06-18 07:46:00.000000000
20769273,INDIAN_OPENCITY_BBMP,General Consumer Services,Garbage dump,Garbage dump in Kuvempu Nagar Forwarded Task,Registered,2025-06-18 07:39:00.000000000
20769269,INDIAN_OPENCITY_BBMP,General Consumer Services,Garbage vehicle not arrived,Garbage vehicle not arrived in Gottigere Complaint cleared,Closed,2025-06-18 07:32:00.000000000
20769268,INDIAN_OPENCITY_BBMP,General Consumer Services,Examination Related Issues,Examination Related Issues in Vidyaranyapura Field inspection assigned to Education Office officer.,Registered,2025-06-18 07:30:00.000000000
20769266,INDIAN_OPENCITY_BBMP,General Consumer Services,Fogging,Fogging in Hoodi Field inspection assigned to SHI officer.,Registered,2025-06-18 07:27:00.000000000
20769265,INDIAN_OPENCITY_BBMP,General Consumer Services,Garbage dump,Garbage dump in Rajamahal Garbage cleared,Closed,2025-06-18 07:25:00.000000000
20769260,INDIAN_OPENCITY_BBMP,General Consumer Services,Air/Noise pollution,Air/Noise pollution in Varthur Forwarded Task,Registered,2025-06-18 07:18:00.000000000
20769259,INDIAN_OPENCITY_BBMP,General Consumer Services,Fatally injured - Needs immediate attention,Fatally injured - Needs immediate attention in Byatarayanapura Spoken with the concern person.,Closed,2025-06-18 07:18:00.000000000
20769258,INDIAN_OPENCITY_BBMP,General Consumer Services,Garbage dump,Garbage dump in Gottigere Complaint cleared,Closed,2025-06-18 07:17:00.000000000
20769255,INDIAN_OPENCITY_BBMP,General Consumer Services,Garbage vehicle not arrived,Garbage vehicle not arrived in Vignana Nagar Clear,Closed,2025-06-18 07:10:00.000000000
20769254,INDIAN_OPENCITY_BBMP,General Consumer Services,Removal of dead/fallen trees,Removal of dead/fallen trees in Madiwala Field inspection assigned to DYRFO officer.,Registered,2025-06-18 07:07:00.000000000
20769253,INDIAN_OPENCITY_BBMP,General Consumer Services,Others,Others in Subedarapalya Forwarded Task to RI West,Registered,2025-06-18 06:58:00.000000000
20769252,INDIAN_OPENCITY_BBMP,General Consumer Services,Garbage vehicle not arrived,Garbage vehicle not arrived in Kodigehalli Field inspection assigned to Marshal officer.,In Progress,2025-06-18 06:56:00.000000000
20769250,INDIAN_OPENCITY_BBMP,General Consumer Services,Garbage dump,Garbage dump in Kaveripura Field inspection assigned to Marshal officer.,In Progress,2025-06-18 06:50:00.000000000
20769245,INDIAN_OPENCITY_BBMP,General Consumer Services,Potholes,Potholes in Mangammanapalya Field inspection assigned to AE officer.,Registered,2025-06-18 06:28:00.000000000
20769243,INDIAN_OPENCITY_BBMP,General Consumer Services,Garbage dumping in vacant sites,Garbage dumping in vacant sites in Vasanthapura Cleared,Closed,2025-06-18 06:18:00.000000000
20769241,INDIAN_OPENCITY_BBMP,General Consumer Services,Sweeping not done,Sweeping not done in Kadugondanahalli Forwarded Task,Registered,2025-06-18 05:55:00.000000000
20769240,INDIAN_OPENCITY_BBMP,General Consumer Services,Footpath,Footpath in Subhash Nagar Field inspection assigned to AE officer.,Registered,2025-06-18 04:26:00.000000000
20769237,INDIAN_OPENCITY_BBMP,Street/Public Electrical Infrastructure,Street Light Not Working,Street Light Not Working in Yelahanka old Satellite Town Resolved,Closed,2025-06-18 01:02:00.000000000
20769235,INDIAN_OPENCITY_BBMP,General Consumer Services,Sewerage water left in SWD,Sewerage water left in SWD in Someshwara Field inspection assigned to AE officer.,Registered,2025-06-18 12:44:00.000000000
20769234,INDIAN_OPENCITY_BBMP,General Consumer Services,Unhygienic premises in Hotel etc,Unhygienic premises in Hotel etc in BTM Layout Field inspection assigned to SHI officer.,Registered,2025-06-18 12:41:00.000000000
20769233,INDIAN_OPENCITY_BBMP,General Consumer Services,Footpath,Footpath in Binnipet Field inspection assigned to AE officer.,Registered,2025-06-18 12:30:00.000000000
20769232,INDIAN_OPENCITY_BBMP,General Consumer Services,Air/Noise pollution,Air/Noise pollution in Jakkur Field inspection assigned to SHI officer.,Registered,2025-06-18 12:13:00.000000000
20769231,INDIAN_OPENCITY_BBMP,General Consumer Services,Garbage dumping in vacant sites,Garbage dumping in vacant sites in Rajarajeshwari Nagar Field inspection assigned to Marshal officer.,Registered,2025-06-18 12:11:00.000000000
20769230,INDIAN_OPENCITY_BBMP,General Consumer Services,Garbage dump,Garbage dump in Basavanapura Clear,Closed,2025-06-18 12:08:00.000000000
20769229,INDIAN_OPENCITY_BBMP,General Consumer Services,Debris Removal / Construction Material,Debris Removal / Construction Material in Kadugondanahalli Forwarded Task,Registered,2025-06-18 12:07:00.000000000
20769228,INDIAN_OPENCITY_BBMP,General Consumer Services,Increase in mosquito density,Increase in mosquito density in BTM Layout Forwarded Task,Registered,2025-06-17 11:51:00.000000000
20769226,INDIAN_OPENCITY_BBMP,General Consumer Services,Potholes,Potholes in Basavanapura Field inspection assigned to AE officer.,Registered,2025-06-17 11:47:00.000000000
20769223,INDIAN_OPENCITY_BBMP,General Consumer Services,Animal Rescue - Not well - Requires attention,Animal Rescue - Not well - Requires attention in BTM Layout Sir Please contact stray dog rescue team officer Dr Shrinath Assistant Director mb [PHONE],Closed,2025-06-17 11:36:00.000000000
20769214,INDIAN_OPENCITY_BBMP,General Consumer Services,Sweeping not done,Sweeping not done in HBR Layout Field inspection assigned to JHI officer.,Registered,2025-06-17 11:23:00.000000000
20769211,INDIAN_OPENCITY_BBMP,General Consumer Services,Animal Rescue - Not well - Requires attention,Animal Rescue - Not well - Requires attention in Rajarajeshwari Nagar Referred to rescue team,Closed,2025-06-17 11:16:00.000000000
20769210,INDIAN_OPENCITY_BBMP,Street/Public Electrical Infrastructure,Street Light Not Working,Street Light Not Working in Bharathi Nagar Field inspection assigned to AE officer.,Registered,2025-06-17 11:14:00.000000000
20769203,INDIAN_OPENCITY_BBMP,General Consumer Services,Road side drains,Road side drains in Bellandur Already completed,Closed,2025-06-17 10:49:00.000000000
20769202,INDIAN_OPENCITY_BBMP,General Consumer Services,Footpath,Footpath in Padmanabha Nagar Field inspection assigned to AE officer.,Registered,2025-06-17 10:46:00.000000000
20769201,INDIAN_OPENCITY_BBMP,General Consumer Services,Stray dog related complaints,Stray dog related complaints in HSR Layout Field inspection assigned to VI officer.,Registered,2025-06-17 10:43:00.000000000
20769198,INDIAN_OPENCITY_BBMP,Street/Public Electrical Infrastructure,Street Light Not Working,Street Light Not Working in Jayangar Field inspection assigned to AE officer.,Registered,2025-06-17 10:35:00.000000000
20769197,INDIAN_OPENCITY_BBMP,General Consumer Services,Garbage dump,Garbage dump in BTM Layout Cleared sir,Closed,2025-06-17 10:33:00.000000000
20769196,INDIAN_OPENCITY_BBMP,General Consumer Services,Footpath,Footpath in Sampangiram Nagar Field inspection assigned to AE officer.,Registered,2025-06-17 10:33:00.000000000
20769195,INDIAN_OPENCITY_BBMP,General Consumer Services,Garbage dump,Garbage dump in Devarajeevanahalli It's clear sir,Closed,2025-06-17 10:29:00.000000000
20769194,INDIAN_OPENCITY_BBMP,General Consumer Services,Garbage dump,Garbage dump in Lingarajapuram Forwarded Task,Registered,2025-06-17 10:26:00.000000000
20769193,INDIAN_OPENCITY_BBMP,General Consumer Services,Removal of dead/fallen trees,Removal of dead/fallen trees in Subedarapalya Field inspection assigned to DYRFO officer.,Registered,2025-06-17 10:24:00.000000000
20769190,INDIAN_OPENCITY_BBMP,General Consumer Services,Animal birth control/neutering of stray dogs,Animal birth control/neutering of stray dogs in J.P.Park Animal birth control and vaccination of stray dogs scheduled,Closed,2025-06-17 10:22:00.000000000
20769187,INDIAN_OPENCITY_BBMP,General Consumer Services,Public toilet(s) blockage,Public toilet(s) blockage in Thanisandra Field inspection assigned to JHI officer.,Registered,2025-06-17 10:18:00.000000000
20769186,INDIAN_OPENCITY_BBMP,Street/Public Electrical Infrastructure,Street Light Not Working,Street Light Not Working in Ramaswamy Palya Field inspection assigned to AE officer.,Registered,2025-06-17 10:18:00.000000000
20769182,INDIAN_OPENCITY_BBMP,General Consumer Services,obstructions Branches / Trees.,obstructions Branches / Trees. in Jagajeevanram Nagar Field inspection assigned to DYRFO officer.,Registered,2025-06-17 10:13:00.000000000
20769180,INDIAN_OPENCITY_BBMP,General Consumer Services,obstructions Branches / Trees.,"obstructions Branches / Trees. in Vasanthapura Please submit application to BBMP, Forest Department",Closed,2025-06-17 10:12:00.000000000
20769179,INDIAN_OPENCITY_BBMP,General Consumer Services,obstructions Branches / Trees.,obstructions Branches / Trees. in Deepanjali Nagar Field inspection assigned to DYRFO officer.,Registered,2025-06-17 10:11:00.000000000
20769174,INDIAN_OPENCITY_BBMP,General Consumer Services,Garbage dump,Garbage dump in Vignana Nagar Clear,Closed,2025-06-17 10:05:00.000000000
20769173,INDIAN_OPENCITY_BBMP,Street/Public Electrical Infrastructure,Street Light Not Working,Street Light Not Working in Puttenahalli Atteded,Closed,2025-06-17 10:04:00.000000000
20769172,INDIAN_OPENCITY_BBMP,General Consumer Services,Garbage dumping in vacant sites,Garbage dumping in vacant sites in Someshwara This Complaint is Clear,Closed,2025-06-17 10:02:00.000000000
20769167,INDIAN_OPENCITY_BBMP,General Consumer Services,Stray dog related complaints,Stray dog related complaints in Vijanapura Field inspection assigned to VI officer.,Registered,2025-06-17 09:59:00.000000000
20769160,INDIAN_OPENCITY_BBMP,General Consumer Services,Garbage dump,Garbage dump in Kushal Nagar Male,Closed,2025-06-17 09:48:00.000000000
20769158,INDIAN_OPENCITY_BBMP,General Consumer Services,Others,Others in Vishwanathnagenahalli Field inspection assigned to Customer Support Representative officer.,Registered,2025-06-17 09:47:00.000000000
20769157,INDIAN_OPENCITY_BBMP,General Consumer Services,Garbage dump,Garbage dump in Kushal Nagar Forwarded Task,Registered,2025-06-17 09:45:00.000000000
20769151,INDIAN_OPENCITY_BBMP,General Consumer Services,Garbage dump,Garbage dump in Hemmigepura Complete clear,Closed,2025-06-17 09:40:00.000000000
20769147,INDIAN_OPENCITY_BBMP,General Consumer Services,Potholes,Potholes in Vasanthapura .,Closed,2025-06-17 09:37:00.000000000
20769146,INDIAN_OPENCITY_BBMP,General Consumer Services,Potholes,Potholes in Uttarahalli .,Closed,2025-06-17 09:36:00.000000000
20769141,INDIAN_OPENCITY_BBMP,General Consumer Services,Burning of Garbage in Open Space,Burning of Garbage in Open Space in Byatarayanapura Attend resolved,Closed,2025-06-17 09:29:00.000000000
20769139,INDIAN_OPENCITY_BBMP,General Consumer Services,Garbage dump,Garbage dump in Hagadooru Forwarded Task,Registered,2025-06-17 09:27:00.000000000
20769138,INDIAN_OPENCITY_BBMP,General Consumer Services,obstructions Branches / Trees.,"obstructions Branches / Trees. in Singasandra Please submit application to BBMP, Forest Department",Closed,2025-06-17 09:27:00.000000000
20769136,INDIAN_OPENCITY_BBMP,General Consumer Services,Removal of dead/fallen trees,Removal of dead/fallen trees in Gurappanapalya Field inspection assigned to DYRFO officer.,Registered,2025-06-17 09:25:00.000000000
20769132,INDIAN_OPENCITY_BBMP,General Consumer Services,Animal birth control/neutering of stray dogs,Animal birth control/neutering of stray dogs in Kottigepalya Field inspection assigned to VI officer.,Registered,2025-06-17 09:22:00.000000000
20769127,INDIAN_OPENCITY_BBMP,Street/Public Electrical Infrastructure,Requirement For New Street Lights,Requirement For New Street Lights in Gandhi Nagar Field inspection assigned to JE officer.,Registered,2025-06-17 09:15:00.000000000
20769125,INDIAN_OPENCITY_BBMP,General Consumer Services,Stray pig related complaints,Stray pig related complaints in Kengeri Field inspection assigned to VI officer.,Registered,2025-06-17 09:11:00.000000000
20769122,INDIAN_OPENCITY_BBMP,General Consumer Services,Debris Removal / Construction Material,Debris Removal / Construction Material in Shakambari Nagar Field inspection assigned to AE officer.,Registered,2025-06-17 09:10:00.000000000
20769114,INDIAN_OPENCITY_BBMP,General Consumer Services,Garbage dump,Garbage dump in HAL Airport Clear,Closed,2025-06-17 08:59:00.000000000
20769111,INDIAN_OPENCITY_BBMP,General Consumer Services,Lake not maintained properly,Lake not maintained properly in Ullalu Field inspection assigned to AE officer.,Registered,2025-06-17 08:56:00.000000000
20769107,INDIAN_OPENCITY_BBMP,General Consumer Services,Garbage dump,Garbage dump in Vignana Nagar Forwarded Task,Registered,2025-06-17 08:53:00.000000000
20769106,INDIAN_OPENCITY_BBMP,General Consumer Services,Footpath,Footpath in Hoysala Nagar Field inspection assigned to AE officer.,Registered,2025-06-17 08:53:00.000000000
20769105,INDIAN_OPENCITY_BBMP,General Consumer Services,"Dog, cat Poor conditions / Breeding license validation","Dog, cat Poor conditions / Breeding license validation in Vidyaranyapura Only ABC operation ARV vaccination and Dog Bite Complaints.",Closed,2025-06-17 08:51:00.000000000
20769104,INDIAN_OPENCITY_BBMP,General Consumer Services,Debris Removal / Construction Material,Debris Removal / Construction Material in Begur Forwarded Task,Registered,2025-06-17 08:49:00.000000000
20769103,INDIAN_OPENCITY_BBMP,Street/Public Electrical Infrastructure,Street Light Not Working,Street Light Not Working in Prakash Nagar Field inspection assigned to JE officer.,Registered,2025-06-17 08:49:00.000000000
20769100,INDIAN_OPENCITY_BBMP,General Consumer Services,Air/Noise pollution,Air/Noise pollution in Ganga Nagar Field inspection assigned to SHI officer.,Registered,2025-06-17 08:46:00.000000000
20769093,INDIAN_OPENCITY_BBMP,General Consumer Services,obstructions Branches / Trees.,obstructions Branches / Trees. in J.P.Nagar Field inspection assigned to DYRFO officer.,Registered,2025-06-17 08:40:00.000000000
20769090,INDIAN_OPENCITY_BBMP,General Consumer Services,Sweeping not done,Sweeping not done in Konanakunte Field inspection assigned to JHI officer.,Registered,2025-06-17 08:38:00.000000000
20769089,INDIAN_OPENCITY_BBMP,General Consumer Services,Garbage dump,Garbage dump in Byatarayanapura Clear black spots,Closed,2025-06-17 08:37:00.000000000
20769085,INDIAN_OPENCITY_BBMP,General Consumer Services,Zonal Violation of the Building,Zonal Violation of the Building in Koramangala Attended,Closed,2025-06-17 08:34:00.000000000
20769071,INDIAN_OPENCITY_BBMP,Street/Public Electrical Infrastructure,Street Light Not Working,Street Light Not Working in Govindraja Nagara Field inspection assigned to AE officer.,Registered,2025-06-17 08:24:00.000000000
20769063,INDIAN_OPENCITY_BBMP,General Consumer Services,Road Infrastructure,Road Infrastructure in Shakthiganapathi Nagar Field inspection assigned to AE officer.,Registered,2025-06-17 08:13:00.000000000
20769058,INDIAN_OPENCITY_BBMP,General Consumer Services,obstructions Branches / Trees.,obstructions Branches / Trees. in Gottigere Field inspection assigned to RFO officer.,Registered,2025-06-17 08:12:00.000000000
20769046,INDIAN_OPENCITY_BBMP,Street/Public Electrical Infrastructure,Street Light Not Working,Street Light Not Working in Domlur Field inspection assigned to AE officer.,Registered,2025-06-17 08:04:00.000000000
20769045,INDIAN_OPENCITY_BBMP,General Consumer Services,Potholes,Potholes in Bellandur Field inspection assigned to AE officer.,Registered,2025-06-17 08:04:00.000000000
20769032,INDIAN_OPENCITY_BBMP,General Consumer Services,Garbage dumping in vacant sites,Garbage dumping in vacant sites in Kavalbyrasandra It's clear sir,Closed,2025-06-17 07:47:00.000000000
20769031,INDIAN_OPENCITY_BBMP,Street/Public Electrical Infrastructure,Street Light Not Working,Street Light Not Working in Jayachamarajendra Nagar Field inspection assigned to AE officer.,Registered,2025-06-17 07:44:00.000000000
20769026,INDIAN_OPENCITY_BBMP,General Consumer Services,Potholes,Potholes in Arakere Field inspection assigned to AE officer.,Registered,2025-06-17 07:42:00.000000000
20769022,INDIAN_OPENCITY_BBMP,General Consumer Services,Garbage dump,Garbage dump in Anjanapur Forwarded Task,Registered,2025-06-17 07:41:00.000000000
20769016,INDIAN_OPENCITY_BBMP,Street/Public Electrical Infrastructure,Street Light Not Working,Street Light Not Working in Karisandra Field inspection assigned to AE officer.,Registered,2025-06-17 07:38:00.000000000
20769011,INDIAN_OPENCITY_BBMP,General Consumer Services,Potholes,Potholes in Hoodi Forwarded Task,Registered,2025-06-17 07:37:00.000000000
20769009,INDIAN_OPENCITY_BBMP,General Consumer Services,Garbage dump,Garbage dump in Jalahalli It has been Already Cleared Mam,Closed,2025-06-17 07:35:00.000000000
20769008,INDIAN_OPENCITY_BBMP,General Consumer Services,Flex and banners,Flex and banners in Gali Anjaneya Swamy Temple Ward Field inspection assigned to ARO officer.,Registered,2025-06-17 07:35:00.000000000
20769007,INDIAN_OPENCITY_BBMP,General Consumer Services,Garbage dump,Garbage dump in Jalahalli Non relevant,Closed,2025-06-17 07:35:00.000000000
20768999,INDIAN_OPENCITY_BBMP,General Consumer Services,Potholes,Potholes in Yelachenahalli .,Closed,2025-06-17 07:30:00.000000000
20768995,INDIAN_OPENCITY_BBMP,Street/Public Electrical Infrastructure,Street Light Not Working,Street Light Not Working in Sunkenahalli Field inspection assigned to AE officer.,Registered,2025-06-17 07:30:00.000000000
20768993,INDIAN_OPENCITY_BBMP,Street/Public Electrical Infrastructure,Street Light Not Working,Street Light Not Working in Maruthi Seva Nagar Field inspection assigned to AE officer.,Registered,2025-06-17 07:29:00.000000000
20768991,INDIAN_OPENCITY_BBMP,Street/Public Electrical Infrastructure,Street Light Not Working,Street Light Not Working in Ulsoor Field inspection assigned to AE officer.,Registered,2025-06-17 07:29:00.000000000
20768988,INDIAN_OPENCITY_BBMP,General Consumer Services,Dead animal(s),Dead animal(s) in Ejipura Cleared,Closed,2025-06-17 07:27:00.000000000
20768981,INDIAN_OPENCITY_BBMP,General Consumer Services,Gym/Children Play equipment in the parks,Gym/Children Play equipment in the parks in Jayamahal Field inspection assigned to HS officer.,Registered,2025-06-17 07:23:00.000000000
20768979,INDIAN_OPENCITY_BBMP,General Consumer Services,Road side drains,Road side drains in Pattabhiram Nagar Field inspection assigned to AE officer.,Registered,2025-06-17 07:23:00.000000000
20768974,INDIAN_OPENCITY_BBMP,General Consumer Services,Road cutting,Road cutting in Muneshwara Nagar Field inspection assigned to AE officer.,Registered,2025-06-17 07:21:00.000000000
20768967,INDIAN_OPENCITY_BBMP,Street/Public Electrical Infrastructure,Street Light Not Working,Street Light Not Working in Begur Atteded,Closed,2025-06-17 07:17:00.000000000
20768966,INDIAN_OPENCITY_BBMP,General Consumer Services,Garbage dump,Garbage dump in Jalahalli Cleared,Closed,2025-06-17 07:16:00.000000000
20768962,INDIAN_OPENCITY_BBMP,General Consumer Services,Garbage nuisance while transporting,Garbage nuisance while transporting in Jalahalli Cleared,Closed,2025-06-17 07:12:00.000000000
20768960,INDIAN_OPENCITY_BBMP,General Consumer Services,Garbage dump,Garbage dump in Ulsoor Forwarded Task,Registered,2025-06-17 07:11:00.000000000
20768958,INDIAN_OPENCITY_BBMP,General Consumer Services,Road Infrastructure,Road Infrastructure in Doddabommasandra Field inspection assigned to AE officer.,Registered,2025-06-17 07:08:00.000000000
20768953,INDIAN_OPENCITY_BBMP,General Consumer Services,Road cutting,Road cutting in Kuvempu Nagar Field inspection assigned to AE officer.,Registered,2025-06-17 07:04:00.000000000
20768951,INDIAN_OPENCITY_BBMP,General Consumer Services,Road side drains,Road side drains in Basaveshwara Nagar Forwarded Task,Registered,2025-06-17 07:02:00.000000000
20768949,INDIAN_OPENCITY_BBMP,General Consumer Services,Garbage dump,Garbage dump in Dodda Bidarkallu Complaint cleared,Closed,2025-06-17 06:57:00.000000000
20768944,INDIAN_OPENCITY_BBMP,Street/Public Electrical Infrastructure,Street Light Not Working,Street Light Not Working in Pulikeshi Nagar Field inspection assigned to AE officer.,Registered,2025-06-17 06:55:00.000000000
20768939,INDIAN_OPENCITY_BBMP,General Consumer Services,Garbage dumping in vacant sites,Garbage dumping in vacant sites in Begur This complaint is cleared sir,Closed,2025-06-17 06:47:00.000000000
20768937,INDIAN_OPENCITY_BBMP,General Consumer Services,Removal of dead/fallen trees,Removal of dead/fallen trees in Sampangiram Nagar Field inspection assigned to DYRFO officer.,Registered,2025-06-17 06:43:00.000000000
20768928,INDIAN_OPENCITY_BBMP,General Consumer Services,Potholes,Potholes in Marathalli Field inspection assigned to AE officer.,Registered,2025-06-17 06:34:00.000000000
20768920,INDIAN_OPENCITY_BBMP,General Consumer Services,Removal of dead/fallen trees,Removal of dead/fallen trees in Byatarayanapura Field inspection assigned to DYRFO officer.,Registered,2025-06-17 06:25:00.000000000
20768917,INDIAN_OPENCITY_BBMP,Street/Public Electrical Infrastructure,Street Light Not Working,Street Light Not Working in Sarvagna Nagar Field inspection assigned to AE officer.,Registered,2025-06-17 06:22:00.000000000
20768916,INDIAN_OPENCITY_BBMP,General Consumer Services,Fatally injured - Needs immediate attention,Fatally injured - Needs immediate attention in Mathikere We do the abc arv combained vaccine programme,Closed,2025-06-17 06:21:00.000000000
20768913,INDIAN_OPENCITY_BBMP,General Consumer Services,Garbage vehicle not arrived,Garbage vehicle not arrived in Agrahara Dasarahalli Field inspection assigned to Marshal officer.,Registered,2025-06-17 06:18:00.000000000
20768910,INDIAN_OPENCITY_BBMP,General Consumer Services,Garbage dump,Garbage dump in Uttarahalli Closed,Closed,2025-06-17 06:16:00.000000000
20768909,INDIAN_OPENCITY_BBMP,General Consumer Services,Garbage dump,Garbage dump in Kadugondanahalli Forwarded Task,Registered,2025-06-17 06:16:00.000000000
20768907,INDIAN_OPENCITY_BBMP,General Consumer Services,Fatally injured - Needs immediate attention,Fatally injured - Needs immediate attention in Bellandur Field inspection assigned to VI officer.,Registered,2025-06-17 06:13:00.000000000
20768906,INDIAN_OPENCITY_BBMP,General Consumer Services,Garbage dump,Garbage dump in Radhakrishna Temple Cleared,Closed,2025-06-17 06:13:00.000000000
20768905,INDIAN_OPENCITY_BBMP,General Consumer Services,Animal Rescue - Not well - Requires attention,Animal Rescue - Not well - Requires attention in HSR Layout Field inspection assigned to VI officer.,Registered,2025-06-17 06:13:00.000000000
20768904,INDIAN_OPENCITY_BBMP,General Consumer Services,Dengue positive,Dengue positive in HSR Layout It's clear,Closed,2025-06-17 06:12:00.000000000
20768902,INDIAN_OPENCITY_BBMP,General Consumer Services,Garbage dump,Garbage dump in Muneshwara Nagar Clear sir,Closed,2025-06-17 06:10:00.000000000
20768901,INDIAN_OPENCITY_BBMP,General Consumer Services,Dengue positive,Dengue positive in Aramane Nagar Close,Closed,2025-06-17 06:10:00.000000000
20768900,INDIAN_OPENCITY_BBMP,General Consumer Services,Garbage dump,Garbage dump in Govindraja Nagara Field inspection assigned to Marshal officer.,Registered,2025-06-17 06:09:00.000000000
20768898,INDIAN_OPENCITY_BBMP,General Consumer Services,Road side drains,Road side drains in Ramamurthy Nagar Field inspection assigned to AE officer.,Registered,2025-06-17 06:08:00.000000000
20768897,INDIAN_OPENCITY_BBMP,General Consumer Services,Debris Removal / Construction Material,Debris Removal / Construction Material in Hagadooru Forwarded Task,Registered,2025-06-17 06:08:00.000000000
20768889,INDIAN_OPENCITY_BBMP,General Consumer Services,Garbage dump,Garbage dump in Kaveripura It's cleared,Closed,2025-06-17 06:04:00.000000000
20768888,INDIAN_OPENCITY_BBMP,General Consumer Services,Dengue positive,Dengue positive in Arakere Field inspection assigned to SHI officer.,In Progress,2025-06-17 06:04:00.000000000
20768884,INDIAN_OPENCITY_BBMP,General Consumer Services,Maintenance of SWD,Maintenance of SWD in Someshwara Field inspection assigned to AE officer.,Registered,2025-06-17 06:00:00.000000000
20768876,INDIAN_OPENCITY_BBMP,General Consumer Services,Potholes,Potholes in Hoodi Field inspection assigned to AE officer.,Registered,2025-06-17 05:55:00.000000000
20768874,INDIAN_OPENCITY_BBMP,General Consumer Services,Others,Others in Hagadooru Forwarded Task,Registered,2025-06-17 05:51:00.000000000
20768873,INDIAN_OPENCITY_BBMP,General Consumer Services,Dengue positive,Dengue positive in Bellandur Field inspection assigned to SHI officer.,Registered,2025-06-17 05:51:00.000000000
20768871,INDIAN_OPENCITY_BBMP,General Consumer Services,Dengue positive,Dengue positive in Shakthiganapathi Nagar Field inspection assigned to SHI officer.,Registered,2025-06-17 05:49:00.000000000
20768870,INDIAN_OPENCITY_BBMP,General Consumer Services,Animal Rescue - Not well - Requires attention,Animal Rescue - Not well - Requires attention in Pulikeshi Nagar Field inspection assigned to VI officer.,Registered,2025-06-17 05:49:00.000000000
20768869,INDIAN_OPENCITY_BBMP,General Consumer Services,Dengue positive,Dengue positive in A.Narayanapura Field inspection assigned to SHI officer.,Registered,2025-06-17 05:49:00.000000000
20768867,INDIAN_OPENCITY_BBMP,General Consumer Services,ekhata approval pending with ARO,ekhata approval pending with ARO in Garudacharpalya DC Login pending,Closed,2025-06-17 05:48:00.000000000
20768864,INDIAN_OPENCITY_BBMP,General Consumer Services,Dengue positive,Dengue positive in Doddanekkundi Field inspection assigned to SHI officer.,Registered,2025-06-17 05:45:00.000000000
20768863,INDIAN_OPENCITY_BBMP,General Consumer Services,Garbage dump,Garbage dump in Jayangar Forwarded Task,Registered,2025-06-17 05:45:00.000000000
20768862,INDIAN_OPENCITY_BBMP,General Consumer Services,Sewerage water left in SWD,Sewerage water left in SWD in Bilekahalli Field inspection assigned to AE officer.,Registered,2025-06-17 05:43:00.000000000
20768861,INDIAN_OPENCITY_BBMP,General Consumer Services,Garbage dump,Garbage dump in Gandhi Nagar Not proper adress. We can't identify which petrol pump. Kindly complaint again with proper adress Thank you,Closed,2025-06-17 05:43:00.000000000
20768860,INDIAN_OPENCITY_BBMP,General Consumer Services,Dengue positive,Dengue positive in Sri Nagar Field inspection assigned to SHI officer.,Registered,2025-06-17 05:42:00.000000000
20768857,INDIAN_OPENCITY_BBMP,General Consumer Services,Dengue positive,Dengue positive in Banaswadi Field inspection assigned to SHI officer.,Registered,2025-06-17 05:39:00.000000000
20768856,INDIAN_OPENCITY_BBMP,General Consumer Services,Trade License,Trade License in Hagadooru Field inspection assigned to ARO officer.,Registered,2025-06-17 05:38:00.000000000
20768855,INDIAN_OPENCITY_BBMP,General Consumer Services,ekhata approval pending with ARO,ekhata approval pending with ARO in Pattabhiram Nagar approval by ARO,Closed,2025-06-17 05:37:00.000000000
20768848,INDIAN_OPENCITY_BBMP,General Consumer Services,Dengue positive,Dengue positive in C.V.Raman Nagar Forwarded Task,Registered,2025-06-17 05:31:00.000000000
20768845,INDIAN_OPENCITY_BBMP,General Consumer Services,Unhygienic premises in Hotel etc,Unhygienic premises in Hotel etc in Newthippasandra Field inspection assigned to SHI officer.,Registered,2025-06-17 05:29:00.000000000
20768842,INDIAN_OPENCITY_BBMP,General Consumer Services,Garbage dump,Garbage dump in Basavanapura Forwarded Task,Registered,2025-06-17 05:27:00.000000000
20768841,INDIAN_OPENCITY_BBMP,General Consumer Services,Garbage dump,Garbage dump in Jalahalli It has been clearing,Closed,2025-06-17 05:27:00.000000000
20768840,INDIAN_OPENCITY_BBMP,General Consumer Services,Garbage dump,Garbage dump in Nandini Layout Forwarded Task,Registered,2025-06-17 05:25:00.000000000
20768836,INDIAN_OPENCITY_BBMP,General Consumer Services,Dengue positive,Dengue positive in Vignana Nagar Field inspection assigned to SHI officer.,Registered,2025-06-17 05:24:00.000000000
20768834,INDIAN_OPENCITY_BBMP,General Consumer Services,Garbage vehicle not arrived,Garbage vehicle not arrived in Vidyapeetha Clear,Closed,2025-06-17 05:24:00.000000000
20768833,INDIAN_OPENCITY_BBMP,General Consumer Services,Dengue positive,Dengue positive in Kuvempu Nagar Field inspection assigned to SHI officer.,Registered,2025-06-17 05:23:00.000000000
20768830,INDIAN_OPENCITY_BBMP,General Consumer Services,Garbage dump,Garbage dump in Jakkur Cleard,Closed,2025-06-17 05:23:00.000000000
20768828,INDIAN_OPENCITY_BBMP,General Consumer Services,Dengue positive,Dengue positive in Basavanapura Field inspection assigned to SHI officer.,Registered,2025-06-17 05:21:00.000000000
20768827,INDIAN_OPENCITY_BBMP,Street/Public Electrical Infrastructure,Street Light Not Working,Street Light Not Working in Mathikere Field inspection assigned to JE officer.,Registered,2025-06-17 05:20:00.000000000
20768826,INDIAN_OPENCITY_BBMP,General Consumer Services,Footpath,Footpath in Doddanekkundi Field inspection assigned to AE officer.,Registered,2025-06-17 05:19:00.000000000
20768824,INDIAN_OPENCITY_BBMP,General Consumer Services,Dengue positive,Dengue positive in Jogupalya Field inspection assigned to SHI officer.,Registered,2025-06-17 05:16:00.000000000
20768823,INDIAN_OPENCITY_BBMP,General Consumer Services,Unhygienic premises in Hotel etc,Unhygienic premises in Hotel etc in Sudduguntepalya Field inspection assigned to SHI officer.,Registered,2025-06-17 05:15:00.000000000
20768818,INDIAN_OPENCITY_BBMP,General Consumer Services,Air/Noise pollution,Air/Noise pollution in Domlur Field inspection assigned to SHI officer.,Registered,2025-06-17 05:12:00.000000000
20768817,INDIAN_OPENCITY_BBMP,Street/Public Electrical Infrastructure,Street Light Not Working,Street Light Not Working in Jayanagar East Field inspection assigned to AE officer.,Registered,2025-06-17 05:09:00.000000000
20768815,INDIAN_OPENCITY_BBMP,General Consumer Services,obstructions Branches / Trees.,obstructions Branches / Trees. in Sri Nagar Field inspection assigned to DYRFO officer.,Registered,2025-06-17 05:04:00.000000000
20768813,INDIAN_OPENCITY_BBMP,General Consumer Services,Garbage dump,Garbage dump in Kuvempu Nagar Complaint resolved,Closed,2025-06-17 05:03:00.000000000
20768812,INDIAN_OPENCITY_BBMP,General Consumer Services,obstructions Branches / Trees.,obstructions Branches / Trees. in Vignana Nagar Field inspection assigned to DYRFO officer.,Registered,2025-06-17 05:02:00.000000000
20768811,INDIAN_OPENCITY_BBMP,General Consumer Services,Stray dog related complaints,Stray dog related complaints in Basavanapura Field inspection assigned to VI officer.,Registered,2025-06-17 04:59:00.000000000
20768810,INDIAN_OPENCITY_BBMP,General Consumer Services,Potholes,Potholes in Sunkenahalli Field inspection assigned to AE officer.,Registered,2025-06-17 04:59:00.000000000
20768807,INDIAN_OPENCITY_BBMP,General Consumer Services,Stray dog related complaints,Stray dog related complaints in Kadugondanahalli Your request for relocation of stray dogs is a punishable Offense under law. So Relocation cannot be done.,Closed,2025-06-17 04:56:00.000000000
20768806,INDIAN_OPENCITY_BBMP,Street/Public Electrical Infrastructure,Street Light Not Working,Street Light Not Working in Yeshwanthpur Field inspection assigned to JE officer.,Registered,2025-06-17 04:52:00.000000000
20768802,INDIAN_OPENCITY_BBMP,General Consumer Services,Other Khata / ekhata issues,Other Khata / ekhata issues in Someshwara ಅರ್ಜಿದಾರರಿಗೆ ಹಿಂಬರಹದ ಪ್ರತಿಯನ್ನು ಲಗತ್ತಿಸಿ ಮಾಹಿತಿಯನ್ನು ನೀಡಲಾಗಿದೆ,Closed,2025-06-17 04:47:00.000000000
20768801,INDIAN_OPENCITY_BBMP,General Consumer Services,obstructions Branches / Trees.,obstructions Branches / Trees. in Kodigehalli Field inspection assigned to DYRFO officer.,Registered,2025-06-17 04:45:00.000000000
20768800,INDIAN_OPENCITY_BBMP,General Consumer Services,Garbage dump,"Garbage dump in Benniganahalli Garbage is clear, big branches r there",Closed,2025-06-17 04:45:00.000000000
20768799,INDIAN_OPENCITY_BBMP,General Consumer Services,Garbage dump,Garbage dump in A.Narayanapura Field inspection assigned to Marshal officer.,Registered,2025-06-17 04:44:00.000000000
20768798,INDIAN_OPENCITY_BBMP,General Consumer Services,Debris Removal / Construction Material,Debris Removal / Construction Material in Jogupalya Field inspection assigned to AE officer.,Registered,2025-06-17 04:41:00.000000000
20768797,INDIAN_OPENCITY_BBMP,General Consumer Services,Garbage dumping in vacant sites,Garbage dumping in vacant sites in Sarakki Field inspection assigned to Marshal officer.,Registered,2025-06-17 04:40:00.000000000
20768796,INDIAN_OPENCITY_BBMP,General Consumer Services,Others,Others in Doddanekkundi Field inspection assigned to Customer Support Representative officer.,Registered,2025-06-17 04:40:00.000000000
20768794,INDIAN_OPENCITY_BBMP,Street/Public Electrical Infrastructure,Requirement For New Street Lights,Requirement For New Street Lights in Domlur Field inspection assigned to AE officer.,Registered,2025-06-17 04:36:00.000000000
20768789,INDIAN_OPENCITY_BBMP,General Consumer Services,Ekhata missing in online,Ekhata missing in online in Ramamurthy Nagar Field inspection assigned to ARO officer.,Registered,2025-06-17 04:32:00.000000000
20768788,INDIAN_OPENCITY_BBMP,General Consumer Services,Stray dog related complaints,Stray dog related complaints in Thanisandra ABC operation ARV vaccination has been functioning regularly in this ward.,Closed,2025-06-17 04:32:00.000000000
20768778,INDIAN_OPENCITY_BBMP,Street/Public Electrical Infrastructure,Street Light Not Working,Street Light Not Working in Uttarahalli It belongs to BDA layout and kindly contact BDA engineer,Closed,2025-06-17 04:24:00.000000000
20768776,INDIAN_OPENCITY_BBMP,General Consumer Services,Garbage vehicle not arrived,Garbage vehicle not arrived in Banaswadi Clared,Closed,2025-06-17 04:22:00.000000000
20768775,INDIAN_OPENCITY_BBMP,General Consumer Services,Issues related Snakes/Birds/Monkeys,Issues related Snakes/Birds/Monkeys in Ullalu Field inspection assigned to DYRFO officer.,Registered,2025-06-17 04:22:00.000000000
20768774,INDIAN_OPENCITY_BBMP,Pole / Wire / Electrical Hazard,Earthing Issue relate to Electric Poles/Panel Boards,Earthing Issue relate to Electric Poles/Panel Boards in Jnanabharathi Ward Field inspection assigned to JE officer.,Registered,2025-06-17 04:19:00.000000000
20768770,INDIAN_OPENCITY_BBMP,General Consumer Services,Fatally injured - Needs immediate attention,Fatally injured - Needs immediate attention in Gottigere Field inspection assigned to VI officer.,Registered,2025-06-17 04:16:00.000000000
20768769,INDIAN_OPENCITY_BBMP,General Consumer Services,Garbage vehicle not arrived,Garbage vehicle not arrived in Vidyaranyapura Complient resolved,Closed,2025-06-17 04:16:00.000000000
20768768,INDIAN_OPENCITY_BBMP,General Consumer Services,Garbage dump,Garbage dump in Vasanth Nagar Pks collected garbage,Closed,2025-06-17 04:15:00.000000000
20768765,INDIAN_OPENCITY_BBMP,General Consumer Services,Garbage dump,Garbage dump in Nandini Layout Resolved this complaint,Closed,2025-06-17 04:12:00.000000000
20768764,INDIAN_OPENCITY_BBMP,General Consumer Services,Air/Noise pollution,Air/Noise pollution in Koramangala Attended,Closed,2025-06-17 04:12:00.000000000
20768763,INDIAN_OPENCITY_BBMP,Street/Public Electrical Infrastructure,Open Electrical Junction Box,Open Electrical Junction Box in Yelahanka old Satellite Town Resolved,Closed,2025-06-17 04:10:00.000000000
20768760,INDIAN_OPENCITY_BBMP,General Consumer Services,obstructions Branches / Trees.,obstructions Branches / Trees. in Koramangala Field inspection assigned to DYRFO officer.,Registered,2025-06-17 04:08:00.000000000
20768759,INDIAN_OPENCITY_BBMP,Street/Public Electrical Infrastructure,Street Light Not Working,Street Light Not Working in Kaveripura Field inspection assigned to AE officer.,Registered,2025-06-17 04:08:00.000000000
20768758,INDIAN_OPENCITY_BBMP,General Consumer Services,Maintenance of SWD,Maintenance of SWD in Koramangala Field inspection assigned to AEE officer.,Registered,2025-06-17 04:07:00.000000000
20768757,INDIAN_OPENCITY_BBMP,General Consumer Services,Garbage dump,Garbage dump in S.K.Garden Forwarded Task,Registered,2025-06-17 04:06:00.000000000
20768756,INDIAN_OPENCITY_BBMP,General Consumer Services,water leakage on road,water leakage on road in Shanthala Nagar Field inspection assigned to Customer Support Representative officer.,Non Relevant,2025-06-17 04:05:00.000000000
20768755,INDIAN_OPENCITY_BBMP,General Consumer Services,Garbage dump,Garbage dump in Chowdeshwari Ward Complaint cleared,Closed,2025-06-17 04:04:00.000000000
20768753,INDIAN_OPENCITY_BBMP,General Consumer Services,obstructions Branches / Trees.,obstructions Branches / Trees. in Chokkasandra Field inspection assigned to DYRFO officer.,Registered,2025-06-17 04:03:00.000000000
20768749,INDIAN_OPENCITY_BBMP,General Consumer Services,Road side drains,Road side drains in Jeevanbhima Nagar Field inspection assigned to AE officer.,Registered,2025-06-17 04:00:00.000000000
20768747,INDIAN_OPENCITY_BBMP,General Consumer Services,Garbage vehicle not arrived,Garbage vehicle not arrived in BTM Layout Cleared sir,Closed,2025-06-17 03:58:00.000000000
20768742,INDIAN_OPENCITY_BBMP,General Consumer Services,Garbage dump,Garbage dump in Chikpete Cleared,Closed,2025-06-17 03:53:00.000000000
20768741,INDIAN_OPENCITY_BBMP,General Consumer Services,obstructions Branches / Trees.,obstructions Branches / Trees. in Banaswadi Field inspection assigned to DYRFO officer.,Registered,2025-06-17 03:53:00.000000000
20768734,INDIAN_OPENCITY_BBMP,Street/Public Electrical Infrastructure,Street Lights Switched On During Day Time,Street Lights Switched On During Day Time in Arakere Field inspection assigned to JE officer.,In Progress,2025-06-17 03:44:00.000000000
20768732,INDIAN_OPENCITY_BBMP,General Consumer Services,Removal of dead/fallen trees,Removal of dead/fallen trees in Sri Rammandira Field inspection assigned to DYRFO officer.,Registered,2025-06-17 03:42:00.000000000
20768729,INDIAN_OPENCITY_BBMP,General Consumer Services,Removal of dead/fallen trees,Removal of dead/fallen trees in Rajaji Nagar Field inspection assigned to DYRFO officer.,Registered,2025-06-17 03:39:00.000000000
20768728,INDIAN_OPENCITY_BBMP,General Consumer Services,Sweeping not done,Sweeping not done in Arakere Field inspection assigned to JHI officer.,Registered,2025-06-17 03:39:00.000000000
20768727,INDIAN_OPENCITY_BBMP,General Consumer Services,Sewerage water left in SWD,Sewerage water left in SWD in Dharmarayaswamy Temple Ward Forwarded Task,Registered,2025-06-17 03:37:00.000000000
20768725,INDIAN_OPENCITY_BBMP,General Consumer Services,Stray dog related complaints,Stray dog related complaints in Malleshwaram Field inspection assigned to VI officer.,Registered,2025-06-17 03:34:00.000000000
20768724,INDIAN_OPENCITY_BBMP,General Consumer Services,Road Infrastructure,Road Infrastructure in Kadugodi Field inspection assigned to AE officer.,Registered,2025-06-17 03:32:00.000000000
20768721,INDIAN_OPENCITY_BBMP,General Consumer Services,Stray dog related complaints,Stray dog related complaints in Bagalagunte Comes under purasabha chikkabanavar,Closed,2025-06-17 03:28:00.000000000
20768719,INDIAN_OPENCITY_BBMP,General Consumer Services,Ekhata missing in online,Ekhata missing in online in Herohalli Field inspection assigned to ARO officer.,Registered,2025-06-17 03:27:00.000000000
20768718,INDIAN_OPENCITY_BBMP,General Consumer Services,Garbage dump,Garbage dump in Anjanapur Complaint cleared,Closed,2025-06-17 03:27:00.000000000
20768713,INDIAN_OPENCITY_BBMP,General Consumer Services,Technical Issue In Ekhata,Technical Issue In Ekhata in Banaswadi The issue mentioned is not understable. Kindly share the issue along with the screenshot,Closed,2025-06-17 03:22:00.000000000
20768711,INDIAN_OPENCITY_BBMP,General Consumer Services,obstructions Branches / Trees.,obstructions Branches / Trees. in Someshwara Field inspection assigned to DYRFO officer.,Registered,2025-06-17 03:17:00.000000000
20768710,INDIAN_OPENCITY_BBMP,General Consumer Services,Ekhata missing in online,Ekhata missing in online in Chikpete Field inspection assigned to ARO officer.,Registered,2025-06-17 03:17:00.000000000
20768709,INDIAN_OPENCITY_BBMP,General Consumer Services,Road side drains,Road side drains in Gottigere Field inspection assigned to AE officer.,Registered,2025-06-17 03:15:00.000000000
20768708,INDIAN_OPENCITY_BBMP,General Consumer Services,Dead animal(s),Dead animal(s) in Herohalli Clear,Closed,2025-06-17 03:15:00.000000000
20768705,INDIAN_OPENCITY_BBMP,General Consumer Services,obstructions Branches / Trees.,obstructions Branches / Trees. in Newthippasandra Field inspection assigned to DYRFO officer.,Registered,2025-06-17 03:12:00.000000000
20768699,INDIAN_OPENCITY_BBMP,General Consumer Services,Removal of dead/fallen trees,Removal of dead/fallen trees in Vasanthapura Field inspection assigned to RFO officer.,Registered,2025-06-17 03:07:00.000000000
20768698,INDIAN_OPENCITY_BBMP,General Consumer Services,Technical Issue In Ekhata,Technical Issue In Ekhata in Jaraganahalli Field inspection assigned to RI officer.,Registered,2025-06-17 03:07:00.000000000
20768697,INDIAN_OPENCITY_BBMP,General Consumer Services,Garbage dumping in vacant sites,Garbage dumping in vacant sites in Vishwanathnagenahalli Complaint resolved,Closed,2025-06-17 03:07:00.000000000
20768695,INDIAN_OPENCITY_BBMP,General Consumer Services,Road side drains,Road side drains in Banaswadi Field inspection assigned to AE officer.,Registered,2025-06-17 03:04:00.000000000
20768693,INDIAN_OPENCITY_BBMP,Street/Public Electrical Infrastructure,Street Light Not Working,Street Light Not Working in Shettyhalli Attended,Closed,2025-06-17 03:03:00.000000000
20768689,INDIAN_OPENCITY_BBMP,General Consumer Services,Garbage dumping in vacant sites,Garbage dumping in vacant sites in Hoysala Nagar Garbage cleared sir... Thank you,Closed,2025-06-17 03:00:00.000000000
20768684,INDIAN_OPENCITY_BBMP,General Consumer Services,Garbage vehicle not arrived,Garbage vehicle not arrived in Nagavara Clear,Closed,2025-06-17 02:56:00.000000000
20768683,INDIAN_OPENCITY_BBMP,Street/Public Electrical Infrastructure,Street Lights Switched On During Day Time,Street Lights Switched On During Day Time in Vishwanathnagenahalli Field inspection assigned to AE officer.,Registered,2025-06-17 02:56:00.000000000
20768682,INDIAN_OPENCITY_BBMP,General Consumer Services,Garbage vehicle not arrived,Garbage vehicle not arrived in Banaswadi Cleared,Closed,2025-06-17 02:55:00.000000000
20768681,INDIAN_OPENCITY_BBMP,General Consumer Services,footpath encroachment,footpath encroachment in Mangammanapalya Field inspection assigned to AE officer.,Registered,2025-06-17 02:55:00.000000000
20768678,INDIAN_OPENCITY_BBMP,General Consumer Services,Urination in Public/Open Defecation,Urination in Public/Open Defecation in Chikpete Field inspection assigned to JHI officer.,Registered,2025-06-17 02:55:00.000000000
20768674,INDIAN_OPENCITY_BBMP,General Consumer Services,Footpath,Footpath in Hoodi Field inspection assigned to AE officer.,Registered,2025-06-17 02:49:00.000000000
20768672,INDIAN_OPENCITY_BBMP,General Consumer Services,Air/Noise pollution,Air/Noise pollution in Kottigepalya Field inspection assigned to SHI officer.,Registered,2025-06-17 02:46:00.000000000
20768671,INDIAN_OPENCITY_BBMP,General Consumer Services,Ekhata missing in online,Ekhata missing in online in Govindraja Nagara Field inspection assigned to ARO officer.,Registered,2025-06-17 02:46:00.000000000
20768668,INDIAN_OPENCITY_BBMP,General Consumer Services,Public dustbins not cleaned,Public dustbins not cleaned in HSR Layout Field inspection assigned to Marshal officer.,Registered,2025-06-17 02:41:00.000000000
20768667,INDIAN_OPENCITY_BBMP,General Consumer Services,Garbage dump,Garbage dump in Jakkur Closed,Closed,2025-06-17 02:40:00.000000000
20768664,INDIAN_OPENCITY_BBMP,General Consumer Services,Garbage dump,Garbage dump in Shettyhalli Solved,Closed,2025-06-17 02:37:00.000000000
20768661,INDIAN_OPENCITY_BBMP,Street/Public Electrical Infrastructure,Street Light Not Working,Street Light Not Working in Ullalu as per citizen unsatisfied,ReOpen,2025-06-17 02:33:00.000000000
20768660,INDIAN_OPENCITY_BBMP,Street/Public Electrical Infrastructure,Street Light Not Working,Street Light Not Working in Bapuji Nagar ATTENDED,Closed,2025-06-17 02:33:00.000000000
20768652,INDIAN_OPENCITY_BBMP,General Consumer Services,obstructions Branches / Trees.,obstructions Branches / Trees. in Mathikere Field inspection assigned to DYRFO officer.,Registered,2025-06-17 02:23:00.000000000
20768651,INDIAN_OPENCITY_BBMP,General Consumer Services,Garbage dump,Garbage dump in Doddabommasandra Cleared,Closed,2025-06-17 02:23:00.000000000
20768646,INDIAN_OPENCITY_BBMP,General Consumer Services,Stray dog related complaints,Stray dog related complaints in Hampi Nagar Field inspection assigned to VI officer.,Registered,2025-06-17 02:17:00.000000000
20768644,INDIAN_OPENCITY_BBMP,General Consumer Services,ekhata approval pending with ARO,ekhata approval pending with ARO in Puttenahalli resolved,Closed,2025-06-17 02:17:00.000000000
20768640,INDIAN_OPENCITY_BBMP,General Consumer Services,Garbage dump,Garbage dump in Bharathi Nagar Field inspection assigned to Marshal officer.,Registered,2025-06-17 02:15:00.000000000
20768638,INDIAN_OPENCITY_BBMP,General Consumer Services,Birth & Death Registration,Birth & Death Registration in Kengeri Field inspection assigned to SHI officer.,Registered,2025-06-17 02:10:00.000000000
20768637,INDIAN_OPENCITY_BBMP,General Consumer Services,Air/Noise pollution,Air/Noise pollution in Byatarayanapura Field inspection assigned to SHI officer.,Registered,2025-06-17 02:07:00.000000000
20768634,INDIAN_OPENCITY_BBMP,Street/Public Electrical Infrastructure,Requirement For New Street Lights,Requirement For New Street Lights in Marappana Palya Field inspection assigned to AE officer.,Registered,2025-06-17 02:02:00.000000000
20768632,INDIAN_OPENCITY_BBMP,Street/Public Electrical Infrastructure,Street Light Not Working,Street Light Not Working in Maruthi Mandira Ward Field inspection assigned to AE officer.,Registered,2025-06-17 02:00:00.000000000
20768631,INDIAN_OPENCITY_BBMP,General Consumer Services,Garbage vehicle not arrived,Garbage vehicle not arrived in Laggere Complaint cleared,Closed,2025-06-17 02:00:00.000000000
20768627,INDIAN_OPENCITY_BBMP,General Consumer Services,Garbage vehicle not arrived,Garbage vehicle not arrived in Attiguppe Resolved,Closed,2025-06-17 01:55:00.000000000
20768626,INDIAN_OPENCITY_BBMP,General Consumer Services,obstructions Branches / Trees.,obstructions Branches / Trees. in Herohalli Field inspection assigned to DYRFO officer.,Registered,2025-06-17 01:52:00.000000000
20768622,INDIAN_OPENCITY_BBMP,General Consumer Services,"Khata Services (Registration, Transfer, Bifurcation and Amalgamation)","Khata Services (Registration, Transfer, Bifurcation and Amalgamation) in Newthippasandra Forwarded Task",Registered,2025-06-17 01:50:00.000000000
20768619,INDIAN_OPENCITY_BBMP,General Consumer Services,Stray dog related complaints,Stray dog related complaints in Basaveshwara Nagar Field inspection assigned to VI officer.,Registered,2025-06-17 01:47:00.000000000
20768618,INDIAN_OPENCITY_BBMP,General Consumer Services,footpath encroachment,footpath encroachment in Kavalbyrasandra This problem is concerned to MOH of pulikeshinagar Dn,Non Relevant,2025-06-17 01:47:00.000000000
20768615,INDIAN_OPENCITY_BBMP,General Consumer Services,Stray dog related complaints,"Stray dog related complaints in Shakambari Nagar Spoke to the reporter, Dogs can't be relocated as per the ABC rules 2023, for barking, crying, chasing, nothing can be done since it is natural instincts of a dog. Sterilization and immunisation of streets Dogs will be done by BBMP Sir.",Closed,2025-06-17 01:45:00.000000000
20768614,INDIAN_OPENCITY_BBMP,General Consumer Services,Potholes,Potholes in Basavanagudi Field inspection assigned to AE officer.,Registered,2025-06-17 01:45:00.000000000
20768613,INDIAN_OPENCITY_BBMP,General Consumer Services,Garbage vehicle not arrived,Garbage vehicle not arrived in Hegganahalli Complaint clear sir,Closed,2025-06-17 01:44:00.000000000
20768612,INDIAN_OPENCITY_BBMP,General Consumer Services,Sweeping not done,Sweeping not done in Jnanabharathi Ward Field inspection assigned to JHI officer.,Registered,2025-06-17 01:43:00.000000000
20768611,INDIAN_OPENCITY_BBMP,General Consumer Services,Potholes,Potholes in Someshwara Field inspection assigned to Customer Support Representative officer.,Non Relevant,2025-06-17 01:43:00.000000000
20768607,INDIAN_OPENCITY_BBMP,General Consumer Services,Road side drains,Road side drains in Konena Agrahara Field inspection assigned to AE officer.,Registered,2025-06-17 01:37:00.000000000
20768604,INDIAN_OPENCITY_BBMP,General Consumer Services,Others,Others in Bommanahalli Field inspection assigned to Customer Support Representative officer.,Registered,2025-06-17 01:34:00.000000000
20768602,INDIAN_OPENCITY_BBMP,General Consumer Services,Garbage vehicle not arrived,Garbage vehicle not arrived in Banashankari Temple Ward Forwarded Task,Registered,2025-06-17 01:33:00.000000000
20768598,INDIAN_OPENCITY_BBMP,General Consumer Services,shifting of the street dogs to other places,shifting of the street dogs to other places in Rajaji Nagar Field inspection assigned to VI officer.,Registered,2025-06-17 01:26:00.000000000
20768597,INDIAN_OPENCITY_BBMP,General Consumer Services,Garbage dump,Garbage dump in Kumaraswamy Layout Clear,Closed,2025-06-17 01:26:00.000000000
20768596,INDIAN_OPENCITY_BBMP,General Consumer Services,Garbage dump,Garbage dump in Ejipura Field inspection assigned to Marshal officer.,Registered,2025-06-17 01:26:00.000000000
20768594,INDIAN_OPENCITY_BBMP,General Consumer Services,Garbage dump,Garbage dump in Devasandra Clear,Closed,2025-06-17 01:25:00.000000000
20768593,INDIAN_OPENCITY_BBMP,General Consumer Services,Issues Related to Parks/Medians/Circles/Island.,Issues Related to Parks/Medians/Circles/Island. in Doddanekkundi Field inspection assigned to HS officer.,Registered,2025-06-17 01:24:00.000000000
20768591,INDIAN_OPENCITY_BBMP,General Consumer Services,Animal Rescue - Not well - Requires attention,Animal Rescue - Not well - Requires attention in Hagadooru Field inspection assigned to VI officer.,Registered,2025-06-17 01:21:00.000000000
20768588,INDIAN_OPENCITY_BBMP,Street/Public Electrical Infrastructure,Street Light Not Working,Street Light Not Working in Rajamahal Field inspection assigned to JE officer.,Registered,2025-06-17 01:20:00.000000000
20768586,INDIAN_OPENCITY_BBMP,General Consumer Services,Potholes,Potholes in Sudduguntepalya Field inspection assigned to AE officer.,Registered,2025-06-17 01:19:00.000000000
20768583,INDIAN_OPENCITY_BBMP,General Consumer Services,Garbage vehicle not arrived,Garbage vehicle not arrived in Hongasandra Clear,Closed,2025-06-17 01:19:00.000000000
20768580,INDIAN_OPENCITY_BBMP,General Consumer Services,Dead animal(s),Dead animal(s) in K.R.Market Field inspection assigned to JHI officer.,Registered,2025-06-17 01:17:00.000000000
20768578,INDIAN_OPENCITY_BBMP,General Consumer Services,Removal of dead/fallen trees,Removal of dead/fallen trees in Kottigepalya Field inspection assigned to DYRFO officer.,Registered,2025-06-17 01:16:00.000000000
20768568,INDIAN_OPENCITY_BBMP,General Consumer Services,Unsafe Hoardings,Unsafe Hoardings in Rajarajeshwari Nagar Field inspection assigned to ARO officer.,Registered,2025-06-17 01:12:00.000000000
20768565,INDIAN_OPENCITY_BBMP,General Consumer Services,Other Khata / ekhata issues,"Other Khata / ekhata issues in Bellandur Sir, pl submit application to rectify the 2% fee",Closed,2025-06-17 01:11:00.000000000
20768564,INDIAN_OPENCITY_BBMP,General Consumer Services,Garbage dump,Garbage dump in Hampi Nagar Clear,Closed,2025-06-17 01:11:00.000000000
20768563,INDIAN_OPENCITY_BBMP,General Consumer Services,UnAuthorised Building Constructions,UnAuthorised Building Constructions in Chikpete Field inspection assigned to ADTP officer.,Registered,2025-06-17 01:10:00.000000000
20768562,INDIAN_OPENCITY_BBMP,General Consumer Services,Technical Issue In Ekhata,Technical Issue In Ekhata in Hegganahalli This is an issue with Kaveri system. The pdf document of the deed document has not been sent by the Kaveri system. The issue has been flagged to the Kaveri support team for the resolution,Closed,2025-06-17 01:10:00.000000000
20768556,INDIAN_OPENCITY_BBMP,General Consumer Services,Stray/Rabid dog bite,Stray/Rabid dog bite in Begur Field inspection assigned to VI officer.,Registered,2025-06-17 01:06:00.000000000
20768555,INDIAN_OPENCITY_BBMP,General Consumer Services,Others,Others in Byatarayanapura Field inspection assigned to Customer Support Representative officer.,Registered,2025-06-17 01:06:00.000000000
20768553,INDIAN_OPENCITY_BBMP,General Consumer Services,Road side drains,Road side drains in Sudduguntepalya Field inspection assigned to AE officer.,Registered,2025-06-17 01:04:00.000000000
20768548,INDIAN_OPENCITY_BBMP,General Consumer Services,Other Khata / ekhata issues,Other Khata / ekhata issues in Kadugodi as inform to you you have re submit the online application,Closed,2025-06-17 12:58:00.000000000
20768546,INDIAN_OPENCITY_BBMP,General Consumer Services,Road side drains,Road side drains in K.R.Puram Field inspection assigned to AE officer.,Registered,2025-06-17 12:58:00.000000000
20768545,INDIAN_OPENCITY_BBMP,General Consumer Services,Garbage dump,Garbage dump in Shanthala Nagar Forwarded Task,Registered,2025-06-17 12:58:00.000000000
20768541,INDIAN_OPENCITY_BBMP,General Consumer Services,Public toilet(s) blockage,Public toilet(s) blockage in K.R.Puram Field inspection assigned to JHI officer.,Registered,2025-06-17 12:54:00.000000000
20768537,INDIAN_OPENCITY_BBMP,General Consumer Services,Public toilet(s) blockage,Public toilet(s) blockage in Shakambari Nagar Field inspection assigned to Customer Support Representative officer.,Non Relevant,2025-06-17 12:49:00.000000000
20768536,INDIAN_OPENCITY_BBMP,Street/Public Electrical Infrastructure,Street Light Not Working,Street Light Not Working in Banaswadi Attended,Closed,2025-06-17 12:48:00.000000000
20768535,INDIAN_OPENCITY_BBMP,General Consumer Services,Potholes,Potholes in HSR Layout Field inspection assigned to AE officer.,Registered,2025-06-17 12:46:00.000000000
20768534,INDIAN_OPENCITY_BBMP,General Consumer Services,Flex and banners,Flex and banners in Attiguppe Field inspection assigned to ARO officer.,Registered,2025-06-17 12:46:00.000000000
20768533,INDIAN_OPENCITY_BBMP,Power Outage / No Supply,No electricity in public toilet(s),No electricity in public toilet(s) in Gottigere Field inspection assigned to JHI officer.,Registered,2025-06-17 12:46:00.000000000
20768531,INDIAN_OPENCITY_BBMP,General Consumer Services,obstructions Branches / Trees.,obstructions Branches / Trees. in Peenya Industrial Area please give an request letter to bbmp forest department office in bagalagunte,Closed,2025-06-17 12:45:00.000000000
20768530,INDIAN_OPENCITY_BBMP,General Consumer Services,footpath encroachment,footpath encroachment in Gurappanapalya Forwarded Task,Registered,2025-06-17 12:45:00.000000000
20768529,INDIAN_OPENCITY_BBMP,General Consumer Services,Garbage vehicle not arrived,Garbage vehicle not arrived in Kengeri Complaint clear,Closed,2025-06-17 12:45:00.000000000
20768528,INDIAN_OPENCITY_BBMP,General Consumer Services,Garbage vehicle not arrived,Garbage vehicle not arrived in Hoodi Cleared,Closed,2025-06-17 12:43:00.000000000
20768526,INDIAN_OPENCITY_BBMP,General Consumer Services,Garbage vehicle not arrived,Garbage vehicle not arrived in Begur This complaint is cleared sir,Closed,2025-06-17 12:43:00.000000000
20768523,INDIAN_OPENCITY_BBMP,General Consumer Services,Other Khata / ekhata issues,Other Khata / ekhata issues in Hemmigepura The new katha has not yet been activated to allocate the vacant space. Please give it some time and we will move it once it starts.,Closed,2025-06-17 12:39:00.000000000
20768522,INDIAN_OPENCITY_BBMP,General Consumer Services,Garbage dump,Garbage dump in Hagadooru Cleaning,Closed,2025-06-17 12:39:00.000000000
20768521,INDIAN_OPENCITY_BBMP,General Consumer Services,Garbage dumping in vacant sites,Garbage dumping in vacant sites in Ramaswamy Palya Complete clear,Closed,2025-06-17 12:39:00.000000000
20768518,INDIAN_OPENCITY_BBMP,Street/Public Electrical Infrastructure,Street Light Not Working,Street Light Not Working in Doddabommasandra Resolved,Closed,2025-06-17 12:36:00.000000000
20768515,INDIAN_OPENCITY_BBMP,General Consumer Services,Khata / Ekhata mutation / transfer,Khata / Ekhata mutation / transfer in Nayandanahalli CHECKED IN THE E-AASTHI PORTION AND IT IS APPROVED. IF ANY DISCRIPENCY SUBMIT THE DOCUMENTS,Closed,2025-06-17 12:35:00.000000000
20768513,INDIAN_OPENCITY_BBMP,Street/Public Electrical Infrastructure,Park Lights Not Working,Park Lights Not Working in Aramane Nagar Field inspection assigned to JE officer.,Registered,2025-06-17 12:34:00.000000000
20768508,INDIAN_OPENCITY_BBMP,General Consumer Services,obstructions Branches / Trees.,"obstructions Branches / Trees. in Anjanapur Please submit application to BBMP, Forest Department",Closed,2025-06-17 12:30:00.000000000
20768507,INDIAN_OPENCITY_BBMP,General Consumer Services,Gym/Children Play equipment in the parks,Gym/Children Play equipment in the parks in Vidyapeetha Field inspection assigned to HS officer.,Registered,2025-06-17 12:30:00.000000000
20768502,INDIAN_OPENCITY_BBMP,General Consumer Services,Road side drains,Road side drains in Garudacharpalya Field inspection assigned to AE officer.,Registered,2025-06-17 12:26:00.000000000
20768500,INDIAN_OPENCITY_BBMP,General Consumer Services,Removal of dead/fallen trees,Removal of dead/fallen trees in Jeevanbhima Nagar Forwarded Task,Registered,2025-06-17 12:22:00.000000000
20768497,INDIAN_OPENCITY_BBMP,Street/Public Electrical Infrastructure,Street Light Not Working,Street Light Not Working in Kempegowda Ward Resolved,Closed,2025-06-17 12:20:00.000000000
20768496,INDIAN_OPENCITY_BBMP,General Consumer Services,obstructions Branches / Trees.,obstructions Branches / Trees. in Banaswadi [PHONE],Closed,2025-06-17 12:20:00.000000000
20768495,INDIAN_OPENCITY_BBMP,General Consumer Services,ekhata approval pending with ARO,ekhata approval pending with ARO in Begur ನಿಯಮಾನುಸಾರ ಕ್ರಮ ವಹಿಸಲಾಗುವುದು,Closed,2025-06-17 12:19:00.000000000
20768494,INDIAN_OPENCITY_BBMP,Street/Public Electrical Infrastructure,Street Light Not Working,Street Light Not Working in Malleshwaram Complaint attended,Closed,2025-06-17 12:19:00.000000000
20768493,INDIAN_OPENCITY_BBMP,General Consumer Services,Garbage dumping in vacant sites,Garbage dumping in vacant sites in Jakkasandra Garbage cleared,Closed,2025-06-17 12:18:00.000000000
20768489,INDIAN_OPENCITY_BBMP,General Consumer Services,Ekhata Other corrections,Ekhata Other corrections in Hagadooru as inform to the digitalization work as going on plz wait one or two weeks,Closed,2025-06-17 12:16:00.000000000
20768488,INDIAN_OPENCITY_BBMP,General Consumer Services,obstructions Branches / Trees.,obstructions Branches / Trees. in Chamrajpet Field inspection assigned to DYRFO officer.,Registered,2025-06-17 12:15:00.000000000
20768487,INDIAN_OPENCITY_BBMP,General Consumer Services,Garbage dump,Garbage dump in Byrasandra Clear,Closed,2025-06-17 12:15:00.000000000
20768486,INDIAN_OPENCITY_BBMP,General Consumer Services,ekhata approval pending with ARO,ekhata approval pending with ARO in Doddanekkundi DC Login pending,Closed,2025-06-17 12:13:00.000000000
20768485,INDIAN_OPENCITY_BBMP,General Consumer Services,Maintenance of SWD,Maintenance of SWD in Yelachenahalli Forwarded Task,Registered,2025-06-17 12:12:00.000000000
20768484,INDIAN_OPENCITY_BBMP,General Consumer Services,Debris Removal / Construction Material,Debris Removal / Construction Material in Jayachamarajendra Nagar Field inspection assigned to AE officer.,Registered,2025-06-17 12:11:00.000000000
20768482,INDIAN_OPENCITY_BBMP,Street/Public Electrical Infrastructure,Street Light Not Working,Street Light Not Working in Gottigere Atteded,Closed,2025-06-17 12:11:00.000000000
20768481,INDIAN_OPENCITY_BBMP,General Consumer Services,Animal birth control/neutering of stray dogs,Animal birth control/neutering of stray dogs in Rajarajeshwari Nagar Animal birth control and vaccination of stray dogs scheduled,Closed,2025-06-17 12:11:00.000000000
20768480,INDIAN_OPENCITY_BBMP,General Consumer Services,Unable to generate the property tax challan,Unable to generate the property tax challan in C.V.Raman Nagar close,Closed,2025-06-17 12:10:00.000000000
20768476,INDIAN_OPENCITY_BBMP,General Consumer Services,Garbage vehicle not arrived,Garbage vehicle not arrived in Jakkur Forwarded Task,Registered,2025-06-17 12:08:00.000000000
20768475,INDIAN_OPENCITY_BBMP,General Consumer Services,Garbage dump,Garbage dump in Hoodi Vehicle arrived and cleared the spot,Closed,2025-06-17 12:07:00.000000000
20768473,INDIAN_OPENCITY_BBMP,General Consumer Services,obstructions Branches / Trees.,obstructions Branches / Trees. in Bapuji Nagar Field inspection assigned to DYRFO officer.,Registered,2025-06-17 12:04:00.000000000
20768468,INDIAN_OPENCITY_BBMP,General Consumer Services,Other Khata / ekhata issues,Other Khata / ekhata issues in Hoysala Nagar Field inspection assigned to ARO officer.,Registered,2025-06-17 12:00:00.000000000
20768466,INDIAN_OPENCITY_BBMP,General Consumer Services,Garbage dump,Garbage dump in Kodigehalli Complaint cleared,Closed,2025-06-17 12:00:00.000000000
20768464,INDIAN_OPENCITY_BBMP,General Consumer Services,Garbage dumping in vacant sites,Garbage dumping in vacant sites in Gottigere Complaint cleared,Closed,2025-06-17 11:59:00.000000000
20768462,INDIAN_OPENCITY_BBMP,General Consumer Services,Garbage dump,Garbage dump in Vasanth Nagar Cleared,Closed,2025-06-17 11:58:00.000000000
20768459,INDIAN_OPENCITY_BBMP,General Consumer Services,Garbage vehicle not arrived,Garbage vehicle not arrived in Kengeri Field inspection assigned to Marshal officer.,Registered,2025-06-17 11:56:00.000000000
20768457,INDIAN_OPENCITY_BBMP,General Consumer Services,Potholes,Potholes in Maruthi Seva Nagar Field inspection assigned to Customer Support Representative officer.,Non Relevant,2025-06-17 11:54:00.000000000
20768456,INDIAN_OPENCITY_BBMP,General Consumer Services,Garbage vehicle not arrived,Garbage vehicle not arrived in Kadugondanahalli Cleared,Closed,2025-06-17 11:54:00.000000000
20768454,INDIAN_OPENCITY_BBMP,General Consumer Services,Other Khata / ekhata issues,Other Khata / ekhata issues in Ejipura Please contact ward accountant Mrs. Usha Devi,Closed,2025-06-17 11:54:00.000000000
20768453,INDIAN_OPENCITY_BBMP,General Consumer Services,Other Khata / ekhata issues,Other Khata / ekhata issues in Ejipura Please contact ward accountant Mrs.Usha Devi,Closed,2025-06-17 11:53:00.000000000
20768450,INDIAN_OPENCITY_BBMP,General Consumer Services,Other Khata / ekhata issues,Other Khata / ekhata issues in Ejipura Please contact ward 148 accountant Mrs. Usha Devi,Closed,2025-06-17 11:53:00.000000000
20768443,INDIAN_OPENCITY_BBMP,General Consumer Services,Garbage dump,Garbage dump in Mahalakshmipuram Our staff will clear this point daily,Closed,2025-06-17 11:48:00.000000000
20768435,INDIAN_OPENCITY_BBMP,General Consumer Services,Road cutting,Road cutting in Jayanagar East Kindly contact traffic police,Closed,2025-06-17 11:45:00.000000000
20768434,INDIAN_OPENCITY_BBMP,General Consumer Services,Garbage dump,Garbage dump in Domlur Clear sir,Closed,2025-06-17 11:45:00.000000000
20768433,INDIAN_OPENCITY_BBMP,General Consumer Services,TEC,TEC in Hongasandra Forwarded Task,Registered,2025-06-17 11:44:00.000000000
20768431,INDIAN_OPENCITY_BBMP,General Consumer Services,Illegal pet shop / Animal cruelty / license check,Illegal pet shop / Animal cruelty / license check in Rajaji Nagar Field inspection assigned to VI officer.,Registered,2025-06-17 11:42:00.000000000
20768430,INDIAN_OPENCITY_BBMP,General Consumer Services,Garbage dump,Garbage dump in Nagavara Clear,Closed,2025-06-17 11:42:00.000000000
20768429,INDIAN_OPENCITY_BBMP,Street/Public Electrical Infrastructure,Open Electrical Junction Box,Open Electrical Junction Box in Hebbal Field inspection assigned to AE officer.,Registered,2025-06-17 11:41:00.000000000
20768428,INDIAN_OPENCITY_BBMP,General Consumer Services,Removal of dead/fallen trees,"Removal of dead/fallen trees in Begur Please submit application to BBMP, Forest Department",Closed,2025-06-17 11:41:00.000000000
20768426,INDIAN_OPENCITY_BBMP,General Consumer Services,Debris Removal / Construction Material,Debris Removal / Construction Material in Chikpete Resolved,Closed,2025-06-17 11:40:00.000000000
20768422,INDIAN_OPENCITY_BBMP,General Consumer Services,Senior  Citizen,Senior Citizen in Begur Forwarded Task,Registered,2025-06-17 11:39:00.000000000
20768419,INDIAN_OPENCITY_BBMP,General Consumer Services,Dead animal(s),Dead animal(s) in Kuvempu Nagar Field inspection assigned to JHI officer.,Registered,2025-06-17 11:38:00.000000000
20768416,INDIAN_OPENCITY_BBMP,Street/Public Electrical Infrastructure,Street Light Not Working,Street Light Not Working in Chokkasandra Attended,Closed,2025-06-17 11:38:00.000000000
20768415,INDIAN_OPENCITY_BBMP,General Consumer Services,Stray/Rabid dog bite,Stray/Rabid dog bite in Jaraganahalli Field inspection assigned to VI officer.,Registered,2025-06-17 11:36:00.000000000
20768412,INDIAN_OPENCITY_BBMP,General Consumer Services,Garbage dump,Garbage dump in BTM Layout Cleared,Closed,2025-06-17 11:36:00.000000000
20768411,INDIAN_OPENCITY_BBMP,General Consumer Services,Garbage vehicle not arrived,Garbage vehicle not arrived in Kumaraswamy Layout Clear,Closed,2025-06-17 11:35:00.000000000
20768404,INDIAN_OPENCITY_BBMP,General Consumer Services,Garbage dump,Garbage dump in Chikpete This point is Regularly,Closed,2025-06-17 11:31:00.000000000
20768403,INDIAN_OPENCITY_BBMP,General Consumer Services,Other Khata / ekhata issues,Other Khata / ekhata issues in Dodda Bidarkallu Field inspection assigned to ARO officer.,Registered,2025-06-17 11:31:00.000000000
20768401,INDIAN_OPENCITY_BBMP,General Consumer Services,Ekhata missing in online,"Ekhata missing in online in Thanisandra Please submit the already got BBMP Manual Katha to ARO Office to find the E PID Number in e Asthi Portal, if you don't have a Manual BBMP Katha, Apply for BBMP New Katha in https://bbmp.karnataka.gov.in/NewKhata/ Portal",Closed,2025-06-17 11:29:00.000000000
20768399,INDIAN_OPENCITY_BBMP,General Consumer Services,Garbage dump,Garbage dump in Cottonpet Complaints cleard sir,Closed,2025-06-17 11:29:00.000000000
20768398,INDIAN_OPENCITY_BBMP,General Consumer Services,Debris Removal / Construction Material,Debris Removal / Construction Material in Moodalapalya Field inspection assigned to AE officer.,Registered,2025-06-17 11:29:00.000000000
20768395,INDIAN_OPENCITY_BBMP,General Consumer Services,Garbage vehicle not arrived,Garbage vehicle not arrived in Garudacharpalya Clear,Closed,2025-06-17 11:28:00.000000000
20768394,INDIAN_OPENCITY_BBMP,Street/Public Electrical Infrastructure,Street Light Not Working,Street Light Not Working in Maruthi Mandira Ward Complaint attended,Closed,2025-06-17 11:26:00.000000000
20768391,INDIAN_OPENCITY_BBMP,Street/Public Electrical Infrastructure,Street Light Not Working,Street Light Not Working in Hoodi Forwarded Task,Registered,2025-06-17 11:26:00.000000000
20768390,INDIAN_OPENCITY_BBMP,General Consumer Services,obstructions Branches / Trees.,obstructions Branches / Trees. in Bagalagunte please give an request letter to bbmp forest department office in bagalagunte,Closed,2025-06-17 11:26:00.000000000
20768386,INDIAN_OPENCITY_BBMP,General Consumer Services,Garbage dump,Garbage dump in Vannarpet Forwarded Task,Registered,2025-06-17 11:23:00.000000000
20768385,INDIAN_OPENCITY_BBMP,General Consumer Services,Road side drains,Road side drains in Laggere Field inspection assigned to AE officer.,Registered,2025-06-17 11:22:00.000000000
20768384,INDIAN_OPENCITY_BBMP,General Consumer Services,Debris Removal / Construction Material,Debris Removal / Construction Material in HAL Airport CLOSE,Closed,2025-06-17 11:22:00.000000000
20768380,INDIAN_OPENCITY_BBMP,General Consumer Services,Garbage dump,Garbage dump in Vishwanathnagenahalli Complaint resolved,Closed,2025-06-17 11:19:00.000000000
20768376,INDIAN_OPENCITY_BBMP,General Consumer Services,Garbage dump,Garbage dump in Vidyapeetha Unloading issue because of auto driver and help due 6 month not credited so Tommorow will be clear,Closed,2025-06-17 11:17:00.000000000
20768372,INDIAN_OPENCITY_BBMP,General Consumer Services,Garbage vehicle not arrived,Garbage vehicle not arrived in Vishwanathnagenahalli Complaint resolved,Closed,2025-06-17 11:15:00.000000000
20768369,INDIAN_OPENCITY_BBMP,General Consumer Services,obstructions Branches / Trees.,obstructions Branches / Trees. in Okalipuram Forwarded Task,Registered,2025-06-17 11:14:00.000000000
20768368,INDIAN_OPENCITY_BBMP,General Consumer Services,Garbage vehicle not arrived,Garbage vehicle not arrived in Kadugondanahalli No one came and Still there is garbage dump in the street. And number is not reachable too,ReOpen,2025-06-17 11:13:00.000000000
20768366,INDIAN_OPENCITY_BBMP,General Consumer Services,ekhata approval pending with ARO,ekhata approval pending with ARO in Hemmigepura Cleared,Closed,2025-06-17 11:13:00.000000000
20768361,INDIAN_OPENCITY_BBMP,Street/Public Electrical Infrastructure,Street Light Not Working,Street Light Not Working in Peenya Industrial Area Attended,Closed,2025-06-17 11:12:00.000000000
20768360,INDIAN_OPENCITY_BBMP,General Consumer Services,Garbage thrown in storm water drain,Garbage thrown in storm water drain in Hagadooru Forwarded Task,Registered,2025-06-17 11:10:00.000000000
20768358,INDIAN_OPENCITY_BBMP,General Consumer Services,Garbage vehicle not arrived,Garbage vehicle not arrived in Byatarayanapura Complaint attend resolved,Closed,2025-06-17 11:10:00.000000000
20768357,INDIAN_OPENCITY_BBMP,General Consumer Services,Garbage vehicle not arrived,Garbage vehicle not arrived in J.P.Nagar Complete clear,Closed,2025-06-17 11:09:00.000000000
20768355,INDIAN_OPENCITY_BBMP,General Consumer Services,Garbage dump,Garbage dump in Pattabhiram Nagar Clear,Closed,2025-06-17 11:08:00.000000000
20768354,INDIAN_OPENCITY_BBMP,General Consumer Services,shifting of the street dogs to other places,"shifting of the street dogs to other places in J.P.Nagar Spoke to the reporter and explained the about legality Dogs cannot be relocated as per the ABC Rule 2023. For barking, crying, chasing - nothing can be done since it is a natural instinct of a dog. Sterilisation and Immunisation of street dogs will be done by BBMP.",Closed,2025-06-17 11:08:00.000000000
20768353,INDIAN_OPENCITY_BBMP,Street/Public Electrical Infrastructure,Street Light Not Working,Street Light Not Working in S.K.Garden Field inspection assigned to AE officer.,Registered,2025-06-17 11:06:00.000000000
20768351,INDIAN_OPENCITY_BBMP,Street/Public Electrical Infrastructure,Street Light Not Working,Street Light Not Working in Mangammanapalya Atteded,Closed,2025-06-17 11:04:00.000000000
20768348,INDIAN_OPENCITY_BBMP,General Consumer Services,Stray dog related complaints,Stray dog related complaints in Doddanekkundi No relocation of dogs. Can be done as per supreme court order,Closed,2025-06-17 11:03:00.000000000
20768344,INDIAN_OPENCITY_BBMP,General Consumer Services,Garbage vehicle not arrived,Garbage vehicle not arrived in Kadugondanahalli Still not cleared.,ReOpen,2025-06-17 11:02:00.000000000
20768343,INDIAN_OPENCITY_BBMP,General Consumer Services,Garbage vehicle not arrived,Garbage vehicle not arrived in Jnanabharathi Ward Clear,Closed,2025-06-17 11:01:00.000000000
20768341,INDIAN_OPENCITY_BBMP,General Consumer Services,Dying of fishes in lake,Dying of fishes in lake in Vasanthapura Field inspection assigned to AE officer.,Registered,2025-06-17 11:01:00.000000000
20768339,INDIAN_OPENCITY_BBMP,General Consumer Services,Other Khata / ekhata issues,Other Khata / ekhata issues in Varthur property verification going on plz wait they will clearing,Closed,2025-06-17 10:59:00.000000000
20768337,INDIAN_OPENCITY_BBMP,General Consumer Services,Sweeping not done,Sweeping not done in Vidyapeetha Field inspection assigned to JHI officer.,Registered,2025-06-17 10:57:00.000000000
20768335,INDIAN_OPENCITY_BBMP,General Consumer Services,Garbage vehicle not arrived,Garbage vehicle not arrived in Hoodi Vehicle arrived in the area and cleared,Closed,2025-06-17 10:55:00.000000000
20768334,INDIAN_OPENCITY_BBMP,General Consumer Services,Potholes,Potholes in Nayandanahalli Field inspection assigned to AE officer.,Registered,2025-06-17 10:55:00.000000000
20768333,INDIAN_OPENCITY_BBMP,General Consumer Services,Technical Issue In Ekhata,Technical Issue In Ekhata in H.M.T Field inspection assigned to RI officer.,Registered,2025-06-17 10:55:00.000000000
20768332,INDIAN_OPENCITY_BBMP,General Consumer Services,Debris Removal / Construction Material,Debris Removal / Construction Material in Jayanagar East Kindly upload exact address,Closed,2025-06-17 10:55:00.000000000
20768331,INDIAN_OPENCITY_BBMP,General Consumer Services,Unable to generate the property tax challan,Unable to generate the property tax challan in HBR Layout Field inspection assigned to ARO officer.,Registered,2025-06-17 10:54:00.000000000
20768330,INDIAN_OPENCITY_BBMP,General Consumer Services,Garbage dump,Garbage dump in Marenahalli Cleared,Closed,2025-06-17 10:53:00.000000000
20768329,INDIAN_OPENCITY_BBMP,General Consumer Services,Garbage vehicle not arrived,Garbage vehicle not arrived in Ejipura Clear,Closed,2025-06-17 10:53:00.000000000
20768328,INDIAN_OPENCITY_BBMP,General Consumer Services,Garbage vehicle not arrived,Garbage vehicle not arrived in Ejipura Cleared,Closed,2025-06-17 10:52:00.000000000
20768325,INDIAN_OPENCITY_BBMP,General Consumer Services,Debris Removal / Construction Material,Debris Removal / Construction Material in Chokkasandra Field inspection assigned to AE officer.,Registered,2025-06-17 10:51:00.000000000
20768324,INDIAN_OPENCITY_BBMP,General Consumer Services,Senior  Citizen,Senior Citizen in Bilekahalli Forwarded Task,Registered,2025-06-17 10:50:00.000000000
20768323,INDIAN_OPENCITY_BBMP,General Consumer Services,Garbage dump,Garbage dump in Bilekahalli Clear This One Complaint,Closed,2025-06-17 10:50:00.000000000
20768322,INDIAN_OPENCITY_BBMP,General Consumer Services,Garbage dump,Garbage dump in Gandhi Nagar Clear,Closed,2025-06-17 10:50:00.000000000
20768320,INDIAN_OPENCITY_BBMP,General Consumer Services,footpath encroachment,footpath encroachment in Ulsoor Field inspection assigned to AE officer.,Registered,2025-06-17 10:49:00.000000000
20768319,INDIAN_OPENCITY_BBMP,General Consumer Services,Debris Removal / Construction Material,Debris Removal / Construction Material in HSR Layout Field inspection assigned to AE officer.,Registered,2025-06-17 10:48:00.000000000
20768317,INDIAN_OPENCITY_BBMP,Street/Public Electrical Infrastructure,Street Light Not Working,Street Light Not Working in Shiva Nagar Field inspection assigned to JE officer.,Registered,2025-06-17 10:48:00.000000000
20768315,INDIAN_OPENCITY_BBMP,General Consumer Services,Without permission digging of road,Without permission digging of road in Vijanapura Field inspection assigned to AE officer.,Registered,2025-06-17 10:47:00.000000000
20768313,INDIAN_OPENCITY_BBMP,General Consumer Services,Flex and banners,Flex and banners in Basavanapura Field inspection assigned to ARO officer.,Registered,2025-06-17 10:47:00.000000000
20768310,INDIAN_OPENCITY_BBMP,General Consumer Services,Garbage vehicle not arrived,Garbage vehicle not arrived in Mathikere Complaint clear,Closed,2025-06-17 10:45:00.000000000
20768309,INDIAN_OPENCITY_BBMP,General Consumer Services,Potholes,Potholes in Bommanahalli Field inspection assigned to Customer Support Representative officer.,Non Relevant,2025-06-17 10:45:00.000000000
20768307,INDIAN_OPENCITY_BBMP,General Consumer Services,Garbage dump,Garbage dump in Ganeshmandira Ward Clear,Closed,2025-06-17 10:44:00.000000000
20768303,INDIAN_OPENCITY_BBMP,General Consumer Services,Others,Others in Moodalapalya Field inspection assigned to Customer Support Representative officer.,Registered,2025-06-17 10:42:00.000000000
20768301,INDIAN_OPENCITY_BBMP,General Consumer Services,Potholes,Potholes in Bilekahalli Field inspection assigned to Customer Support Representative officer.,Non Relevant,2025-06-17 10:41:00.000000000
20768299,INDIAN_OPENCITY_BBMP,General Consumer Services,obstructions Branches / Trees.,"obstructions Branches / Trees. in Bilekahalli Please submit application to BBMP, Forest Department",Closed,2025-06-17 10:38:00.000000000
20768297,INDIAN_OPENCITY_BBMP,General Consumer Services,Garbage vehicle not arrived,Garbage vehicle not arrived in HAL Airport Trash is not cleared.,ReOpen,2025-06-17 10:37:00.000000000
20768296,INDIAN_OPENCITY_BBMP,General Consumer Services,Garbage dump,Garbage dump in Hosahalli Closed,Closed,2025-06-17 10:37:00.000000000
20768292,INDIAN_OPENCITY_BBMP,General Consumer Services,Road cutting,Road cutting in Bommanahalli Field inspection assigned to Customer Support Representative officer.,Non Relevant,2025-06-17 10:36:00.000000000
20768290,INDIAN_OPENCITY_BBMP,General Consumer Services,Garbage vehicle not arrived,Garbage vehicle not arrived in Hoysala Nagar Garbage cleared sir,Closed,2025-06-17 10:36:00.000000000
20768288,INDIAN_OPENCITY_BBMP,General Consumer Services,Ekhata Area Correction,Ekhata Area Correction in Arakere pls submit application for any correction,Closed,2025-06-17 10:34:00.000000000
20768284,INDIAN_OPENCITY_BBMP,General Consumer Services,Garbage vehicle not arrived,Garbage vehicle not arrived in Yelahanka old Satellite Town Complaint attended,Closed,2025-06-17 10:33:00.000000000
20768282,INDIAN_OPENCITY_BBMP,General Consumer Services,obstructions Branches / Trees.,obstructions Branches / Trees. in Devarajeevanahalli Field inspection assigned to DYRFO officer.,Registered,2025-06-17 10:32:00.000000000
20768281,INDIAN_OPENCITY_BBMP,General Consumer Services,Khata / Ekhata mutation / transfer,Khata / Ekhata mutation / transfer in Okalipuram RESOLVED,Closed,2025-06-17 10:30:00.000000000
20768280,INDIAN_OPENCITY_BBMP,General Consumer Services,Garbage dump,Garbage dump in Bharathi Nagar Garbage cleared,Closed,2025-06-17 10:30:00.000000000
20768276,INDIAN_OPENCITY_BBMP,General Consumer Services,Garbage dump,Garbage dump in Basavanapura Cl,Closed,2025-06-17 10:26:00.000000000
20768274,INDIAN_OPENCITY_BBMP,General Consumer Services,Garbage dump,Garbage dump in Chamrajpet Complete clear,Closed,2025-06-17 10:26:00.000000000
20768272,INDIAN_OPENCITY_BBMP,General Consumer Services,Garbage dump,Garbage dump in Byatarayanapura Attend resolved,Closed,2025-06-17 10:24:00.000000000
20768270,INDIAN_OPENCITY_BBMP,General Consumer Services,ekhata approval pending with ARO,ekhata approval pending with ARO in Varthur APPLICATION SUBMITTED AND THE APPLICATION IS WITH CW he will be clear as soon as possible,Closed,2025-06-17 10:23:00.000000000
20768269,INDIAN_OPENCITY_BBMP,General Consumer Services,"Khata Services (Registration, Transfer, Bifurcation and Amalgamation)","Khata Services (Registration, Transfer, Bifurcation and Amalgamation) in Jaraganahalli this is mutation case approved after notice period",Closed,2025-06-17 10:23:00.000000000
20768267,INDIAN_OPENCITY_BBMP,General Consumer Services,Garbage dump,Garbage dump in Ramaswamy Palya Complete clear,Closed,2025-06-17 10:22:00.000000000
20768266,INDIAN_OPENCITY_BBMP,General Consumer Services,Garbage dump,Garbage dump in Thanisandra Forwarded Task,Registered,2025-06-17 10:22:00.000000000
20768263,INDIAN_OPENCITY_BBMP,General Consumer Services,obstructions Branches / Trees.,obstructions Branches / Trees. in Yadiyuru Field inspection assigned to DYRFO officer.,Registered,2025-06-17 10:21:00.000000000
20768261,INDIAN_OPENCITY_BBMP,General Consumer Services,Garbage dump,Garbage dump in Gottigere Forwarded Task,Registered,2025-06-17 10:19:00.000000000
20768259,INDIAN_OPENCITY_BBMP,Street/Public Electrical Infrastructure,Street Light Not Working,Street Light Not Working in H.M.T Attended,Closed,2025-06-17 10:18:00.000000000
20768258,INDIAN_OPENCITY_BBMP,General Consumer Services,Technical Issue In Ekhata,Technical Issue In Ekhata in Someshwara Field inspection assigned to RI officer.,Registered,2025-06-17 10:17:00.000000000
20768257,INDIAN_OPENCITY_BBMP,Street/Public Electrical Infrastructure,Street Light Not Working,Street Light Not Working in Rajagopala Nagar Attended,Closed,2025-06-17 10:16:00.000000000
20768256,INDIAN_OPENCITY_BBMP,General Consumer Services,Garbage dumping in vacant sites,Garbage dumping in vacant sites in Dr.Rajkumar Ward Field inspection assigned to Marshal officer.,Registered,2025-06-17 10:16:00.000000000
20768255,INDIAN_OPENCITY_BBMP,General Consumer Services,Dead animal(s),Dead animal(s) in Gali Anjaneya Swamy Temple Ward Field inspection assigned to JHI officer.,Registered,2025-06-17 10:16:00.000000000
20768253,INDIAN_OPENCITY_BBMP,General Consumer Services,obstructions Branches / Trees.,obstructions Branches / Trees. in Rajamahal Field inspection assigned to DYRFO officer.,Registered,2025-06-17 10:15:00.000000000
20768251,INDIAN_OPENCITY_BBMP,Street/Public Electrical Infrastructure,Street Lights Switched On During Day Time,Street Lights Switched On During Day Time in Dodda Bidarkallu Attended,Closed,2025-06-17 10:15:00.000000000
20768248,INDIAN_OPENCITY_BBMP,General Consumer Services,Potholes,Potholes in Shankaramata Forwarded Task,Registered,2025-06-17 10:14:00.000000000
20768243,INDIAN_OPENCITY_BBMP,General Consumer Services,Fatally injured - Needs immediate attention,Fatally injured - Needs immediate attention in Kempegowda Ward null,null,2025-06-17 10:13:00.000000000
20768240,INDIAN_OPENCITY_BBMP,General Consumer Services,obstructions Branches / Trees.,obstructions Branches / Trees. in Horamavu Field inspection assigned to DYRFO officer.,Registered,2025-06-17 10:12:00.000000000
20768238,INDIAN_OPENCITY_BBMP,General Consumer Services,obstructions Branches / Trees.,obstructions Branches / Trees. in Gurappanapalya Field inspection assigned to DYRFO officer.,Registered,2025-06-17 10:11:00.000000000
20768237,INDIAN_OPENCITY_BBMP,General Consumer Services,"Khata Services (Registration, Transfer, Bifurcation and Amalgamation)","Khata Services (Registration, Transfer, Bifurcation and Amalgamation) in Begur ನಿಯಮಾನುಸಾರ ಕ್ರಮ ವಹಿಸಲಾಗುವುದು",Closed,2025-06-17 10:10:00.000000000
20768236,INDIAN_OPENCITY_BBMP,Street/Public Electrical Infrastructure,Street Light Not Working,Street Light Not Working in Adugodi ATTENDED,Closed,2025-06-17 10:10:00.000000000
20768234,INDIAN_OPENCITY_BBMP,General Consumer Services,Others,Others in HSR Layout Field inspection assigned to Customer Support Representative officer.,Registered,2025-06-17 10:09:00.000000000
20768222,INDIAN_OPENCITY_BBMP,General Consumer Services,Sweeping not done,Sweeping not done in Someshwara Resloved,Closed,2025-06-17 10:05:00.000000000
20768221,INDIAN_OPENCITY_BBMP,General Consumer Services,Fatally injured - Needs immediate attention,Fatally injured - Needs immediate attention in Vignana Nagar Complaint attended,Closed,2025-06-17 10:05:00.000000000
20768219,INDIAN_OPENCITY_BBMP,General Consumer Services,Removal of dead/fallen trees,Removal of dead/fallen trees in Kodigehalli Field inspection assigned to DYRFO officer.,Registered,2025-06-17 10:04:00.000000000
20768211,INDIAN_OPENCITY_BBMP,General Consumer Services,Sweeping not done,Sweeping not done in Horamavu Field inspection assigned to JHI officer.,Registered,2025-06-17 10:02:00.000000000
20768209,INDIAN_OPENCITY_BBMP,General Consumer Services,Garbage vehicle not arrived,Garbage vehicle not arrived in A.Narayanapura Arrived,Closed,2025-06-17 10:01:00.000000000
20768206,INDIAN_OPENCITY_BBMP,General Consumer Services,Garbage dump,Garbage dump in Chalavadipalya Garbage,Closed,2025-06-17 10:00:00.000000000
20768204,INDIAN_OPENCITY_BBMP,General Consumer Services,Ekhata missing in online,"Ekhata missing in online in Ullalu If you do not have the EPID number of your property, you can visit the Kengeri ARO office after 3 pm, meet the concerned case worker, provide a copy of the katha, and you will get the EPID number.",Closed,2025-06-17 09:59:00.000000000
20768202,INDIAN_OPENCITY_BBMP,General Consumer Services,Dead animal(s),Dead animal(s) in Kadugodi Field inspection assigned to JHI officer.,Registered,2025-06-17 09:56:00.000000000
20768201,INDIAN_OPENCITY_BBMP,General Consumer Services,Animal Rescue - Not well - Requires attention,Animal Rescue - Not well - Requires attention in Yelahanka old Satellite Town Spoken with the concern person,Closed,2025-06-17 09:55:00.000000000
20768198,INDIAN_OPENCITY_BBMP,General Consumer Services,Garbage dump,Garbage dump in Nagarabhavi Clear,Closed,2025-06-17 09:54:00.000000000
20768196,INDIAN_OPENCITY_BBMP,Street/Public Electrical Infrastructure,Street Light Not Working,Street Light Not Working in Kempapura Agrahara Field inspection assigned to AE officer.,In Progress,2025-06-17 09:54:00.000000000
20768195,INDIAN_OPENCITY_BBMP,General Consumer Services,Other Khata / ekhata issues,Other Khata / ekhata issues in Konanakunte clear,Closed,2025-06-17 09:53:00.000000000
20768194,INDIAN_OPENCITY_BBMP,General Consumer Services,Fatally injured - Needs immediate attention,Fatally injured - Needs immediate attention in J.P.Park Referred to rescue team,Closed,2025-06-17 09:53:00.000000000
20768193,INDIAN_OPENCITY_BBMP,Street/Public Electrical Infrastructure,Requirement For New Street Lights,Requirement For New Street Lights in Hoysala Nagar Field inspection assigned to AE officer.,Registered,2025-06-17 09:53:00.000000000
20768189,INDIAN_OPENCITY_BBMP,General Consumer Services,Garbage dump,Garbage dump in C.V.Raman Nagar Cleared thank you,Closed,2025-06-17 09:50:00.000000000
20768188,INDIAN_OPENCITY_BBMP,General Consumer Services,Road side drains,Road side drains in Bilekahalli Solved,Closed,2025-06-17 09:50:00.000000000
20768187,INDIAN_OPENCITY_BBMP,General Consumer Services,Garbage vehicle not arrived,Garbage vehicle not arrived in Kottigepalya Closed,Closed,2025-06-17 09:48:00.000000000
20768185,INDIAN_OPENCITY_BBMP,General Consumer Services,Stray dog related complaints,Stray dog related complaints in Agrahara Dasarahalli Counselling Done,Closed,2025-06-17 09:47:00.000000000
20768184,INDIAN_OPENCITY_BBMP,General Consumer Services,Road cutting,Road cutting in Kammanahalli Field inspection assigned to AE officer.,Registered,2025-06-17 09:44:00.000000000
20768183,INDIAN_OPENCITY_BBMP,General Consumer Services,Garbage dump,Garbage dump in Uttarahalli Forwarded Task,Registered,2025-06-17 09:44:00.000000000
20768181,INDIAN_OPENCITY_BBMP,General Consumer Services,Garbage vehicle not arrived,Garbage vehicle not arrived in Doddanekkundi Clear,Closed,2025-06-17 09:43:00.000000000
20768180,INDIAN_OPENCITY_BBMP,General Consumer Services,shifting of the street dogs to other places,shifting of the street dogs to other places in Vidyaranyapura THIS COMPLAINT ATTENDED SEVERAL TIMES ABC OPERATION AND ARV VACCINATION HAS BEEN FUNCTIONING REGULARLY IN THIS WARD STRICTLY NO RELOCATION OF DOGS IT'S AGAINST THE RULE,Closed,2025-06-17 09:42:00.000000000
20768179,INDIAN_OPENCITY_BBMP,Street/Public Electrical Infrastructure,Street Light Not Working,Street Light Not Working in Yeshwanthpur Attended,Closed,2025-06-17 09:41:00.000000000
20768169,INDIAN_OPENCITY_BBMP,General Consumer Services,footpath encroachment,footpath encroachment in Bharathi Nagar Field inspection assigned to AE officer.,Registered,2025-06-17 09:37:00.000000000
20768166,INDIAN_OPENCITY_BBMP,General Consumer Services,Construction not done as per approved plan (Building Bye Law Violations),Construction not done as per approved plan (Building Bye Law Violations) in Jakkur Field inspection assigned to AE officer.,Registered,2025-06-17 09:35:00.000000000
20768165,INDIAN_OPENCITY_BBMP,General Consumer Services,Garbage vehicle not arrived,Garbage vehicle not arrived in K.R.Market Field inspection assigned to Marshal officer.,Registered,2025-06-17 09:34:00.000000000
20768159,INDIAN_OPENCITY_BBMP,General Consumer Services,obstructions Branches / Trees.,obstructions Branches / Trees. in Jakkur Field inspection assigned to DYRFO officer.,Registered,2025-06-17 09:33:00.000000000
20768158,INDIAN_OPENCITY_BBMP,General Consumer Services,Garbage dump,Garbage dump in Kadugodi Clear,Closed,2025-06-17 09:32:00.000000000
20768155,INDIAN_OPENCITY_BBMP,General Consumer Services,Garbage dump,Garbage dump in Jayangar Clear,Closed,2025-06-17 09:31:00.000000000
20768154,INDIAN_OPENCITY_BBMP,General Consumer Services,Garbage dump,Garbage dump in Hebbal Complaint resolved.,Closed,2025-06-17 09:30:00.000000000
20768153,INDIAN_OPENCITY_BBMP,General Consumer Services,Removal of dead/fallen trees,Removal of dead/fallen trees in Dr.Rajkumar Ward Field inspection assigned to DYRFO officer.,Registered,2025-06-17 09:30:00.000000000
20768149,INDIAN_OPENCITY_BBMP,General Consumer Services,Footpath,Footpath in Hemmigepura Field inspection assigned to AE officer.,Registered,2025-06-17 09:27:00.000000000
20768142,INDIAN_OPENCITY_BBMP,General Consumer Services,Garbage vehicle not arrived,Garbage vehicle not arrived in Vannarpet Auto driver is absent Tom onwards he will attend,Closed,2025-06-17 09:26:00.000000000
20768141,INDIAN_OPENCITY_BBMP,General Consumer Services,Ekhata Other corrections,Ekhata Other corrections in Singasandra ನಿಯಮಾನುಸಾರ ಕ್ರಮ ವಹಿಸಲಾಗುವುದು,Closed,2025-06-17 09:26:00.000000000
20768139,INDIAN_OPENCITY_BBMP,General Consumer Services,Garbage nuisance while transporting,Garbage nuisance while transporting in Vasanth Nagar Not available for parking so we are standing garbage autos,Closed,2025-06-17 09:25:00.000000000
20768138,INDIAN_OPENCITY_BBMP,General Consumer Services,Garbage vehicle not arrived,Garbage vehicle not arrived in Hoodi Vehicle arrived in the area and collected the garbage,Closed,2025-06-17 09:25:00.000000000
20768136,INDIAN_OPENCITY_BBMP,General Consumer Services,Stray cattle related complaints,Stray cattle related complaints in Anjanapur We have separate wing of cattle found your complaint forwarded to Assist director phone number is [PHONE],Closed,2025-06-17 09:25:00.000000000
20768135,INDIAN_OPENCITY_BBMP,Street/Public Electrical Infrastructure,Street Light Not Working,Street Light Not Working in Sanjay Nagar Resolved,Closed,2025-06-17 09:24:00.000000000
20768134,INDIAN_OPENCITY_BBMP,General Consumer Services,Other Khata / ekhata issues,Other Khata / ekhata issues in Hagadooru as inform to you have to re submit the online application,Closed,2025-06-17 09:24:00.000000000
20768133,INDIAN_OPENCITY_BBMP,General Consumer Services,Garbage vehicle not arrived,Garbage vehicle not arrived in Kodigehalli Complaint cleared,Closed,2025-06-17 09:23:00.000000000
20768131,INDIAN_OPENCITY_BBMP,General Consumer Services,Garbage dump,Garbage dump in Jakkasandra Garbage cleared,Closed,2025-06-17 09:23:00.000000000
20768130,INDIAN_OPENCITY_BBMP,General Consumer Services,shifting of the street dogs to other places,shifting of the street dogs to other places in Vasanthapura We can't relocate the dog as per bbmp 2024 rules. (Counseling),Closed,2025-06-17 09:22:00.000000000
20768129,INDIAN_OPENCITY_BBMP,General Consumer Services,Stray/Rabid dog bite,Stray/Rabid dog bite in Horamavu Field inspection assigned to VI officer.,Registered,2025-06-17 09:21:00.000000000
20768128,INDIAN_OPENCITY_BBMP,General Consumer Services,Others,Others in Aramane Nagar Forwarded Task Major Roads West,Registered,2025-06-17 09:21:00.000000000
20768127,INDIAN_OPENCITY_BBMP,General Consumer Services,Animal birth control/neutering of stray dogs,Animal birth control/neutering of stray dogs in Horamavu Field inspection assigned to VI officer.,Registered,2025-06-17 09:20:00.000000000
20768126,INDIAN_OPENCITY_BBMP,General Consumer Services,Others,Others in Mangammanapalya Field inspection assigned to Customer Support Representative officer.,Registered,2025-06-17 09:20:00.000000000
20768125,INDIAN_OPENCITY_BBMP,General Consumer Services,Complaint against SW collector/ SWM official for violation of SWM Rules,Complaint against SW collector/ SWM official for violation of SWM Rules in Kaveripura I've warned Auto driver not to ask any Money from public.,Closed,2025-06-17 09:19:00.000000000
20768124,INDIAN_OPENCITY_BBMP,General Consumer Services,Potholes,Potholes in Kottigepalya Field inspection assigned to AE officer.,Registered,2025-06-17 09:18:00.000000000
20768121,INDIAN_OPENCITY_BBMP,General Consumer Services,Road cutting,Road cutting in Gottigere Resolved,Closed,2025-06-17 09:14:00.000000000
20768118,INDIAN_OPENCITY_BBMP,General Consumer Services,Garbage vehicle not arrived,Garbage vehicle not arrived in Uttarahalli Clear,Closed,2025-06-17 09:11:00.000000000
20768117,INDIAN_OPENCITY_BBMP,General Consumer Services,Complaint against SW collector/ SWM official for violation of SWM Rules,Complaint against SW collector/ SWM official for violation of SWM Rules in Thanisandra Field inspection assigned to Marshal officer.,Registered,2025-06-17 09:11:00.000000000
20768116,INDIAN_OPENCITY_BBMP,General Consumer Services,Garbage dump,Garbage dump in Benniganahalli Complaint attend,Closed,2025-06-17 09:11:00.000000000
20768115,INDIAN_OPENCITY_BBMP,General Consumer Services,Garbage dump,Garbage dump in Mahalakshmipuram Forwarded Task,Registered,2025-06-17 09:10:00.000000000
20768112,INDIAN_OPENCITY_BBMP,General Consumer Services,Garbage dump,Garbage dump in Chikpete ಈ ಪಾಯಿಂಟ್ ದಿನವೂ ಕ್ಲಿಯರ್ ಆಗುತ್ತೆ ಮತ್ತೆ ಮತ್ತೆ ಕಸ ಬೀಳುತ್ತಿದೆ,Closed,2025-06-17 09:08:00.000000000
20768111,INDIAN_OPENCITY_BBMP,General Consumer Services,Removal of dead/fallen trees,Removal of dead/fallen trees in Peenya Industrial Area please upload a picture,Closed,2025-06-17 09:08:00.000000000
20768109,INDIAN_OPENCITY_BBMP,General Consumer Services,Garbage vehicle not arrived,Garbage vehicle not arrived in Ramamurthy Nagar Clear,Closed,2025-06-17 09:07:00.000000000
20768107,INDIAN_OPENCITY_BBMP,General Consumer Services,Garbage dumping in vacant sites,Garbage dumping in vacant sites in Varthur Clear,Closed,2025-06-17 09:05:00.000000000
20768104,INDIAN_OPENCITY_BBMP,General Consumer Services,water stagnation,water stagnation in HSR Layout Field inspection assigned to AE officer.,Registered,2025-06-17 09:01:00.000000000
20768101,INDIAN_OPENCITY_BBMP,General Consumer Services,Stray/Rabid dog bite,Stray/Rabid dog bite in Banaswadi Field inspection assigned to VI officer.,Registered,2025-06-17 08:58:00.000000000
20768100,INDIAN_OPENCITY_BBMP,General Consumer Services,Garbage dump,Garbage dump in Madiwala Clear,Closed,2025-06-17 08:58:00.000000000
20768097,INDIAN_OPENCITY_BBMP,General Consumer Services,Garbage vehicle not arrived,Garbage vehicle not arrived in Radhakrishna Temple Clear,Closed,2025-06-17 08:56:00.000000000
20768092,INDIAN_OPENCITY_BBMP,General Consumer Services,Fatally injured - Needs immediate attention,Fatally injured - Needs immediate attention in Singasandra Field inspection assigned to VI officer.,Registered,2025-06-17 08:50:00.000000000
20768091,INDIAN_OPENCITY_BBMP,General Consumer Services,Garbage vehicle not arrived,Garbage vehicle not arrived in J.P.Park Forwarded Task,Registered,2025-06-17 08:50:00.000000000
20768087,INDIAN_OPENCITY_BBMP,General Consumer Services,Potholes,Potholes in Radhakrishna Temple Field inspection assigned to AE officer.,Registered,2025-06-17 08:48:00.000000000
20768086,INDIAN_OPENCITY_BBMP,General Consumer Services,Garbage dump,Garbage dump in Hongasandra Clear,Closed,2025-06-17 08:47:00.000000000
20768083,INDIAN_OPENCITY_BBMP,General Consumer Services,Maintenance of SWD,Maintenance of SWD in Madiwala Forwarded Task,Registered,2025-06-17 08:43:00.000000000
20768082,INDIAN_OPENCITY_BBMP,Street/Public Electrical Infrastructure,Street Light Not Working,Street Light Not Working in Doddabommasandra Bescom problem,Closed,2025-06-17 08:42:00.000000000
20768079,INDIAN_OPENCITY_BBMP,Street/Public Electrical Infrastructure,Street Light Not Working,Street Light Not Working in Pattabhiram Nagar attended,Closed,2025-06-17 08:42:00.000000000
20768075,INDIAN_OPENCITY_BBMP,Street/Public Electrical Infrastructure,Street Lights Switched On During Day Time,Street Lights Switched On During Day Time in Bapuji Nagar attended,Closed,2025-06-17 08:38:00.000000000
20768074,INDIAN_OPENCITY_BBMP,General Consumer Services,Garbage dump,Garbage dump in Bellandur Clear,Closed,2025-06-17 08:37:00.000000000
20768070,INDIAN_OPENCITY_BBMP,General Consumer Services,Road side drains,Road side drains in Jakkur This compliant comes under Major roads,Non Relevant,2025-06-17 08:37:00.000000000
20768069,INDIAN_OPENCITY_BBMP,General Consumer Services,Pet dog licence,Pet dog licence in Banashankari Temple Ward Complaint Attended,Closed,2025-06-17 08:34:00.000000000
20768067,INDIAN_OPENCITY_BBMP,General Consumer Services,Increase in mosquito density,Increase in mosquito density in Thanisandra Field inspection assigned to SHI officer.,Registered,2025-06-17 08:32:00.000000000
20768065,INDIAN_OPENCITY_BBMP,General Consumer Services,shifting of the street dogs to other places,shifting of the street dogs to other places in Ullalu Dog's cought for animals birth control operation and vaccination,Closed,2025-06-17 08:28:00.000000000
20768064,INDIAN_OPENCITY_BBMP,General Consumer Services,Sweeping not done,Sweeping not done in Jakkur Closed,Closed,2025-06-17 08:26:00.000000000
20768063,INDIAN_OPENCITY_BBMP,General Consumer Services,UnAuthorised Building Constructions,UnAuthorised Building Constructions in Vrushabhavati Nagar Field inspection assigned to ADTP officer.,Registered,2025-06-17 08:26:00.000000000
20768059,INDIAN_OPENCITY_BBMP,General Consumer Services,Issues Related to Parks/Medians/Circles/Island.,Issues Related to Parks/Medians/Circles/Island. in Horamavu Field inspection assigned to HS officer.,Registered,2025-06-17 08:23:00.000000000
20768058,INDIAN_OPENCITY_BBMP,General Consumer Services,shifting of the street dogs to other places,shifting of the street dogs to other places in Horamavu No relocation of dogs can be done as per supreme court order,Closed,2025-06-17 08:21:00.000000000
20768056,INDIAN_OPENCITY_BBMP,General Consumer Services,Others,Others in Horamavu Field inspection assigned to Customer Support Representative officer.,Registered,2025-06-17 08:21:00.000000000
20768055,INDIAN_OPENCITY_BBMP,General Consumer Services,Garbage dump,Garbage dump in Begur This complaint is cleared sir,Closed,2025-06-17 08:18:00.000000000
20768054,INDIAN_OPENCITY_BBMP,General Consumer Services,Garbage dump,Garbage dump in Hoodi Vehicle arrived in area and collected the garbage cleared,Closed,2025-06-17 08:18:00.000000000
20768053,INDIAN_OPENCITY_BBMP,General Consumer Services,Sweeping not done,"Sweeping not done in Vishwanathnagenahalli Collected Garbage dumped by Sweeper ,take a necessary action....",Registered,2025-06-17 08:13:00.000000000
20768051,INDIAN_OPENCITY_BBMP,General Consumer Services,Garbage vehicle not arrived,Garbage vehicle not arrived in Kavalbyrasandra Not attended the job closed off ask him to call back me,ReOpen,2025-06-17 08:12:00.000000000
20768049,INDIAN_OPENCITY_BBMP,General Consumer Services,Garbage vehicle not arrived,Garbage vehicle not arrived in Hoodi It's a Gated community,Closed,2025-06-17 08:11:00.000000000
20768048,INDIAN_OPENCITY_BBMP,General Consumer Services,Debris Removal / Construction Material,Debris Removal / Construction Material in Nayandanahalli Field inspection assigned to AE officer.,Registered,2025-06-17 08:08:00.000000000
20768047,INDIAN_OPENCITY_BBMP,General Consumer Services,Burning of Garbage in Open Space,Burning of Garbage in Open Space in Vignana Nagar Clear,Closed,2025-06-17 08:06:00.000000000
20768046,INDIAN_OPENCITY_BBMP,General Consumer Services,Garbage vehicle not arrived,"Garbage vehicle not arrived in Kaveripura Kindly update the reachable contact number, it's switched off when we tried to call",Closed,2025-06-17 08:05:00.000000000
20768045,INDIAN_OPENCITY_BBMP,General Consumer Services,Road cutting,Road cutting in Jalahalli Field inspection assigned to Customer Support Representative officer.,Non Relevant,2025-06-17 08:05:00.000000000
20768043,INDIAN_OPENCITY_BBMP,General Consumer Services,Garbage dump,Garbage dump in Uttarahalli Cleared,Closed,2025-06-17 08:01:00.000000000
20768042,INDIAN_OPENCITY_BBMP,General Consumer Services,Garbage dump,Garbage dump in Bommanahalli Cleared sir,Closed,2025-06-17 08:01:00.000000000
20768040,INDIAN_OPENCITY_BBMP,General Consumer Services,Road side drains,Road side drains in Begur Field inspection assigned to Customer Support Representative officer.,Non Relevant,2025-06-17 07:59:00.000000000
20768038,INDIAN_OPENCITY_BBMP,General Consumer Services,Stray/Rabid dog bite,Stray/Rabid dog bite in A.Narayanapura Field inspection assigned to VI officer.,Registered,2025-06-17 07:59:00.000000000
20768035,INDIAN_OPENCITY_BBMP,General Consumer Services,Sweeping not done,Sweeping not done in Doddabommasandra Clear,Closed,2025-06-17 07:57:00.000000000
20768032,INDIAN_OPENCITY_BBMP,General Consumer Services,Animal birth control/neutering of stray dogs,Animal birth control/neutering of stray dogs in Vijanapura Field inspection assigned to VI officer.,Registered,2025-06-17 07:54:00.000000000
20768031,INDIAN_OPENCITY_BBMP,General Consumer Services,Animal Rescue - Not well - Requires attention,Animal Rescue - Not well - Requires attention in Garudacharpalya Complaint attended,Closed,2025-06-17 07:53:00.000000000
20768029,INDIAN_OPENCITY_BBMP,General Consumer Services,Sweeping not done,Sweeping not done in Ullalu Field inspection assigned to Madaapa/JHI officer.,Registered,2025-06-17 07:51:00.000000000
20768028,INDIAN_OPENCITY_BBMP,General Consumer Services,Sweeping not done,Sweeping not done in Agaram Field inspection assigned to JHI officer.,Registered,2025-06-17 07:50:00.000000000
20768027,INDIAN_OPENCITY_BBMP,General Consumer Services,Potholes,Potholes in Hagadooru Field inspection assigned to AE officer.,Registered,2025-06-17 07:49:00.000000000
20768024,INDIAN_OPENCITY_BBMP,General Consumer Services,Garbage vehicle not arrived,Garbage vehicle not arrived in Chamrajpet Complete clear,Closed,2025-06-17 07:46:00.000000000
20768022,INDIAN_OPENCITY_BBMP,General Consumer Services,Potholes,Potholes in Puttenahalli Field inspection assigned to AE officer.,Registered,2025-06-17 07:45:00.000000000
20768019,INDIAN_OPENCITY_BBMP,General Consumer Services,Garbage dump,Garbage dump in Arakere Complaint attend and cleared sir,Closed,2025-06-17 07:37:00.000000000
20768018,INDIAN_OPENCITY_BBMP,General Consumer Services,Stray cattle related complaints,Stray cattle related complaints in Varthur Field inspection assigned to VI officer.,Registered,2025-06-17 07:37:00.000000000
20768016,INDIAN_OPENCITY_BBMP,General Consumer Services,Road side drains,Road side drains in Nandini Layout Field inspection assigned to Customer Support Representative officer.,Non Relevant,2025-06-17 07:33:00.000000000
20768014,INDIAN_OPENCITY_BBMP,General Consumer Services,Garbage dump,Garbage dump in Kadugodi Panchayat limit,Closed,2025-06-17 07:31:00.000000000
20768013,INDIAN_OPENCITY_BBMP,General Consumer Services,Garbage dump,Garbage dump in Jeevanbhima Nagar Complaint cleared,Closed,2025-06-17 07:30:00.000000000
20768006,INDIAN_OPENCITY_BBMP,General Consumer Services,Garbage dump,Garbage dump in Hosahalli Cleared,Closed,2025-06-17 07:13:00.000000000
20768005,INDIAN_OPENCITY_BBMP,General Consumer Services,Garbage dump,Garbage dump in Bagalagunte Clear,Closed,2025-06-17 07:08:00.000000000
20767999,INDIAN_OPENCITY_BBMP,General Consumer Services,Garbage dump,Garbage dump in Vidyaranyapura Complient resolved,Closed,2025-06-17 06:49:00.000000000
20767998,INDIAN_OPENCITY_BBMP,General Consumer Services,Garbage dump,Garbage dump in J.P.Nagar Complete clear,Closed,2025-06-17 06:49:00.000000000
20767996,INDIAN_OPENCITY_BBMP,General Consumer Services,"Khata Services (Registration, Transfer, Bifurcation and Amalgamation)","Khata Services (Registration, Transfer, Bifurcation and Amalgamation) in Vasanthapura This is not open space but a flat. Secondly so many flat owners from other wards have already received the khata after paying mutation fees. If someone wants to sell their property then what is their position ?I met your commissioner Mr Manish Moudgil last month but he assured that it will be looked into within two months.",ReOpen,2025-06-17 06:42:00.000000000
20767994,INDIAN_OPENCITY_BBMP,Street/Public Electrical Infrastructure,Street Light Not Working,Street Light Not Working in Basavanagudi ATTENDED,Closed,2025-06-17 06:40:00.000000000
20767993,INDIAN_OPENCITY_BBMP,General Consumer Services,Garbage transfer not as per norms & area not kept clean,Garbage transfer not as per norms & area not kept clean in Doddanekkundi Cleared,Closed,2025-06-17 06:05:00.000000000
20767992,INDIAN_OPENCITY_BBMP,General Consumer Services,Road cutting,Road cutting in Kodigehalli Field inspection assigned to AE officer.,Registered,2025-06-17 06:05:00.000000000
20767990,INDIAN_OPENCITY_BBMP,General Consumer Services,Garbage dump,Garbage dump in Vishwanathnagenahalli Complaint has been resolved,Closed,2025-06-17 05:12:00.000000000
20767987,INDIAN_OPENCITY_BBMP,General Consumer Services,Debris Removal / Construction Material,Debris Removal / Construction Material in Gurappanapalya Forwarded Task,Registered,2025-06-17 03:35:00.000000000
20767986,INDIAN_OPENCITY_BBMP,General Consumer Services,Garbage vehicle not arrived,Garbage vehicle not arrived in Puttenahalli garbage cleared,Closed,2025-06-17 01:26:00.000000000
20767985,INDIAN_OPENCITY_BBMP,General Consumer Services,Garbage vehicle not arrived,Garbage vehicle not arrived in Malleshwaram Clear,Closed,2025-06-17 01:09:00.000000000
20767984,INDIAN_OPENCITY_BBMP,General Consumer Services,Garbage vehicle not arrived,Garbage vehicle not arrived in Dattathreya Temple Clear,Closed,2025-06-17 01:07:00.000000000
20767983,INDIAN_OPENCITY_BBMP,General Consumer Services,Garbage vehicle not arrived,Garbage vehicle not arrived in Hoodi Forwarded Task,Registered,2025-06-17 12:42:00.000000000
20767977,INDIAN_OPENCITY_BBMP,General Consumer Services,Road cutting,Road cutting in Jayanagar East BWSSB WORK IS IN PROCESS,Closed,2025-06-16 11:41:00.000000000
20767974,INDIAN_OPENCITY_BBMP,General Consumer Services,Burning of Garbage in Open Space,Burning of Garbage in Open Space in Varthur Clear,Closed,2025-06-16 11:18:00.000000000
20767972,INDIAN_OPENCITY_BBMP,Street/Public Electrical Infrastructure,Street Light Not Working,Street Light Not Working in Hoysala Nagar Resolved,Closed,2025-06-16 11:15:00.000000000
20767971,INDIAN_OPENCITY_BBMP,General Consumer Services,Water related issue,Water related issue in Vijay Nagar Field inspection assigned to AE officer.,Registered,2025-06-16 11:12:00.000000000
20767969,INDIAN_OPENCITY_BBMP,General Consumer Services,Others,Others in Sudduguntepalya Field inspection assigned to Customer Support Representative officer.,Registered,2025-06-16 11:11:00.000000000
20767965,INDIAN_OPENCITY_BBMP,General Consumer Services,obstructions Branches / Trees.,obstructions Branches / Trees. in Shakambari Nagar Field inspection assigned to DYRFO officer.,Registered,2025-06-16 11:03:00.000000000
20767961,INDIAN_OPENCITY_BBMP,Street/Public Electrical Infrastructure,Street Light Not Working,Street Light Not Working in Basavanapura Attended,Closed,2025-06-16 10:51:00.000000000
20767957,INDIAN_OPENCITY_BBMP,General Consumer Services,Increase in mosquito density,Increase in mosquito density in Basavanapura Field inspection assigned to SHI officer.,Registered,2025-06-16 10:47:00.000000000
20767956,INDIAN_OPENCITY_BBMP,General Consumer Services,shifting of the street dogs to other places,shifting of the street dogs to other places in Bilekahalli We can't relocate the dog as per bbmp 2024 rules. (Counseling),Closed,2025-06-16 10:46:00.000000000
20767954,INDIAN_OPENCITY_BBMP,General Consumer Services,Others,Others in Nayandanahalli Field inspection assigned to Customer Support Representative officer.,Registered,2025-06-16 10:43:00.000000000
20767953,INDIAN_OPENCITY_BBMP,Street/Public Electrical Infrastructure,Street Light Not Working,Street Light Not Working in Vijay Nagar Attended,Closed,2025-06-16 10:36:00.000000000
20767949,INDIAN_OPENCITY_BBMP,General Consumer Services,Removal of dead/fallen trees,Removal of dead/fallen trees in Banaswadi [PHONE],Closed,2025-06-16 10:28:00.000000000
20767947,INDIAN_OPENCITY_BBMP,General Consumer Services,Garbage dump,Garbage dump in Deepanjali Nagar Forwarded Task,Registered,2025-06-16 10:25:00.000000000
20767946,INDIAN_OPENCITY_BBMP,Street/Public Electrical Infrastructure,Street Light Not Working,Street Light Not Working in Ullalu This complaint belongs to BDA,Closed,2025-06-16 10:25:00.000000000
20767943,INDIAN_OPENCITY_BBMP,Street/Public Electrical Infrastructure,Requirement For New Street Lights,Requirement For New Street Lights in Vignana Nagar Field inspection assigned to AE officer.,Registered,2025-06-16 10:18:00.000000000
20767939,INDIAN_OPENCITY_BBMP,General Consumer Services,Garbage dump,Garbage dump in Govindraja Nagara Forwarded Task,Registered,2025-06-16 10:11:00.000000000
20767933,INDIAN_OPENCITY_BBMP,Street/Public Electrical Infrastructure,Street Light Not Working,Street Light Not Working in Attiguppe Attended,Closed,2025-06-16 10:00:00.000000000
20767932,INDIAN_OPENCITY_BBMP,Street/Public Electrical Infrastructure,Street Light Not Working,Street Light Not Working in Shettyhalli Panchayat limit,Closed,2025-06-16 09:59:00.000000000
20767931,INDIAN_OPENCITY_BBMP,General Consumer Services,Garbage dump,Garbage dump in Basavanapura I will see duty,Closed,2025-06-16 09:58:00.000000000
20767930,INDIAN_OPENCITY_BBMP,General Consumer Services,Stray dog related complaints,Stray dog related complaints in Nagarabhavi Counselling Done,Closed,2025-06-16 09:57:00.000000000
20767929,INDIAN_OPENCITY_BBMP,Street/Public Electrical Infrastructure,Street Light Not Working,Street Light Not Working in Nagapura Complaint attended,Closed,2025-06-16 09:54:00.000000000
20767927,INDIAN_OPENCITY_BBMP,Street/Public Electrical Infrastructure,Street Light Not Working,Street Light Not Working in Rajarajeshwari Nagar The complainant is not answering the call,Closed,2025-06-16 09:52:00.000000000
20767924,INDIAN_OPENCITY_BBMP,General Consumer Services,Increase in mosquito density,Increase in mosquito density in Rajarajeshwari Nagar Field inspection assigned to SHI officer.,Registered,2025-06-16 09:51:00.000000000
20767923,INDIAN_OPENCITY_BBMP,Street/Public Electrical Infrastructure,Street Light Not Working,Street Light Not Working in Hoodi Attended,Closed,2025-06-16 09:50:00.000000000
20767919,INDIAN_OPENCITY_BBMP,General Consumer Services,Potholes,Potholes in Hanumantha Nagar Field inspection assigned to AE officer.,Registered,2025-06-16 09:46:00.000000000
20767912,INDIAN_OPENCITY_BBMP,Street/Public Electrical Infrastructure,Street Light Not Working,Street Light Not Working in Bagalagunte Attended,Closed,2025-06-16 09:41:00.000000000
20767911,INDIAN_OPENCITY_BBMP,Street/Public Electrical Infrastructure,Street Light Not Working,Street Light Not Working in Vidyapeetha ATTENDED,Closed,2025-06-16 09:40:00.000000000
20767910,INDIAN_OPENCITY_BBMP,General Consumer Services,Garbage dumping in vacant sites,Garbage dumping in vacant sites in Vidyapeetha I am call this number he Tell already clear,Closed,2025-06-16 09:40:00.000000000
20767907,INDIAN_OPENCITY_BBMP,General Consumer Services,TEC,TEC in Benniganahalli Field inspection assigned to AE officer.,Registered,2025-06-16 09:33:00.000000000
20767906,INDIAN_OPENCITY_BBMP,Billing and Payment,Unable to Generate the receipt after property tax payment.,Unable to Generate the receipt after property tax payment. in Konanakunte Field inspection assigned to ARO officer.,Registered,2025-06-16 09:30:00.000000000
20767904,INDIAN_OPENCITY_BBMP,General Consumer Services,Stray dog related complaints,Stray dog related complaints in Dodda Bidarkallu Dog's cought for animals birth control operation and vaccination,Closed,2025-06-16 09:25:00.000000000
20767902,INDIAN_OPENCITY_BBMP,General Consumer Services,Stray dog related complaints,Stray dog related complaints in Vannarpet Field inspection assigned to VI officer.,In Progress,2025-06-16 09:24:00.000000000
20767899,INDIAN_OPENCITY_BBMP,General Consumer Services,Stray dog related complaints,Stray dog related complaints in Kottigepalya Animal birth control and vaccination of stray dogs scheduled,Closed,2025-06-16 09:21:00.000000000
20767896,INDIAN_OPENCITY_BBMP,Street/Public Electrical Infrastructure,Street Light Not Working,Street Light Not Working in Garudacharpalya Attended,Closed,2025-06-16 09:20:00.000000000
20767891,INDIAN_OPENCITY_BBMP,General Consumer Services,water leakage on road,water leakage on road in Vignana Nagar contact BWSSB,Closed,2025-06-16 09:12:00.000000000
20767888,INDIAN_OPENCITY_BBMP,Street/Public Electrical Infrastructure,Street Light Not Working,Street Light Not Working in Rajarajeshwari Nagar Attended,Closed,2025-06-16 09:09:00.000000000
20767887,INDIAN_OPENCITY_BBMP,General Consumer Services,Garbage dump,Garbage dump in Byatarayanapura Mobile switch off,Closed,2025-06-16 09:07:00.000000000
20767886,INDIAN_OPENCITY_BBMP,General Consumer Services,Road side drains,Road side drains in Horamavu Field inspection assigned to AE officer.,Registered,2025-06-16 09:06:00.000000000
20767884,INDIAN_OPENCITY_BBMP,Street/Public Electrical Infrastructure,Street Light Not Working,Street Light Not Working in Shanthi Nagar Resolved,Closed,2025-06-16 09:01:00.000000000
20767883,INDIAN_OPENCITY_BBMP,General Consumer Services,TEC,TEC in Chamrajpet Field inspection assigned to AE officer.,Registered,2025-06-16 09:01:00.000000000
20767881,INDIAN_OPENCITY_BBMP,General Consumer Services,Garbage vehicle not arrived,Garbage vehicle not arrived in Doddanekkundi Close,Closed,2025-06-16 09:00:00.000000000
20767880,INDIAN_OPENCITY_BBMP,General Consumer Services,Stray dog related complaints,"Stray dog related complaints in Nagarabhavi As per the Supreme Court order No Relocation of Stray Dogs. BBMP programme is Animal Birth Control , ARV & Combined Vaccine Programme only",Closed,2025-06-16 09:00:00.000000000
20767878,INDIAN_OPENCITY_BBMP,Street/Public Electrical Infrastructure,Street Light Not Working,Street Light Not Working in Bilekahalli Atteded,Closed,2025-06-16 08:59:00.000000000
20767868,INDIAN_OPENCITY_BBMP,General Consumer Services,Air/Noise pollution,Air/Noise pollution in Bellandur Attended,Closed,2025-06-16 08:48:00.000000000
20767860,INDIAN_OPENCITY_BBMP,General Consumer Services,Garbage dump,Garbage dump in C.V.Raman Nagar Forwarded Task,Registered,2025-06-16 08:32:00.000000000
20767857,INDIAN_OPENCITY_BBMP,Street/Public Electrical Infrastructure,Street Light Not Working,Street Light Not Working in Yelachenahalli Atteded,Closed,2025-06-16 08:31:00.000000000
20767854,INDIAN_OPENCITY_BBMP,Street/Public Electrical Infrastructure,Street Light Not Working,Street Light Not Working in Kammanahalli Cleared,Closed,2025-06-16 08:28:00.000000000
20767852,INDIAN_OPENCITY_BBMP,Street/Public Electrical Infrastructure,Street Light Not Working,Street Light Not Working in Gangenahalli Resolved,Closed,2025-06-16 08:27:00.000000000
20767850,INDIAN_OPENCITY_BBMP,Street/Public Electrical Infrastructure,Street Light Not Working,Street Light Not Working in Ejipura Attended,Closed,2025-06-16 08:25:00.000000000
20767849,INDIAN_OPENCITY_BBMP,Street/Public Electrical Infrastructure,Street Light Not Working,Street Light Not Working in Jakkasandra ATTENDED,Closed,2025-06-16 08:24:00.000000000
20767847,INDIAN_OPENCITY_BBMP,General Consumer Services,Debris Removal / Construction Material,Debris Removal / Construction Material in Sudduguntepalya Field inspection assigned to AE officer.,Registered,2025-06-16 08:24:00.000000000
20767843,INDIAN_OPENCITY_BBMP,Street/Public Electrical Infrastructure,Street Light Not Working,Street Light Not Working in Sunkenahalli Attended,Closed,2025-06-16 08:18:00.000000000
20767840,INDIAN_OPENCITY_BBMP,General Consumer Services,Fatally injured - Needs immediate attention,Fatally injured - Needs immediate attention in Jayangar Sir Please contact stray dog rescue team officer Dr Shrinath Assistant Director mb [PHONE],Closed,2025-06-16 08:17:00.000000000
20767834,INDIAN_OPENCITY_BBMP,General Consumer Services,obstructions Branches / Trees.,obstructions Branches / Trees. in Benniganahalli Forwarded Task,Registered,2025-06-16 08:12:00.000000000
20767826,INDIAN_OPENCITY_BBMP,Pole / Wire / Electrical Hazard,Earthing Issue relate to Electric Poles/Panel Boards,Earthing Issue relate to Electric Poles/Panel Boards in Dodda Bidarkallu The complainant given number is not reachable,Closed,2025-06-16 08:06:00.000000000
20767825,INDIAN_OPENCITY_BBMP,Street/Public Electrical Infrastructure,Street Light Not Working,Street Light Not Working in Herohalli The complainant given number is switched off,Closed,2025-06-16 08:04:00.000000000
20767824,INDIAN_OPENCITY_BBMP,Street/Public Electrical Infrastructure,Street Light Not Working,Street Light Not Working in Dayananda Nagar Field inspection assigned to JE officer.,Registered,2025-06-16 08:02:00.000000000
20767823,INDIAN_OPENCITY_BBMP,Street/Public Electrical Infrastructure,Street Light Not Working,Street Light Not Working in Bagalagunte Forwarded Task,Registered,2025-06-16 08:02:00.000000000
20767822,INDIAN_OPENCITY_BBMP,Street/Public Electrical Infrastructure,Street Light Not Working,Street Light Not Working in Ullalu They are not attended,ReOpen,2025-06-16 08:01:00.000000000
20767821,INDIAN_OPENCITY_BBMP,Street/Public Electrical Infrastructure,Street Light Not Working,Street Light Not Working in Dodda Bidarkallu The complainant given number is not reachable,Closed,2025-06-16 08:01:00.000000000
20767817,INDIAN_OPENCITY_BBMP,Street/Public Electrical Infrastructure,Street Light Not Working,Street Light Not Working in Horamavu Attended,Closed,2025-06-16 07:58:00.000000000
20767813,INDIAN_OPENCITY_BBMP,General Consumer Services,Road Infrastructure,Road Infrastructure in Kacharakanahalli Field inspection assigned to AE officer.,Registered,2025-06-16 07:55:00.000000000
20767811,INDIAN_OPENCITY_BBMP,General Consumer Services,Garbage dump,Garbage dump in Chikkalasandra Clered,Closed,2025-06-16 07:54:00.000000000
20767810,INDIAN_OPENCITY_BBMP,General Consumer Services,Garbage dump,Garbage dump in Uttarahalli As per citizen not satisfied,ReOpen,2025-06-16 07:54:00.000000000
20767807,INDIAN_OPENCITY_BBMP,Street/Public Electrical Infrastructure,Street Light Not Working,Street Light Not Working in HBR Layout Cleared,Closed,2025-06-16 07:52:00.000000000
20767806,INDIAN_OPENCITY_BBMP,General Consumer Services,Stray dog related complaints,Stray dog related complaints in HBR Layout Your request for relocation of stray dogs is a punishable Offense under law. So Relocation cannot be done.,Closed,2025-06-16 07:51:00.000000000
20767803,INDIAN_OPENCITY_BBMP,General Consumer Services,Maintenance of SWD,Maintenance of SWD in Domlur Field inspection assigned to AE officer.,Registered,2025-06-16 07:50:00.000000000
20767800,INDIAN_OPENCITY_BBMP,General Consumer Services,Animal Rescue - Not well - Requires attention,Animal Rescue - Not well - Requires attention in Nandini Layout Attended,Closed,2025-06-16 07:50:00.000000000
20767799,INDIAN_OPENCITY_BBMP,Street/Public Electrical Infrastructure,Street Light Not Working,Street Light Not Working in Kengeri Attended,Closed,2025-06-16 07:50:00.000000000
20767796,INDIAN_OPENCITY_BBMP,General Consumer Services,"Khata Services (Registration, Transfer, Bifurcation and Amalgamation)","Khata Services (Registration, Transfer, Bifurcation and Amalgamation) in Basavanagudi OS No3950/2011 Case Order Copy and proper Documents submit",Closed,2025-06-16 07:49:00.000000000
20767792,INDIAN_OPENCITY_BBMP,General Consumer Services,Garbage dump,Garbage dump in Bilekahalli This one Complaint Also Clear,Closed,2025-06-16 07:44:00.000000000
20767787,INDIAN_OPENCITY_BBMP,General Consumer Services,Garbage dump,Garbage dump in Bilekahalli Daily Clear,Closed,2025-06-16 07:37:00.000000000
20767786,INDIAN_OPENCITY_BBMP,General Consumer Services,Stray dog related complaints,Stray dog related complaints in Kodigehalli Spoken with the concern person,Closed,2025-06-16 07:37:00.000000000
20767785,INDIAN_OPENCITY_BBMP,General Consumer Services,Stray dog related complaints,Stray dog related complaints in Mangammanapalya Field inspection assigned to VI officer.,Registered,2025-06-16 07:36:00.000000000
20767779,INDIAN_OPENCITY_BBMP,General Consumer Services,Garbage dumping in vacant sites,Garbage dumping in vacant sites in Jayangar Clear,Closed,2025-06-16 07:34:00.000000000
20767777,INDIAN_OPENCITY_BBMP,General Consumer Services,Potholes,Potholes in Yelahanka old Satellite Town Field inspection assigned to AE officer.,Registered,2025-06-16 07:33:00.000000000
20767772,INDIAN_OPENCITY_BBMP,General Consumer Services,Debris Removal / Construction Material,Debris Removal / Construction Material in Yelachenahalli .,Closed,2025-06-16 07:31:00.000000000
20767767,INDIAN_OPENCITY_BBMP,General Consumer Services,Road Infrastructure,Road Infrastructure in Benniganahalli Field inspection assigned to AE officer.,Registered,2025-06-16 07:28:00.000000000
20767765,INDIAN_OPENCITY_BBMP,General Consumer Services,Garbage vehicle not arrived,Garbage vehicle not arrived in Mangammanapalya Field inspection assigned to Marshal officer.,In Progress,2025-06-16 07:28:00.000000000
20767758,INDIAN_OPENCITY_BBMP,General Consumer Services,Dead animal(s),Dead animal(s) in Domlur Field inspection assigned to JHI officer.,Registered,2025-06-16 07:24:00.000000000
20767754,INDIAN_OPENCITY_BBMP,General Consumer Services,Stray dog related complaints,"Stray dog related complaints in Shakambari Nagar Spoke to the reporter, Dogs can't be relocated as per the ABC rules 2023, for barking, crying, chasing, nothing can be done since it is natural instincts of a dog. Sterilization and immunition of streets Dogs will be done by BBMP",Closed,2025-06-16 07:22:00.000000000
20767753,INDIAN_OPENCITY_BBMP,General Consumer Services,Garbage vehicle not arrived,Garbage vehicle not arrived in J.P.Park Cleared,Closed,2025-06-16 07:21:00.000000000
20767751,INDIAN_OPENCITY_BBMP,General Consumer Services,Potholes,Potholes in Vasanthapura Issue not yet resolved,ReOpen,2025-06-16 07:21:00.000000000
20767748,INDIAN_OPENCITY_BBMP,General Consumer Services,Garbage dump,Garbage dump in Bilekahalli Black spot Daily clear,Closed,2025-06-16 07:19:00.000000000
20767743,INDIAN_OPENCITY_BBMP,General Consumer Services,Ekhata missing in online,Ekhata missing in online in Vignana Nagar Field inspection assigned to ARO officer.,Registered,2025-06-16 07:13:00.000000000
20767741,INDIAN_OPENCITY_BBMP,Street/Public Electrical Infrastructure,Street Light Not Working,Street Light Not Working in J.P.Nagar ATTENDED,Closed,2025-06-16 07:13:00.000000000
20767737,INDIAN_OPENCITY_BBMP,General Consumer Services,Garbage dump,Garbage dump in Hoodi This is coming from ward no 26,Closed,2025-06-16 07:11:00.000000000
20767733,INDIAN_OPENCITY_BBMP,Street/Public Electrical Infrastructure,Street Light Not Working,Street Light Not Working in Marenahalli Complaint attended,Closed,2025-06-16 07:09:00.000000000
20767731,INDIAN_OPENCITY_BBMP,General Consumer Services,Dead animal(s),Dead animal(s) in Uttarahalli Cleared,Closed,2025-06-16 07:07:00.000000000
20767729,INDIAN_OPENCITY_BBMP,General Consumer Services,Garbage dump,Garbage dump in K.R.Puram Field inspection assigned to Marshal officer.,Registered,2025-06-16 07:05:00.000000000
20767724,INDIAN_OPENCITY_BBMP,General Consumer Services,Potholes,Potholes in Chikkalasandra Field inspection assigned to AE officer.,Registered,2025-06-16 07:02:00.000000000
20767723,INDIAN_OPENCITY_BBMP,General Consumer Services,water stagnation,water stagnation in Begur Field inspection assigned to Customer Support Representative officer.,Non Relevant,2025-06-16 07:02:00.000000000
20767718,INDIAN_OPENCITY_BBMP,Street/Public Electrical Infrastructure,Requirement For New Street Lights,Requirement For New Street Lights in Bilekahalli Field inspection assigned to JE officer.,Registered,2025-06-16 07:01:00.000000000
20767712,INDIAN_OPENCITY_BBMP,General Consumer Services,Garbage dump,Garbage dump in Aramane Nagar Complaint clear,Closed,2025-06-16 06:51:00.000000000
20767710,INDIAN_OPENCITY_BBMP,General Consumer Services,Garbage dump,Garbage dump in Ramamurthy Nagar Clear,Closed,2025-06-16 06:50:00.000000000
20767708,INDIAN_OPENCITY_BBMP,General Consumer Services,Garbage thrown in storm water drain,Garbage thrown in storm water drain in Shakambari Nagar Field inspection assigned to AE officer.,Registered,2025-06-16 06:49:00.000000000
20767706,INDIAN_OPENCITY_BBMP,General Consumer Services,Complaint against SW collector/ SWM official for violation of SWM Rules,Complaint against SW collector/ SWM official for violation of SWM Rules in Banaswadi Clared,Closed,2025-06-16 06:46:00.000000000
20767705,INDIAN_OPENCITY_BBMP,General Consumer Services,Garbage dump,Garbage dump in Benniganahalli Clear,Closed,2025-06-16 06:46:00.000000000
20767704,INDIAN_OPENCITY_BBMP,General Consumer Services,Garbage dumping in vacant sites,Garbage dumping in vacant sites in Ulsoor Tree leaf clear sir,Closed,2025-06-16 06:45:00.000000000
20767703,INDIAN_OPENCITY_BBMP,General Consumer Services,Play Grounds,Play Grounds in Sunkenahalli resolved complaint,Closed,2025-06-16 06:45:00.000000000
20767701,INDIAN_OPENCITY_BBMP,Street/Public Electrical Infrastructure,Street Light Not Working,Street Light Not Working in Herohalli Complainant is asking new street light will be provided on priority when the stock is available,Closed,2025-06-16 06:44:00.000000000
20767699,INDIAN_OPENCITY_BBMP,General Consumer Services,Garbage dumping in vacant sites,Garbage dumping in vacant sites in Gottigere Field inspection assigned to Marshal officer.,Registered,2025-06-16 06:41:00.000000000
20767697,INDIAN_OPENCITY_BBMP,General Consumer Services,Road Infrastructure,Road Infrastructure in Banaswadi Forwarded Task,Registered,2025-06-16 06:40:00.000000000
20767696,INDIAN_OPENCITY_BBMP,General Consumer Services,Garbage dump,Garbage dump in Hebbal Complaint resolved,Closed,2025-06-16 06:39:00.000000000
20767695,INDIAN_OPENCITY_BBMP,General Consumer Services,Others,Others in Domlur Field inspection assigned to Customer Support Representative officer.,Registered,2025-06-16 06:39:00.000000000
20767693,INDIAN_OPENCITY_BBMP,General Consumer Services,Debris Removal / Construction Material,Debris Removal / Construction Material in Doddabommasandra Field inspection assigned to Customer Support Representative officer.,Non Relevant,2025-06-16 06:38:00.000000000
20767691,INDIAN_OPENCITY_BBMP,General Consumer Services,Debris Removal / Construction Material,Debris Removal / Construction Material in Thanisandra Field inspection assigned to AE officer.,Registered,2025-06-16 06:36:00.000000000
20767687,INDIAN_OPENCITY_BBMP,Street/Public Electrical Infrastructure,Street Light Not Working,Street Light Not Working in Hebbal Resolved,Closed,2025-06-16 06:32:00.000000000
20767686,INDIAN_OPENCITY_BBMP,General Consumer Services,Maintenance of SWD,Maintenance of SWD in Vidyaranyapura Field inspection assigned to AE officer.,Registered,2025-06-16 06:32:00.000000000
20767685,INDIAN_OPENCITY_BBMP,Street/Public Electrical Infrastructure,Requirement For New Street Lights,Requirement For New Street Lights in Thanisandra This is Budgetary work. New fitting will be provided on priority as and when available,Closed,2025-06-16 06:31:00.000000000
20767684,INDIAN_OPENCITY_BBMP,Street/Public Electrical Infrastructure,Street Light Not Working,Street Light Not Working in Kadugodi Attended,Closed,2025-06-16 06:31:00.000000000
20767682,INDIAN_OPENCITY_BBMP,Street/Public Electrical Infrastructure,Street Light Not Working,Street Light Not Working in Deepanjali Nagar ATTENDED,Closed,2025-06-16 06:25:00.000000000
20767678,INDIAN_OPENCITY_BBMP,General Consumer Services,Fatally injured - Needs immediate attention,Fatally injured - Needs immediate attention in Vasanth Nagar Field inspection assigned to VI officer.,Registered,2025-06-16 06:20:00.000000000
20767677,INDIAN_OPENCITY_BBMP,General Consumer Services,Garbage dump,Garbage dump in Subedarapalya Forwarded Task,Registered,2025-06-16 06:20:00.000000000
20767675,INDIAN_OPENCITY_BBMP,Street/Public Electrical Infrastructure,Street Light Not Working,Street Light Not Working in HSR Layout Atteded,Closed,2025-06-16 06:19:00.000000000
20767674,INDIAN_OPENCITY_BBMP,Street/Public Electrical Infrastructure,Street Light Not Working,Street Light Not Working in Ullalu Not working,ReOpen,2025-06-16 06:19:00.000000000
20767673,INDIAN_OPENCITY_BBMP,General Consumer Services,Road side drains,Road side drains in Shakambari Nagar Field inspection assigned to AE officer.,Registered,2025-06-16 06:15:00.000000000
20767672,INDIAN_OPENCITY_BBMP,General Consumer Services,Stray cattle related complaints,Stray cattle related complaints in Koramangala This complaint comes under cattle pound wing of stray cattle management sir please contact Dr Shivakumar Assistant Director mb No [PHONE],Closed,2025-06-16 06:14:00.000000000
20767670,INDIAN_OPENCITY_BBMP,General Consumer Services,Dead animal(s),Dead animal(s) in Nagarabhavi Field inspection assigned to JHI officer.,Registered,2025-06-16 06:12:00.000000000
20767669,INDIAN_OPENCITY_BBMP,General Consumer Services,Garbage vehicle not arrived,Garbage vehicle not arrived in Yelachenahalli Clear,Closed,2025-06-16 06:12:00.000000000
20767668,INDIAN_OPENCITY_BBMP,General Consumer Services,footpath encroachment,footpath encroachment in Hagadooru Field inspection assigned to AE officer.,Registered,2025-06-16 06:11:00.000000000
20767666,INDIAN_OPENCITY_BBMP,General Consumer Services,Garbage vehicle not arrived,Garbage vehicle not arrived in Chokkasandra Clear,Closed,2025-06-16 06:09:00.000000000
20767665,INDIAN_OPENCITY_BBMP,Street/Public Electrical Infrastructure,Street Light Not Working,Street Light Not Working in Laggere Attended,Closed,2025-06-16 06:04:00.000000000
20767664,INDIAN_OPENCITY_BBMP,General Consumer Services,Garbage vehicle not arrived,Garbage vehicle not arrived in Sagayapuram It's clear sir,Closed,2025-06-16 06:04:00.000000000
20767662,INDIAN_OPENCITY_BBMP,General Consumer Services,Road side drains,Road side drains in Bommanahalli Duplicate complaint,Closed,2025-06-16 06:01:00.000000000
20767659,INDIAN_OPENCITY_BBMP,General Consumer Services,Garbage dump,"Garbage dump in Benniganahalli Public tried to complaint registed will done or not , Public Said to close the compalint",Closed,2025-06-16 05:59:00.000000000
20767658,INDIAN_OPENCITY_BBMP,Street/Public Electrical Infrastructure,Street Light Not Working,Street Light Not Working in Jayanagar East ATTENDED,Closed,2025-06-16 05:58:00.000000000
20767653,INDIAN_OPENCITY_BBMP,General Consumer Services,Stray dog related complaints,Stray dog related complaints in Nagapura Attended,Closed,2025-06-16 05:54:00.000000000
20767650,INDIAN_OPENCITY_BBMP,General Consumer Services,Animal Rescue - Not well - Requires attention,Animal Rescue - Not well - Requires attention in Dodda Bidarkallu Dog's cought for animals birth control operation and vaccination,Closed,2025-06-16 05:53:00.000000000
20767648,INDIAN_OPENCITY_BBMP,General Consumer Services,Garbage dump,Garbage dump in Peenya Industrial Area Complaint attend,Closed,2025-06-16 05:50:00.000000000
20767647,INDIAN_OPENCITY_BBMP,General Consumer Services,Debris Removal / Construction Material,Debris Removal / Construction Material in S.K.Garden Field inspection assigned to AE officer.,Registered,2025-06-16 05:49:00.000000000
20767646,INDIAN_OPENCITY_BBMP,General Consumer Services,Garbage thrown in storm water drain,Garbage thrown in storm water drain in Pulikeshi Nagar Field inspection assigned to AE officer.,Registered,2025-06-16 05:48:00.000000000
20767645,INDIAN_OPENCITY_BBMP,General Consumer Services,Garbage dumping in vacant sites,Garbage dumping in vacant sites in Aramane Nagar Complaint claar,Closed,2025-06-16 05:48:00.000000000
20767644,INDIAN_OPENCITY_BBMP,General Consumer Services,Technical Issue In Ekhata,Technical Issue In Ekhata in Puttenahalli Field inspection assigned to RI officer.,Registered,2025-06-16 05:47:00.000000000
20767641,INDIAN_OPENCITY_BBMP,General Consumer Services,Removal of dead/fallen trees,Removal of dead/fallen trees in Chamrajpet Field inspection assigned to DYRFO officer.,Registered,2025-06-16 05:45:00.000000000
20767635,INDIAN_OPENCITY_BBMP,General Consumer Services,Garbage dump,Garbage dump in Jagajeevanram Nagar Clear,Closed,2025-06-16 05:39:00.000000000
20767632,INDIAN_OPENCITY_BBMP,General Consumer Services,Discrepancy In Khata Certificate and Khata Extract,Discrepancy In Khata Certificate and Khata Extract in Gottigere Field inspection assigned to ARO officer.,Registered,2025-06-16 05:37:00.000000000
20767631,INDIAN_OPENCITY_BBMP,General Consumer Services,Garbage dump,Garbage dump in Banaswadi Clareed,Closed,2025-06-16 05:37:00.000000000
20767628,INDIAN_OPENCITY_BBMP,General Consumer Services,Potholes,Potholes in Dodda Bidarkallu Field inspection assigned to AE officer.,Registered,2025-06-16 05:35:00.000000000
20767627,INDIAN_OPENCITY_BBMP,General Consumer Services,Dead animal(s),Dead animal(s) in Yadiyuru Forwarded Task,Registered,2025-06-16 05:34:00.000000000
20767626,INDIAN_OPENCITY_BBMP,General Consumer Services,water stagnation,water stagnation in Horamavu Field inspection assigned to AE officer.,Registered,2025-06-16 05:33:00.000000000
20767624,INDIAN_OPENCITY_BBMP,General Consumer Services,Ekhata - name correction,Ekhata - name correction in Gurappanapalya Name correction done,Closed,2025-06-16 05:31:00.000000000
20767623,INDIAN_OPENCITY_BBMP,General Consumer Services,obstructions Branches / Trees.,obstructions Branches / Trees. in Bellandur Forwarded Task,Registered,2025-06-16 05:31:00.000000000
20767622,INDIAN_OPENCITY_BBMP,General Consumer Services,Garbage dump,Garbage dump in Devarajeevanahalli It's clear sir madam,Closed,2025-06-16 05:30:00.000000000
20767621,INDIAN_OPENCITY_BBMP,General Consumer Services,Technical Issue In Ekhata,Technical Issue In Ekhata in Varthur as inform to you the details already forward to aro sir plz wait he will be rectify,Closed,2025-06-16 05:30:00.000000000
20767619,INDIAN_OPENCITY_BBMP,General Consumer Services,Potholes,Potholes in Singasandra Field inspection assigned to AE officer.,Registered,2025-06-16 05:27:00.000000000
20767618,INDIAN_OPENCITY_BBMP,General Consumer Services,Potholes,Potholes in Jogupalya Field inspection assigned to AE officer.,Registered,2025-06-16 05:27:00.000000000
20767610,INDIAN_OPENCITY_BBMP,General Consumer Services,Ekhata Other corrections,"Ekhata Other corrections in Hemmigepura If you want to correction your property, take the relevant documents and contact our BBMP Kengeri office and contact the concerned case worker who will solve your problem.",Closed,2025-06-16 05:22:00.000000000
20767602,INDIAN_OPENCITY_BBMP,General Consumer Services,Potholes,Potholes in Begur Field inspection assigned to Customer Support Representative officer.,Non Relevant,2025-06-16 05:19:00.000000000
20767601,INDIAN_OPENCITY_BBMP,General Consumer Services,Garbage dump,Garbage dump in Maruthi Seva Nagar Cleared,Closed,2025-06-16 05:19:00.000000000
20767600,INDIAN_OPENCITY_BBMP,General Consumer Services,Other Khata / ekhata issues,Other Khata / ekhata issues in Gottigere Kindly visit ARO office with the Relevant Documents,Closed,2025-06-16 05:18:00.000000000
20767591,INDIAN_OPENCITY_BBMP,General Consumer Services,Increase in mosquito density,Increase in mosquito density in Kumaraswamy Layout Field inspection assigned to SHI officer.,Registered,2025-06-16 05:04:00.000000000
20767586,INDIAN_OPENCITY_BBMP,General Consumer Services,Debris Removal / Construction Material,Debris Removal / Construction Material in Sunkenahalli Field inspection assigned to Customer Support Representative officer.,Non Relevant,2025-06-16 05:02:00.000000000
20767581,INDIAN_OPENCITY_BBMP,Street/Public Electrical Infrastructure,Street Light Not Working,Street Light Not Working in Kushal Nagar Resolved,Closed,2025-06-16 05:02:00.000000000
20767579,INDIAN_OPENCITY_BBMP,General Consumer Services,Garbage dump,Garbage dump in Bellandur Cleared,Closed,2025-06-16 04:57:00.000000000
20767578,INDIAN_OPENCITY_BBMP,General Consumer Services,obstructions Branches / Trees.,obstructions Branches / Trees. in Sarvagna Nagar Field inspection assigned to DYRFO officer.,Registered,2025-06-16 04:51:00.000000000
20767575,INDIAN_OPENCITY_BBMP,General Consumer Services,Sewerage water left in SWD,Sewerage water left in SWD in Hemmigepura Forwarded Task,Registered,2025-06-16 04:49:00.000000000
20767573,INDIAN_OPENCITY_BBMP,General Consumer Services,Garbage vehicle not arrived,Garbage vehicle not arrived in Hoodi Vehicle arrived in the area and collected garbage door to door,Closed,2025-06-16 04:48:00.000000000
20767571,INDIAN_OPENCITY_BBMP,General Consumer Services,Unhygienic premises in Hotel etc,Unhygienic premises in Hotel etc in Rajaji Nagar Field inspection assigned to SHI officer.,Registered,2025-06-16 04:48:00.000000000
20767568,INDIAN_OPENCITY_BBMP,General Consumer Services,Garbage vehicle not arrived,Garbage vehicle not arrived in K.R.Market Close,Closed,2025-06-16 04:46:00.000000000
20767566,INDIAN_OPENCITY_BBMP,Street/Public Electrical Infrastructure,Street Light Not Working,Street Light Not Working in Gangenahalli New light fitting has to be fix to this pole has CCMS project is under progress we have taken your request we will fix new LED light once tender works starts as per priority,Closed,2025-06-16 04:46:00.000000000
20767564,INDIAN_OPENCITY_BBMP,General Consumer Services,Garbage dump,Garbage dump in HSR Layout Forwarded Task,Registered,2025-06-16 04:40:00.000000000
20767557,INDIAN_OPENCITY_BBMP,General Consumer Services,Other Khata / ekhata issues,Other Khata / ekhata issues in Banaswadi Field inspection assigned to ARO officer.,Registered,2025-06-16 04:32:00.000000000
20767556,INDIAN_OPENCITY_BBMP,General Consumer Services,Garbage dump,Garbage dump in Siddapura Cleared,Closed,2025-06-16 04:30:00.000000000
20767555,INDIAN_OPENCITY_BBMP,General Consumer Services,Ekhata missing in online,"Ekhata missing in online in Jakkasandra Please contact 173 ward accountant Mrs. Madalambike, SDC",Closed,2025-06-16 04:27:00.000000000
20767554,INDIAN_OPENCITY_BBMP,General Consumer Services,Garbage vehicle not arrived,Garbage vehicle not arrived in Peenya Industrial Area Complaint person not response our call,Closed,2025-06-16 04:27:00.000000000
20767550,INDIAN_OPENCITY_BBMP,General Consumer Services,Footpath,Footpath in Laggere Forwarded Task,Registered,2025-06-16 04:25:00.000000000
20767549,INDIAN_OPENCITY_BBMP,General Consumer Services,Removal of dead/fallen trees,Removal of dead/fallen trees in Konena Agrahara Field inspection assigned to DYRFO officer.,Registered,2025-06-16 04:25:00.000000000
20767545,INDIAN_OPENCITY_BBMP,General Consumer Services,Animal birth control/neutering of stray dogs,Animal birth control/neutering of stray dogs in Binnipet We give resque team mobile mo,Closed,2025-06-16 04:24:00.000000000
20767544,INDIAN_OPENCITY_BBMP,General Consumer Services,Fatally injured - Needs immediate attention,Fatally injured - Needs immediate attention in Kottigepalya Attended,Closed,2025-06-16 04:23:00.000000000
20767543,INDIAN_OPENCITY_BBMP,General Consumer Services,"Khata Services (Registration, Transfer, Bifurcation and Amalgamation)","Khata Services (Registration, Transfer, Bifurcation and Amalgamation) in Kadugodi this file under process or meet ward 83 revenue inspector",Closed,2025-06-16 04:22:00.000000000
20767541,INDIAN_OPENCITY_BBMP,Street/Public Electrical Infrastructure,Street Light Not Working,Street Light Not Working in Vidyaranyapura This is Budgetary work. New fitting will be provided on priority as and when available,Closed,2025-06-16 04:20:00.000000000
20767538,INDIAN_OPENCITY_BBMP,General Consumer Services,Garbage dump,Garbage dump in Ullalu Forwarded Task,Registered,2025-06-16 04:19:00.000000000
20767537,INDIAN_OPENCITY_BBMP,General Consumer Services,Issues related Snakes/Birds/Monkeys,Issues related Snakes/Birds/Monkeys in Kottigepalya Field inspection assigned to DYRFO officer.,Registered,2025-06-16 04:18:00.000000000
20767536,INDIAN_OPENCITY_BBMP,General Consumer Services,Animal birth control/neutering of stray dogs,Animal birth control/neutering of stray dogs in Singasandra Field inspection assigned to VI officer.,Registered,2025-06-16 04:18:00.000000000
20767534,INDIAN_OPENCITY_BBMP,General Consumer Services,Potholes,Potholes in Hongasandra Field inspection assigned to AE officer.,Registered,2025-06-16 04:14:00.000000000
20767532,INDIAN_OPENCITY_BBMP,General Consumer Services,Garbage dumping in vacant sites,Garbage dumping in vacant sites in S.K.Garden It's clear sir,Closed,2025-06-16 04:12:00.000000000
20767529,INDIAN_OPENCITY_BBMP,General Consumer Services,Garbage dump,Garbage dump in K.R.Puram We will give notice in site owner,Closed,2025-06-16 04:10:00.000000000
20767528,INDIAN_OPENCITY_BBMP,General Consumer Services,Ekhata - name correction,Ekhata - name correction in Someshwara ಅರ್ಜಿದಾರರಿಗೆ ಹಿಂಬರಹದ ಪ್ರತಿಯನ್ನು ಲಗತ್ತಿಸಿ ಮಾಹಿತಿಯನ್ನು ನೀಡಲಾಗಿದೆ,Closed,2025-06-16 04:10:00.000000000
20767526,INDIAN_OPENCITY_BBMP,Billing and Payment,Unable to Generate the receipt after property tax payment.,Unable to Generate the receipt after property tax payment. in Giri Nagar Mobile no updated,Closed,2025-06-16 04:09:00.000000000
20767523,INDIAN_OPENCITY_BBMP,General Consumer Services,Road side drains,Road side drains in Anjanapur Field inspection assigned to AE officer.,Registered,2025-06-16 04:06:00.000000000
20767522,INDIAN_OPENCITY_BBMP,General Consumer Services,Fatally injured - Needs immediate attention,Fatally injured - Needs immediate attention in Laggere Referred to rescue team,Closed,2025-06-16 04:05:00.000000000
20767521,INDIAN_OPENCITY_BBMP,General Consumer Services,Stray cattle related complaints,Stray cattle related complaints in Benniganahalli For stray cattle complaint: [PHONE],Closed,2025-06-16 04:05:00.000000000
20767520,INDIAN_OPENCITY_BBMP,General Consumer Services,Garbage thrown in storm water drain,Garbage thrown in storm water drain in Hemmigepura Field inspection assigned to AE officer.,Registered,2025-06-16 04:03:00.000000000
20767519,INDIAN_OPENCITY_BBMP,General Consumer Services,ekhata approval pending with ARO,ekhata approval pending with ARO in Doddanekkundi Field inspection assigned to ARO officer.,Registered,2025-06-16 04:01:00.000000000
20767516,INDIAN_OPENCITY_BBMP,General Consumer Services,Garbage vehicle not arrived,Garbage vehicle not arrived in Dodda Bidarkallu Complaint cleared,Closed,2025-06-16 04:00:00.000000000
20767514,INDIAN_OPENCITY_BBMP,General Consumer Services,Garbage dump,Garbage dump in Marathalli Forwarded Task,Registered,2025-06-16 03:57:00.000000000
20767513,INDIAN_OPENCITY_BBMP,General Consumer Services,Stray dog related complaints,Stray dog related complaints in Gottigere We can't relocate the dog as per bbmp 2024 rules. (Counseling),Closed,2025-06-16 03:53:00.000000000
20767512,INDIAN_OPENCITY_BBMP,General Consumer Services,UnAuthorised Constructions,UnAuthorised Constructions in J.P.Nagar Field inspection assigned to AE officer.,Registered,2025-06-16 03:52:00.000000000
20767510,INDIAN_OPENCITY_BBMP,General Consumer Services,Aged street dogs please take action,Aged street dogs please take action in BTM Layout Sir Please contact stray dog rescue team officer Dr Shrinath Assistant Director mb [PHONE],Closed,2025-06-16 03:48:00.000000000
20767509,INDIAN_OPENCITY_BBMP,General Consumer Services,Ekhata Other corrections,Ekhata Other corrections in Doddabommasandra IT IS A TECHNICAL ISSUE. PLEASE SUBMIT ALL THE RELATED DOCUMENTS TO ARO OFFICE. SENDING TO DC REVENUE OFFICE TO RESLOVE THE TECHNICAL ISSUE,Closed,2025-06-16 03:47:00.000000000
20767508,INDIAN_OPENCITY_BBMP,General Consumer Services,Garbage vehicle not arrived,Garbage vehicle not arrived in Kammanahalli Forwarded Task,Registered,2025-06-16 03:47:00.000000000
20767503,INDIAN_OPENCITY_BBMP,General Consumer Services,Garbage vehicle not arrived,Garbage vehicle not arrived in T-Dasarahalli Basavaraj Byrathi house road Hanumantharayappa layout ward no 15,Registered,2025-06-16 03:45:00.000000000
20767499,INDIAN_OPENCITY_BBMP,General Consumer Services,Ekhata Other corrections,Ekhata Other corrections in Shakambari Nagar Please contact ARO Office JP Nagar along with supporting Documents for correction and Requestion letter,Closed,2025-06-16 03:42:00.000000000
20767498,INDIAN_OPENCITY_BBMP,General Consumer Services,Garbage dumping in vacant sites,Garbage dumping in vacant sites in Sudam Nagar Clear,Closed,2025-06-16 03:42:00.000000000
20767494,INDIAN_OPENCITY_BBMP,General Consumer Services,Garbage vehicle not arrived,Garbage vehicle not arrived in Muneshwara Nagar Clear sir,Closed,2025-06-16 03:33:00.000000000
20767493,INDIAN_OPENCITY_BBMP,General Consumer Services,Fatally injured - Needs immediate attention,Fatally injured - Needs immediate attention in Gottigere As per discussion held with you sir,Closed,2025-06-16 03:32:00.000000000
20767492,INDIAN_OPENCITY_BBMP,General Consumer Services,Garbage dump,Garbage dump in Sarakki complaint cleared,Closed,2025-06-16 03:31:00.000000000
20767488,INDIAN_OPENCITY_BBMP,General Consumer Services,Increase in mosquito density,Increase in mosquito density in Hebbal Complaint attended,Closed,2025-06-16 03:25:00.000000000
20767485,INDIAN_OPENCITY_BBMP,General Consumer Services,Stray/Rabid dog bite,Stray/Rabid dog bite in Shettyhalli attended,Closed,2025-06-16 03:23:00.000000000
20767483,INDIAN_OPENCITY_BBMP,General Consumer Services,Issues Related to Parks/Medians/Circles/Island.,Issues Related to Parks/Medians/Circles/Island. in Moodalapalya sand in the park and rain water not flow Cleared,Closed,2025-06-16 03:21:00.000000000
20767482,INDIAN_OPENCITY_BBMP,General Consumer Services,Sewerage water left in SWD,Sewerage water left in SWD in Subhash Nagar Forwarded Task,Registered,2025-06-16 03:20:00.000000000
20767481,INDIAN_OPENCITY_BBMP,General Consumer Services,Garbage dump,Garbage dump in Sudam Nagar Forwarded Task,Registered,2025-06-16 03:20:00.000000000
20767480,INDIAN_OPENCITY_BBMP,General Consumer Services,Ekhata Other corrections,Ekhata Other corrections in Gali Anjaneya Swamy Temple Ward Field inspection assigned to ARO officer.,Registered,2025-06-16 03:19:00.000000000
20767478,INDIAN_OPENCITY_BBMP,General Consumer Services,Debris Removal / Construction Material,Debris Removal / Construction Material in Kacharakanahalli Bbmp footpath work in progress it ll be cleared asap,Closed,2025-06-16 03:17:00.000000000
20767476,INDIAN_OPENCITY_BBMP,General Consumer Services,Stray dog related complaints,Stray dog related complaints in Gottigere We can't relocate the dog as per bbmp rules. (discussion),Closed,2025-06-16 03:17:00.000000000
20767475,INDIAN_OPENCITY_BBMP,General Consumer Services,Dead animal(s),Dead animal(s) in Yadiyuru Field inspection assigned to JHI officer.,Registered,2025-06-16 03:16:00.000000000
20767473,INDIAN_OPENCITY_BBMP,General Consumer Services,Garbage dump,Garbage dump in Mangammanapalya Forwarded Task,Registered,2025-06-16 03:12:00.000000000
20767471,INDIAN_OPENCITY_BBMP,General Consumer Services,Ekhata missing in online,Ekhata missing in online in Gottigere Kindly visit ARO office with the Relevant Documents,Closed,2025-06-16 03:11:00.000000000
20767468,INDIAN_OPENCITY_BBMP,General Consumer Services,Removal of dead/fallen trees,Removal of dead/fallen trees in H.M.T Field inspection assigned to DYRFO officer.,Registered,2025-06-16 03:08:00.000000000
20767459,INDIAN_OPENCITY_BBMP,General Consumer Services,ekhata approval pending with ARO,"ekhata approval pending with ARO in Hemmigepura Knowing which circle your ward falls under, we have provided the mobile numbers of the Revenue Inspectors mentioned below so that you can call them and confirm your location without having to wait any longer. 99725 73036 Venu Gopal 93800 79269 Narasimha Murthy 99862 10626 Lingaiah",Closed,2025-06-16 03:05:00.000000000
20767454,INDIAN_OPENCITY_BBMP,Street/Public Electrical Infrastructure,Street Light Not Working,Street Light Not Working in Ganga Nagar Resolved,Closed,2025-06-16 03:02:00.000000000
20767452,INDIAN_OPENCITY_BBMP,General Consumer Services,Ekhata Area Correction,Ekhata Area Correction in Gurappanapalya area correction done by CW,Closed,2025-06-16 03:00:00.000000000
20767451,INDIAN_OPENCITY_BBMP,General Consumer Services,Animal Rescue - Not well - Requires attention,Animal Rescue - Not well - Requires attention in Jnanabharathi Ward Referred to rescue team,Closed,2025-06-16 02:59:00.000000000
20767450,INDIAN_OPENCITY_BBMP,General Consumer Services,Other Khata / ekhata issues,Other Khata / ekhata issues in Uttarahalli Incorrect ward,ReOpen,2025-06-16 02:58:00.000000000
20767447,INDIAN_OPENCITY_BBMP,General Consumer Services,Removal of dead/fallen trees,"Removal of dead/fallen trees in Maruthi Mandira Ward Please contact Area Supervisor, Ganesh-[PHONE]",Closed,2025-06-16 02:56:00.000000000
20767445,INDIAN_OPENCITY_BBMP,General Consumer Services,Garbage vehicle not arrived,Garbage vehicle not arrived in Singasandra Attended complaint and cleared,Closed,2025-06-16 02:56:00.000000000
20767444,INDIAN_OPENCITY_BBMP,General Consumer Services,obstructions Branches / Trees.,obstructions Branches / Trees. in Shanthi Nagar Field inspection assigned to DYRFO officer.,Registered,2025-06-16 02:54:00.000000000
20767443,INDIAN_OPENCITY_BBMP,Street/Public Electrical Infrastructure,Street Light Not Working,Street Light Not Working in Ramamurthy Nagar Difficult to find the adress pick up the phone call,Closed,2025-06-16 02:52:00.000000000
20767442,INDIAN_OPENCITY_BBMP,General Consumer Services,Road Infrastructure,Road Infrastructure in Varthur Field inspection assigned to AE officer.,Registered,2025-06-16 02:52:00.000000000
20767441,INDIAN_OPENCITY_BBMP,General Consumer Services,Garbage vehicle not arrived,Garbage vehicle not arrived in Hoysala Nagar Garbage cleared madam,Closed,2025-06-16 02:52:00.000000000
20767440,INDIAN_OPENCITY_BBMP,General Consumer Services,Garbage dump,Garbage dump in Vannarpet No location,Closed,2025-06-16 02:51:00.000000000
20767439,INDIAN_OPENCITY_BBMP,General Consumer Services,Debris Removal / Construction Material,Debris Removal / Construction Material in Ganga Nagar Field inspection assigned to AE officer.,Registered,2025-06-16 02:50:00.000000000
20767438,INDIAN_OPENCITY_BBMP,General Consumer Services,Noise during Building Construction,Noise during Building Construction in Giri Nagar Field inspection assigned to ADTP officer.,Registered,2025-06-16 02:50:00.000000000
20767437,INDIAN_OPENCITY_BBMP,General Consumer Services,obstructions Branches / Trees.,obstructions Branches / Trees. in Kavalbyrasandra Field inspection assigned to DYRFO officer.,Registered,2025-06-16 02:47:00.000000000
20767436,INDIAN_OPENCITY_BBMP,General Consumer Services,Garbage dump,Garbage dump in Nagarabhavi Field inspection assigned to Marshal officer.,Registered,2025-06-16 02:46:00.000000000
20767433,INDIAN_OPENCITY_BBMP,General Consumer Services,Other Khata / ekhata issues,Other Khata / ekhata issues in Sri Nagar E pid resolved,Closed,2025-06-16 02:42:00.000000000
20767430,INDIAN_OPENCITY_BBMP,General Consumer Services,ekhata approval pending with ARO,ekhata approval pending with ARO in Vignana Nagar Field inspection assigned to ARO officer.,Registered,2025-06-16 02:41:00.000000000
20767427,INDIAN_OPENCITY_BBMP,General Consumer Services,Sweeping not done,Sweeping not done in Domlur Field inspection assigned to JHI officer.,Registered,2025-06-16 02:40:00.000000000
20767425,INDIAN_OPENCITY_BBMP,General Consumer Services,Increase in mosquito density,Increase in mosquito density in Domlur Attended,Closed,2025-06-16 02:38:00.000000000
20767424,INDIAN_OPENCITY_BBMP,General Consumer Services,Garbage vehicle not arrived,Garbage vehicle not arrived in K.R.Market Clear,Closed,2025-06-16 02:37:00.000000000
20767423,INDIAN_OPENCITY_BBMP,General Consumer Services,Removal of dead/fallen trees,Removal of dead/fallen trees in Chowdeshwari Ward Field inspection assigned to DYRFO officer.,Registered,2025-06-16 02:37:00.000000000
20767417,INDIAN_OPENCITY_BBMP,General Consumer Services,ekhata approval pending with ARO,ekhata approval pending with ARO in Gottigere Your application is under process,Closed,2025-06-16 02:29:00.000000000
20767416,INDIAN_OPENCITY_BBMP,General Consumer Services,Fatally injured - Needs immediate attention,Fatally injured - Needs immediate attention in Azad Nagar We give team mobile no and give veterinary ambulance no,Closed,2025-06-16 02:29:00.000000000
20767415,INDIAN_OPENCITY_BBMP,General Consumer Services,footpath encroachment,footpath encroachment in Gandhi Nagar Forwarded Task,Registered,2025-06-16 02:29:00.000000000
20767412,INDIAN_OPENCITY_BBMP,General Consumer Services,Removal of dead/fallen trees,Removal of dead/fallen trees in Banaswadi Cleared,Closed,2025-06-16 02:26:00.000000000
20767410,INDIAN_OPENCITY_BBMP,General Consumer Services,Garbage dump,Garbage dump in Shivaji Nagar Forwarded Task,Registered,2025-06-16 02:24:00.000000000
20767409,INDIAN_OPENCITY_BBMP,General Consumer Services,Garbage vehicle not arrived,Garbage vehicle not arrived in Maruthi Seva Nagar Cleared,Closed,2025-06-16 02:22:00.000000000
20767402,INDIAN_OPENCITY_BBMP,General Consumer Services,Garbage dump,Garbage dump in Jayanagar East Cleared,Closed,2025-06-16 02:13:00.000000000
20767400,INDIAN_OPENCITY_BBMP,General Consumer Services,Animal Cruelty/Ill-Treated / Abused,Animal Cruelty/Ill-Treated / Abused in Deepanjali Nagar Spoke to the reporter and explained the legality.,Closed,2025-06-16 02:11:00.000000000
20767399,INDIAN_OPENCITY_BBMP,General Consumer Services,Road Infrastructure,Road Infrastructure in Doddanekkundi Field inspection assigned to AE officer.,Registered,2025-06-16 02:10:00.000000000
20767397,INDIAN_OPENCITY_BBMP,General Consumer Services,Road cutting,Road cutting in Hanumantha Nagar Field inspection assigned to AE officer.,Registered,2025-06-16 02:09:00.000000000
20767396,INDIAN_OPENCITY_BBMP,General Consumer Services,Ekhata missing in online,Ekhata missing in online in Bellandur pls share katha copy to [EMAIL] to rectify the issue,Closed,2025-06-16 02:09:00.000000000
20767395,INDIAN_OPENCITY_BBMP,General Consumer Services,Other Khata / ekhata issues,Other Khata / ekhata issues in Yelachenahalli pls contact ro office,Closed,2025-06-16 02:08:00.000000000
20767391,INDIAN_OPENCITY_BBMP,General Consumer Services,Ekhata - name correction,"Ekhata - name correction in Hemmigepura If you want to correction your property, take the relevant documents and contact our BBMP Kengeri office and contact the concerned case worker who will solve your problem.",Closed,2025-06-16 02:06:00.000000000
20767388,INDIAN_OPENCITY_BBMP,General Consumer Services,UnAuthorised Building Constructions,UnAuthorised Building Constructions in Vasanthapura Field inspection assigned to AEE officer.,Registered,2025-06-16 02:04:00.000000000
20767386,INDIAN_OPENCITY_BBMP,General Consumer Services,Ekhata Area Correction,Ekhata Area Correction in Subramanya Nagar kindly visit office with respective documents,Closed,2025-06-16 02:03:00.000000000
20767384,INDIAN_OPENCITY_BBMP,General Consumer Services,Fatally injured - Needs immediate attention,Fatally injured - Needs immediate attention in Vignana Nagar No treatment done in bbmp call 1962,Closed,2025-06-16 02:02:00.000000000
20767383,INDIAN_OPENCITY_BBMP,General Consumer Services,Debris Removal / Construction Material,Debris Removal / Construction Material in Vidyaranyapura Field inspection assigned to AE officer.,Registered,2025-06-16 02:02:00.000000000
20767381,INDIAN_OPENCITY_BBMP,General Consumer Services,Potholes,Potholes in Begur Action initiated,Closed,2025-06-16 02:01:00.000000000
20767379,INDIAN_OPENCITY_BBMP,General Consumer Services,Road Infrastructure,Road Infrastructure in Nagapura Forwarded Task,Registered,2025-06-16 02:01:00.000000000
20767374,INDIAN_OPENCITY_BBMP,General Consumer Services,Road side drains,Road side drains in Singasandra Forwarded Task,Registered,2025-06-16 01:56:00.000000000
20767373,INDIAN_OPENCITY_BBMP,General Consumer Services,"Khata Services (Registration, Transfer, Bifurcation and Amalgamation)","Khata Services (Registration, Transfer, Bifurcation and Amalgamation) in Begur ಇ ಅಸ್ತಿ ಪಡೆದಿದ್ದಲಿ ಹೆಸರು ಬದಲಾವಣೆಯಾಗುತ್ತದೆ",Closed,2025-06-16 01:55:00.000000000
20767372,INDIAN_OPENCITY_BBMP,General Consumer Services,Issues Related to Parks/Medians/Circles/Island.,Issues Related to Parks/Medians/Circles/Island. in Shakambari Nagar Field inspection assigned to HS officer.,Registered,2025-06-16 01:55:00.000000000
20767369,INDIAN_OPENCITY_BBMP,General Consumer Services,obstructions Branches / Trees.,"obstructions Branches / Trees. in Nagarabhavi Please contact Area Supervisor, Ganesh-[PHONE]",Closed,2025-06-16 01:52:00.000000000
20767368,INDIAN_OPENCITY_BBMP,General Consumer Services,Animal Rescue - Not well - Requires attention,Animal Rescue - Not well - Requires attention in Vidyaranyapura Spoken with the concern person.,Closed,2025-06-16 01:51:00.000000000
20767367,INDIAN_OPENCITY_BBMP,Street/Public Electrical Infrastructure,Street Light Not Working,Street Light Not Working in Arakere Atteded,Closed,2025-06-16 01:50:00.000000000
20767366,INDIAN_OPENCITY_BBMP,General Consumer Services,"Khata Services (Registration, Transfer, Bifurcation and Amalgamation)","Khata Services (Registration, Transfer, Bifurcation and Amalgamation) in Hoodi Clarification given",Closed,2025-06-16 01:49:00.000000000
20767364,INDIAN_OPENCITY_BBMP,General Consumer Services,Garbage dump,Garbage dump in Neelasandra Road was under-construction medam sweeping and garbage clear is update daily,Closed,2025-06-16 01:49:00.000000000
20767363,INDIAN_OPENCITY_BBMP,General Consumer Services,Garbage dump,Garbage dump in Hoysala Nagar Given mobile number is wrong,Closed,2025-06-16 01:47:00.000000000
20767362,INDIAN_OPENCITY_BBMP,General Consumer Services,Garbage dumping in vacant sites,Garbage dumping in vacant sites in Singasandra Attended complaint and cleared sir,Closed,2025-06-16 01:47:00.000000000
20767360,INDIAN_OPENCITY_BBMP,General Consumer Services,Maintenance of SWD,Maintenance of SWD in Doddanekkundi Field inspection assigned to AE officer.,Registered,2025-06-16 01:46:00.000000000
20767357,INDIAN_OPENCITY_BBMP,General Consumer Services,Garbage dump,Garbage dump in Mahalakshmipuram From now on they'll won't dump it in front your house sir,Closed,2025-06-16 01:40:00.000000000
20767356,INDIAN_OPENCITY_BBMP,General Consumer Services,Technical Issue In Ekhata,Technical Issue In Ekhata in Jakkasandra Field inspection assigned to RI officer.,Registered,2025-06-16 01:40:00.000000000
20767353,INDIAN_OPENCITY_BBMP,General Consumer Services,Garbage dump,Garbage dump in Garudacharpalya Forwarded Task,Registered,2025-06-16 01:38:00.000000000
20767348,INDIAN_OPENCITY_BBMP,General Consumer Services,Garbage dumping in vacant sites,Garbage dumping in vacant sites in Hoodi Field inspection assigned to Marshal officer.,Registered,2025-06-16 01:36:00.000000000
20767347,INDIAN_OPENCITY_BBMP,General Consumer Services,Sweeping not done,Sweeping not done in Siddapura Field inspection assigned to JHI officer.,Registered,2025-06-16 01:32:00.000000000
20767346,INDIAN_OPENCITY_BBMP,General Consumer Services,Garbage dumping in vacant sites,Garbage dumping in vacant sites in Kuvempu Nagar Complaint resolved,Closed,2025-06-16 01:32:00.000000000
20767345,INDIAN_OPENCITY_BBMP,General Consumer Services,Increase in mosquito density,Increase in mosquito density in Vignana Nagar Field inspection assigned to SHI officer.,Registered,2025-06-16 01:32:00.000000000
20767343,INDIAN_OPENCITY_BBMP,General Consumer Services,Dead animal(s),Dead animal(s) in Hagadooru Clear,Closed,2025-06-16 01:32:00.000000000
20767341,INDIAN_OPENCITY_BBMP,General Consumer Services,Garbage dump,Garbage dump in Benniganahalli Addres not found public not responding,Closed,2025-06-16 01:31:00.000000000
20767339,INDIAN_OPENCITY_BBMP,General Consumer Services,Removal of dead/fallen trees,Removal of dead/fallen trees in Bilekahalli Resolved,Closed,2025-06-16 01:30:00.000000000
20767338,INDIAN_OPENCITY_BBMP,General Consumer Services,obstructions Branches / Trees.,"obstructions Branches / Trees. in Shiva Nagar Please contact Area Supervisor, Maruthi-[PHONE]",Closed,2025-06-16 01:30:00.000000000
20767337,INDIAN_OPENCITY_BBMP,General Consumer Services,Spraying,Spraying in Vijanapura Field inspection assigned to SHI officer.,Registered,2025-06-16 01:30:00.000000000
20767336,INDIAN_OPENCITY_BBMP,General Consumer Services,Animal birth control/neutering of stray dogs,Animal birth control/neutering of stray dogs in HBR Layout Dogs caught for ABC,Closed,2025-06-16 01:29:00.000000000
20767331,INDIAN_OPENCITY_BBMP,General Consumer Services,water stagnation,water stagnation in Marathalli Field inspection assigned to AE officer.,Registered,2025-06-16 01:24:00.000000000
20767330,INDIAN_OPENCITY_BBMP,General Consumer Services,Garbage dumping in vacant sites,Garbage dumping in vacant sites in Siddapura The state is as is.,ReOpen,2025-06-16 01:23:00.000000000
20767325,INDIAN_OPENCITY_BBMP,General Consumer Services,Garbage dump,Garbage dump in Banashankari Temple Ward Clear,Closed,2025-06-16 01:20:00.000000000
20767324,INDIAN_OPENCITY_BBMP,General Consumer Services,UnAuthorised Building Constructions,UnAuthorised Building Constructions in Herohalli Field inspection assigned to ADTP officer.,Registered,2025-06-16 01:20:00.000000000
20767321,INDIAN_OPENCITY_BBMP,General Consumer Services,Sewerage water left in SWD,Sewerage water left in SWD in Kottigepalya Field inspection assigned to AE officer.,Registered,2025-06-16 01:18:00.000000000
20767318,INDIAN_OPENCITY_BBMP,General Consumer Services,obstructions Branches / Trees.,obstructions Branches / Trees. in Yelahanka old Satellite Town Field inspection assigned to DYRFO officer.,Registered,2025-06-16 01:16:00.000000000
20767315,INDIAN_OPENCITY_BBMP,General Consumer Services,Footpath,Footpath in Basavanagudi Field inspection assigned to AE officer.,Registered,2025-06-16 01:12:00.000000000
20767314,INDIAN_OPENCITY_BBMP,General Consumer Services,Other Khata / ekhata issues,Other Khata / ekhata issues in Hoodi Clarification given,Closed,2025-06-16 01:12:00.000000000
20767312,INDIAN_OPENCITY_BBMP,General Consumer Services,water stagnation,water stagnation in Kodigehalli Field inspection assigned to AE officer.,Registered,2025-06-16 01:12:00.000000000
20767308,INDIAN_OPENCITY_BBMP,General Consumer Services,Garbage dump,Garbage dump in Malleshwaram Clear,Closed,2025-06-16 01:11:00.000000000
20767307,INDIAN_OPENCITY_BBMP,General Consumer Services,Garbage dump,Garbage dump in Kadugondanahalli Cleared,Closed,2025-06-16 01:10:00.000000000
20767304,INDIAN_OPENCITY_BBMP,General Consumer Services,new Khata / Ekhata registration / creation,new Khata / Ekhata registration / creation in Varthur as inform to you the details already forward to concern case worker plz wait they will do,Closed,2025-06-16 01:08:00.000000000
20767301,INDIAN_OPENCITY_BBMP,General Consumer Services,Animal Rescue - Not well - Requires attention,Animal Rescue - Not well - Requires attention in Yelachenahalli Contact 1962,Closed,2025-06-16 01:06:00.000000000
20767300,INDIAN_OPENCITY_BBMP,General Consumer Services,Debris Removal / Construction Material,Debris Removal / Construction Material in Begur Field inspection assigned to Customer Support Representative officer.,Non Relevant,2025-06-16 01:06:00.000000000
20767297,INDIAN_OPENCITY_BBMP,General Consumer Services,Encroachment,Encroachment in Doddanekkundi Field inspection assigned to ARO officer.,Registered,2025-06-16 01:05:00.000000000
20767295,INDIAN_OPENCITY_BBMP,General Consumer Services,ekhata approval pending with ARO,"ekhata approval pending with ARO in Bellandur Sir, pls contact DC Mahadevapura office to clear the application",Closed,2025-06-16 01:04:00.000000000
20767294,INDIAN_OPENCITY_BBMP,General Consumer Services,Animal Rescue - Not well - Requires attention,Animal Rescue - Not well - Requires attention in Mangammanapalya Field inspection assigned to VI officer.,Registered,2025-06-16 01:04:00.000000000
20767291,INDIAN_OPENCITY_BBMP,General Consumer Services,Fatally injured - Needs immediate attention,Fatally injured - Needs immediate attention in HAL Airport Complaint attended,Closed,2025-06-16 01:02:00.000000000
20767290,INDIAN_OPENCITY_BBMP,General Consumer Services,obstructions Branches / Trees.,obstructions Branches / Trees. in Hegganahalli complaint will be cleared in two tree working days,Closed,2025-06-16 01:01:00.000000000
20767289,INDIAN_OPENCITY_BBMP,General Consumer Services,UnAuthorised Building Constructions,UnAuthorised Building Constructions in Domlur Field inspection assigned to AE officer.,Registered,2025-06-16 01:00:00.000000000
20767288,INDIAN_OPENCITY_BBMP,General Consumer Services,Footpath,Footpath in Sri Nagar Field inspection assigned to Customer Support Representative officer.,Non Relevant,2025-06-16 01:00:00.000000000
20767286,INDIAN_OPENCITY_BBMP,General Consumer Services,Road side drains,Road side drains in Mangammanapalya Field inspection assigned to AE officer.,Registered,2025-06-16 12:59:00.000000000
20767284,INDIAN_OPENCITY_BBMP,General Consumer Services,Garbage dump,Garbage dump in Gottigere Garbage not cleared. Just closed the complaint. Major action required to avoid recurrence,ReOpen,2025-06-16 12:58:00.000000000
20767282,INDIAN_OPENCITY_BBMP,General Consumer Services,Discrepancy In Khata Certificate and Khata Extract,Discrepancy In Khata Certificate and Khata Extract in Shankaramata Field inspection assigned to ARO officer.,Registered,2025-06-16 12:55:00.000000000
20767281,INDIAN_OPENCITY_BBMP,General Consumer Services,Technical Issue In Ekhata,Technical Issue In Ekhata in Varthur as inform to you the details already forward to concern case worker plz wait they will do,Closed,2025-06-16 12:55:00.000000000
20767279,INDIAN_OPENCITY_BBMP,General Consumer Services,Other Khata / ekhata issues,Other Khata / ekhata issues in Banashankari Temple Ward Rejected,Closed,2025-06-16 12:51:00.000000000
20767278,INDIAN_OPENCITY_BBMP,General Consumer Services,Road Infrastructure,Road Infrastructure in Padmanabha Nagar Forwarded Task,Registered,2025-06-16 12:50:00.000000000
20767275,INDIAN_OPENCITY_BBMP,General Consumer Services,obstructions Branches / Trees.,obstructions Branches / Trees. in Ganeshmandira Ward Field inspection assigned to DYRFO officer.,Registered,2025-06-16 12:49:00.000000000
20767273,INDIAN_OPENCITY_BBMP,General Consumer Services,Road side drains,Road side drains in Kuvempu Nagar Field inspection assigned to AE officer.,Registered,2025-06-16 12:49:00.000000000
20767272,INDIAN_OPENCITY_BBMP,General Consumer Services,Stray/Rabid dog bite,Stray/Rabid dog bite in Dodda Bidarkallu Dog's cought for animals birth control operation and vaccination,Closed,2025-06-16 12:48:00.000000000
20767270,INDIAN_OPENCITY_BBMP,General Consumer Services,Animal birth control/neutering of stray dogs,Animal birth control/neutering of stray dogs in Basavanagudi Spoke to the reporter and explain the process of catching of the biting dog. Your request is sent to ABC catching team all un nutured dogs will be caught for ABC & will be vaccinated before release. Other dogs will be vaccinated against rabies & combined vaccine will also be administered.,Closed,2025-06-16 12:46:00.000000000
20767269,INDIAN_OPENCITY_BBMP,General Consumer Services,Animal Rescue - Not well - Requires attention,Animal Rescue - Not well - Requires attention in Vidyaranyapura Spoken with the concern person,Closed,2025-06-16 12:44:00.000000000
20767268,INDIAN_OPENCITY_BBMP,General Consumer Services,Garbage dump,Garbage dump in Sudam Nagar Clear,Closed,2025-06-16 12:44:00.000000000
20767267,INDIAN_OPENCITY_BBMP,General Consumer Services,Animal birth control/neutering of stray dogs,Animal birth control/neutering of stray dogs in Uttarahalli Field inspection assigned to VI officer.,Registered,2025-06-16 12:43:00.000000000
20767261,INDIAN_OPENCITY_BBMP,General Consumer Services,Garbage vehicle not arrived,Garbage vehicle not arrived in Shanthala Nagar Clear,Closed,2025-06-16 12:40:00.000000000
20767259,INDIAN_OPENCITY_BBMP,General Consumer Services,Garbage dump,Garbage dump in Jayachamarajendra Nagar Clear sir,Closed,2025-06-16 12:40:00.000000000
20767257,INDIAN_OPENCITY_BBMP,General Consumer Services,Removal of dead/fallen trees,Removal of dead/fallen trees in Jayachamarajendra Nagar Please upload photos,Closed,2025-06-16 12:40:00.000000000
20767255,INDIAN_OPENCITY_BBMP,Street/Public Electrical Infrastructure,Street Light Not Working,Street Light Not Working in Newthippasandra Forwarded Task,Registered,2025-06-16 12:38:00.000000000
20767253,INDIAN_OPENCITY_BBMP,General Consumer Services,Sweeping not done,Sweeping not done in Dharmarayaswamy Temple Ward ರಸ್ತೆ ಗುಡುಸಿಶಿ ಸ್ವಚ್ಛಗೋಲ್ಲಿಸಲಾಗಿದೆ,Closed,2025-06-16 12:36:00.000000000
20767252,INDIAN_OPENCITY_BBMP,General Consumer Services,Garbage dump,Garbage dump in Sagayapuram It's clear sir,Closed,2025-06-16 12:35:00.000000000
20767251,INDIAN_OPENCITY_BBMP,General Consumer Services,obstructions Branches / Trees.,obstructions Branches / Trees. in HBR Layout Please provide request letter tree photos tax paid receipt,Closed,2025-06-16 12:35:00.000000000
20767250,INDIAN_OPENCITY_BBMP,General Consumer Services,obstructions Branches / Trees.,obstructions Branches / Trees. in Ulsoor Field inspection assigned to DYRFO officer.,Registered,2025-06-16 12:34:00.000000000
20767241,INDIAN_OPENCITY_BBMP,General Consumer Services,Sweeping not done,Sweeping not done in Basavanagudi Field inspection assigned to JHI officer.,Registered,2025-06-16 12:27:00.000000000
20767234,INDIAN_OPENCITY_BBMP,General Consumer Services,Sweeping not done,Sweeping not done in Yelachenahalli Field inspection assigned to JHI officer.,Registered,2025-06-16 12:24:00.000000000
20767233,INDIAN_OPENCITY_BBMP,General Consumer Services,Increase in mosquito density,Increase in mosquito density in Radhakrishna Temple Fogging done,Closed,2025-06-16 12:24:00.000000000
20767229,INDIAN_OPENCITY_BBMP,General Consumer Services,obstructions Branches / Trees.,obstructions Branches / Trees. in Radhakrishna Temple Please provide request letter tree photos tax paid receipt,Closed,2025-06-16 12:22:00.000000000
20767225,INDIAN_OPENCITY_BBMP,General Consumer Services,Spraying,Spraying in Domlur Attended,Closed,2025-06-16 12:20:00.000000000
20767224,INDIAN_OPENCITY_BBMP,General Consumer Services,obstructions Branches / Trees.,obstructions Branches / Trees. in Newthippasandra Forwarded Task,Registered,2025-06-16 12:19:00.000000000
20767223,INDIAN_OPENCITY_BBMP,General Consumer Services,Stray/Rabid dog bite,Stray/Rabid dog bite in Varthur Complaint attended,Closed,2025-06-16 12:19:00.000000000
20767221,INDIAN_OPENCITY_BBMP,General Consumer Services,Fatally injured - Needs immediate attention,Fatally injured - Needs immediate attention in Pulikeshi Nagar Please contact samarpan foundation [PHONE],Closed,2025-06-16 12:17:00.000000000
20767220,INDIAN_OPENCITY_BBMP,General Consumer Services,Increase in mosquito density,Increase in mosquito density in Arakere Resloved,Closed,2025-06-16 12:17:00.000000000
20767214,INDIAN_OPENCITY_BBMP,General Consumer Services,Garbage dump,"Garbage dump in Chikpete After Ats cleared this point,pks are put a Garbage here",Closed,2025-06-16 12:15:00.000000000
20767213,INDIAN_OPENCITY_BBMP,General Consumer Services,shifting of the street dogs to other places,shifting of the street dogs to other places in Varthur No relocation of dogs can be done as per supreme court order,Closed,2025-06-16 12:15:00.000000000
20767210,INDIAN_OPENCITY_BBMP,General Consumer Services,Debris Removal / Construction Material,Debris Removal / Construction Material in Adugodi we will clear it,Closed,2025-06-16 12:13:00.000000000
20767209,INDIAN_OPENCITY_BBMP,General Consumer Services,Ekhata Area Correction,Ekhata Area Correction in Deepanjali Nagar Field inspection assigned to ARO officer.,Registered,2025-06-16 12:13:00.000000000
20767208,INDIAN_OPENCITY_BBMP,General Consumer Services,Potholes,Potholes in Hoysala Nagar Forwarded Task,Registered,2025-06-16 12:13:00.000000000
20767204,INDIAN_OPENCITY_BBMP,General Consumer Services,Garbage dump,Garbage dump in Jayamahal Not related to SWM,Closed,2025-06-16 12:10:00.000000000
20767203,INDIAN_OPENCITY_BBMP,General Consumer Services,Garbage dump,Garbage dump in K.R.Market Clear,Closed,2025-06-16 12:10:00.000000000
20767202,INDIAN_OPENCITY_BBMP,General Consumer Services,Garbage dump,Garbage dump in Rajagopala Nagar Complaint Cleared sir,Closed,2025-06-16 12:09:00.000000000
20767196,INDIAN_OPENCITY_BBMP,General Consumer Services,Removal of dead/fallen trees,"Removal of dead/fallen trees in Aramane Nagar Please contact Area Supervisor, Suresh-[PHONE]",Closed,2025-06-16 12:07:00.000000000
20767195,INDIAN_OPENCITY_BBMP,General Consumer Services,Stray dog related complaints,Stray dog related complaints in Begur We cannot relocate the dog's only ABC and combined vaccination done our BBMP side As per schedule.,Closed,2025-06-16 12:05:00.000000000
20767190,INDIAN_OPENCITY_BBMP,General Consumer Services,Road side drains,Road side drains in Vidyaranyapura Field inspection assigned to AE officer.,Registered,2025-06-16 12:04:00.000000000
20767183,INDIAN_OPENCITY_BBMP,Street/Public Electrical Infrastructure,Street Lights Switched On During Day Time,Street Lights Switched On During Day Time in Vidyaranyapura Resolved,Closed,2025-06-16 12:02:00.000000000
20767181,INDIAN_OPENCITY_BBMP,General Consumer Services,water stagnation,water stagnation in Muneshwara Nagar Field inspection assigned to AE officer.,Registered,2025-06-16 12:00:00.000000000
20767180,INDIAN_OPENCITY_BBMP,General Consumer Services,Debris Removal / Construction Material,Debris Removal / Construction Material in Ramamurthy Nagar Field inspection assigned to AE officer.,Registered,2025-06-16 11:59:00.000000000
20767179,INDIAN_OPENCITY_BBMP,General Consumer Services,Animal Surgery gone wrong,Animal Surgery gone wrong in Doddanekkundi Field inspection assigned to VI officer.,Registered,2025-06-16 11:59:00.000000000
20767177,INDIAN_OPENCITY_BBMP,General Consumer Services,Garbage transfer not as per norms & area not kept clean,Garbage transfer not as per norms & area not kept clean in Kadugondanahalli Cleared,Closed,2025-06-16 11:58:00.000000000
20767176,INDIAN_OPENCITY_BBMP,General Consumer Services,Sweeping not done,Sweeping not done in Byatarayanapura Complaint attend resolved,Closed,2025-06-16 11:58:00.000000000
20767172,INDIAN_OPENCITY_BBMP,General Consumer Services,Garbage dump,Garbage dump in K.R.Market Close,Closed,2025-06-16 11:56:00.000000000
20767171,INDIAN_OPENCITY_BBMP,General Consumer Services,Road Infrastructure,Road Infrastructure in Chikpete Forwarded Task,Registered,2025-06-16 11:56:00.000000000
20767169,INDIAN_OPENCITY_BBMP,General Consumer Services,Stagnation of water on road/ Water logging,Stagnation of water on road/ Water logging in Jayanagar East Forwarded Task,Registered,2025-06-16 11:56:00.000000000
20767168,INDIAN_OPENCITY_BBMP,General Consumer Services,Complaint against SW collector/ SWM official for violation of SWM Rules,Complaint against SW collector/ SWM official for violation of SWM Rules in Jayachamarajendra Nagar Clear sir,Closed,2025-06-16 11:56:00.000000000
20767166,INDIAN_OPENCITY_BBMP,General Consumer Services,Stray dog related complaints,Stray dog related complaints in HSR Layout As per BBMP schedule We do Animals birth control and ARV vaccination done our BBMP side,Closed,2025-06-16 11:54:00.000000000
20767165,INDIAN_OPENCITY_BBMP,General Consumer Services,Other Khata / ekhata issues,Other Khata / ekhata issues in Singasandra ನಿಯಮಾನುಸಾರ ಕ್ರಮ ಕೈಗೊಳ್ಳಲಾಗಿದೆ,Closed,2025-06-16 11:53:00.000000000
20767162,INDIAN_OPENCITY_BBMP,General Consumer Services,Animal Rescue - Not well - Requires attention,"Animal Rescue - Not well - Requires attention in Dharmarayaswamy Temple Ward Please contact Dr.D.N Srinath, ADAH, Mobile no:[PHONE]",Closed,2025-06-16 11:53:00.000000000
20767160,INDIAN_OPENCITY_BBMP,General Consumer Services,Garbage vehicle not arrived,Garbage vehicle not arrived in Nagarabhavi Clear,Closed,2025-06-16 11:51:00.000000000
20767159,INDIAN_OPENCITY_BBMP,General Consumer Services,Removal of dead/fallen trees,Removal of dead/fallen trees in Hosakerehalli Field inspection assigned to DYRFO officer.,Registered,2025-06-16 11:51:00.000000000
20767157,INDIAN_OPENCITY_BBMP,General Consumer Services,Sweeping not done,Sweeping not done in Ejipura Cleared,Closed,2025-06-16 11:50:00.000000000
20767156,INDIAN_OPENCITY_BBMP,General Consumer Services,Road Infrastructure,Road Infrastructure in Gurappanapalya Field inspection assigned to AE officer.,Registered,2025-06-16 11:50:00.000000000
20767154,INDIAN_OPENCITY_BBMP,General Consumer Services,Garbage vehicle not arrived,Garbage vehicle not arrived in HAL Airport Clear,Closed,2025-06-16 11:50:00.000000000
20767153,INDIAN_OPENCITY_BBMP,General Consumer Services,obstructions Branches / Trees.,obstructions Branches / Trees. in Kadugodi Field inspection assigned to DYRFO officer.,Registered,2025-06-16 11:49:00.000000000
20767151,INDIAN_OPENCITY_BBMP,General Consumer Services,Zonal Violation of the Building,Zonal Violation of the Building in Jeevanbhima Nagar Forwarded Task,Registered,2025-06-16 11:47:00.000000000
20767149,INDIAN_OPENCITY_BBMP,General Consumer Services,Garbage dump,Garbage dump in BTM Layout Garbage cleared,Closed,2025-06-16 11:46:00.000000000
20767148,INDIAN_OPENCITY_BBMP,Street/Public Electrical Infrastructure,Street Lights Switched On During Day Time,Street Lights Switched On During Day Time in Doddabommasandra Resolved,Closed,2025-06-16 11:45:00.000000000
20767147,INDIAN_OPENCITY_BBMP,General Consumer Services,obstructions Branches / Trees.,obstructions Branches / Trees. in Shettyhalli please upload a picture,Closed,2025-06-16 11:45:00.000000000
20767145,INDIAN_OPENCITY_BBMP,General Consumer Services,Other Khata / ekhata issues,Other Khata / ekhata issues in HAL Airport Field inspection assigned to ARO officer.,Registered,2025-06-16 11:44:00.000000000
20767143,INDIAN_OPENCITY_BBMP,General Consumer Services,Potholes,Potholes in Hoodi its clear soon,Closed,2025-06-16 11:42:00.000000000
20767142,INDIAN_OPENCITY_BBMP,General Consumer Services,Dengue positive,Dengue positive in Hoodi Attend,Closed,2025-06-16 11:41:00.000000000
20767141,INDIAN_OPENCITY_BBMP,General Consumer Services,Dengue positive,Dengue positive in Hagadooru Attended,Closed,2025-06-16 11:40:00.000000000
20767136,INDIAN_OPENCITY_BBMP,General Consumer Services,Sweeping not done,Sweeping not done in Newthippasandra Field inspection assigned to JHI officer.,Registered,2025-06-16 11:39:00.000000000
20767135,INDIAN_OPENCITY_BBMP,General Consumer Services,Garbage vehicle not arrived,Garbage vehicle not arrived in K.R.Market Forwarded Task,Registered,2025-06-16 11:39:00.000000000
20767132,INDIAN_OPENCITY_BBMP,General Consumer Services,Dengue positive,Dengue positive in S.K.Garden Field inspection assigned to SHI officer.,Registered,2025-06-16 11:38:00.000000000
20767126,INDIAN_OPENCITY_BBMP,General Consumer Services,Garbage dump,Garbage dump in Vishwanathnagenahalli Complaint cleared,Closed,2025-06-16 11:36:00.000000000
20767125,INDIAN_OPENCITY_BBMP,General Consumer Services,Garbage vehicle not arrived,Garbage vehicle not arrived in Hemmigepura Complete clear,Closed,2025-06-16 11:36:00.000000000
20767124,INDIAN_OPENCITY_BBMP,General Consumer Services,Flex and banners,Flex and banners in Bellandur Field inspection assigned to ARO officer.,Registered,2025-06-16 11:36:00.000000000
20767120,INDIAN_OPENCITY_BBMP,General Consumer Services,Unhygienic premises in Hotel etc,Unhygienic premises in Hotel etc in Jeevanbhima Nagar Field inspection assigned to SHI officer.,Registered,2025-06-16 11:35:00.000000000
20767119,INDIAN_OPENCITY_BBMP,General Consumer Services,Other Khata / ekhata issues,Other Khata / ekhata issues in Basaveshwara Nagar close,Closed,2025-06-16 11:35:00.000000000
20767118,INDIAN_OPENCITY_BBMP,General Consumer Services,Garbage dump,Garbage dump in Koramangala Clear,Closed,2025-06-16 11:34:00.000000000
20767115,INDIAN_OPENCITY_BBMP,General Consumer Services,Stray dog related complaints,Stray dog related complaints in Govindraja Nagara Closed,Closed,2025-06-16 11:33:00.000000000
20767113,INDIAN_OPENCITY_BBMP,General Consumer Services,Garbage dump,Garbage dump in Sunkenahalli Cleared,Closed,2025-06-16 11:32:00.000000000
20767111,INDIAN_OPENCITY_BBMP,General Consumer Services,Dengue positive,Dengue positive in C.V.Raman Nagar Field inspection assigned to SHI officer.,Registered,2025-06-16 11:32:00.000000000
20767110,INDIAN_OPENCITY_BBMP,General Consumer Services,Other Khata / ekhata issues,Other Khata / ekhata issues in Uttarahalli this property belongs to aro uttarahalli,Closed,2025-06-16 11:31:00.000000000
20767108,INDIAN_OPENCITY_BBMP,General Consumer Services,Dengue positive,Dengue positive in Nagavara Spraying near the patient's house has been done,Closed,2025-06-16 11:31:00.000000000
20767107,INDIAN_OPENCITY_BBMP,General Consumer Services,Fogging,Fogging in Basavanagudi citizen unsatisified,ReOpen,2025-06-16 11:31:00.000000000
20767106,INDIAN_OPENCITY_BBMP,General Consumer Services,Road Infrastructure,Road Infrastructure in Rajarajeshwari Nagar Field inspection assigned to AE officer.,Registered,2025-06-16 11:30:00.000000000
20767105,INDIAN_OPENCITY_BBMP,General Consumer Services,Debris Removal / Construction Material,Debris Removal / Construction Material in Marathalli Forwarded Task,Registered,2025-06-16 11:30:00.000000000
20767104,INDIAN_OPENCITY_BBMP,General Consumer Services,Dengue positive,Dengue positive in Varthur Attended,Closed,2025-06-16 11:30:00.000000000
20767102,INDIAN_OPENCITY_BBMP,General Consumer Services,Flex and banners,Flex and banners in K.R.Puram Removed,Closed,2025-06-16 11:28:00.000000000
20767101,INDIAN_OPENCITY_BBMP,General Consumer Services,Road cutting,Road cutting in Shanthala Nagar Field inspection assigned to Customer Support Representative officer.,Non Relevant,2025-06-16 11:28:00.000000000
20767100,INDIAN_OPENCITY_BBMP,General Consumer Services,Road side drains,Road side drains in Nayandanahalli Field inspection assigned to AE officer.,Registered,2025-06-16 11:28:00.000000000
20767095,INDIAN_OPENCITY_BBMP,General Consumer Services,Footpath,Footpath in Hagadooru Forwarded Task,Registered,2025-06-16 11:25:00.000000000
20767094,INDIAN_OPENCITY_BBMP,General Consumer Services,Dengue positive,Dengue positive in Jakkur Spraying done and health education given,Closed,2025-06-16 11:25:00.000000000
20767091,INDIAN_OPENCITY_BBMP,General Consumer Services,Debris Removal / Construction Material,Debris Removal / Construction Material in Sanjay Nagar Field inspection assigned to AE officer.,Registered,2025-06-16 11:24:00.000000000
20767090,INDIAN_OPENCITY_BBMP,General Consumer Services,Dengue positive,Dengue positive in Kempegowda Ward Field inspection assigned to SHI officer.,Registered,2025-06-16 11:24:00.000000000
20767089,INDIAN_OPENCITY_BBMP,General Consumer Services,Garbage dumping in vacant sites,Garbage dumping in vacant sites in Kamakshipalya Complaint resolved,Closed,2025-06-16 11:24:00.000000000
20767088,INDIAN_OPENCITY_BBMP,General Consumer Services,Fatally injured - Needs immediate attention,Fatally injured - Needs immediate attention in Begur Please call Ambulance service 1962,Closed,2025-06-16 11:23:00.000000000
20767085,INDIAN_OPENCITY_BBMP,General Consumer Services,Debris Removal / Construction Material,Debris Removal / Construction Material in Hongasandra Field inspection assigned to AE officer.,Registered,2025-06-16 11:22:00.000000000
20767084,INDIAN_OPENCITY_BBMP,General Consumer Services,Other Khata / ekhata issues,Other Khata / ekhata issues in HSR Layout Field inspection assigned to ARO officer.,Registered,2025-06-16 11:22:00.000000000
20767082,INDIAN_OPENCITY_BBMP,General Consumer Services,Garbage dump,Garbage dump in Ganga Nagar Closed,Closed,2025-06-16 11:22:00.000000000
20767081,INDIAN_OPENCITY_BBMP,General Consumer Services,Sweeping not done,Sweeping not done in Sarvagna Nagar Field inspection assigned to JHI officer.,Registered,2025-06-16 11:22:00.000000000
20767080,INDIAN_OPENCITY_BBMP,General Consumer Services,Garbage dumping in vacant sites,Garbage dumping in vacant sites in Ganga Nagar Cleared,Closed,2025-06-16 11:21:00.000000000
20767079,INDIAN_OPENCITY_BBMP,General Consumer Services,Garbage dump,Garbage dump in Jaraganahalli This is panchayat limit not come to BBMP,Closed,2025-06-16 11:21:00.000000000
20767077,INDIAN_OPENCITY_BBMP,General Consumer Services,Footpath,Footpath in Basavanagudi Forwarded Task,Registered,2025-06-16 11:21:00.000000000
20767073,INDIAN_OPENCITY_BBMP,General Consumer Services,Dengue positive,Dengue positive in BTM Layout Forwarded Task,Registered,2025-06-16 11:19:00.000000000
20767072,INDIAN_OPENCITY_BBMP,General Consumer Services,Dengue positive,Dengue positive in K.R.Puram Attended,Closed,2025-06-16 11:19:00.000000000
20767071,INDIAN_OPENCITY_BBMP,General Consumer Services,Garbage dumping in vacant sites,Garbage dumping in vacant sites in Pulikeshi Nagar Clear sir,Closed,2025-06-16 11:18:00.000000000
20767069,INDIAN_OPENCITY_BBMP,General Consumer Services,Dengue positive,Dengue positive in Ramamurthy Nagar Field inspection assigned to SHI officer.,Registered,2025-06-16 11:17:00.000000000
20767068,INDIAN_OPENCITY_BBMP,General Consumer Services,Dengue positive,Dengue positive in Attiguppe Attended,Closed,2025-06-16 11:17:00.000000000
20767064,INDIAN_OPENCITY_BBMP,General Consumer Services,Dengue positive,Dengue positive in Sagayapuram Field inspection assigned to SHI officer.,Registered,2025-06-16 11:16:00.000000000
20767063,INDIAN_OPENCITY_BBMP,General Consumer Services,Dengue positive,Dengue positive in Marathalli Field inspection assigned to SHI officer.,Registered,2025-06-16 11:16:00.000000000
20767059,INDIAN_OPENCITY_BBMP,General Consumer Services,Dengue positive,Dengue positive in Kadugodi Attended,Closed,2025-06-16 11:15:00.000000000
20767058,INDIAN_OPENCITY_BBMP,General Consumer Services,Issues Related to Parks/Medians/Circles/Island.,Issues Related to Parks/Medians/Circles/Island. in Arakere Field inspection assigned to HS officer.,Registered,2025-06-16 11:15:00.000000000
20767055,INDIAN_OPENCITY_BBMP,General Consumer Services,Dengue positive,Dengue positive in Hoodi Field inspection assigned to SHI officer.,Registered,2025-06-16 11:12:00.000000000
20767049,INDIAN_OPENCITY_BBMP,General Consumer Services,Road side drains,Road side drains in Singasandra Field inspection assigned to AE officer.,Registered,2025-06-16 11:11:00.000000000
20767048,INDIAN_OPENCITY_BBMP,General Consumer Services,Fatally injured - Needs immediate attention,Fatally injured - Needs immediate attention in Padmanabha Nagar Sir Please contact stray dog rescue team officer Dr Shrinath Assistant Director mb [PHONE],Closed,2025-06-16 11:11:00.000000000
20767046,INDIAN_OPENCITY_BBMP,General Consumer Services,Dengue positive,Dengue positive in Mangammanapalya Field inspection assigned to SHI officer.,In Progress,2025-06-16 11:10:00.000000000
20767042,INDIAN_OPENCITY_BBMP,General Consumer Services,Issues Related to Parks/Medians/Circles/Island.,Issues Related to Parks/Medians/Circles/Island. in Benniganahalli Field inspection assigned to HS officer.,Registered,2025-06-16 11:09:00.000000000
20767040,INDIAN_OPENCITY_BBMP,General Consumer Services,Mutton/Chicken/fish stall Unhygienic maintenance,Mutton/Chicken/fish stall Unhygienic maintenance in Sagayapuram Field inspection assigned to VI officer.,Registered,2025-06-16 11:09:00.000000000
20767039,INDIAN_OPENCITY_BBMP,General Consumer Services,Road Infrastructure,Road Infrastructure in Kammanahalli Forwarded Task,Registered,2025-06-16 11:07:00.000000000
20767038,INDIAN_OPENCITY_BBMP,General Consumer Services,Dengue positive,Dengue positive in Kammanahalli Field inspection assigned to SHI officer.,Registered,2025-06-16 11:07:00.000000000
20767036,INDIAN_OPENCITY_BBMP,General Consumer Services,"Khata Services (Registration, Transfer, Bifurcation and Amalgamation)","Khata Services (Registration, Transfer, Bifurcation and Amalgamation) in Thanisandra Please give the fully details to resolve the issue of e Katha",Closed,2025-06-16 11:07:00.000000000
20767035,INDIAN_OPENCITY_BBMP,General Consumer Services,Increase in mosquito density,Increase in mosquito density in Kammanahalli Field inspection assigned to SHI officer.,Registered,2025-06-16 11:07:00.000000000
20767034,INDIAN_OPENCITY_BBMP,General Consumer Services,Garbage dump,Garbage dump in Ganga Nagar Close,Closed,2025-06-16 11:06:00.000000000
20767033,INDIAN_OPENCITY_BBMP,General Consumer Services,Potholes,Potholes in Mathikere Field inspection assigned to AE officer.,Registered,2025-06-16 11:05:00.000000000
20767027,INDIAN_OPENCITY_BBMP,General Consumer Services,Dengue positive,Dengue positive in Dharmarayaswamy Temple Ward This complaint is cleared,Closed,2025-06-16 11:04:00.000000000
20767025,INDIAN_OPENCITY_BBMP,Street/Public Electrical Infrastructure,Requirement For New Street Lights,Requirement For New Street Lights in Kengeri Complainant is asking new street light will be provided on priority when the stock is available,Closed,2025-06-16 11:04:00.000000000
20767024,INDIAN_OPENCITY_BBMP,General Consumer Services,Sweeping not done,Sweeping not done in Kumaraswamy Layout Field inspection assigned to JHI officer.,Registered,2025-06-16 11:03:00.000000000
20767023,INDIAN_OPENCITY_BBMP,General Consumer Services,Use of banned single use plastic,Use of banned single use plastic in Padmanabha Nagar Field inspection assigned to SHI officer.,Registered,2025-06-16 11:02:00.000000000
20767022,INDIAN_OPENCITY_BBMP,General Consumer Services,Garbage dump,Garbage dump in Benniganahalli Address not found public not responding,Closed,2025-06-16 11:02:00.000000000
20767017,INDIAN_OPENCITY_BBMP,General Consumer Services,Garbage vehicle not arrived,Garbage vehicle not arrived in Bapuji Nagar Cleared,Closed,2025-06-16 11:01:00.000000000
20767012,INDIAN_OPENCITY_BBMP,General Consumer Services,Debris Removal / Construction Material,Debris Removal / Construction Material in Chikpete Field inspection assigned to AE officer.,Registered,2025-06-16 10:59:00.000000000
20767005,INDIAN_OPENCITY_BBMP,General Consumer Services,Garbage dump,Garbage dump in Moodalapalya Cleared,Closed,2025-06-16 10:55:00.000000000
20767003,INDIAN_OPENCITY_BBMP,General Consumer Services,Discrepancy In Khata Certificate and Khata Extract,"Discrepancy In Khata Certificate and Khata Extract in Anjanapur Dear Sir, To submit corrections, the link is not enabled in e aasthi portal for pid [PHONE],because it is still in RI Pending from 3 months. So please do the approval for provisional khata then correction link will open as you have already said in previous responses. Please do the approval,so that correction link will enable. Regards, Vikas",ReOpen,2025-06-16 10:55:00.000000000
20767002,INDIAN_OPENCITY_BBMP,General Consumer Services,Garbage dump,Garbage dump in Bharathi Nagar Garbage cleared sir,Closed,2025-06-16 10:54:00.000000000
20767001,INDIAN_OPENCITY_BBMP,General Consumer Services,obstructions Branches / Trees.,obstructions Branches / Trees. in Garudacharpalya Field inspection assigned to DYRFO officer.,Registered,2025-06-16 10:54:00.000000000
20767000,INDIAN_OPENCITY_BBMP,General Consumer Services,Garbage thrown in storm water drain,Garbage thrown in storm water drain in Banaswadi Forwarded Task,Registered,2025-06-16 10:53:00.000000000
20766999,INDIAN_OPENCITY_BBMP,General Consumer Services,Garbage dump,Garbage dump in Neelasandra Clear everyday morning Frist hour sir,Closed,2025-06-16 10:53:00.000000000
20766997,INDIAN_OPENCITY_BBMP,General Consumer Services,Garbage dump,Garbage dump in J.P.Nagar Clear,Closed,2025-06-16 10:51:00.000000000
20766996,INDIAN_OPENCITY_BBMP,General Consumer Services,Issues Related to Parks/Medians/Circles/Island.,Issues Related to Parks/Medians/Circles/Island. in Karisandra resolved complaint,Closed,2025-06-16 10:51:00.000000000
20766994,INDIAN_OPENCITY_BBMP,General Consumer Services,Anti Rabies Vaccination of stray dogs,Anti Rabies Vaccination of stray dogs in Nagapura Now vaccination is running in ur area,Closed,2025-06-16 10:51:00.000000000
20766993,INDIAN_OPENCITY_BBMP,General Consumer Services,Stray dog related complaints,Stray dog related complaints in Moodalapalya Closed,Closed,2025-06-16 10:50:00.000000000
20766992,INDIAN_OPENCITY_BBMP,General Consumer Services,Ekhata - name correction,Ekhata - name correction in Shanthala Nagar ISSUE WILL BE RESLOVED,Closed,2025-06-16 10:50:00.000000000
20766990,INDIAN_OPENCITY_BBMP,General Consumer Services,Garbage dump,Garbage dump in Binnipet Clear,Closed,2025-06-16 10:49:00.000000000
20766989,INDIAN_OPENCITY_BBMP,Street/Public Electrical Infrastructure,Requirement For New Street Lights,Requirement For New Street Lights in Chikpete Field inspection assigned to JE officer.,Registered,2025-06-16 10:49:00.000000000
20766988,INDIAN_OPENCITY_BBMP,General Consumer Services,Sweeping not done,Sweeping not done in Katriguppe Forwarded Task,Registered,2025-06-16 10:48:00.000000000
20766986,INDIAN_OPENCITY_BBMP,Street/Public Electrical Infrastructure,Street Light Not Working,Street Light Not Working in Sri Nagar Attended,Closed,2025-06-16 10:47:00.000000000
20766985,INDIAN_OPENCITY_BBMP,General Consumer Services,Debris Removal / Construction Material,Debris Removal / Construction Material in Pulikeshi Nagar Field inspection assigned to AE officer.,Registered,2025-06-16 10:46:00.000000000
20766983,INDIAN_OPENCITY_BBMP,General Consumer Services,Footpath,Footpath in Nayandanahalli Field inspection assigned to AE officer.,Registered,2025-06-16 10:46:00.000000000
20766982,INDIAN_OPENCITY_BBMP,General Consumer Services,Garbage dump,Garbage dump in Mangammanapalya Cleared,Closed,2025-06-16 10:43:00.000000000
20766980,INDIAN_OPENCITY_BBMP,General Consumer Services,UnAuthorised Building Constructions,UnAuthorised Building Constructions in Jnanabharathi Ward Field inspection assigned to ADTP officer.,Registered,2025-06-16 10:43:00.000000000
20766969,INDIAN_OPENCITY_BBMP,General Consumer Services,Garbage dump,Garbage dump in H.M.T Compliant clear Sir,Closed,2025-06-16 10:39:00.000000000
20766965,INDIAN_OPENCITY_BBMP,General Consumer Services,obstructions Branches / Trees.,"obstructions Branches / Trees. in Malleshwaram Please contact Area Supervisor, Suresh-[PHONE]",Closed,2025-06-16 10:38:00.000000000
20766963,INDIAN_OPENCITY_BBMP,General Consumer Services,Sweeping not done,Sweeping not done in H.M.T Field inspection assigned to JHI officer.,Registered,2025-06-16 10:37:00.000000000
20766961,INDIAN_OPENCITY_BBMP,General Consumer Services,obstructions Branches / Trees.,obstructions Branches / Trees. in Hongasandra Resolved,Closed,2025-06-16 10:37:00.000000000
20766960,INDIAN_OPENCITY_BBMP,Street/Public Electrical Infrastructure,Street Lights Switched On During Day Time,Street Lights Switched On During Day Time in Jakkur Resolved,Closed,2025-06-16 10:37:00.000000000
20766959,INDIAN_OPENCITY_BBMP,General Consumer Services,Potholes,Potholes in Chamrajpet Forwarded Task,Registered,2025-06-16 10:36:00.000000000
20766957,INDIAN_OPENCITY_BBMP,General Consumer Services,Garbage dump,Garbage dump in Doddanekkundi Nothing is cleaned. All black spots are as is,ReOpen,2025-06-16 10:36:00.000000000
20766954,INDIAN_OPENCITY_BBMP,General Consumer Services,Animal Rescue - Not well - Requires attention,Animal Rescue - Not well - Requires attention in Sagayapuram Please contact rescue department,Closed,2025-06-16 10:36:00.000000000
20766953,INDIAN_OPENCITY_BBMP,General Consumer Services,Burning of Garbage in Open Space,Burning of Garbage in Open Space in Bellandur Attended,Closed,2025-06-16 10:35:00.000000000
20766951,INDIAN_OPENCITY_BBMP,General Consumer Services,Stray dog related complaints,Stray dog related complaints in Manorayanapalya Field inspection assigned to VI officer.,In Progress,2025-06-16 10:35:00.000000000
20766949,INDIAN_OPENCITY_BBMP,General Consumer Services,Footpath,Footpath in Katriguppe Field inspection assigned to Customer Support Representative officer.,Non Relevant,2025-06-16 10:34:00.000000000
20766945,INDIAN_OPENCITY_BBMP,General Consumer Services,water stagnation,water stagnation in HSR Layout Cleared,Closed,2025-06-16 10:33:00.000000000
20766944,INDIAN_OPENCITY_BBMP,General Consumer Services,obstructions Branches / Trees.,obstructions Branches / Trees. in Ulsoor Please provide request letter tree photos tax paid receipt,Closed,2025-06-16 10:33:00.000000000
20766942,INDIAN_OPENCITY_BBMP,General Consumer Services,Footpath,Footpath in Pattabhiram Nagar Field inspection assigned to Customer Support Representative officer.,Non Relevant,2025-06-16 10:32:00.000000000
20766940,INDIAN_OPENCITY_BBMP,Street/Public Electrical Infrastructure,Street Light Not Working,Street Light Not Working in Kacharakanahalli Cleared,Closed,2025-06-16 10:32:00.000000000
20766939,INDIAN_OPENCITY_BBMP,General Consumer Services,Issues Related to Parks/Medians/Circles/Island.,Issues Related to Parks/Medians/Circles/Island. in Vidyaranyapura Field inspection assigned to HS officer.,Registered,2025-06-16 10:32:00.000000000
20766936,INDIAN_OPENCITY_BBMP,General Consumer Services,footpath encroachment,footpath encroachment in HBR Layout Update soon,Closed,2025-06-16 10:30:00.000000000
20766934,INDIAN_OPENCITY_BBMP,General Consumer Services,ekhata approval pending with ARO,ekhata approval pending with ARO in Varthur APPLICATION SUBMITTED AND THE APPLICATION IS WITH Revenue (DCOffice),Closed,2025-06-16 10:30:00.000000000
20766932,INDIAN_OPENCITY_BBMP,General Consumer Services,Ekhata Other corrections,Ekhata Other corrections in Gottigere Correction done please download after RO Login Approval,Closed,2025-06-16 10:29:00.000000000
20766931,INDIAN_OPENCITY_BBMP,General Consumer Services,Ekhata Other corrections,Ekhata Other corrections in Gottigere Correction Done and pending for Approval in RO Login Shortly it will Approve,Closed,2025-06-16 10:29:00.000000000
20766927,INDIAN_OPENCITY_BBMP,General Consumer Services,Stray/Rabid dog bite,Stray/Rabid dog bite in Konanakunte As per discussion held with you sir,Closed,2025-06-16 10:27:00.000000000
20766926,INDIAN_OPENCITY_BBMP,General Consumer Services,Stray/Rabid dog bite,Stray/Rabid dog bite in Konanakunte As per discussion held you sir,Closed,2025-06-16 10:27:00.000000000
20766918,INDIAN_OPENCITY_BBMP,General Consumer Services,Garbage vehicle not arrived,Garbage vehicle not arrived in Jakkasandra Clear,Closed,2025-06-16 10:23:00.000000000
20766917,INDIAN_OPENCITY_BBMP,General Consumer Services,Garbage dump,Garbage dump in Neelasandra Clear sir,Closed,2025-06-16 10:23:00.000000000
20766912,INDIAN_OPENCITY_BBMP,General Consumer Services,Garbage dump,Garbage dump in Subedarapalya Complaint clear,Closed,2025-06-16 10:22:00.000000000
20766911,INDIAN_OPENCITY_BBMP,General Consumer Services,shifting of the street dogs to other places,shifting of the street dogs to other places in Uttarahalli We can't relocate the dog as per bbmp rules,Closed,2025-06-16 10:21:00.000000000
20766910,INDIAN_OPENCITY_BBMP,General Consumer Services,Garbage dump,Garbage dump in Hosakerehalli Clear,Closed,2025-06-16 10:21:00.000000000
20766906,INDIAN_OPENCITY_BBMP,General Consumer Services,Debris Removal / Construction Material,Debris Removal / Construction Material in Yelahanka old Satellite Town Field inspection assigned to AE officer.,Registered,2025-06-16 10:20:00.000000000
20766904,INDIAN_OPENCITY_BBMP,General Consumer Services,Garbage dump,Garbage dump in J.P.Park Cleared,Closed,2025-06-16 10:19:00.000000000
20766903,INDIAN_OPENCITY_BBMP,General Consumer Services,Garbage dump,Garbage dump in Bilekahalli Foot bath garbage Clear,Closed,2025-06-16 10:19:00.000000000
20766898,INDIAN_OPENCITY_BBMP,General Consumer Services,Removal of dead/fallen trees,Removal of dead/fallen trees in Sanjay Nagar [PHONE],Closed,2025-06-16 10:15:00.000000000
20766897,INDIAN_OPENCITY_BBMP,General Consumer Services,Garbage dump,Garbage dump in Bilekahalli This one is Vacant Site Foot bath Garbage clear,Closed,2025-06-16 10:15:00.000000000
20766895,INDIAN_OPENCITY_BBMP,General Consumer Services,Stray dog related complaints,Stray dog related complaints in Shanthala Nagar Field inspection assigned to VI officer.,In Progress,2025-06-16 10:14:00.000000000
20766894,INDIAN_OPENCITY_BBMP,General Consumer Services,Sweeping not done,Sweeping not done in Padmanabha Nagar Field inspection assigned to JHI officer.,Registered,2025-06-16 10:14:00.000000000
20766892,INDIAN_OPENCITY_BBMP,General Consumer Services,Stray/Rabid dog bite,Stray/Rabid dog bite in HBR Layout Field inspection assigned to VI officer.,Registered,2025-06-16 10:13:00.000000000
20766891,INDIAN_OPENCITY_BBMP,General Consumer Services,Issues related Snakes/Birds/Monkeys,Issues related Snakes/Birds/Monkeys in Kumaraswamy Layout Field inspection assigned to DYRFO officer.,Registered,2025-06-16 10:13:00.000000000
20766889,INDIAN_OPENCITY_BBMP,General Consumer Services,Sweeping not done,Sweeping not done in Horamavu Solved,Closed,2025-06-16 10:12:00.000000000
20766887,INDIAN_OPENCITY_BBMP,General Consumer Services,Garbage dump,Garbage dump in Gangenahalli Clear,Closed,2025-06-16 10:11:00.000000000
20766880,INDIAN_OPENCITY_BBMP,General Consumer Services,Potholes,Potholes in Byrasandra Field inspection assigned to Customer Support Representative officer.,Non Relevant,2025-06-16 10:08:00.000000000
20766879,INDIAN_OPENCITY_BBMP,General Consumer Services,Animal Rescue - Not well - Requires attention,Animal Rescue - Not well - Requires attention in Mallasandra attended,Closed,2025-06-16 10:08:00.000000000
20766878,INDIAN_OPENCITY_BBMP,General Consumer Services,Stray dog related complaints,Stray dog related complaints in Banaswadi Your request for relocation of stray dogs is a punishable Offense under law So relocation cannot be done,Closed,2025-06-16 10:08:00.000000000
20766877,INDIAN_OPENCITY_BBMP,General Consumer Services,"Khata Services (Registration, Transfer, Bifurcation and Amalgamation)","Khata Services (Registration, Transfer, Bifurcation and Amalgamation) in Nayandanahalli IF KHATA IS AVAILABLE SUBMIT THE DOCUMENT FOR SEARCHING THE E-PID OTHERWISE APPLY IN BBMP NEW KHATA FOR REGISTRATION",Closed,2025-06-16 10:07:00.000000000
20766874,INDIAN_OPENCITY_BBMP,General Consumer Services,Garbage vehicle not arrived,Garbage vehicle not arrived in Byatarayanapura Panchayti limit,Closed,2025-06-16 10:07:00.000000000
20766871,INDIAN_OPENCITY_BBMP,General Consumer Services,Other Khata / ekhata issues,Other Khata / ekhata issues in Uttarahalli this property belongs aro uttarahalli,Closed,2025-06-16 10:06:00.000000000
20766870,INDIAN_OPENCITY_BBMP,General Consumer Services,Garbage dump,Garbage dump in Kengeri Complaint clear,Closed,2025-06-16 10:05:00.000000000
20766868,INDIAN_OPENCITY_BBMP,General Consumer Services,Garbage vehicle not arrived,Garbage vehicle not arrived in Hoysala Nagar Garbage cleared sir.. Thank you,Closed,2025-06-16 10:05:00.000000000
20766867,INDIAN_OPENCITY_BBMP,General Consumer Services,Garbage dump,Garbage dump in Vasanthapura This is vacant litigation site they don't allow for cleaning,Closed,2025-06-16 10:04:00.000000000
20766865,INDIAN_OPENCITY_BBMP,General Consumer Services,Animal Rescue - Not well - Requires attention,"Animal Rescue - Not well - Requires attention in Newthippasandra As you confirmed that the dog was rescued by the public, your complaint is closed on your consent.",Closed,2025-06-16 10:03:00.000000000
20766864,INDIAN_OPENCITY_BBMP,Street/Public Electrical Infrastructure,Street Light Not Working,Street Light Not Working in Ramamurthy Nagar Attended,Closed,2025-06-16 10:03:00.000000000
20766863,INDIAN_OPENCITY_BBMP,Street/Public Electrical Infrastructure,Street Light Not Working,Street Light Not Working in Devarajeevanahalli Resolved,Closed,2025-06-16 10:02:00.000000000
20766862,INDIAN_OPENCITY_BBMP,General Consumer Services,Maintenance of SWD,Maintenance of SWD in Garudacharpalya Field inspection assigned to AE officer.,Registered,2025-06-16 10:02:00.000000000
20766855,INDIAN_OPENCITY_BBMP,Street/Public Electrical Infrastructure,Street Light Not Working,Street Light Not Working in Newthippasandra Resolved,Closed,2025-06-16 10:01:00.000000000
20766854,INDIAN_OPENCITY_BBMP,General Consumer Services,Garbage vehicle not arrived,Garbage vehicle not arrived in Jayangar Clear,Closed,2025-06-16 10:01:00.000000000
20766850,INDIAN_OPENCITY_BBMP,General Consumer Services,water stagnation,water stagnation in Byatarayanapura Field inspection assigned to AE officer.,Registered,2025-06-16 10:00:00.000000000
20766847,INDIAN_OPENCITY_BBMP,General Consumer Services,Road Infrastructure,Road Infrastructure in Hoodi Forwarded Task,Registered,2025-06-16 09:59:00.000000000
20766841,INDIAN_OPENCITY_BBMP,Street/Public Electrical Infrastructure,Street Light Not Working,Street Light Not Working in Kavalbyrasandra Resolved,Closed,2025-06-16 09:58:00.000000000
20766838,INDIAN_OPENCITY_BBMP,Street/Public Electrical Infrastructure,Park Lights Not Working,Park Lights Not Working in Bapuji Nagar ATTENDED,Closed,2025-06-16 09:57:00.000000000
20766835,INDIAN_OPENCITY_BBMP,General Consumer Services,Garbage vehicle not arrived,Garbage vehicle not arrived in Jalahalli Resolved,Closed,2025-06-16 09:56:00.000000000
20766834,INDIAN_OPENCITY_BBMP,General Consumer Services,Debris Removal / Construction Material,Debris Removal / Construction Material in Vignana Nagar Field inspection assigned to JE officer.,Registered,2025-06-16 09:56:00.000000000
20766829,INDIAN_OPENCITY_BBMP,General Consumer Services,Garbage vehicle not arrived,Garbage vehicle not arrived in Garudacharpalya Cleared,Closed,2025-06-16 09:55:00.000000000
20766818,INDIAN_OPENCITY_BBMP,General Consumer Services,Sewerage water left in SWD,Sewerage water left in SWD in Herohalli Field inspection assigned to AE officer.,Registered,2025-06-16 09:48:00.000000000
20766817,INDIAN_OPENCITY_BBMP,General Consumer Services,Footpath,Footpath in Byatarayanapura Field inspection assigned to AE officer.,Registered,2025-06-16 09:47:00.000000000
20766816,INDIAN_OPENCITY_BBMP,General Consumer Services,Garbage dump,Garbage dump in Singasandra Attended complaint and cleared sir,Closed,2025-06-16 09:46:00.000000000
20766813,INDIAN_OPENCITY_BBMP,General Consumer Services,Sweeping not done,Sweeping not done in Sri Rammandira Field inspection assigned to JHI officer.,Registered,2025-06-16 09:46:00.000000000
20766812,INDIAN_OPENCITY_BBMP,General Consumer Services,UnAuthorised Constructions,UnAuthorised Constructions in C.V.Raman Nagar Mention precise location and proper photos,Non Relevant,2025-06-16 09:46:00.000000000
20766811,INDIAN_OPENCITY_BBMP,General Consumer Services,Garbage vehicle not arrived,Garbage vehicle not arrived in Mahalakshmipuram We already sorted out this issue,Closed,2025-06-16 09:44:00.000000000
20766809,INDIAN_OPENCITY_BBMP,Street/Public Electrical Infrastructure,Street Light Not Working,Street Light Not Working in Marappana Palya Complaint attended,Closed,2025-06-16 09:42:00.000000000
20766803,INDIAN_OPENCITY_BBMP,General Consumer Services,Road cutting,Road cutting in Konena Agrahara Bwssb,Non Relevant,2025-06-16 09:40:00.000000000
20766802,INDIAN_OPENCITY_BBMP,General Consumer Services,Potholes,Potholes in C.V.Raman Nagar Mention precise location and proper photos,Non Relevant,2025-06-16 09:40:00.000000000
20766797,INDIAN_OPENCITY_BBMP,General Consumer Services,Garbage vehicle not arrived,Garbage vehicle not arrived in Devasandra Clear,Closed,2025-06-16 09:37:00.000000000
20766792,INDIAN_OPENCITY_BBMP,General Consumer Services,Other Khata / ekhata issues,Other Khata / ekhata issues in Vasanthapura this property belongs aro uttarahalli,Closed,2025-06-16 09:34:00.000000000
20766790,INDIAN_OPENCITY_BBMP,General Consumer Services,Garbage vehicle not arrived,Garbage vehicle not arrived in Doddanekkundi Forwarded Task,Registered,2025-06-16 09:32:00.000000000
20766789,INDIAN_OPENCITY_BBMP,General Consumer Services,Fatally injured - Needs immediate attention,Fatally injured - Needs immediate attention in Nagapura Visit the spot ut dog not found,Closed,2025-06-16 09:31:00.000000000
20766786,INDIAN_OPENCITY_BBMP,General Consumer Services,Sweeping not done,Sweeping not done in Cottonpet Complent clerd,Closed,2025-06-16 09:30:00.000000000
20766779,INDIAN_OPENCITY_BBMP,Street/Public Electrical Infrastructure,Street Light Not Working,Street Light Not Working in Horamavu Forwarded Task,Registered,2025-06-16 09:23:00.000000000
20766777,INDIAN_OPENCITY_BBMP,General Consumer Services,Sweeping not done,Sweeping not done in Yelahanka old Satellite Town Complaint attended,Closed,2025-06-16 09:21:00.000000000
20766771,INDIAN_OPENCITY_BBMP,General Consumer Services,obstructions Branches / Trees.,obstructions Branches / Trees. in Banaswadi Please upload photos,Closed,2025-06-16 09:14:00.000000000
20766767,INDIAN_OPENCITY_BBMP,General Consumer Services,Potholes,Potholes in Varthur Field inspection assigned to AE officer.,Registered,2025-06-16 09:13:00.000000000
20766763,INDIAN_OPENCITY_BBMP,General Consumer Services,Gym/Children Play equipment in the parks,Gym/Children Play equipment in the parks in Vijay Nagar resolved complaint,Closed,2025-06-16 09:07:00.000000000
20766762,INDIAN_OPENCITY_BBMP,General Consumer Services,Road cutting,Road cutting in Horamavu Field inspection assigned to AE officer.,Registered,2025-06-16 09:06:00.000000000
20766761,INDIAN_OPENCITY_BBMP,General Consumer Services,Garbage dump,Garbage dump in Sarvagna Nagar Complaint Cleared madam,Closed,2025-06-16 09:04:00.000000000
20766760,INDIAN_OPENCITY_BBMP,General Consumer Services,Dead animal(s),Dead animal(s) in Singasandra Field inspection assigned to JHI officer.,Registered,2025-06-16 09:03:00.000000000
20766759,INDIAN_OPENCITY_BBMP,General Consumer Services,Garbage dump,Garbage dump in Radhakrishna Temple Clear,Closed,2025-06-16 09:03:00.000000000
20766757,INDIAN_OPENCITY_BBMP,General Consumer Services,water leakage on road,water leakage on road in Doddanekkundi Field inspection assigned to AE officer.,Registered,2025-06-16 09:00:00.000000000
20766756,INDIAN_OPENCITY_BBMP,General Consumer Services,Sweeping not done,Sweeping not done in Lingarajapuram Clear,Closed,2025-06-16 08:58:00.000000000
20766754,INDIAN_OPENCITY_BBMP,General Consumer Services,Garbage dump,Garbage dump in Hoysala Nagar Garbage cleared,Closed,2025-06-16 08:55:00.000000000
20766752,INDIAN_OPENCITY_BBMP,General Consumer Services,Garbage vehicle not arrived,Garbage vehicle not arrived in Vishwanathnagenahalli Complaint has been resolved,Closed,2025-06-16 08:50:00.000000000
20766751,INDIAN_OPENCITY_BBMP,General Consumer Services,Complaint against SW collector/ SWM official for violation of SWM Rules,Complaint against SW collector/ SWM official for violation of SWM Rules in BTM Layout Garbage cleared,Closed,2025-06-16 08:50:00.000000000
20766750,INDIAN_OPENCITY_BBMP,General Consumer Services,Garbage vehicle not arrived,Garbage vehicle not arrived in Hoysala Nagar Garbage cleared,Closed,2025-06-16 08:49:00.000000000
20766749,INDIAN_OPENCITY_BBMP,General Consumer Services,Garbage vehicle not arrived,Garbage vehicle not arrived in BTM Layout Complaint cleared,Closed,2025-06-16 08:48:00.000000000
20766747,INDIAN_OPENCITY_BBMP,General Consumer Services,Garbage vehicle not arrived,Garbage vehicle not arrived in Chokkasandra Pic uploaded with complainter,Closed,2025-06-16 08:44:00.000000000
20766744,INDIAN_OPENCITY_BBMP,General Consumer Services,Garbage vehicle not arrived,Garbage vehicle not arrived in Uttarahalli Closed,Closed,2025-06-16 08:41:00.000000000
20766742,INDIAN_OPENCITY_BBMP,Street/Public Electrical Infrastructure,Street Light Not Working,Street Light Not Working in Visvesvarapuram Attended,Closed,2025-06-16 08:39:00.000000000
20766739,INDIAN_OPENCITY_BBMP,General Consumer Services,footpath encroachment,footpath encroachment in Jayamahal Field inspection assigned to AE officer.,Registered,2025-06-16 08:35:00.000000000
20766736,INDIAN_OPENCITY_BBMP,General Consumer Services,footpath encroachment,footpath encroachment in Thanisandra Resolved,Closed,2025-06-16 08:34:00.000000000
20766727,INDIAN_OPENCITY_BBMP,General Consumer Services,Garbage dump,Garbage dump in Kadugodi Not cleared yet.,ReOpen,2025-06-16 08:30:00.000000000
20766722,INDIAN_OPENCITY_BBMP,General Consumer Services,Garbage dump,Garbage dump in Konena Agrahara Not cleared,ReOpen,2025-06-16 08:25:00.000000000
20766721,INDIAN_OPENCITY_BBMP,General Consumer Services,Garbage vehicle not arrived,Garbage vehicle not arrived in Hampi Nagar Clear,Closed,2025-06-16 08:24:00.000000000
20766720,INDIAN_OPENCITY_BBMP,General Consumer Services,Stray/Rabid dog bite,Stray/Rabid dog bite in Vijanapura Complaint attended,Closed,2025-06-16 08:23:00.000000000
20766719,INDIAN_OPENCITY_BBMP,General Consumer Services,Unhygienic premises in Hotel etc,Unhygienic premises in Hotel etc in Sudam Nagar Field inspection assigned to SHI officer.,Registered,2025-06-16 08:22:00.000000000
20766718,INDIAN_OPENCITY_BBMP,General Consumer Services,Garbage vehicle not arrived,"Garbage vehicle not arrived in Singasandra It doesn't belongs bbmp limits, it comes under rayasandra panchayati.",Closed,2025-06-16 08:21:00.000000000
20766716,INDIAN_OPENCITY_BBMP,General Consumer Services,Flex and banners,Flex and banners in Hosakerehalli Forwarded Task,Registered,2025-06-16 08:20:00.000000000
20766712,INDIAN_OPENCITY_BBMP,General Consumer Services,Removal of dead/fallen trees,Removal of dead/fallen trees in Domlur Field inspection assigned to DYRFO officer.,Registered,2025-06-16 08:17:00.000000000
20766710,INDIAN_OPENCITY_BBMP,General Consumer Services,Removal of dead/fallen trees,Removal of dead/fallen trees in Jayanagar East Field inspection assigned to DYRFO officer.,Registered,2025-06-16 08:15:00.000000000
20766709,INDIAN_OPENCITY_BBMP,General Consumer Services,Potholes,Potholes in Uttarahalli Pot hole not closed remains in the same condition,ReOpen,2025-06-16 08:15:00.000000000
20766699,INDIAN_OPENCITY_BBMP,Street/Public Electrical Infrastructure,Street Light Not Working,Street Light Not Working in Bellandur Attended,Closed,2025-06-16 08:07:00.000000000
20766693,INDIAN_OPENCITY_BBMP,General Consumer Services,Potholes,Potholes in Vishwanathnagenahalli Related to bwssb department,Closed,2025-06-16 08:00:00.000000000
20766689,INDIAN_OPENCITY_BBMP,General Consumer Services,Dead animal(s),Dead animal(s) in Hemmigepura The garbage not cleared closed stating cleared as such not cleared please take necessary action to clear,ReOpen,2025-06-16 07:54:00.000000000
20766688,INDIAN_OPENCITY_BBMP,General Consumer Services,Footpath,Footpath in Hongasandra Forwarded Task,Registered,2025-06-16 07:50:00.000000000
20766684,INDIAN_OPENCITY_BBMP,General Consumer Services,Garbage transfer not as per norms & area not kept clean,Garbage transfer not as per norms & area not kept clean in Giri Nagar Forwarded Task,Registered,2025-06-16 07:43:00.000000000
20766683,INDIAN_OPENCITY_BBMP,General Consumer Services,Garbage vehicle not arrived,Garbage vehicle not arrived in Gurappanapalya It's clear,Closed,2025-06-16 07:40:00.000000000
20766680,INDIAN_OPENCITY_BBMP,General Consumer Services,Garbage dump,Garbage dump in Hoysala Nagar Garbage cleared sir... Thank you,Closed,2025-06-16 07:33:00.000000000
20766679,INDIAN_OPENCITY_BBMP,General Consumer Services,Footpath,Footpath in Ganga Nagar Field inspection assigned to AE officer.,Registered,2025-06-16 07:32:00.000000000
20766677,INDIAN_OPENCITY_BBMP,General Consumer Services,Removal of dead/fallen trees,Removal of dead/fallen trees in Jayachamarajendra Nagar Field inspection assigned to DYRFO officer.,Registered,2025-06-16 07:31:00.000000000
20766676,INDIAN_OPENCITY_BBMP,General Consumer Services,Noise during Building Construction,Noise during Building Construction in Jakkur Field inspection assigned to AE officer.,Registered,2025-06-16 07:31:00.000000000
20766670,INDIAN_OPENCITY_BBMP,General Consumer Services,Removal of dead/fallen trees,Removal of dead/fallen trees in Shettyhalli please upload a picture or please contact RFO [PHONE],Closed,2025-06-16 07:20:00.000000000
20766669,INDIAN_OPENCITY_BBMP,General Consumer Services,Animal Rescue - Not well - Requires attention,Animal Rescue - Not well - Requires attention in Chikkalasandra Madam Please contact stray dog rescue team officer Dr Shrinath Assistant Director mb [PHONE],Closed,2025-06-16 07:17:00.000000000
20766668,INDIAN_OPENCITY_BBMP,General Consumer Services,Footpath,Footpath in Vignana Nagar Field inspection assigned to JE officer.,Registered,2025-06-16 07:16:00.000000000
20766667,INDIAN_OPENCITY_BBMP,Street/Public Electrical Infrastructure,Street Light Not Working,Street Light Not Working in BTM Layout ATTENDED,Closed,2025-06-16 07:14:00.000000000
20766666,INDIAN_OPENCITY_BBMP,General Consumer Services,Garbage dump,Garbage dump in J.P.Nagar Complete resolved,Closed,2025-06-16 07:13:00.000000000
20766659,INDIAN_OPENCITY_BBMP,General Consumer Services,footpath encroachment,footpath encroachment in Benniganahalli Field inspection assigned to AE officer.,Registered,2025-06-16 07:08:00.000000000
20766658,INDIAN_OPENCITY_BBMP,General Consumer Services,Public dustbins not cleaned,Public dustbins not cleaned in Manorayanapalya Cleaned,Closed,2025-06-16 07:05:00.000000000
20766656,INDIAN_OPENCITY_BBMP,General Consumer Services,Garbage dump,Garbage dump in Varthur Garbage clear,Closed,2025-06-16 06:58:00.000000000
20766655,INDIAN_OPENCITY_BBMP,General Consumer Services,Garbage dump,Garbage dump in Hoysala Nagar Garbage cleared sir...,Closed,2025-06-16 06:55:00.000000000
20766654,INDIAN_OPENCITY_BBMP,Street/Public Electrical Infrastructure,Street Light Not Working,Street Light Not Working in Jayachamarajendra Nagar Unable to locate address please contact [PHONE],Closed,2025-06-16 06:54:00.000000000
20766653,INDIAN_OPENCITY_BBMP,General Consumer Services,Road side drains,Road side drains in Sarakki Resolved,Closed,2025-06-16 06:50:00.000000000
20766652,INDIAN_OPENCITY_BBMP,General Consumer Services,Potholes,Potholes in Kottigepalya This is nonsense come and fix else will file complaint,ReOpen,2025-06-16 06:48:00.000000000
20766650,INDIAN_OPENCITY_BBMP,General Consumer Services,Public dustbins not cleaned,Public dustbins not cleaned in Bommanahalli Cleared sir,Closed,2025-06-16 06:46:00.000000000
20766649,INDIAN_OPENCITY_BBMP,Street/Public Electrical Infrastructure,Street Light Not Working,Street Light Not Working in Banaswadi The lights are still not working. Two lamppost are totally dark.,ReOpen,2025-06-16 06:45:00.000000000
20766645,INDIAN_OPENCITY_BBMP,General Consumer Services,Garbage vehicle not arrived,Garbage vehicle not arrived in Kushal Nagar Male,Closed,2025-06-16 06:35:00.000000000
20766642,INDIAN_OPENCITY_BBMP,Street/Public Electrical Infrastructure,Street Light Not Working,Street Light Not Working in Thanisandra This is Budgetary work. New fitting will be provided on priority as and when available,Closed,2025-06-16 06:27:00.000000000
20766638,INDIAN_OPENCITY_BBMP,General Consumer Services,Dumping of garbage into lake,Dumping of garbage into lake in Singasandra Field inspection assigned to AE officer.,Registered,2025-06-16 06:08:00.000000000
20766637,INDIAN_OPENCITY_BBMP,General Consumer Services,Garbage dump,Garbage dump in Rajarajeshwari Nagar Cleared,Closed,2025-06-16 05:53:00.000000000
20766635,INDIAN_OPENCITY_BBMP,Street/Public Electrical Infrastructure,Street Light Not Working,Street Light Not Working in Kadugondanahalli Cleared,Closed,2025-06-16 05:13:00.000000000
20766633,INDIAN_OPENCITY_BBMP,General Consumer Services,Flex and banners,Flex and banners in Varthur this is revenue department plz assign concern department,Closed,2025-06-16 05:04:00.000000000
20766628,INDIAN_OPENCITY_BBMP,General Consumer Services,Garbage dump,Garbage dump in Padmanabha Nagar Not cleared,ReOpen,2025-06-16 12:33:00.000000000
20766627,INDIAN_OPENCITY_BBMP,General Consumer Services,Complaint against SW collector/ SWM official for violation of SWM Rules,Complaint against SW collector/ SWM official for violation of SWM Rules in Hosakerehalli Ok sir,Closed,2025-06-16 12:08:00.000000000
20766626,INDIAN_OPENCITY_BBMP,General Consumer Services,Animal Rescue - Not well - Requires attention,Animal Rescue - Not well - Requires attention in Lakkasandra Sir Please contact stray dog rescue team officer Dr Shrinath Assistant Director mb [PHONE],Closed,2025-06-16 12:07:00.000000000
20766624,INDIAN_OPENCITY_BBMP,General Consumer Services,Stray dog related complaints,Stray dog related complaints in Kuvempu Nagar Call not received. ABC operation ARV vaccination will be functioning regularly in this ward. STRICTLY NO RELOCATION OF DOGS IT'S AGAINST THE RULE.,Closed,2025-06-15 11:55:00.000000000
20766620,INDIAN_OPENCITY_BBMP,General Consumer Services,Garbage dump,Garbage dump in Begur This complaint is belongs to panchayat limit,Closed,2025-06-15 11:41:00.000000000
20766616,INDIAN_OPENCITY_BBMP,General Consumer Services,Potholes,Potholes in Doddanekkundi Field inspection assigned to AE officer.,Registered,2025-06-15 11:23:00.000000000
20766613,INDIAN_OPENCITY_BBMP,General Consumer Services,Road Infrastructure,Road Infrastructure in Ramamurthy Nagar Field inspection assigned to AE officer.,Registered,2025-06-15 11:15:00.000000000
20766612,INDIAN_OPENCITY_BBMP,General Consumer Services,Stray dog related complaints,Stray dog related complaints in Hongasandra We cannot relocate the dog's only ABC and combined vaccination done our BBMP side As Per BBMP schedule.,Closed,2025-06-15 11:14:00.000000000
20766610,INDIAN_OPENCITY_BBMP,General Consumer Services,Footpath,Footpath in Sanjay Nagar Field inspection assigned to AE officer.,Registered,2025-06-15 11:02:00.000000000
20766607,INDIAN_OPENCITY_BBMP,General Consumer Services,Anti Rabies Vaccination of stray dogs,Anti Rabies Vaccination of stray dogs in Vannarpet Field inspection assigned to VI officer.,Closed,2025-06-15 10:56:00.000000000
20766606,INDIAN_OPENCITY_BBMP,Street/Public Electrical Infrastructure,Street Light Not Working,Street Light Not Working in Hosahalli belong to west zone,Closed,2025-06-15 10:54:00.000000000
20766604,INDIAN_OPENCITY_BBMP,General Consumer Services,Removal of dead/fallen trees,Removal of dead/fallen trees in Bellandur Forwarded Task,Registered,2025-06-15 10:47:00.000000000
20766597,INDIAN_OPENCITY_BBMP,General Consumer Services,Garbage dump,Garbage dump in Cottonpet Gurbeg cleard sir,Closed,2025-06-15 10:24:00.000000000
20766592,INDIAN_OPENCITY_BBMP,General Consumer Services,Others,Others in Hombegowda Nagar Complaint pertains to major road.already 3 times wrote letter to major roads.to repair culvert,Registered,2025-06-15 10:21:00.000000000
20766591,INDIAN_OPENCITY_BBMP,General Consumer Services,obstructions Branches / Trees.,obstructions Branches / Trees. in Sanjay Nagar Forwarded Task,Registered,2025-06-15 10:20:00.000000000
20766590,INDIAN_OPENCITY_BBMP,Street/Public Electrical Infrastructure,Street Light Not Working,Street Light Not Working in Yadiyuru ATTENDED,Closed,2025-06-15 10:17:00.000000000
20766589,INDIAN_OPENCITY_BBMP,General Consumer Services,shifting of the street dogs to other places,shifting of the street dogs to other places in Gottigere We can't relocate the dog as per bbmp 2024 rules. (Counseling),Closed,2025-06-15 10:17:00.000000000
20766585,INDIAN_OPENCITY_BBMP,General Consumer Services,obstructions Branches / Trees.,obstructions Branches / Trees. in Sanjay Nagar Field inspection assigned to DYRFO officer.,Registered,2025-06-15 10:09:00.000000000
20766584,INDIAN_OPENCITY_BBMP,General Consumer Services,Burning of Garbage in Open Space,Burning of Garbage in Open Space in Someshwara This Complaint is not,Closed,2025-06-15 10:09:00.000000000
20766579,INDIAN_OPENCITY_BBMP,General Consumer Services,Garbage thrown in storm water drain,Garbage thrown in storm water drain in Domlur Forwarded Task,Registered,2025-06-15 09:58:00.000000000
20766578,INDIAN_OPENCITY_BBMP,General Consumer Services,Road side drains,Road side drains in Chokkasandra Field inspection assigned to AE officer.,Registered,2025-06-15 09:57:00.000000000
20766576,INDIAN_OPENCITY_BBMP,General Consumer Services,Garbage dump,Garbage dump in Neelasandra Spot is clear everyday sir,Closed,2025-06-15 09:56:00.000000000
20766574,INDIAN_OPENCITY_BBMP,Street/Public Electrical Infrastructure,Street Light Not Working,Street Light Not Working in Agaram Resolved,Closed,2025-06-15 09:53:00.000000000
20766571,INDIAN_OPENCITY_BBMP,Street/Public Electrical Infrastructure,Park Lights Not Working,Park Lights Not Working in Marathalli Attended,Closed,2025-06-15 09:50:00.000000000
20766570,INDIAN_OPENCITY_BBMP,General Consumer Services,Garbage dump,Garbage dump in Padmanabha Nagar Clear all garbage clear,Closed,2025-06-15 09:49:00.000000000
20766569,INDIAN_OPENCITY_BBMP,General Consumer Services,Garbage dump,Garbage dump in Maruthi Mandira Ward Field inspection assigned to Marshal officer.,In Progress,2025-06-15 09:47:00.000000000
20766568,INDIAN_OPENCITY_BBMP,Street/Public Electrical Infrastructure,Street Light Not Working,Street Light Not Working in Sampangiram Nagar Forwarded Task,Registered,2025-06-15 09:46:00.000000000
20766564,INDIAN_OPENCITY_BBMP,Street/Public Electrical Infrastructure,Street Light Not Working,Street Light Not Working in Basavanagudi Street light is not working 17/06/2025,ReOpen,2025-06-15 09:43:00.000000000
20766558,INDIAN_OPENCITY_BBMP,General Consumer Services,Garbage transfer not as per norms & area not kept clean,Garbage transfer not as per norms & area not kept clean in Yelachenahalli Cleared,Closed,2025-06-15 09:35:00.000000000
20766557,INDIAN_OPENCITY_BBMP,General Consumer Services,Garbage dump,Garbage dump in Basavanapura Clear and I will see duty,Closed,2025-06-15 09:34:00.000000000
20766554,INDIAN_OPENCITY_BBMP,General Consumer Services,Garbage dump,Garbage dump in Benniganahalli Address not found in this ward,Closed,2025-06-15 09:31:00.000000000
20766551,INDIAN_OPENCITY_BBMP,General Consumer Services,obstructions Branches / Trees.,obstructions Branches / Trees. in Bellandur Field inspection assigned to DYRFO officer.,Registered,2025-06-15 09:23:00.000000000
20766550,INDIAN_OPENCITY_BBMP,General Consumer Services,Garbage dump,Garbage dump in Hanumantha Nagar Clear,Closed,2025-06-15 09:22:00.000000000
20766549,INDIAN_OPENCITY_BBMP,General Consumer Services,Garbage dumping in vacant sites,Garbage dumping in vacant sites in Bellandur Attended,Closed,2025-06-15 09:22:00.000000000
20766548,INDIAN_OPENCITY_BBMP,General Consumer Services,Garbage dump,Garbage dump in Maruthi Seva Nagar Clear,Closed,2025-06-15 09:22:00.000000000
20766544,INDIAN_OPENCITY_BBMP,Street/Public Electrical Infrastructure,Street Light Not Working,Street Light Not Working in Kumaraswamy Layout attended,Closed,2025-06-15 09:19:00.000000000
20766542,INDIAN_OPENCITY_BBMP,Street/Public Electrical Infrastructure,Street Light Not Working,Street Light Not Working in Banaswadi Cleared,Closed,2025-06-15 09:17:00.000000000
20766541,INDIAN_OPENCITY_BBMP,General Consumer Services,Garbage dumping in vacant sites,Garbage dumping in vacant sites in Kempegowda Ward Resolved,Closed,2025-06-15 09:17:00.000000000
20766540,INDIAN_OPENCITY_BBMP,General Consumer Services,obstructions Branches / Trees.,obstructions Branches / Trees. in Yelachenahalli Repeated complaint,Closed,2025-06-15 09:15:00.000000000
20766538,INDIAN_OPENCITY_BBMP,General Consumer Services,Garbage dump,Garbage dump in Basavanagudi Clear,Closed,2025-06-15 09:14:00.000000000
20766537,INDIAN_OPENCITY_BBMP,Street/Public Electrical Infrastructure,Street Light Not Working,Street Light Not Working in Govindraja Nagara Complaint attended,Closed,2025-06-15 09:13:00.000000000
20766536,INDIAN_OPENCITY_BBMP,Street/Public Electrical Infrastructure,Street Light Not Working,Street Light Not Working in Bommanahalli This New light will be installed as early as possible,Closed,2025-06-15 09:06:00.000000000
20766535,INDIAN_OPENCITY_BBMP,General Consumer Services,Garbage dump,Garbage dump in Ramamurthy Nagar Tomorrow morning clear,In Progress,2025-06-15 09:04:00.000000000
20766533,INDIAN_OPENCITY_BBMP,General Consumer Services,Dead animal(s),Dead animal(s) in Kaveripura Field inspection assigned to JHI officer.,Registered,2025-06-15 09:03:00.000000000
20766525,INDIAN_OPENCITY_BBMP,General Consumer Services,Garbage dumping in vacant sites,Garbage dumping in vacant sites in Kavalbyrasandra Resolved,Closed,2025-06-15 08:58:00.000000000
20766520,INDIAN_OPENCITY_BBMP,Street/Public Electrical Infrastructure,Street Light Not Working,Street Light Not Working in Hosakerehalli attended,Closed,2025-06-15 08:56:00.000000000
20766518,INDIAN_OPENCITY_BBMP,General Consumer Services,Garbage dump,Garbage dump in Vignana Nagar Complaint clear,Closed,2025-06-15 08:55:00.000000000
20766511,INDIAN_OPENCITY_BBMP,Street/Public Electrical Infrastructure,Street Light Not Working,Street Light Not Working in Herohalli The complainant is asking new street light will be provided on priority when the stock is available,Closed,2025-06-15 08:48:00.000000000
20766510,INDIAN_OPENCITY_BBMP,General Consumer Services,Food Quality,Food Quality in Doddabommasandra Field inspection assigned to SHI officer.,Registered,2025-06-15 08:46:00.000000000
20766508,INDIAN_OPENCITY_BBMP,Street/Public Electrical Infrastructure,Street Light Not Working,Street Light Not Working in Jayachamarajendra Nagar Resolved,Closed,2025-06-15 08:46:00.000000000
20766507,INDIAN_OPENCITY_BBMP,Street/Public Electrical Infrastructure,Requirement For New Street Lights,Requirement For New Street Lights in Bagalagunte New fitting no stock,Closed,2025-06-15 08:44:00.000000000
20766501,INDIAN_OPENCITY_BBMP,General Consumer Services,Animal Rescue - Not well - Requires attention,Animal Rescue - Not well - Requires attention in Pulikeshi Nagar Please contact rescue department,Closed,2025-06-15 08:36:00.000000000
20766500,INDIAN_OPENCITY_BBMP,Street/Public Electrical Infrastructure,Street Light Not Working,Street Light Not Working in Hosahalli Attend,Closed,2025-06-15 08:36:00.000000000
20766499,INDIAN_OPENCITY_BBMP,Street/Public Electrical Infrastructure,Requirement For New Street Lights,Requirement For New Street Lights in Rajarajeshwari Nagar Complainant is asking new street light will be provided on priority when the stock is available,Closed,2025-06-15 08:36:00.000000000
20766494,INDIAN_OPENCITY_BBMP,General Consumer Services,Garbage dump,Garbage dump in Peenya Industrial Area Complaint person not response in our call,Closed,2025-06-15 08:33:00.000000000
20766493,INDIAN_OPENCITY_BBMP,General Consumer Services,Removal of dead/fallen trees,Removal of dead/fallen trees in Bellandur Field inspection assigned to DYRFO officer.,Registered,2025-06-15 08:33:00.000000000
20766489,INDIAN_OPENCITY_BBMP,General Consumer Services,Garbage dumping in vacant sites,Garbage dumping in vacant sites in C.V.Raman Nagar Complaint cleared,Closed,2025-06-15 08:30:00.000000000
20766486,INDIAN_OPENCITY_BBMP,General Consumer Services,Stray dog related complaints,Stray dog related complaints in Hongasandra Field inspection assigned to VI officer.,Registered,2025-06-15 08:23:00.000000000
20766484,INDIAN_OPENCITY_BBMP,General Consumer Services,Debris Removal / Construction Material,Debris Removal / Construction Material in Puttenahalli Forwarded Task,Registered,2025-06-15 08:21:00.000000000
20766480,INDIAN_OPENCITY_BBMP,General Consumer Services,Stray dog related complaints,Stray dog related complaints in Konanakunte We can't relocate the dog as per bbmp 2024 rules. (Counseling),Closed,2025-06-15 08:17:00.000000000
20766477,INDIAN_OPENCITY_BBMP,General Consumer Services,Animal Rescue - Not well - Requires attention,Animal Rescue - Not well - Requires attention in Bellandur Complaint attended,Closed,2025-06-15 08:15:00.000000000
20766469,INDIAN_OPENCITY_BBMP,General Consumer Services,Road Infrastructure,Road Infrastructure in Horamavu Field inspection assigned to AE officer.,Registered,2025-06-15 08:08:00.000000000
20766462,INDIAN_OPENCITY_BBMP,Street/Public Electrical Infrastructure,Street Light Not Working,Street Light Not Working in Vignana Nagar Attended,Closed,2025-06-15 08:01:00.000000000
20766455,INDIAN_OPENCITY_BBMP,Street/Public Electrical Infrastructure,Street Light Not Working,Street Light Not Working in Mahalakshmipuram Complaint attended,Closed,2025-06-15 07:56:00.000000000
20766450,INDIAN_OPENCITY_BBMP,General Consumer Services,Garbage dump,Garbage dump in S.K.Garden It's clear sir,Closed,2025-06-15 07:49:00.000000000
20766446,INDIAN_OPENCITY_BBMP,General Consumer Services,Garbage dump,Garbage dump in Katriguppe Clear,Closed,2025-06-15 07:47:00.000000000
20766439,INDIAN_OPENCITY_BBMP,General Consumer Services,Removal of dead/fallen trees,"Removal of dead/fallen trees in Azad Nagar Please contact Area Supervisor, Mallaiah-[PHONE]",Closed,2025-06-15 07:42:00.000000000
20766434,INDIAN_OPENCITY_BBMP,Street/Public Electrical Infrastructure,Street Light Not Working,Street Light Not Working in Kaveripura Complaint attended,Closed,2025-06-15 07:39:00.000000000
20766431,INDIAN_OPENCITY_BBMP,General Consumer Services,Debris Removal / Construction Material,Debris Removal / Construction Material in Basaveshwara Nagar Forwarded Task,Registered,2025-06-15 07:39:00.000000000
20766429,INDIAN_OPENCITY_BBMP,Street/Public Electrical Infrastructure,Street Light Not Working,Street Light Not Working in Basavanapura This complaint comes under panchyath limit,Closed,2025-06-15 07:36:00.000000000
20766428,INDIAN_OPENCITY_BBMP,General Consumer Services,Removal of dead/fallen trees,Removal of dead/fallen trees in Benniganahalli Field inspection assigned to DYRFO officer.,Registered,2025-06-15 07:36:00.000000000
20766426,INDIAN_OPENCITY_BBMP,General Consumer Services,Garbage dump,Garbage dump in Aramane Nagar Vacant site in case,Closed,2025-06-15 07:35:00.000000000
20766425,INDIAN_OPENCITY_BBMP,General Consumer Services,Removal of dead/fallen trees,Removal of dead/fallen trees in Siddapura Forwarded Task,Registered,2025-06-15 07:34:00.000000000
20766420,INDIAN_OPENCITY_BBMP,Street/Public Electrical Infrastructure,Street Light Not Working,Street Light Not Working in Vasanth Nagar Forwarded Task,Registered,2025-06-15 07:32:00.000000000
20766415,INDIAN_OPENCITY_BBMP,General Consumer Services,Water related issue,Water related issue in Jayanagar East Field inspection assigned to Customer Support Representative officer.,Non Relevant,2025-06-15 07:28:00.000000000
20766412,INDIAN_OPENCITY_BBMP,General Consumer Services,Animal Rescue - Not well - Requires attention,Animal Rescue - Not well - Requires attention in Koramangala Madam Please contact stray dog rescue team officer Dr Shrinath Assistant Director mb [PHONE],Closed,2025-06-15 07:26:00.000000000
20766409,INDIAN_OPENCITY_BBMP,Street/Public Electrical Infrastructure,Street Light Not Working,Street Light Not Working in Thanisandra Forwarded Task,Registered,2025-06-15 07:24:00.000000000
20766408,INDIAN_OPENCITY_BBMP,Street/Public Electrical Infrastructure,Street Light Not Working,Street Light Not Working in Nagarabhavi Complaint attended,Closed,2025-06-15 07:24:00.000000000
20766403,INDIAN_OPENCITY_BBMP,General Consumer Services,Debris Removal / Construction Material,Debris Removal / Construction Material in Ramaswamy Palya Field inspection assigned to AE officer.,Registered,2025-06-15 07:19:00.000000000
20766402,INDIAN_OPENCITY_BBMP,Street/Public Electrical Infrastructure,Street Light Not Working,Street Light Not Working in Kempapura Agrahara Attended,Closed,2025-06-15 07:19:00.000000000
20766395,INDIAN_OPENCITY_BBMP,Street/Public Electrical Infrastructure,Street Light Not Working,Street Light Not Working in Puttenahalli as per citizen unsatisfied,ReOpen,2025-06-15 07:13:00.000000000
20766391,INDIAN_OPENCITY_BBMP,General Consumer Services,Garbage dump,Garbage dump in A.Narayanapura Safety Wall construction is process wait few days,Closed,2025-06-15 07:08:00.000000000
20766387,INDIAN_OPENCITY_BBMP,Street/Public Electrical Infrastructure,Street Light Not Working,Street Light Not Working in Bommanahalli Atteded,Closed,2025-06-15 07:04:00.000000000
20766383,INDIAN_OPENCITY_BBMP,Street/Public Electrical Infrastructure,Street Light Not Working,Street Light Not Working in Maruthi Seva Nagar Cleared,Closed,2025-06-15 07:03:00.000000000
20766382,INDIAN_OPENCITY_BBMP,General Consumer Services,Garbage dump,Garbage dump in Benniganahalli Address not found in this area and public contact number not reachable,Closed,2025-06-15 07:03:00.000000000
20766378,INDIAN_OPENCITY_BBMP,General Consumer Services,obstructions Branches / Trees.,obstructions Branches / Trees. in Jayanagar East Field inspection assigned to DYRFO officer.,Registered,2025-06-15 06:58:00.000000000
20766376,INDIAN_OPENCITY_BBMP,Street/Public Electrical Infrastructure,Street Light Not Working,Street Light Not Working in Gurappanapalya attended,Closed,2025-06-15 06:53:00.000000000
20766373,INDIAN_OPENCITY_BBMP,General Consumer Services,Garbage thrown in storm water drain,Garbage thrown in storm water drain in Basavanapura Field inspection assigned to AE officer.,Registered,2025-06-15 06:51:00.000000000
20766369,INDIAN_OPENCITY_BBMP,Street/Public Electrical Infrastructure,Park Lights Not Working,Park Lights Not Working in Giri Nagar attended,Closed,2025-06-15 06:50:00.000000000
20766365,INDIAN_OPENCITY_BBMP,General Consumer Services,Garbage dump,Garbage dump in Moodalapalya Field inspection assigned to Marshal officer.,In Progress,2025-06-15 06:47:00.000000000
20766364,INDIAN_OPENCITY_BBMP,General Consumer Services,Garbage dump,Garbage dump in Pulikeshi Nagar Forwarded Task,Registered,2025-06-15 06:45:00.000000000
20766357,INDIAN_OPENCITY_BBMP,General Consumer Services,Garbage vehicle not arrived,Garbage vehicle not arrived in Kengeri Please sir contact commercial vendor sir,Closed,2025-06-15 06:36:00.000000000
20766354,INDIAN_OPENCITY_BBMP,General Consumer Services,Environmental protection,Environmental protection in Horamavu Field inspection assigned to HS officer.,Registered,2025-06-15 06:31:00.000000000
20766352,INDIAN_OPENCITY_BBMP,General Consumer Services,Air/Noise pollution,Air/Noise pollution in Singasandra Resolved,Closed,2025-06-15 06:27:00.000000000
20766347,INDIAN_OPENCITY_BBMP,General Consumer Services,Others,Others in Gurappanapalya Field inspection assigned to Customer Support Representative officer.,Registered,2025-06-15 06:18:00.000000000
20766344,INDIAN_OPENCITY_BBMP,Pole / Wire / Electrical Hazard,Earthing Issue relate to Electric Poles/Panel Boards,Earthing Issue relate to Electric Poles/Panel Boards in Newthippasandra Field inspection assigned to AE officer.,Registered,2025-06-15 06:07:00.000000000
20766342,INDIAN_OPENCITY_BBMP,General Consumer Services,obstructions Branches / Trees.,"obstructions Branches / Trees. in Nagapura Please contact Area Supervisor, Naga-[PHONE]",Closed,2025-06-15 06:04:00.000000000
20766341,INDIAN_OPENCITY_BBMP,General Consumer Services,Garbage dump,Garbage dump in Vasanth Nagar Sweeping done,Closed,2025-06-15 06:01:00.000000000
20766335,INDIAN_OPENCITY_BBMP,General Consumer Services,Increase in mosquito density,Increase in mosquito density in Arakere Resolved,Closed,2025-06-15 05:55:00.000000000
20766334,INDIAN_OPENCITY_BBMP,General Consumer Services,Debris Removal / Construction Material,Debris Removal / Construction Material in Nagavara Field inspection assigned to AE officer.,Registered,2025-06-15 05:49:00.000000000
20766332,INDIAN_OPENCITY_BBMP,General Consumer Services,Garbage thrown in storm water drain,Garbage thrown in storm water drain in Ramamurthy Nagar Field inspection assigned to AE officer.,Registered,2025-06-15 05:45:00.000000000
20766329,INDIAN_OPENCITY_BBMP,General Consumer Services,Removal of dead/fallen trees,"Removal of dead/fallen trees in Mahalakshmipuram Please contact Area Supervisor, Naga-[PHONE]",Closed,2025-06-15 05:38:00.000000000
20766324,INDIAN_OPENCITY_BBMP,General Consumer Services,Removal of dead/fallen trees,Removal of dead/fallen trees in Hosahalli Field inspection assigned to DYRFO officer.,Registered,2025-06-15 05:35:00.000000000
20766321,INDIAN_OPENCITY_BBMP,General Consumer Services,footpath encroachment,footpath encroachment in Sudduguntepalya Field inspection assigned to AE officer.,Registered,2025-06-15 05:32:00.000000000
20766320,INDIAN_OPENCITY_BBMP,General Consumer Services,Encroachment,Encroachment in Vasanthapura Field inspection assigned to ARO officer.,Registered,2025-06-15 05:32:00.000000000
20766312,INDIAN_OPENCITY_BBMP,General Consumer Services,Road cutting,Road cutting in Benniganahalli Field inspection assigned to AE officer.,Registered,2025-06-15 05:04:00.000000000
20766308,INDIAN_OPENCITY_BBMP,Street/Public Electrical Infrastructure,Requirement For New Street Lights,Requirement For New Street Lights in Kadugodi Attended,Long Term Solution,2025-06-15 04:57:00.000000000
20766307,INDIAN_OPENCITY_BBMP,General Consumer Services,Road Infrastructure,Road Infrastructure in Jeevanbhima Nagar Field inspection assigned to AE officer.,Registered,2025-06-15 04:56:00.000000000
20766306,INDIAN_OPENCITY_BBMP,General Consumer Services,Dead animal(s),Dead animal(s) in Doddanekkundi Dead dog was neither removed from that place nor buried in that place. Just poured soil over it. We kindly request to at least bury in the empty land.,ReOpen,2025-06-15 04:55:00.000000000
20766305,INDIAN_OPENCITY_BBMP,General Consumer Services,Stray cattle related complaints,Stray cattle related complaints in Banashankari Temple Ward This complaint comes under cattle pound wing of stray cattle management sir please contact Dr Shivakumar Assistant Director mb No [PHONE],Closed,2025-06-15 04:55:00.000000000
20766304,INDIAN_OPENCITY_BBMP,General Consumer Services,Complaint against SW collector/ SWM official for violation of SWM Rules,Complaint against SW collector/ SWM official for violation of SWM Rules in Lingarajapuram Resolved,Closed,2025-06-15 04:55:00.000000000
20766302,INDIAN_OPENCITY_BBMP,General Consumer Services,Garbage dump,Garbage dump in Ramamurthy Nagar Daily point clear,Closed,2025-06-15 04:51:00.000000000
20766301,INDIAN_OPENCITY_BBMP,General Consumer Services,Burning of Garbage in Open Space,Burning of Garbage in Open Space in Cottonpet Complaints cleard sir,Closed,2025-06-15 04:49:00.000000000
20766300,INDIAN_OPENCITY_BBMP,General Consumer Services,Removal of dead/fallen trees,"Removal of dead/fallen trees in Kaveripura Please contact Area Supervisor, Ganesh-[PHONE]",Closed,2025-06-15 04:49:00.000000000
20766298,INDIAN_OPENCITY_BBMP,General Consumer Services,Gym/Children Play equipment in the parks,Gym/Children Play equipment in the parks in Kengeri Field inspection assigned to HS officer.,Registered,2025-06-15 04:45:00.000000000
20766296,INDIAN_OPENCITY_BBMP,General Consumer Services,Removal of dead/fallen trees,Removal of dead/fallen trees in Kavalbyrasandra Field inspection assigned to DYRFO officer.,Registered,2025-06-15 04:39:00.000000000
20766295,INDIAN_OPENCITY_BBMP,Street/Public Electrical Infrastructure,Street Light Not Working,Street Light Not Working in Mallasandra Attended,Closed,2025-06-15 04:39:00.000000000
20766293,INDIAN_OPENCITY_BBMP,General Consumer Services,Removal of dead/fallen trees,"Removal of dead/fallen trees in HSR Layout Please submit application to BBMP, Forest Department",Closed,2025-06-15 04:35:00.000000000
20766292,INDIAN_OPENCITY_BBMP,General Consumer Services,Garbage vehicle not arrived,Garbage vehicle not arrived in Kacharakanahalli Complete resolved,Closed,2025-06-15 04:34:00.000000000
20766291,INDIAN_OPENCITY_BBMP,Street/Public Electrical Infrastructure,Street Light Not Working,Street Light Not Working in Rajaji Nagar Forwarded Task,Registered,2025-06-15 04:33:00.000000000
20766290,INDIAN_OPENCITY_BBMP,General Consumer Services,Potholes,Potholes in Gayathri Nagar Attended,Closed,2025-06-15 04:32:00.000000000
20766282,INDIAN_OPENCITY_BBMP,General Consumer Services,Removal of dead/fallen trees,"Removal of dead/fallen trees in Govindraja Nagara Please contact Area Supervisor, Ganesh-[PHONE]",Closed,2025-06-15 04:20:00.000000000
20766280,INDIAN_OPENCITY_BBMP,General Consumer Services,Removal of dead/fallen trees,Removal of dead/fallen trees in Anjanapur Resolved,Closed,2025-06-15 04:19:00.000000000
20766274,INDIAN_OPENCITY_BBMP,General Consumer Services,Fatally injured - Needs immediate attention,Fatally injured - Needs immediate attention in Neelasandra Field inspection assigned to VI officer.,In Progress,2025-06-15 04:07:00.000000000
20766271,INDIAN_OPENCITY_BBMP,General Consumer Services,obstructions Branches / Trees.,obstructions Branches / Trees. in Banashankari Temple Ward Field inspection assigned to DYRFO officer.,Registered,2025-06-15 04:00:00.000000000
20766270,INDIAN_OPENCITY_BBMP,General Consumer Services,Removal of dead/fallen trees,Removal of dead/fallen trees in Jayamahal Field inspection assigned to DYRFO officer.,Registered,2025-06-15 03:49:00.000000000
20766269,INDIAN_OPENCITY_BBMP,General Consumer Services,Garbage dump,Garbage dump in Varthur We are attend and clear the complaint,Closed,2025-06-15 03:48:00.000000000
20766265,INDIAN_OPENCITY_BBMP,General Consumer Services,Issues Related to Parks/Medians/Circles/Island.,Issues Related to Parks/Medians/Circles/Island. in Karisandra Field inspection assigned to HS officer.,Registered,2025-06-15 03:38:00.000000000
20766259,INDIAN_OPENCITY_BBMP,General Consumer Services,Others,Others in Newthippasandra Field inspection assigned to Customer Support Representative officer.,Registered,2025-06-15 03:35:00.000000000
20766258,INDIAN_OPENCITY_BBMP,General Consumer Services,Garbage dump,Garbage dump in Madiwala Cleared,Closed,2025-06-15 03:33:00.000000000
20766255,INDIAN_OPENCITY_BBMP,General Consumer Services,Removal of dead/fallen trees,Removal of dead/fallen trees in Manorayanapalya Field inspection assigned to DYRFO officer.,Registered,2025-06-15 03:28:00.000000000
20766254,INDIAN_OPENCITY_BBMP,General Consumer Services,Footpath,Footpath in Horamavu Field inspection assigned to AE officer.,Registered,2025-06-15 03:28:00.000000000
20766247,INDIAN_OPENCITY_BBMP,General Consumer Services,Removal of dead/fallen trees,Removal of dead/fallen trees in Visvesvarapuram Field inspection assigned to DYRFO officer.,Registered,2025-06-15 03:19:00.000000000
20766246,INDIAN_OPENCITY_BBMP,General Consumer Services,Road Infrastructure,Road Infrastructure in Dharmarayaswamy Temple Ward Forwarded Task,Registered,2025-06-15 03:16:00.000000000
20766242,INDIAN_OPENCITY_BBMP,General Consumer Services,Removal of dead/fallen trees,"Removal of dead/fallen trees in Sri Rammandira Please contact Area Supervisor, Maruthi-[PHONE]",Closed,2025-06-15 03:07:00.000000000
20766241,INDIAN_OPENCITY_BBMP,General Consumer Services,Others (JC),Others (JC) in Herohalli Forwarded Task,Registered,2025-06-15 03:04:00.000000000
20766239,INDIAN_OPENCITY_BBMP,General Consumer Services,Garbage transfer not as per norms & area not kept clean,Garbage transfer not as per norms & area not kept clean in Hemmigepura Field inspection assigned to Marshal officer.,Registered,2025-06-15 03:03:00.000000000
20766236,INDIAN_OPENCITY_BBMP,General Consumer Services,Water related issue,Water related issue in Bagalagunte Field inspection assigned to AE officer.,Registered,2025-06-15 03:00:00.000000000
20766233,INDIAN_OPENCITY_BBMP,General Consumer Services,Removal of dead/fallen trees,"Removal of dead/fallen trees in Malleshwaram Please contact Area Supervisor, Suresh-[PHONE]",Closed,2025-06-15 02:52:00.000000000
20766232,INDIAN_OPENCITY_BBMP,General Consumer Services,Road Infrastructure,Road Infrastructure in Arakere Field inspection assigned to AE officer.,Registered,2025-06-15 02:49:00.000000000
20766231,INDIAN_OPENCITY_BBMP,Street/Public Electrical Infrastructure,Street Light Not Working,Street Light Not Working in Uttarahalli This New light will be installed as early as possible,Closed,2025-06-15 02:48:00.000000000
20766230,INDIAN_OPENCITY_BBMP,General Consumer Services,Removal of dead/fallen trees,"Removal of dead/fallen trees in Begur Please submit application to Forest Department, Head Office",Closed,2025-06-15 02:48:00.000000000
20766229,INDIAN_OPENCITY_BBMP,General Consumer Services,Others,Others in Binnipet Forwarded Task,Registered,2025-06-15 02:43:00.000000000
20766228,INDIAN_OPENCITY_BBMP,General Consumer Services,obstructions Branches / Trees.,obstructions Branches / Trees. in Konena Agrahara Field inspection assigned to DYRFO officer.,Registered,2025-06-15 02:41:00.000000000
20766227,INDIAN_OPENCITY_BBMP,General Consumer Services,Sweeping not done,Sweeping not done in Rajarajeshwari Nagar Resolved,Closed,2025-06-15 02:41:00.000000000
20766223,INDIAN_OPENCITY_BBMP,General Consumer Services,Animal Rescue - Not well - Requires attention,Animal Rescue - Not well - Requires attention in Ramamurthy Nagar No treatment done in bbmp Call 1962,Closed,2025-06-15 02:35:00.000000000
20766220,INDIAN_OPENCITY_BBMP,General Consumer Services,Road side drains,Road side drains in Moodalapalya Field inspection assigned to AE officer.,Registered,2025-06-15 02:33:00.000000000
20766218,INDIAN_OPENCITY_BBMP,General Consumer Services,Removal of dead/fallen trees,"Removal of dead/fallen trees in Yelachenahalli Please contact Forest Department, BBMP Head Office",Closed,2025-06-15 02:28:00.000000000
20766215,INDIAN_OPENCITY_BBMP,General Consumer Services,Animal Rescue - Not well - Requires attention,Animal Rescue - Not well - Requires attention in Kaveripura Closed,Closed,2025-06-15 02:24:00.000000000
20766214,INDIAN_OPENCITY_BBMP,General Consumer Services,Debris Removal / Construction Material,Debris Removal / Construction Material in Ganga Nagar Forwarded Task,Registered,2025-06-15 02:21:00.000000000
20766213,INDIAN_OPENCITY_BBMP,General Consumer Services,Garbage dump,Garbage dump in Sudduguntepalya Cleared,Closed,2025-06-15 02:20:00.000000000
20766211,INDIAN_OPENCITY_BBMP,General Consumer Services,Others,Others in Begur Field inspection assigned to Customer Support Representative officer.,Registered,2025-06-15 02:12:00.000000000
20766210,INDIAN_OPENCITY_BBMP,General Consumer Services,obstructions Branches / Trees.,obstructions Branches / Trees. in Sampangiram Nagar Plz upload photos,Closed,2025-06-15 02:12:00.000000000
20766209,INDIAN_OPENCITY_BBMP,General Consumer Services,Road side drains,Road side drains in Kodigehalli Field inspection assigned to AE officer.,Registered,2025-06-15 02:11:00.000000000
20766207,INDIAN_OPENCITY_BBMP,General Consumer Services,Stray/Rabid dog bite,Stray/Rabid dog bite in Shanthi Nagar Field inspection assigned to VI officer.,In Progress,2025-06-15 02:11:00.000000000
20766206,INDIAN_OPENCITY_BBMP,General Consumer Services,Garbage dump,Garbage dump in Ganga Nagar Daily basis Cleared Sir....,Closed,2025-06-15 02:09:00.000000000
20766203,INDIAN_OPENCITY_BBMP,Street/Public Electrical Infrastructure,Street Light Not Working,Street Light Not Working in Sudduguntepalya ATTENDED,Closed,2025-06-15 02:07:00.000000000
20766198,INDIAN_OPENCITY_BBMP,General Consumer Services,obstructions Branches / Trees.,obstructions Branches / Trees. in Byatarayanapura Field inspection assigned to DYRFO officer.,Registered,2025-06-15 02:04:00.000000000
20766197,INDIAN_OPENCITY_BBMP,General Consumer Services,Garbage dump,Garbage dump in Hoodi Geo photo atteched for Reference,Closed,2025-06-15 02:03:00.000000000
20766196,INDIAN_OPENCITY_BBMP,General Consumer Services,Removal of dead/fallen trees,Removal of dead/fallen trees in Yelachenahalli Resolved,Closed,2025-06-15 02:01:00.000000000
20766193,INDIAN_OPENCITY_BBMP,General Consumer Services,Removal of dead/fallen trees,Removal of dead/fallen trees in Sagayapuram Field inspection assigned to DYRFO officer.,Registered,2025-06-15 01:59:00.000000000
20766188,INDIAN_OPENCITY_BBMP,General Consumer Services,Garbage dump,Garbage dump in Ramamurthy Nagar Night petroling morning duty attend,Closed,2025-06-15 01:55:00.000000000
20766186,INDIAN_OPENCITY_BBMP,General Consumer Services,Garbage dump,Garbage dump in Hoysala Nagar Garbage cleared madam,Closed,2025-06-15 01:54:00.000000000
20766184,INDIAN_OPENCITY_BBMP,Street/Public Electrical Infrastructure,Street Light Not Working,Street Light Not Working in Varthur Attended,Closed,2025-06-15 01:53:00.000000000
20766183,INDIAN_OPENCITY_BBMP,Street/Public Electrical Infrastructure,Open Electrical Junction Box,Open Electrical Junction Box in Shettyhalli Attended,Closed,2025-06-15 01:51:00.000000000
20766182,INDIAN_OPENCITY_BBMP,General Consumer Services,Animal birth control/neutering of stray dogs,Animal birth control/neutering of stray dogs in Shivaji Nagar Field inspection assigned to VI officer.,Registered,2025-06-15 01:49:00.000000000
20766180,INDIAN_OPENCITY_BBMP,General Consumer Services,Garbage nuisance while transporting,Garbage nuisance while transporting in Ganga Nagar Compliant Resolved,Closed,2025-06-15 01:45:00.000000000
20766178,INDIAN_OPENCITY_BBMP,General Consumer Services,Garbage dump,Garbage dump in Lingarajapuram Resolved,Closed,2025-06-15 01:39:00.000000000
20766177,INDIAN_OPENCITY_BBMP,General Consumer Services,Sewerage water left in SWD,Sewerage water left in SWD in Begur Field inspection assigned to AE officer.,Registered,2025-06-15 01:38:00.000000000
20766174,INDIAN_OPENCITY_BBMP,General Consumer Services,Fatally injured - Needs immediate attention,Fatally injured - Needs immediate attention in Devasandra No treatment done in bbmp Call 1962,Closed,2025-06-15 01:37:00.000000000
20766172,INDIAN_OPENCITY_BBMP,General Consumer Services,Footpath,Footpath in Subramanya Nagar Field inspection assigned to AE officer.,Registered,2025-06-15 01:33:00.000000000
20766170,INDIAN_OPENCITY_BBMP,General Consumer Services,Garbage dump,Garbage dump in Begur This complaint belongs to engineering department,Closed,2025-06-15 01:29:00.000000000
20766169,INDIAN_OPENCITY_BBMP,General Consumer Services,Fatally injured - Needs immediate attention,"Fatally injured - Needs immediate attention in Jayanagar East Spoke to the reporter, Sir Please contact stray dog rescue team officer Dr Shrinath Assistant Director mb [PHONE]",Closed,2025-06-15 01:29:00.000000000
20766168,INDIAN_OPENCITY_BBMP,Street/Public Electrical Infrastructure,Street Lights Switched On During Day Time,Street Lights Switched On During Day Time in Ramaswamy Palya Field inspection assigned to AE officer.,Registered,2025-06-15 01:29:00.000000000
20766160,INDIAN_OPENCITY_BBMP,General Consumer Services,Complaint against SW collector/ SWM official for violation of SWM Rules,Complaint against SW collector/ SWM official for violation of SWM Rules in Gottigere Complaint cleared,Closed,2025-06-15 01:22:00.000000000
20766156,INDIAN_OPENCITY_BBMP,General Consumer Services,Road cutting,Road cutting in Varthur Field inspection assigned to AE officer.,Registered,2025-06-15 01:15:00.000000000
20766155,INDIAN_OPENCITY_BBMP,General Consumer Services,Issues Related to Parks/Medians/Circles/Island.,Issues Related to Parks/Medians/Circles/Island. in Padmanabha Nagar Field inspection assigned to HS officer.,Registered,2025-06-15 01:15:00.000000000
20766154,INDIAN_OPENCITY_BBMP,General Consumer Services,obstructions Branches / Trees.,"obstructions Branches / Trees. in Basaveshwara Nagar Please contact Area Supervisor, Maruthi-[PHONE]",Closed,2025-06-15 01:14:00.000000000
20766153,INDIAN_OPENCITY_BBMP,General Consumer Services,Road cutting,Road cutting in Jakkur Forwarded Task,Registered,2025-06-15 01:12:00.000000000
20766150,INDIAN_OPENCITY_BBMP,General Consumer Services,Removal of dead/fallen trees,Removal of dead/fallen trees in Horamavu Field inspection assigned to DYRFO officer.,Registered,2025-06-15 01:10:00.000000000
20766148,INDIAN_OPENCITY_BBMP,General Consumer Services,Road Infrastructure,Road Infrastructure in Agrahara Dasarahalli Forwarded Task,Registered,2025-06-15 01:08:00.000000000
20766147,INDIAN_OPENCITY_BBMP,Street/Public Electrical Infrastructure,Street Lights Switched On During Day Time,Street Lights Switched On During Day Time in Vijay Nagar Attended,Closed,2025-06-15 01:08:00.000000000
20766144,INDIAN_OPENCITY_BBMP,General Consumer Services,Garbage dump,Garbage dump in Binnipet Point clear,Closed,2025-06-15 01:06:00.000000000
20766142,INDIAN_OPENCITY_BBMP,General Consumer Services,Garbage vehicle not arrived,Garbage vehicle not arrived in Ejipura Clear complaint,Closed,2025-06-15 01:03:00.000000000
20766141,INDIAN_OPENCITY_BBMP,General Consumer Services,Garbage vehicle not arrived,Garbage vehicle not arrived in Shakambari Nagar It's cleared,Closed,2025-06-15 01:02:00.000000000
20766140,INDIAN_OPENCITY_BBMP,General Consumer Services,Sweeping not done,Sweeping not done in Maruthi Seva Nagar Field inspection assigned to JHI officer.,Registered,2025-06-15 12:58:00.000000000
20766139,INDIAN_OPENCITY_BBMP,General Consumer Services,Dog bite pet dog,Dog bite pet dog in Marathalli Complaint attended,Closed,2025-06-15 12:58:00.000000000
20766134,INDIAN_OPENCITY_BBMP,General Consumer Services,Garbage dump,Garbage dump in Agaram Leaves are there it will clear tomorrow,Closed,2025-06-15 12:55:00.000000000
20766133,INDIAN_OPENCITY_BBMP,General Consumer Services,Dead animal(s),Dead animal(s) in Jayamahal Resolved,Closed,2025-06-15 12:54:00.000000000
20766130,INDIAN_OPENCITY_BBMP,General Consumer Services,Fogging,Fogging in Shanthi Nagar Field inspection assigned to SHI officer.,Registered,2025-06-15 12:48:00.000000000
20766128,INDIAN_OPENCITY_BBMP,Street/Public Electrical Infrastructure,Street Light Not Working,"Street Light Not Working in Deepanjali Nagar Yeshwanth singh Complainant Mobile [PHONE] Yeshwanth singh Complainant Mobile [PHONE] Grievance Details Grievance No. 20766825 Zone Name South Ward Name/Ward No. Bapuji Nagar/134 Category Electrical Sub Category Street Lights Switched On During Day Time Address Manjunatha Nilayam, 19, Guddadahalli, Bengaluru, Karnataka 560026, India",Closed,2025-06-15 12:48:00.000000000
20766127,INDIAN_OPENCITY_BBMP,General Consumer Services,Garbage dump,Garbage dump in Basavanapura Tho not BBMP,Closed,2025-06-15 12:48:00.000000000
20766125,INDIAN_OPENCITY_BBMP,General Consumer Services,Garbage dump,Garbage dump in Byrasandra complaint attended and cleared madam,Closed,2025-06-15 12:47:00.000000000
20766123,INDIAN_OPENCITY_BBMP,General Consumer Services,Animal Rescue - Not well - Requires attention,"Animal Rescue - Not well - Requires attention in Sunkenahalli Please contact Dr.D.N Srinath, ADAH, Mobile no:[PHONE]",Closed,2025-06-15 12:45:00.000000000
20766122,INDIAN_OPENCITY_BBMP,General Consumer Services,Stray/Rabid dog bite,Stray/Rabid dog bite in Madiwala Dog bite complaint Attended on Sunday dt 15/06/25 Dog has taken to centre for observation,Closed,2025-06-15 12:45:00.000000000
20766120,INDIAN_OPENCITY_BBMP,General Consumer Services,Garbage dump,Garbage dump in Shivaji Nagar Garbage cleared,Closed,2025-06-15 12:44:00.000000000
20766119,INDIAN_OPENCITY_BBMP,General Consumer Services,Gym/Children Play equipment in the parks,Gym/Children Play equipment in the parks in Giri Nagar resolved complaint,Closed,2025-06-15 12:44:00.000000000
20766116,INDIAN_OPENCITY_BBMP,General Consumer Services,Animal Rescue - Not well - Requires attention,"Animal Rescue - Not well - Requires attention in Konena Agrahara As you said that the dog was rescued by the public, your complaint is closed on your consent.",Closed,2025-06-15 12:43:00.000000000
20766113,INDIAN_OPENCITY_BBMP,General Consumer Services,Garbage thrown in storm water drain,Garbage thrown in storm water drain in Doddanekkundi Field inspection assigned to AE officer.,Registered,2025-06-15 12:40:00.000000000
20766111,INDIAN_OPENCITY_BBMP,General Consumer Services,obstructions Branches / Trees.,obstructions Branches / Trees. in Kacharakanahalli Please provide request letter tree photos tax paid receipt,Closed,2025-06-15 12:39:00.000000000
20766110,INDIAN_OPENCITY_BBMP,General Consumer Services,Air/Noise pollution,Air/Noise pollution in Yelahanka old Satellite Town Field inspection assigned to SHI officer.,Registered,2025-06-15 12:38:00.000000000
20766106,INDIAN_OPENCITY_BBMP,General Consumer Services,Garbage vehicle not arrived,Garbage vehicle not arrived in Pattabhiram Nagar Today collection,Closed,2025-06-15 12:32:00.000000000
20766105,INDIAN_OPENCITY_BBMP,General Consumer Services,Garbage dumping in vacant sites,Garbage dumping in vacant sites in HSR Layout this complaint is clear sir,Closed,2025-06-15 12:32:00.000000000
20766103,INDIAN_OPENCITY_BBMP,General Consumer Services,obstructions Branches / Trees.,obstructions Branches / Trees. in Anjanapur Repeated complaint,Closed,2025-06-15 12:29:00.000000000
20766102,INDIAN_OPENCITY_BBMP,General Consumer Services,Sweeping not done,Sweeping not done in Aramane Nagar Forwarded Task,Registered,2025-06-15 12:26:00.000000000
20766096,INDIAN_OPENCITY_BBMP,General Consumer Services,Garbage dumping in vacant sites,Garbage dumping in vacant sites in Yelachenahalli Cleared,Closed,2025-06-15 12:23:00.000000000
20766095,INDIAN_OPENCITY_BBMP,Street/Public Electrical Infrastructure,Street Light Not Working,Street Light Not Working in Vijanapura Attended,Closed,2025-06-15 12:23:00.000000000
20766094,INDIAN_OPENCITY_BBMP,Street/Public Electrical Infrastructure,Requirement For New Street Lights,Requirement For New Street Lights in Herohalli Complainant is asking new street light will be provided on priority when the stock is available,Closed,2025-06-15 12:21:00.000000000
20766090,INDIAN_OPENCITY_BBMP,General Consumer Services,Road cutting,Road cutting in Anjanapur Field inspection assigned to AE officer.,Registered,2025-06-15 12:19:00.000000000
20766089,INDIAN_OPENCITY_BBMP,General Consumer Services,Garbage vehicle not arrived,Garbage vehicle not arrived in Bellandur Cleard,Closed,2025-06-15 12:18:00.000000000
20766087,INDIAN_OPENCITY_BBMP,General Consumer Services,Ekhata missing in online,Ekhata missing in online in Vignana Nagar Forwarded Task THIS PROPERTY ADDRESS DOES NOT BELONGINGS TO ARO CHICKPET WEST ZONE,Registered,2025-06-15 12:15:00.000000000
20766081,INDIAN_OPENCITY_BBMP,General Consumer Services,Animal Rescue - Not well - Requires attention,Animal Rescue - Not well - Requires attention in Vrushabhavati Nagar Already shifted,Closed,2025-06-15 12:10:00.000000000
20766076,INDIAN_OPENCITY_BBMP,Street/Public Electrical Infrastructure,Street Light Not Working,Street Light Not Working in Katriguppe Attended,Closed,2025-06-15 12:05:00.000000000
20766075,INDIAN_OPENCITY_BBMP,General Consumer Services,Fatally injured - Needs immediate attention,Fatally injured - Needs immediate attention in Hagadooru No treatment done in bbmcall 1962,Closed,2025-06-15 12:05:00.000000000
20766074,INDIAN_OPENCITY_BBMP,General Consumer Services,Animal Rescue - Not well - Requires attention,Animal Rescue - Not well - Requires attention in Kadugondanahalli Dog rescued by Samarpan,Closed,2025-06-15 12:04:00.000000000
20766072,INDIAN_OPENCITY_BBMP,General Consumer Services,Road Infrastructure,Road Infrastructure in J.P.Nagar Field inspection assigned to AE officer.,Registered,2025-06-15 12:03:00.000000000
20766070,INDIAN_OPENCITY_BBMP,General Consumer Services,Garbage vehicle not arrived,Garbage vehicle not arrived in Newthippasandra Cleared,Closed,2025-06-15 12:00:00.000000000
20766069,INDIAN_OPENCITY_BBMP,General Consumer Services,Garbage dump,Garbage dump in Konena Agrahara Forwarded Task,Registered,2025-06-15 11:59:00.000000000
20766068,INDIAN_OPENCITY_BBMP,General Consumer Services,Garbage dump,Garbage dump in Agrahara Dasarahalli Cleared,Closed,2025-06-15 11:58:00.000000000
20766067,INDIAN_OPENCITY_BBMP,General Consumer Services,Removal of dead/fallen trees,"Removal of dead/fallen trees in Bilekahalli Please submit application to BBMP, Forest Department",Closed,2025-06-15 11:56:00.000000000
20766064,INDIAN_OPENCITY_BBMP,General Consumer Services,Garbage dump,Garbage dump in Shanthala Nagar The Garbage dump is still not cleared but the compliant is closed why,ReOpen,2025-06-15 11:53:00.000000000
20766062,INDIAN_OPENCITY_BBMP,General Consumer Services,Removal of dead/fallen trees,Removal of dead/fallen trees in Jayamahal +91 90354 49535,Closed,2025-06-15 11:52:00.000000000
20766061,INDIAN_OPENCITY_BBMP,General Consumer Services,Stray/Rabid dog bite,"Stray/Rabid dog bite in Madiwala Dog bite complaint Attended on Sunday Dt. 15/06/25, Dog has taken to centre for observation",Closed,2025-06-15 11:50:00.000000000
20766059,INDIAN_OPENCITY_BBMP,General Consumer Services,Increase in mosquito density,Increase in mosquito density in Thanisandra Spraying done,Closed,2025-06-15 11:47:00.000000000
20766057,INDIAN_OPENCITY_BBMP,General Consumer Services,Garbage vehicle not arrived,Garbage vehicle not arrived in Chowdeshwari Ward Complaint cleared,Closed,2025-06-15 11:46:00.000000000
20766055,INDIAN_OPENCITY_BBMP,General Consumer Services,Garbage dump,Garbage dump in Byatarayanapura Garbage clear sir,Closed,2025-06-15 11:44:00.000000000
20766052,INDIAN_OPENCITY_BBMP,General Consumer Services,Garbage nuisance while transporting,Garbage nuisance while transporting in Pattabhiram Nagar Clear,Closed,2025-06-15 11:40:00.000000000
20766050,INDIAN_OPENCITY_BBMP,General Consumer Services,Road side drains,Road side drains in Jogupalya Field inspection assigned to AE officer.,Registered,2025-06-15 11:39:00.000000000
20766048,INDIAN_OPENCITY_BBMP,General Consumer Services,Potholes,Potholes in Chikpete Field inspection assigned to Customer Support Representative officer.,Non Relevant,2025-06-15 11:37:00.000000000
20766046,INDIAN_OPENCITY_BBMP,Pole / Wire / Electrical Hazard,Earthing Issue relate to Electric Poles/Panel Boards,Earthing Issue relate to Electric Poles/Panel Boards in Shankaramata Forwarded Task,Registered,2025-06-15 11:35:00.000000000
20766044,INDIAN_OPENCITY_BBMP,General Consumer Services,obstructions Branches / Trees.,"obstructions Branches / Trees. in Shankaramata Please contact Area Supervisor, Naga-[PHONE]",Closed,2025-06-15 11:35:00.000000000
20766041,INDIAN_OPENCITY_BBMP,General Consumer Services,Spraying,Spraying in Pattabhiram Nagar Field inspection assigned to SHI officer.,Registered,2025-06-15 11:33:00.000000000
20766040,INDIAN_OPENCITY_BBMP,General Consumer Services,Flex and banners,Flex and banners in Jnanabharathi Ward REMOVED,Closed,2025-06-15 11:32:00.000000000
20766039,INDIAN_OPENCITY_BBMP,General Consumer Services,Debris Removal / Construction Material,Debris Removal / Construction Material in BTM Layout work under progress,Closed,2025-06-15 11:31:00.000000000
20766037,INDIAN_OPENCITY_BBMP,General Consumer Services,Garbage dump,Garbage dump in Vijay Nagar Clear,Closed,2025-06-15 11:31:00.000000000
20766033,INDIAN_OPENCITY_BBMP,General Consumer Services,Sewerage water left in SWD,Sewerage water left in SWD in Bellandur Forwarded Task,Registered,2025-06-15 11:29:00.000000000
20766032,INDIAN_OPENCITY_BBMP,General Consumer Services,footpath encroachment,footpath encroachment in Shivaji Nagar Field inspection assigned to AE officer.,Registered,2025-06-15 11:28:00.000000000
20766030,INDIAN_OPENCITY_BBMP,General Consumer Services,Flex and banners,Flex and banners in Lakshmidevi Nagar .,Closed,2025-06-15 11:27:00.000000000
20766029,INDIAN_OPENCITY_BBMP,General Consumer Services,Animal Cruelty/Ill-Treated / Abused,"Animal Cruelty/Ill-Treated / Abused in Hanumantha Nagar Please contact Dr.D.N Srinath, ADAH, Mobile no:[PHONE]",Closed,2025-06-15 11:25:00.000000000
20766025,INDIAN_OPENCITY_BBMP,General Consumer Services,Garbage vehicle not arrived,Garbage vehicle not arrived in Hoodi Vehicle arrived in area and collect the garbage door to door,Closed,2025-06-15 11:23:00.000000000
20766023,INDIAN_OPENCITY_BBMP,General Consumer Services,UnAuthorised Building Constructions,UnAuthorised Building Constructions in C.V.Raman Nagar Field inspection assigned to AE officer.,Registered,2025-06-15 11:21:00.000000000
20766022,INDIAN_OPENCITY_BBMP,General Consumer Services,Increase in mosquito density,Increase in mosquito density in Yelachenahalli Field inspection assigned to SHI officer.,In Progress,2025-06-15 11:20:00.000000000
20766019,INDIAN_OPENCITY_BBMP,General Consumer Services,Garbage thrown in storm water drain,Garbage thrown in storm water drain in Singasandra Field inspection assigned to AE officer.,Registered,2025-06-15 11:17:00.000000000
20766018,INDIAN_OPENCITY_BBMP,General Consumer Services,Garbage dump,Garbage dump in Dr.Rajkumar Ward Close,Closed,2025-06-15 11:15:00.000000000
20766014,INDIAN_OPENCITY_BBMP,General Consumer Services,Road Infrastructure,Road Infrastructure in Lakkasandra Field inspection assigned to AE officer.,Registered,2025-06-15 11:14:00.000000000
20766013,INDIAN_OPENCITY_BBMP,General Consumer Services,Awareness session / Request for a session,Awareness session / Request for a session in Madiwala Field inspection assigned to VI officer.,Registered,2025-06-15 11:13:00.000000000
20766012,INDIAN_OPENCITY_BBMP,General Consumer Services,UnAuthorised Building Constructions,UnAuthorised Building Constructions in Hemmigepura Field inspection assigned to ADTP officer.,Registered,2025-06-15 11:11:00.000000000
20766008,INDIAN_OPENCITY_BBMP,General Consumer Services,Aged street dogs please take action,Aged street dogs please take action in Vidyaranyapura Spoken with the concern person,Closed,2025-06-15 11:05:00.000000000
20766006,INDIAN_OPENCITY_BBMP,General Consumer Services,Potholes,Potholes in Kadugodi Field inspection assigned to AE officer.,Registered,2025-06-15 11:03:00.000000000
20766005,INDIAN_OPENCITY_BBMP,General Consumer Services,Debris Removal / Construction Material,Debris Removal / Construction Material in Jnanabharathi Ward vvv,Closed,2025-06-15 11:03:00.000000000
20766004,INDIAN_OPENCITY_BBMP,General Consumer Services,Issues Related to Parks/Medians/Circles/Island.,Issues Related to Parks/Medians/Circles/Island. in Pattabhiram Nagar Field inspection assigned to HS officer.,Registered,2025-06-15 11:02:00.000000000
20766003,INDIAN_OPENCITY_BBMP,General Consumer Services,Garbage vehicle not arrived,Garbage vehicle not arrived in Thanisandra Cleard,Closed,2025-06-15 11:02:00.000000000
20766002,INDIAN_OPENCITY_BBMP,General Consumer Services,Debris Removal / Construction Material,Debris Removal / Construction Material in Uttarahalli .,Closed,2025-06-15 11:00:00.000000000
20766001,INDIAN_OPENCITY_BBMP,General Consumer Services,Garbage vehicle not arrived,Garbage vehicle not arrived in Arakere Complaint attend and cleared sir,Closed,2025-06-15 11:00:00.000000000
20766000,INDIAN_OPENCITY_BBMP,General Consumer Services,water stagnation,water stagnation in Varthur Field inspection assigned to AE officer.,Registered,2025-06-15 10:59:00.000000000
20765999,INDIAN_OPENCITY_BBMP,General Consumer Services,Maintenance of SWD,Maintenance of SWD in Newthippasandra Field inspection assigned to AE officer.,Registered,2025-06-15 10:59:00.000000000
20765997,INDIAN_OPENCITY_BBMP,General Consumer Services,Stray/Rabid dog bite,Stray/Rabid dog bite in Jnanabharathi Ward Attended,Closed,2025-06-15 10:58:00.000000000
20765996,INDIAN_OPENCITY_BBMP,General Consumer Services,Stray dog related complaints,"Stray dog related complaints in Adugodi Spoke to the reporter, Dogs can't be relocated as per the ABC rules 2023, for barking, crying, chasing, nothing can be done since it is natural instincts of a dog. Sterilization and immunisation of streets Dogs will be done by BBMP Sir.",Closed,2025-06-15 10:58:00.000000000
20765995,INDIAN_OPENCITY_BBMP,General Consumer Services,Fatally injured - Needs immediate attention,Fatally injured - Needs immediate attention in Jayamahal Please contact rescue department,Closed,2025-06-15 10:56:00.000000000
20765994,INDIAN_OPENCITY_BBMP,General Consumer Services,Garbage dump,"Garbage dump in Dattathreya Temple Sir please update proper details, mention your contact details",Closed,2025-06-15 10:56:00.000000000
20765979,INDIAN_OPENCITY_BBMP,General Consumer Services,Garbage vehicle not arrived,Garbage vehicle not arrived in Yelachenahalli Big cutting are not Going our Vehicles,Closed,2025-06-15 10:44:00.000000000
20765977,INDIAN_OPENCITY_BBMP,Street/Public Electrical Infrastructure,Street Lights Switched On During Day Time,Street Lights Switched On During Day Time in Laggere The complainant is not answering the call,Closed,2025-06-15 10:44:00.000000000
20765975,INDIAN_OPENCITY_BBMP,General Consumer Services,Potholes,Potholes in Sunkenahalli Attended,Closed,2025-06-15 10:40:00.000000000
20765974,INDIAN_OPENCITY_BBMP,General Consumer Services,Anti Rabies Vaccination of stray dogs,Anti Rabies Vaccination of stray dogs in Shettyhalli attended,Closed,2025-06-15 10:40:00.000000000
20765973,INDIAN_OPENCITY_BBMP,Street/Public Electrical Infrastructure,Street Light Not Working,Street Light Not Working in Hegganahalli Attended,Closed,2025-06-15 10:37:00.000000000
20765971,INDIAN_OPENCITY_BBMP,General Consumer Services,Garbage vehicle not arrived,Garbage vehicle not arrived in Chikkalasandra Clered,Closed,2025-06-15 10:35:00.000000000
20765970,INDIAN_OPENCITY_BBMP,General Consumer Services,Animal birth control/neutering of stray dogs,Animal birth control/neutering of stray dogs in Konanakunte Field inspection assigned to VI officer.,Registered,2025-06-15 10:34:00.000000000
20765969,INDIAN_OPENCITY_BBMP,General Consumer Services,Sweeping not done,Sweeping not done in Doddanekkundi Clear,Closed,2025-06-15 10:34:00.000000000
20765965,INDIAN_OPENCITY_BBMP,General Consumer Services,Road cutting,Road cutting in Uttarahalli .,Closed,2025-06-15 10:28:00.000000000
20765963,INDIAN_OPENCITY_BBMP,General Consumer Services,Debris Removal / Construction Material,Debris Removal / Construction Material in Rajamahal Forwarded Task,Registered,2025-06-15 10:25:00.000000000
20765962,INDIAN_OPENCITY_BBMP,General Consumer Services,Lake not maintained properly,Lake not maintained properly in Arakere Field inspection assigned to AE officer.,Registered,2025-06-15 10:25:00.000000000
20765958,INDIAN_OPENCITY_BBMP,General Consumer Services,UnAuthorised Constructions,UnAuthorised Constructions in A.Narayanapura Complaint forwarded as per the chief commissioner order dated 18/10/2024 for necessary action,Registered,2025-06-15 10:20:00.000000000
20765957,INDIAN_OPENCITY_BBMP,General Consumer Services,Footpath,Footpath in J.P.Nagar Field inspection assigned to AE officer.,Registered,2025-06-15 10:18:00.000000000
20765956,INDIAN_OPENCITY_BBMP,General Consumer Services,Footpath,Footpath in Begur Action initiated,Closed,2025-06-15 10:17:00.000000000
20765954,INDIAN_OPENCITY_BBMP,General Consumer Services,Footpath,Footpath in Begur Field inspection assigned to Customer Support Representative officer.,Non Relevant,2025-06-15 10:14:00.000000000
20765952,INDIAN_OPENCITY_BBMP,General Consumer Services,Garbage dump,Garbage dump in Visvesvarapuram Debris pending,Closed,2025-06-15 10:13:00.000000000
20765950,INDIAN_OPENCITY_BBMP,General Consumer Services,Gym/Children Play equipment in the parks,Gym/Children Play equipment in the parks in Rajarajeshwari Nagar Field inspection assigned to HS officer.,Registered,2025-06-15 10:11:00.000000000
20765941,INDIAN_OPENCITY_BBMP,General Consumer Services,UnAuthorised Constructions,UnAuthorised Constructions in Garudacharpalya Complaint forwarded as per the chief commissioner order dated 18/10/2024 for necessary action,Registered,2025-06-15 10:05:00.000000000
20765938,INDIAN_OPENCITY_BBMP,General Consumer Services,Garbage dump,Garbage dump in Mangammanapalya This complaint comes to Grampanchayat limits and spoke to the complaint person,Closed,2025-06-15 10:02:00.000000000
20765934,INDIAN_OPENCITY_BBMP,General Consumer Services,Garbage dump,Garbage dump in Kammanahalli Resolved,Closed,2025-06-15 09:57:00.000000000
20765932,INDIAN_OPENCITY_BBMP,General Consumer Services,Mutton/Chicken/fish stall Unhygienic maintenance,Mutton/Chicken/fish stall Unhygienic maintenance in Horamavu Complaint attended in phone,Closed,2025-06-15 09:57:00.000000000
20765930,INDIAN_OPENCITY_BBMP,General Consumer Services,Removal of dead/fallen trees,Removal of dead/fallen trees in Doddabommasandra Field inspection assigned to DYRFO officer.,Registered,2025-06-15 09:55:00.000000000
20765927,INDIAN_OPENCITY_BBMP,General Consumer Services,Road cutting,Road cutting in Hoodi its take action against them,Closed,2025-06-15 09:51:00.000000000
20765926,INDIAN_OPENCITY_BBMP,General Consumer Services,Garbage vehicle not arrived,Garbage vehicle not arrived in A.Narayanapura Attended,Closed,2025-06-15 09:47:00.000000000
20765925,INDIAN_OPENCITY_BBMP,General Consumer Services,Cleanliness of Canteen /Food Area,Cleanliness of Canteen /Food Area in Hebbal Inform to concern person,Closed,2025-06-15 09:47:00.000000000
20765922,INDIAN_OPENCITY_BBMP,General Consumer Services,Fatally injured - Needs immediate attention,Fatally injured - Needs immediate attention in Dodda Bidarkallu Dog's cought for animals birth control operation and vaccination,Closed,2025-06-15 09:42:00.000000000
20765921,INDIAN_OPENCITY_BBMP,General Consumer Services,Animal Rescue - Not well - Requires attention,Animal Rescue - Not well - Requires attention in Ramamurthy Nagar Complaint attended,Closed,2025-06-15 09:42:00.000000000
20765920,INDIAN_OPENCITY_BBMP,General Consumer Services,Removal of dead/fallen trees,"Removal of dead/fallen trees in Bommanahalli Please submit application to BBMP, Forest Department",Closed,2025-06-15 09:39:00.000000000
20765917,INDIAN_OPENCITY_BBMP,General Consumer Services,Animal Cruelty/Ill-Treated / Abused,Animal Cruelty/Ill-Treated / Abused in Bellandur Complaint attended,Closed,2025-06-15 09:35:00.000000000
20765915,INDIAN_OPENCITY_BBMP,General Consumer Services,Dead animal(s),Dead animal(s) in Chokkasandra Field inspection assigned to JHI officer.,Registered,2025-06-15 09:33:00.000000000
20765912,INDIAN_OPENCITY_BBMP,General Consumer Services,Removal of dead/fallen trees,"Removal of dead/fallen trees in Subedarapalya Please contact Area Supervisor, Suresh-[PHONE]",Closed,2025-06-15 09:31:00.000000000
20765907,INDIAN_OPENCITY_BBMP,General Consumer Services,Others,Others in Sarakki Field inspection assigned to Customer Support Representative officer.,Registered,2025-06-15 09:26:00.000000000
20765899,INDIAN_OPENCITY_BBMP,General Consumer Services,Road side drains,Road side drains in Hoysala Nagar Field inspection assigned to AE officer.,Registered,2025-06-15 09:22:00.000000000
20765897,INDIAN_OPENCITY_BBMP,General Consumer Services,Garbage dump,"Garbage dump in Moodalapalya Cleared, thank you",Closed,2025-06-15 09:18:00.000000000
20765891,INDIAN_OPENCITY_BBMP,General Consumer Services,Garbage vehicle not arrived,Garbage vehicle not arrived in Jakkur Closed,Closed,2025-06-15 09:11:00.000000000
20765889,INDIAN_OPENCITY_BBMP,General Consumer Services,Public dustbins not cleaned,Public dustbins not cleaned in Kadugodi Clear,Closed,2025-06-15 09:06:00.000000000
20765885,INDIAN_OPENCITY_BBMP,General Consumer Services,Animal birth control/neutering of stray dogs,Animal birth control/neutering of stray dogs in Arakere Field inspection assigned to VI officer.,Registered,2025-06-15 09:04:00.000000000
20765884,INDIAN_OPENCITY_BBMP,General Consumer Services,Stray dog related complaints,Stray dog related complaints in Nagapura Attended dogs not found,Closed,2025-06-15 09:02:00.000000000
20765883,INDIAN_OPENCITY_BBMP,General Consumer Services,Construction not done as per approved plan (Building Bye Law Violations),Construction not done as per approved plan (Building Bye Law Violations) in Thanisandra Field inspection assigned to AE officer.,Registered,2025-06-15 08:59:00.000000000
20765882,INDIAN_OPENCITY_BBMP,General Consumer Services,Stray dog related complaints,Stray dog related complaints in K.R.Puram We are vaccinating the dogs ward by ward when we attend your ward we do it,Closed,2025-06-15 08:58:00.000000000
20765881,INDIAN_OPENCITY_BBMP,General Consumer Services,Complaint against SW collector/ SWM official for violation of SWM Rules,Complaint against SW collector/ SWM official for violation of SWM Rules in Shettyhalli Solved,Closed,2025-06-15 08:58:00.000000000
20765878,INDIAN_OPENCITY_BBMP,General Consumer Services,Garbage dumping in vacant sites,Garbage dumping in vacant sites in Kempegowda Ward Field inspection assigned to Marshal officer.,Registered,2025-06-15 08:53:00.000000000
20765874,INDIAN_OPENCITY_BBMP,General Consumer Services,Food Quantity,Food Quantity in Uttarahalli .,Closed,2025-06-15 08:50:00.000000000
20765865,INDIAN_OPENCITY_BBMP,General Consumer Services,Anti Rabies Vaccination of stray dogs,Anti Rabies Vaccination of stray dogs in Ramamurthy Nagar We are doing vaccination ward by ward when attend your ward we will do,Closed,2025-06-15 08:44:00.000000000
20765863,INDIAN_OPENCITY_BBMP,General Consumer Services,Garbage dump,Garbage dump in Pattabhiram Nagar Garbeg daily clear,Closed,2025-06-15 08:42:00.000000000
20765862,INDIAN_OPENCITY_BBMP,General Consumer Services,Stray dog related complaints,Stray dog related complaints in Nandini Layout Attended,Closed,2025-06-15 08:41:00.000000000
20765858,INDIAN_OPENCITY_BBMP,General Consumer Services,Garbage vehicle not arrived,Garbage vehicle not arrived in Banaswadi Close,Closed,2025-06-15 08:32:00.000000000
20765855,INDIAN_OPENCITY_BBMP,General Consumer Services,Dead animal(s),Dead animal(s) in Rajarajeshwari Nagar Field inspection assigned to JHI officer.,Registered,2025-06-15 08:28:00.000000000
20765853,INDIAN_OPENCITY_BBMP,General Consumer Services,Garbage dump,Garbage dump in Ullalu Clear,Closed,2025-06-15 08:25:00.000000000
20765852,INDIAN_OPENCITY_BBMP,General Consumer Services,Garbage vehicle not arrived,Garbage vehicle not arrived in Thanisandra Cleard p,Closed,2025-06-15 08:24:00.000000000
20765851,INDIAN_OPENCITY_BBMP,General Consumer Services,Lake fencing damaged,Lake fencing damaged in Jakkur Field inspection assigned to AE officer.,Registered,2025-06-15 08:22:00.000000000
20765850,INDIAN_OPENCITY_BBMP,General Consumer Services,Garbage dump,Garbage dump in Banashankari Temple Ward ಯಾವುದೇ ರೀತಿಯಾದ ಆಕ್ಷನ್ ಅನ್ನು ತೆಗೆದುಕೊಂಡಿಲ್ಲ ಇನ್ನೂ ಕಸ ಅಲ್ಲೇ ಬಿದ್ದಿದೆ,ReOpen,2025-06-15 08:20:00.000000000
20765846,INDIAN_OPENCITY_BBMP,General Consumer Services,Garbage transfer not as per norms & area not kept clean,Garbage transfer not as per norms & area not kept clean in Bapuji Nagar Cleared,Closed,2025-06-15 08:14:00.000000000
20765843,INDIAN_OPENCITY_BBMP,General Consumer Services,Burning of Garbage in Open Space,Burning of Garbage in Open Space in Bapuji Nagar Cleared,Closed,2025-06-15 08:13:00.000000000
20765842,INDIAN_OPENCITY_BBMP,General Consumer Services,Road Infrastructure,Road Infrastructure in Visvesvarapuram Forwarded Task,Registered,2025-06-15 08:12:00.000000000
20765839,INDIAN_OPENCITY_BBMP,General Consumer Services,Animal Rescue - Not well - Requires attention,Animal Rescue - Not well - Requires attention in Mathikere We do the abc arv combained vaccine programme,Closed,2025-06-15 08:06:00.000000000
20765837,INDIAN_OPENCITY_BBMP,General Consumer Services,Garbage dumping in vacant sites,Garbage dumping in vacant sites in Bapuji Nagar Cleared,Closed,2025-06-15 08:04:00.000000000
20765835,INDIAN_OPENCITY_BBMP,General Consumer Services,Indira Canteen,Indira Canteen in H.M.T Field inspection assigned to SHI officer.,Registered,2025-06-15 08:03:00.000000000
20765833,INDIAN_OPENCITY_BBMP,Street/Public Electrical Infrastructure,Street Light Not Working,Street Light Not Working in Hosakerehalli as per citizen the complaint is not attended,ReOpen,2025-06-15 08:02:00.000000000
20765826,INDIAN_OPENCITY_BBMP,General Consumer Services,Fatally injured - Needs immediate attention,Fatally injured - Needs immediate attention in Ramamurthy Nagar Complaint attended,Closed,2025-06-15 07:51:00.000000000
20765825,INDIAN_OPENCITY_BBMP,General Consumer Services,Public dustbins not cleaned,Public dustbins not cleaned in Bapuji Nagar Cleared,Closed,2025-06-15 07:51:00.000000000
20765824,INDIAN_OPENCITY_BBMP,General Consumer Services,UnAuthorised Constructions,UnAuthorised Constructions in Dharmarayaswamy Temple Ward null,null,2025-06-15 07:51:00.000000000
20765822,INDIAN_OPENCITY_BBMP,General Consumer Services,Garbage vehicle not arrived,Garbage vehicle not arrived in Kammanahalli Resolved,Closed,2025-06-15 07:51:00.000000000
20765819,INDIAN_OPENCITY_BBMP,General Consumer Services,Garbage dump,Garbage dump in Bapuji Nagar Cleared,Closed,2025-06-15 07:48:00.000000000
20765816,INDIAN_OPENCITY_BBMP,General Consumer Services,Removal of dead/fallen trees,Removal of dead/fallen trees in Begur Resolved,Closed,2025-06-15 07:45:00.000000000
20765814,INDIAN_OPENCITY_BBMP,General Consumer Services,Stray dog related complaints,Stray dog related complaints in Ullalu Dog's cought for animals birth control operation and vaccination,Closed,2025-06-15 07:40:00.000000000
20765808,INDIAN_OPENCITY_BBMP,Street/Public Electrical Infrastructure,Street Lights Switched On During Day Time,Street Lights Switched On During Day Time in Benniganahalli Field inspection assigned to AE officer.,Registered,2025-06-15 07:29:00.000000000
20765807,INDIAN_OPENCITY_BBMP,General Consumer Services,Animal birth control/neutering of stray dogs,Animal birth control/neutering of stray dogs in Domlur Field inspection assigned to VI officer.,In Progress,2025-06-15 07:25:00.000000000
20765800,INDIAN_OPENCITY_BBMP,General Consumer Services,Removal of dead/fallen trees,Removal of dead/fallen trees in Hampi Nagar Field inspection assigned to DYRFO officer.,Registered,2025-06-15 07:06:00.000000000
20765798,INDIAN_OPENCITY_BBMP,General Consumer Services,Garbage dump,Garbage dump in Hoodi This Not in BBMP Limits please contact Margondanhalli Panchayati office,Closed,2025-06-15 06:58:00.000000000
20765797,INDIAN_OPENCITY_BBMP,General Consumer Services,Removal of dead/fallen trees,Removal of dead/fallen trees in Singasandra Resolved,Closed,2025-06-15 06:54:00.000000000
20765796,INDIAN_OPENCITY_BBMP,General Consumer Services,Public dustbins not cleaned,Public dustbins not cleaned in K.R.Market Close,Closed,2025-06-15 06:54:00.000000000
20765793,INDIAN_OPENCITY_BBMP,General Consumer Services,Road Infrastructure,Road Infrastructure in Basavanagudi Field inspection assigned to AE officer.,Registered,2025-06-15 06:37:00.000000000
20765790,INDIAN_OPENCITY_BBMP,General Consumer Services,Potholes,Potholes in Kempegowda Ward Field inspection assigned to AE officer.,Registered,2025-06-15 06:04:00.000000000
20765786,INDIAN_OPENCITY_BBMP,Street/Public Electrical Infrastructure,Street Light Not Working,Street Light Not Working in Nagavara Cleared,Closed,2025-06-15 02:30:00.000000000
20765779,INDIAN_OPENCITY_BBMP,General Consumer Services,Garbage dump,Garbage dump in Rajarajeshwari Nagar Forwarded Task,Registered,2025-06-14 11:55:00.000000000
20765776,INDIAN_OPENCITY_BBMP,General Consumer Services,Urination in Public/Open Defecation,Urination in Public/Open Defecation in Thanisandra Forwarded Task,Registered,2025-06-14 11:38:00.000000000
20765773,INDIAN_OPENCITY_BBMP,General Consumer Services,Flex and banners,Flex and banners in Ganga Nagar Field inspection assigned to ARO officer.,Registered,2025-06-14 11:24:00.000000000
20765766,INDIAN_OPENCITY_BBMP,General Consumer Services,Sewerage water left in SWD,Sewerage water left in SWD in Hemmigepura Forwarded Task It is not possible to clear the garbage in this area because there is sewage water. We will clear it after the sewage water stops.,Registered,2025-06-14 11:07:00.000000000
20765763,INDIAN_OPENCITY_BBMP,General Consumer Services,Lake not maintained properly,Lake not maintained properly in Herohalli Field inspection assigned to AE officer.,Registered,2025-06-14 11:06:00.000000000
20765762,INDIAN_OPENCITY_BBMP,General Consumer Services,Sewage inflow to lake,Sewage inflow to lake in Herohalli Field inspection assigned to AE officer.,Registered,2025-06-14 11:05:00.000000000
20765760,INDIAN_OPENCITY_BBMP,General Consumer Services,Debris Removal / Construction Material,Debris Removal / Construction Material in Hongasandra Debris removed,Closed,2025-06-14 11:03:00.000000000
20765758,INDIAN_OPENCITY_BBMP,General Consumer Services,Garbage vehicle not arrived,Garbage vehicle not arrived in Sanjay Nagar Cleared,Closed,2025-06-14 11:00:00.000000000
20765755,INDIAN_OPENCITY_BBMP,General Consumer Services,Animal Cruelty/Ill-Treated / Abused,Animal Cruelty/Ill-Treated / Abused in Sarakki Complaint Attended & Resolved,Closed,2025-06-14 10:51:00.000000000
20765753,INDIAN_OPENCITY_BBMP,General Consumer Services,Debris Removal / Construction Material,Debris Removal / Construction Material in HSR Layout Debris removed,Closed,2025-06-14 10:47:00.000000000
20765743,INDIAN_OPENCITY_BBMP,General Consumer Services,Stray dog related complaints,Stray dog related complaints in HSR Layout We cannot relocate the dog's only Animal birth control and ARV vaccination done our BBMP side As Per schedule.,Closed,2025-06-14 10:31:00.000000000
20765739,INDIAN_OPENCITY_BBMP,Street/Public Electrical Infrastructure,Street Light Not Working,Street Light Not Working in Shankaramata Complaint attended,Closed,2025-06-14 10:21:00.000000000
20765737,INDIAN_OPENCITY_BBMP,General Consumer Services,Stray dog related complaints,Stray dog related complaints in Dodda Bidarkallu Dog's cought for animals birth control and vaccination,Closed,2025-06-14 10:17:00.000000000
20765731,INDIAN_OPENCITY_BBMP,General Consumer Services,Animal birth control/neutering of stray dogs,Animal birth control/neutering of stray dogs in Gottigere Field inspection assigned to VI officer.,Registered,2025-06-14 10:01:00.000000000
20765728,INDIAN_OPENCITY_BBMP,Street/Public Electrical Infrastructure,Street Light Not Working,Street Light Not Working in Padarayanapura Complaint Attended,Closed,2025-06-14 09:58:00.000000000
20765725,INDIAN_OPENCITY_BBMP,Street/Public Electrical Infrastructure,Street Light Not Working,Street Light Not Working in Jakkur This is Budgetary work. New fitting will be provided on priority as and when available,Closed,2025-06-14 09:55:00.000000000
20765716,INDIAN_OPENCITY_BBMP,Street/Public Electrical Infrastructure,Street Light Not Working,Street Light Not Working in Marathalli Attended,Closed,2025-06-14 09:43:00.000000000
20765715,INDIAN_OPENCITY_BBMP,General Consumer Services,Garbage dump,Garbage dump in Herohalli Garbage dumped in road has been cleared,Closed,2025-06-14 09:34:00.000000000
20765712,INDIAN_OPENCITY_BBMP,Street/Public Electrical Infrastructure,Street Light Not Working,Street Light Not Working in Herohalli It's private LED,Closed,2025-06-14 09:29:00.000000000
20765711,INDIAN_OPENCITY_BBMP,General Consumer Services,Violation of rules by Shop rent / Leaser,Violation of rules by Shop rent / Leaser in Ejipura Above matter pertains to MOH (Medical Officer Health) Koramangala,Closed,2025-06-14 09:28:00.000000000
20765709,INDIAN_OPENCITY_BBMP,General Consumer Services,Garbage dump,Garbage dump in Hoodi This Not Comes under BBMP Limits please contact Margondanhalli Panchayati office,Closed,2025-06-14 09:26:00.000000000
20765708,INDIAN_OPENCITY_BBMP,Street/Public Electrical Infrastructure,Street Light Not Working,Street Light Not Working in Byrasandra attended,Closed,2025-06-14 09:26:00.000000000
20765706,INDIAN_OPENCITY_BBMP,General Consumer Services,Potholes,Potholes in Chikkalasandra Forwarded Task,Registered,2025-06-14 09:24:00.000000000
20765705,INDIAN_OPENCITY_BBMP,General Consumer Services,Garbage dump,Garbage dump in Hoodi This Not Comes under BBMP Limits please contact panchayti office,Closed,2025-06-14 09:22:00.000000000
20765703,INDIAN_OPENCITY_BBMP,Street/Public Electrical Infrastructure,Street Light Not Working,Street Light Not Working in Peenya Industrial Area RR NAGRA ZONE,Closed,2025-06-14 09:21:00.000000000
20765701,INDIAN_OPENCITY_BBMP,General Consumer Services,Garbage dump,Garbage dump in Shivaji Nagar Garbage clear,Closed,2025-06-14 09:18:00.000000000
20765700,INDIAN_OPENCITY_BBMP,General Consumer Services,Air/Noise pollution,Air/Noise pollution in Uttarahalli Ok,Closed,2025-06-14 09:15:00.000000000
20765698,INDIAN_OPENCITY_BBMP,Street/Public Electrical Infrastructure,Street Light Not Working,Street Light Not Working in Bapuji Nagar belong to west zone.,Closed,2025-06-14 09:13:00.000000000
20765691,INDIAN_OPENCITY_BBMP,Street/Public Electrical Infrastructure,Street Light Not Working,Street Light Not Working in Bapuji Nagar belong to west zone,Closed,2025-06-14 09:04:00.000000000
20765689,INDIAN_OPENCITY_BBMP,General Consumer Services,footpath encroachment,footpath encroachment in Muneshwara Nagar Field inspection assigned to AE officer.,Registered,2025-06-14 09:03:00.000000000
20765688,INDIAN_OPENCITY_BBMP,General Consumer Services,Garbage dump,Garbage dump in Ramaswamy Palya Cleared,Closed,2025-06-14 09:02:00.000000000
20765682,INDIAN_OPENCITY_BBMP,Street/Public Electrical Infrastructure,Street Light Not Working,Street Light Not Working in Gayathri Nagar Complaint Attended,Closed,2025-06-14 08:55:00.000000000
20765679,INDIAN_OPENCITY_BBMP,General Consumer Services,Air/Noise pollution,Air/Noise pollution in K.R.Puram Field inspection assigned to Customer Support Representative officer.,Non Relevant,2025-06-14 08:52:00.000000000
20765675,INDIAN_OPENCITY_BBMP,Street/Public Electrical Infrastructure,Street Light Not Working,Street Light Not Working in Jayamahal Resolved,Closed,2025-06-14 08:51:00.000000000
20765672,INDIAN_OPENCITY_BBMP,Street/Public Electrical Infrastructure,Street Light Not Working,Street Light Not Working in Sri Nagar Not comes to south zone . anjanpura ward .,Closed,2025-06-14 08:49:00.000000000
20765668,INDIAN_OPENCITY_BBMP,General Consumer Services,Garbage dumping in vacant sites,Garbage dumping in vacant sites in Nayandanahalli Resolved,Closed,2025-06-14 08:46:00.000000000
20765662,INDIAN_OPENCITY_BBMP,General Consumer Services,Garbage vehicle not arrived,Garbage vehicle not arrived in Jogupalya Forwarded Task. Pls mention your correct address its in saraswathi puram main channel road jogu palya not in jeevana kendra layout,Registered,2025-06-14 08:36:00.000000000
20765660,INDIAN_OPENCITY_BBMP,General Consumer Services,Air/Noise pollution,Air/Noise pollution in Kodigehalli Attended,Closed,2025-06-14 08:35:00.000000000
20765659,INDIAN_OPENCITY_BBMP,General Consumer Services,Road cutting,Road cutting in Hemmigepura Field inspection assigned to AE officer.,Registered,2025-06-14 08:33:00.000000000
20765658,INDIAN_OPENCITY_BBMP,Street/Public Electrical Infrastructure,Street Light Not Working,Street Light Not Working in Mathikere Complaint Attended,Closed,2025-06-14 08:32:00.000000000
20765656,INDIAN_OPENCITY_BBMP,General Consumer Services,Others,Others in K.R.Puram Field inspection assigned to Customer Support Representative officer.,Registered,2025-06-14 08:30:00.000000000
20765655,INDIAN_OPENCITY_BBMP,General Consumer Services,Garbage dump,Garbage dump in Shivaji Nagar Clear,Closed,2025-06-14 08:30:00.000000000
20765654,INDIAN_OPENCITY_BBMP,Street/Public Electrical Infrastructure,Street Light Not Working,Street Light Not Working in Konena Agrahara Resolved,Closed,2025-06-14 08:29:00.000000000
20765652,INDIAN_OPENCITY_BBMP,Street/Public Electrical Infrastructure,Street Light Not Working,Street Light Not Working in Nandini Layout Complaint attended,Closed,2025-06-14 08:24:00.000000000
20765651,INDIAN_OPENCITY_BBMP,Street/Public Electrical Infrastructure,Street Light Not Working,Street Light Not Working in Shakambari Nagar Attended,Closed,2025-06-14 08:24:00.000000000
20765650,INDIAN_OPENCITY_BBMP,General Consumer Services,BBMP  Properties Lease issues,BBMP Properties Lease issues in Hanumantha Nagar Field inspection assigned to ARO officer.,Registered,2025-06-14 08:20:00.000000000
20765649,INDIAN_OPENCITY_BBMP,Street/Public Electrical Infrastructure,Requirement For New Street Lights,Requirement For New Street Lights in Jakkur This is Budgetary work. New fitting will be provided on priority as and when available,Closed,2025-06-14 08:18:00.000000000
20765644,INDIAN_OPENCITY_BBMP,General Consumer Services,Garbage dump,Garbage dump in Pattabhiram Nagar Ckear,Closed,2025-06-14 08:12:00.000000000
20765642,INDIAN_OPENCITY_BBMP,Street/Public Electrical Infrastructure,Street Light Not Working,Street Light Not Working in Rajarajeshwari Nagar The same street lights are not working today. Please provide permanent solution,ReOpen,2025-06-14 08:11:00.000000000
20765641,INDIAN_OPENCITY_BBMP,General Consumer Services,Potholes,Potholes in Jaraganahalli Field inspection assigned to AE officer.,Registered,2025-06-14 08:11:00.000000000
20765639,INDIAN_OPENCITY_BBMP,General Consumer Services,obstructions Branches / Trees.,obstructions Branches / Trees. in K.R.Puram Field inspection assigned to DYRFO officer.,Registered,2025-06-14 08:10:00.000000000
20765638,INDIAN_OPENCITY_BBMP,General Consumer Services,Potholes,Potholes in Gurappanapalya Field inspection assigned to Customer Support Representative officer.,Non Relevant,2025-06-14 08:08:00.000000000
20765636,INDIAN_OPENCITY_BBMP,Street/Public Electrical Infrastructure,Street Light Not Working,Street Light Not Working in Subedarapalya Complaint Attended,Closed,2025-06-14 08:07:00.000000000
20765633,INDIAN_OPENCITY_BBMP,Street/Public Electrical Infrastructure,Street Light Not Working,Street Light Not Working in Marathalli Forwarded Task,Registered,2025-06-14 08:05:00.000000000
20765632,INDIAN_OPENCITY_BBMP,General Consumer Services,Debris Removal / Construction Material,Debris Removal / Construction Material in C.V.Raman Nagar Mention precise location and proper photos,Non Relevant,2025-06-14 08:04:00.000000000
20765630,INDIAN_OPENCITY_BBMP,Street/Public Electrical Infrastructure,Street Light Not Working,Street Light Not Working in Domlur Resolved,Closed,2025-06-14 08:01:00.000000000
20765626,INDIAN_OPENCITY_BBMP,General Consumer Services,Flex and banners,Flex and banners in Subedarapalya Field inspection assigned to ARO officer.,Registered,2025-06-14 07:53:00.000000000
20765618,INDIAN_OPENCITY_BBMP,General Consumer Services,UnAuthorised Constructions,UnAuthorised Constructions in Kadugodi Forwarded Task,Registered,2025-06-14 07:45:00.000000000
20765617,INDIAN_OPENCITY_BBMP,Street/Public Electrical Infrastructure,Requirement For New Street Lights,Requirement For New Street Lights in Rajarajeshwari Nagar Attended,Closed,2025-06-14 07:44:00.000000000
20765614,INDIAN_OPENCITY_BBMP,General Consumer Services,Garbage dump,Garbage dump in Varthur We are attend and given awareness them it's not repeat,Closed,2025-06-14 07:39:00.000000000
20765611,INDIAN_OPENCITY_BBMP,General Consumer Services,Potholes,Potholes in Jnanabharathi Ward nnn,Closed,2025-06-14 07:34:00.000000000
20765606,INDIAN_OPENCITY_BBMP,General Consumer Services,Road side drains,Road side drains in Sudduguntepalya Complaint. Belong. Tow-179,Non Relevant,2025-06-14 07:32:00.000000000
20765603,INDIAN_OPENCITY_BBMP,General Consumer Services,Potholes,Potholes in Jayanagar East Field inspection assigned to Customer Support Representative officer.,Non Relevant,2025-06-14 07:28:00.000000000
20765594,INDIAN_OPENCITY_BBMP,General Consumer Services,Road cutting,Road cutting in Peenya Industrial Area Field inspection assigned to AE officer.,Registered,2025-06-14 07:17:00.000000000
20765590,INDIAN_OPENCITY_BBMP,General Consumer Services,Stray dog related complaints,Stray dog related complaints in Kengeri Field inspection assigned to Customer Support Representative officer.,Non Relevant,2025-06-14 07:11:00.000000000
20765583,INDIAN_OPENCITY_BBMP,General Consumer Services,Garbage dump,Garbage dump in Benniganahalli Address not found Cal not responding,Closed,2025-06-14 07:04:00.000000000
20765580,INDIAN_OPENCITY_BBMP,General Consumer Services,Garbage vehicle not arrived,Garbage vehicle not arrived in Jayanagar East Ats arrived complaint cleared,Closed,2025-06-14 07:02:00.000000000
20765577,INDIAN_OPENCITY_BBMP,General Consumer Services,Noise during Building Construction,Noise during Building Construction in Vidyaranyapura Field inspection assigned to AE officer.,Registered,2025-06-14 06:59:00.000000000
20765570,INDIAN_OPENCITY_BBMP,General Consumer Services,Garbage vehicle not arrived,Garbage vehicle not arrived in Visvesvarapuram Clear,Closed,2025-06-14 06:55:00.000000000
20765565,INDIAN_OPENCITY_BBMP,General Consumer Services,Road Infrastructure,Road Infrastructure in Puttenahalli Field inspection assigned to AE officer.,Registered,2025-06-14 06:50:00.000000000
20765563,INDIAN_OPENCITY_BBMP,General Consumer Services,Sweeping not done,Sweeping not done in C.V.Raman Nagar Cleared,Closed,2025-06-14 06:47:00.000000000
20765557,INDIAN_OPENCITY_BBMP,Street/Public Electrical Infrastructure,Street Light Not Working,Street Light Not Working in Doddanekkundi Attended,Closed,2025-06-14 06:41:00.000000000
20765555,INDIAN_OPENCITY_BBMP,Street/Public Electrical Infrastructure,Street Light Not Working,Street Light Not Working in Domlur Forwarded Task,Registered,2025-06-14 06:38:00.000000000
20765554,INDIAN_OPENCITY_BBMP,General Consumer Services,Stray dog related complaints,Stray dog related complaints in Devasandra No reloction of dogs can be done as per supreme court order,Closed,2025-06-14 06:38:00.000000000
20765551,INDIAN_OPENCITY_BBMP,General Consumer Services,Road side drains,Road side drains in Devasandra Field inspection assigned to AE officer.,Registered,2025-06-14 06:35:00.000000000
20765547,INDIAN_OPENCITY_BBMP,General Consumer Services,Removal of dead/fallen trees,Removal of dead/fallen trees in C.V.Raman Nagar Plz upload photos,Closed,2025-06-14 06:32:00.000000000
20765546,INDIAN_OPENCITY_BBMP,Street/Public Electrical Infrastructure,Requirement For New Street Lights,Requirement For New Street Lights in Rajaji Nagar Complaint Attended,Closed,2025-06-14 06:32:00.000000000
20765545,INDIAN_OPENCITY_BBMP,General Consumer Services,Garbage dumping in vacant sites,Garbage dumping in vacant sites in Hemmigepura Complaint clear,Closed,2025-06-14 06:32:00.000000000
20765544,INDIAN_OPENCITY_BBMP,General Consumer Services,Garbage vehicle not arrived,Garbage vehicle not arrived in J.P.Nagar Garbage vechile arrived,Closed,2025-06-14 06:31:00.000000000
20765543,INDIAN_OPENCITY_BBMP,Street/Public Electrical Infrastructure,Street Light Not Working,Street Light Not Working in Ullalu Resolved,Closed,2025-06-14 06:27:00.000000000
20765537,INDIAN_OPENCITY_BBMP,General Consumer Services,obstructions Branches / Trees.,obstructions Branches / Trees. in Benniganahalli 63614 30192,Closed,2025-06-14 06:25:00.000000000
20765534,INDIAN_OPENCITY_BBMP,Street/Public Electrical Infrastructure,Street Light Not Working,Street Light Not Working in S.K.Garden Resolved,Closed,2025-06-14 06:24:00.000000000
20765532,INDIAN_OPENCITY_BBMP,Street/Public Electrical Infrastructure,Park Lights Not Working,Park Lights Not Working in Ulsoor Field inspection assigned to AE officer.,Registered,2025-06-14 06:22:00.000000000
20765531,INDIAN_OPENCITY_BBMP,General Consumer Services,Flex and banners,Flex and banners in Aramane Nagar Field inspection assigned to ARO officer.,Registered,2025-06-14 06:21:00.000000000
20765530,INDIAN_OPENCITY_BBMP,General Consumer Services,Road side drains,Road side drains in Bellandur Notice issued,Closed,2025-06-14 06:18:00.000000000
20765528,INDIAN_OPENCITY_BBMP,General Consumer Services,Removal of dead/fallen trees,Removal of dead/fallen trees in C.V.Raman Nagar 63614 30192,Closed,2025-06-14 06:17:00.000000000
20765524,INDIAN_OPENCITY_BBMP,General Consumer Services,water stagnation,water stagnation in Gandhi Nagar Forwarded Task,Registered,2025-06-14 06:09:00.000000000
20765521,INDIAN_OPENCITY_BBMP,General Consumer Services,Garbage dump,Garbage dump in Jayanagar East Garbage cleared,Closed,2025-06-14 06:04:00.000000000
20765520,INDIAN_OPENCITY_BBMP,Street/Public Electrical Infrastructure,Street Light Not Working,Street Light Not Working in Jnanabharathi Ward Not resolved. Electric pole identification number is visible in the attached picture.,ReOpen,2025-06-14 06:04:00.000000000
20765516,INDIAN_OPENCITY_BBMP,General Consumer Services,Debris Removal / Construction Material,Debris Removal / Construction Material in Domlur Field inspection assigned to AE officer.,Registered,2025-06-14 05:59:00.000000000
20765515,INDIAN_OPENCITY_BBMP,Street/Public Electrical Infrastructure,Street Light Not Working,Street Light Not Working in Jogupalya Resolved,Closed,2025-06-14 05:59:00.000000000
20765514,INDIAN_OPENCITY_BBMP,General Consumer Services,Anti Rabies Vaccination of stray dogs,Anti Rabies Vaccination of stray dogs in Hemmigepura Dog's cought for animals birth control operation and vaccination,Closed,2025-06-14 05:57:00.000000000
20765512,INDIAN_OPENCITY_BBMP,Street/Public Electrical Infrastructure,Street Light Not Working,Street Light Not Working in Basaveshwara Nagar Complaint Attended,Closed,2025-06-14 05:56:00.000000000
20765507,INDIAN_OPENCITY_BBMP,General Consumer Services,Stray dog related complaints,Stray dog related complaints in Hemmigepura Dog's cought for animals birth control operation and vaccination,Closed,2025-06-14 05:50:00.000000000
20765504,INDIAN_OPENCITY_BBMP,General Consumer Services,obstructions Branches / Trees.,obstructions Branches / Trees. in Ganga Nagar Forwarded Task,Registered,2025-06-14 05:43:00.000000000
20765499,INDIAN_OPENCITY_BBMP,General Consumer Services,Debris Removal / Construction Material,Debris Removal / Construction Material in Thanisandra The above complaint comes to major roads,Non Relevant,2025-06-14 05:37:00.000000000
20765498,INDIAN_OPENCITY_BBMP,Street/Public Electrical Infrastructure,Street Light Not Working,Street Light Not Working in Shakthiganapathi Nagar Complaint attended,Closed,2025-06-14 05:36:00.000000000
20765497,INDIAN_OPENCITY_BBMP,Street/Public Electrical Infrastructure,Street Light Not Working,Street Light Not Working in Shiva Nagar Complaint Attended,Closed,2025-06-14 05:36:00.000000000
20765496,INDIAN_OPENCITY_BBMP,General Consumer Services,Unhygienic premises in Hotel etc,Unhygienic premises in Hotel etc in Bellandur Attended,Closed,2025-06-14 05:34:00.000000000
20765491,INDIAN_OPENCITY_BBMP,General Consumer Services,Footpath,Footpath in Bellandur Spot inspection done necessary action will be taken at the earliest,Closed,2025-06-14 05:28:00.000000000
20765489,INDIAN_OPENCITY_BBMP,General Consumer Services,Garbage dump,Garbage dump in Yelachenahalli This location Showing jp nagar 3rd Phase,Closed,2025-06-14 05:25:00.000000000
20765488,INDIAN_OPENCITY_BBMP,General Consumer Services,Debris Removal / Construction Material,Debris Removal / Construction Material in Bellandur Forwarded Task,Registered,2025-06-14 05:22:00.000000000
20765479,INDIAN_OPENCITY_BBMP,Street/Public Electrical Infrastructure,Street Light Not Working,Street Light Not Working in K.R.Puram Attended,Closed,2025-06-14 05:14:00.000000000
20765477,INDIAN_OPENCITY_BBMP,General Consumer Services,Garbage vehicle not arrived,Garbage vehicle not arrived in Anjanapur Complaint cleared,Closed,2025-06-14 05:12:00.000000000
20765476,INDIAN_OPENCITY_BBMP,General Consumer Services,Road side drains,Road side drains in Hagadooru Forwarded Task,Registered,2025-06-14 05:11:00.000000000
20765475,INDIAN_OPENCITY_BBMP,Street/Public Electrical Infrastructure,Street Light Not Working,Street Light Not Working in Dharmarayaswamy Temple Ward Attended,Closed,2025-06-14 05:11:00.000000000
20765474,INDIAN_OPENCITY_BBMP,General Consumer Services,Garbage dump,Garbage dump in Chikpete ಇಲ್ಲಿ ಏನು ಕಸದ ಸನಸ್ಯೆ ಇಲ್ಲ,Closed,2025-06-14 05:10:00.000000000
20765472,INDIAN_OPENCITY_BBMP,General Consumer Services,Removal of dead/fallen trees,Removal of dead/fallen trees in Gottigere Resolved,Closed,2025-06-14 05:07:00.000000000
20765468,INDIAN_OPENCITY_BBMP,Street/Public Electrical Infrastructure,Street Light Not Working,Street Light Not Working in Hoodi Difficult to find the adress mention correct phone number,Closed,2025-06-14 05:04:00.000000000
20765464,INDIAN_OPENCITY_BBMP,General Consumer Services,Potholes,Potholes in HSR Layout 24th main road comes under Major road department,Non Relevant,2025-06-14 04:59:00.000000000
20765462,INDIAN_OPENCITY_BBMP,General Consumer Services,Garbage dumping in vacant sites,Garbage dumping in vacant sites in Jakkur Field inspection assigned to Marshal officer.,In Progress,2025-06-14 04:55:00.000000000
20765458,INDIAN_OPENCITY_BBMP,General Consumer Services,Garbage dumping in vacant sites,Garbage dumping in vacant sites in HBR Layout Cleared,Closed,2025-06-14 04:50:00.000000000
20765457,INDIAN_OPENCITY_BBMP,General Consumer Services,Removal of dead/fallen trees,Removal of dead/fallen trees in Banaswadi 73488 25779,Closed,2025-06-14 04:49:00.000000000
20765456,INDIAN_OPENCITY_BBMP,General Consumer Services,Garbage dumping in vacant sites,Garbage dumping in vacant sites in Jaraganahalli Complaint clear,Closed,2025-06-14 04:48:00.000000000
20765455,INDIAN_OPENCITY_BBMP,General Consumer Services,Garbage dumping in vacant sites,Garbage dumping in vacant sites in Kumaraswamy Layout Clear,Closed,2025-06-14 04:47:00.000000000
20765454,INDIAN_OPENCITY_BBMP,General Consumer Services,Garbage dump,Garbage dump in H.M.T Compliant clear Sir this complaint under ward no 15,Closed,2025-06-14 04:46:00.000000000
20765453,INDIAN_OPENCITY_BBMP,General Consumer Services,Garbage dump,Garbage dump in Lingarajapuram This complaint not related to Lingarajpuram ward,Closed,2025-06-14 04:46:00.000000000
20765451,INDIAN_OPENCITY_BBMP,General Consumer Services,Garbage dumping in vacant sites,Garbage dumping in vacant sites in Jalahalli Cleared,Closed,2025-06-14 04:43:00.000000000
20765450,INDIAN_OPENCITY_BBMP,General Consumer Services,Road Infrastructure,Road Infrastructure in Giri Nagar Forwarded Task,Registered,2025-06-14 04:42:00.000000000
20765448,INDIAN_OPENCITY_BBMP,General Consumer Services,Garbage dumping in vacant sites,Garbage dumping in vacant sites in Uttarahalli Field inspection assigned to Marshal officer.,Registered,2025-06-14 04:41:00.000000000
20765446,INDIAN_OPENCITY_BBMP,General Consumer Services,Anti Rabies Vaccination of stray dogs,Anti Rabies Vaccination of stray dogs in Maruthi Seva Nagar ARV drive is being conducted every year in all the wards of Bbmp on rotation system. ARV drive will be conducted in this respective ward very soon on its turn.,Closed,2025-06-14 04:40:00.000000000
20765445,INDIAN_OPENCITY_BBMP,General Consumer Services,Sewerage water left in SWD,Sewerage water left in SWD in Uttarahalli Field inspection assigned to AE officer.,Registered,2025-06-14 04:38:00.000000000
20765444,INDIAN_OPENCITY_BBMP,General Consumer Services,Garbage dump,Garbage dump in Sagayapuram Clear sir,Closed,2025-06-14 04:38:00.000000000
20765441,INDIAN_OPENCITY_BBMP,General Consumer Services,Unavailability of staff,Unavailability of staff in Jeevanbhima Nagar Field inspection assigned to SHI officer.,Registered,2025-06-14 04:36:00.000000000
20765437,INDIAN_OPENCITY_BBMP,General Consumer Services,Removal of dead/fallen trees,Removal of dead/fallen trees in Pulikeshi Nagar +91 90354 49535,Closed,2025-06-14 04:35:00.000000000
20765435,INDIAN_OPENCITY_BBMP,General Consumer Services,Animal Rescue - Not well - Requires attention,Animal Rescue - Not well - Requires attention in Kadugondanahalli Field inspection assigned to VI officer.,Registered,2025-06-14 04:33:00.000000000
20765433,INDIAN_OPENCITY_BBMP,General Consumer Services,Ekhata - name correction,Ekhata - name correction in Bapuji Nagar e katha correction done by case worker now it is in revenue officer login,Closed,2025-06-14 04:29:00.000000000
20765431,INDIAN_OPENCITY_BBMP,General Consumer Services,obstructions Branches / Trees.,obstructions Branches / Trees. in Hanumantha Nagar Field inspection assigned to DYRFO officer.,Registered,2025-06-14 04:26:00.000000000
20765428,INDIAN_OPENCITY_BBMP,General Consumer Services,Dumping of garbage into lake,Dumping of garbage into lake in Uttarahalli Forwarded Task,Registered,2025-06-14 04:24:00.000000000
20765427,INDIAN_OPENCITY_BBMP,General Consumer Services,Garbage dumping in vacant sites,Garbage dumping in vacant sites in J.P.Park Cleared,Closed,2025-06-14 04:24:00.000000000
20765426,INDIAN_OPENCITY_BBMP,Street/Public Electrical Infrastructure,Street Light Not Working,Street Light Not Working in A.Narayanapura Attended,Closed,2025-06-14 04:23:00.000000000
20765422,INDIAN_OPENCITY_BBMP,General Consumer Services,obstructions Branches / Trees.,obstructions Branches / Trees. in Basavanagudi Forwarded Task,Registered,2025-06-14 04:21:00.000000000
20765417,INDIAN_OPENCITY_BBMP,General Consumer Services,Road Infrastructure,Road Infrastructure in Rajamahal Field inspection assigned to AE officer.,Registered,2025-06-14 04:13:00.000000000
20765415,INDIAN_OPENCITY_BBMP,General Consumer Services,Others,Others in Chokkasandra Field inspection assigned to Customer Support Representative officer.,Registered,2025-06-14 04:06:00.000000000
20765409,INDIAN_OPENCITY_BBMP,General Consumer Services,"Khata Services (Registration, Transfer, Bifurcation and Amalgamation)","Khata Services (Registration, Transfer, Bifurcation and Amalgamation) in Jnanabharathi Ward ಅರ್ಜಿದಾರರ ಜೊತೆ ದೂರವಾಣಿ ಮೂಲಕ ಮಾತನಾಡಿ ಸದರಿ ವಿಳಾಸದ ಸ್ವತ್ತು ತಮಗೆ ಸೇರಿದ ಆಸ್ತಿಯಲ್ಲವೆಂದು ಸದರಿ ಪ್ರಕರಣವನ್ನು ಮುಕ್ತಾಯಗೊಳಿಸಲು ತಿಳಿಸಿರುತ್ತಾರೆ",Closed,2025-06-14 03:58:00.000000000
20765407,INDIAN_OPENCITY_BBMP,General Consumer Services,footpath encroachment,footpath encroachment in Dr.Rajkumar Ward Field inspection assigned to Customer Support Representative officer.,Non Relevant,2025-06-14 03:57:00.000000000
20765401,INDIAN_OPENCITY_BBMP,General Consumer Services,Ekhata Other corrections,Ekhata Other corrections in Begur ಪೂರಕ ದಾಕಲೆ ಸಲ್ಲಿಸಿ ಮಾಹಿತಿ ಪಡೆಯಬಹುದಾಗಿದೆ,Closed,2025-06-14 03:50:00.000000000
20765398,INDIAN_OPENCITY_BBMP,General Consumer Services,Garbage dumping in vacant sites,Garbage dumping in vacant sites in Vidyaranyapura Complient resolved,Closed,2025-06-14 03:46:00.000000000
20765392,INDIAN_OPENCITY_BBMP,General Consumer Services,Garbage dump,Garbage dump in Kengeri This vehicle number send the my iruthurity,Closed,2025-06-14 03:39:00.000000000
20765391,INDIAN_OPENCITY_BBMP,General Consumer Services,Gym/Children Play equipment in the parks,Gym/Children Play equipment in the parks in Vignana Nagar Field inspection assigned to HS officer.,Registered,2025-06-14 03:39:00.000000000
20765390,INDIAN_OPENCITY_BBMP,General Consumer Services,Others,Others in Rajarajeshwari Nagar Field inspection assigned to Customer Support Representative officer.,Registered,2025-06-14 03:36:00.000000000
20765375,INDIAN_OPENCITY_BBMP,General Consumer Services,Garbage dump,Garbage dump in Hosahalli Clear,Closed,2025-06-14 03:17:00.000000000
20765370,INDIAN_OPENCITY_BBMP,General Consumer Services,Maintenance of SWD,Maintenance of SWD in Visvesvarapuram Field inspection assigned to AE officer.,Registered,2025-06-14 03:13:00.000000000
20765369,INDIAN_OPENCITY_BBMP,General Consumer Services,Road side drains,Road side drains in Pattabhiram Nagar Field inspection assigned to Customer Support Representative officer.,Non Relevant,2025-06-14 03:10:00.000000000
20765368,INDIAN_OPENCITY_BBMP,General Consumer Services,ekhata approval pending with ARO,ekhata approval pending with ARO in Kushal Nagar Not related to ARO kg halli,Closed,2025-06-14 03:08:00.000000000
20765367,INDIAN_OPENCITY_BBMP,General Consumer Services,Stray/Rabid dog bite,"Stray/Rabid dog bite in Hoysala Nagar As you did not furnish the dog bite details, your complaint is closed on your consent.",Closed,2025-06-14 03:06:00.000000000
20765363,INDIAN_OPENCITY_BBMP,General Consumer Services,Potholes,Potholes in Vidyapeetha Field inspection assigned to Customer Support Representative officer.,Non Relevant,2025-06-14 03:01:00.000000000
20765360,INDIAN_OPENCITY_BBMP,General Consumer Services,Garbage dumping in vacant sites,Garbage dumping in vacant sites in Laggere Complaint cleared,Closed,2025-06-14 02:57:00.000000000
20765357,INDIAN_OPENCITY_BBMP,General Consumer Services,Ekhata - name correction,Ekhata - name correction in Herohalli cleared,Closed,2025-06-14 02:56:00.000000000
20765354,INDIAN_OPENCITY_BBMP,General Consumer Services,Garbage dumping in vacant sites,Garbage dumping in vacant sites in Yadiyuru Clear,Closed,2025-06-14 02:55:00.000000000
20765353,INDIAN_OPENCITY_BBMP,General Consumer Services,Stray dog related complaints,Stray dog related complaints in Vrushabhavati Nagar Attended,Closed,2025-06-14 02:54:00.000000000
20765351,INDIAN_OPENCITY_BBMP,General Consumer Services,Water related issue,Water related issue in Jakkur Field inspection assigned to AE officer.,Registered,2025-06-14 02:44:00.000000000
20765350,INDIAN_OPENCITY_BBMP,General Consumer Services,Road side drains,Road side drains in HBR Layout Update soon,Closed,2025-06-14 02:44:00.000000000
20765348,INDIAN_OPENCITY_BBMP,General Consumer Services,Garbage vehicle not arrived,Garbage vehicle not arrived in Rajarajeshwari Nagar Clear,Closed,2025-06-14 02:41:00.000000000
20765345,INDIAN_OPENCITY_BBMP,General Consumer Services,Issues Related to Parks/Medians/Circles/Island.,Issues Related to Parks/Medians/Circles/Island. in Hemmigepura Field inspection assigned to HS officer.,Registered,2025-06-14 02:37:00.000000000
20765342,INDIAN_OPENCITY_BBMP,General Consumer Services,Garbage dump,Garbage dump in Kottigepalya Forwarded Task,Registered,2025-06-14 02:34:00.000000000
20765340,INDIAN_OPENCITY_BBMP,General Consumer Services,Road side drains,Road side drains in Cottonpet Field inspection assigned to AE officer.,Registered,2025-06-14 02:32:00.000000000
20765337,INDIAN_OPENCITY_BBMP,General Consumer Services,Stray dog related complaints,Stray dog related complaints in Shettyhalli attended,Closed,2025-06-14 02:30:00.000000000
20765335,INDIAN_OPENCITY_BBMP,General Consumer Services,Ekhata Area Correction,Ekhata Area Correction in Begur ಬೇಗೂರು ಕಛೇರಿಗೆ ಪೂರಕ ದಾಕಲೆ ಸಲ್ಲಿಸಿ ತಿದ್ದುಪಡಿ ಮಾಡಬಹುದಾಗಿದೆ,Closed,2025-06-14 02:26:00.000000000
20765334,INDIAN_OPENCITY_BBMP,General Consumer Services,"Khata Services (Registration, Transfer, Bifurcation and Amalgamation)","Khata Services (Registration, Transfer, Bifurcation and Amalgamation) in Jakkur Names will be Corrected soon",Closed,2025-06-14 02:26:00.000000000
20765333,INDIAN_OPENCITY_BBMP,General Consumer Services,Stray dog related complaints,Stray dog related complaints in Doddanekkundi No reloction of dogs can be done as per supreme court order,Closed,2025-06-14 02:26:00.000000000
20765329,INDIAN_OPENCITY_BBMP,General Consumer Services,Issues Related to Parks/Medians/Circles/Island.,Issues Related to Parks/Medians/Circles/Island. in Pattabhiram Nagar resolved complain,Closed,2025-06-14 02:23:00.000000000
20765328,INDIAN_OPENCITY_BBMP,Street/Public Electrical Infrastructure,Street Light Not Working,Street Light Not Working in Jnanabharathi Ward The complainant is not answering the call,Closed,2025-06-14 02:23:00.000000000
20765325,INDIAN_OPENCITY_BBMP,General Consumer Services,Stray dog related complaints,Stray dog related complaints in HAL Airport Did not pick up the call No relocation of dogs can be done as per supreme court order,Closed,2025-06-14 02:21:00.000000000
20765324,INDIAN_OPENCITY_BBMP,General Consumer Services,Garbage dump,Garbage dump in Kumaraswamy Layout Complaint received multiple times considering one complaint will clear ASAP,Closed,2025-06-14 02:21:00.000000000
20765323,INDIAN_OPENCITY_BBMP,General Consumer Services,Play Grounds,Play Grounds in Hoysala Nagar Field inspection assigned to HS officer.,Registered,2025-06-14 02:20:00.000000000
20765322,INDIAN_OPENCITY_BBMP,General Consumer Services,"Khata Services (Registration, Transfer, Bifurcation and Amalgamation)","Khata Services (Registration, Transfer, Bifurcation and Amalgamation) in Moodalapalya PLEASE SUBMIT THE B - FORM ISSUED FORM BBMP AND OTHER RELATED PROPERTY DOCUMENTS TO OFFICE",Closed,2025-06-14 02:19:00.000000000
20765319,INDIAN_OPENCITY_BBMP,General Consumer Services,"Khata Services (Registration, Transfer, Bifurcation and Amalgamation)","Khata Services (Registration, Transfer, Bifurcation and Amalgamation) in Jakkur The Issue will be resolved soon",Closed,2025-06-14 02:16:00.000000000
20765314,INDIAN_OPENCITY_BBMP,General Consumer Services,Footpath,Footpath in Vasanthapura .,Closed,2025-06-14 02:09:00.000000000
20765313,INDIAN_OPENCITY_BBMP,General Consumer Services,Garbage dump,Garbage dump in Kacharakanahalli SWM related cleared,Closed,2025-06-14 02:08:00.000000000
20765310,INDIAN_OPENCITY_BBMP,General Consumer Services,"Khata Services (Registration, Transfer, Bifurcation and Amalgamation)","Khata Services (Registration, Transfer, Bifurcation and Amalgamation) in Benniganahalli this property comes not our under jurisdiction",Closed,2025-06-14 02:07:00.000000000
20765309,INDIAN_OPENCITY_BBMP,General Consumer Services,Garbage dump,Garbage dump in Sri Nagar Garbage clear,Closed,2025-06-14 02:02:00.000000000
20765307,INDIAN_OPENCITY_BBMP,General Consumer Services,Garbage vehicle not arrived,Garbage vehicle not arrived in Yadiyuru Clear,Closed,2025-06-14 02:00:00.000000000
20765306,INDIAN_OPENCITY_BBMP,General Consumer Services,obstructions Branches / Trees.,"obstructions Branches / Trees. in Marenahalli Please contact Area Supervisor, Ganesh-[PHONE]",Closed,2025-06-14 02:00:00.000000000
20765304,INDIAN_OPENCITY_BBMP,General Consumer Services,TEC,TEC in Vijay Nagar Field inspection assigned to AE officer.,Registered,2025-06-14 01:57:00.000000000
20765303,INDIAN_OPENCITY_BBMP,General Consumer Services,Use of banned single use plastic,Use of banned single use plastic in Dodda Bidarkallu Field inspection assigned to SHI officer.,Registered,2025-06-14 01:56:00.000000000
20765301,INDIAN_OPENCITY_BBMP,General Consumer Services,Garbage dump,Garbage dump in Mallasandra COMAPLINT RELATED TO ENGENEER DEPARTMENT,Closed,2025-06-14 01:55:00.000000000
20765299,INDIAN_OPENCITY_BBMP,General Consumer Services,UnAuthorised Constructions,"UnAuthorised Constructions in Hagadooru Forwarded Task Shivakuntamma Temple road,",Registered,2025-06-14 01:52:00.000000000
20765298,INDIAN_OPENCITY_BBMP,General Consumer Services,Stray/Rabid dog bite,Stray/Rabid dog bite in Doddanekkundi Complaint attended,Closed,2025-06-14 01:50:00.000000000
20765294,INDIAN_OPENCITY_BBMP,General Consumer Services,Animal birth control/neutering of stray dogs,Animal birth control/neutering of stray dogs in Jakkur STRICTLY NO RELOCATION OF DOGS IT'S AGAINST THE RULE.,Closed,2025-06-14 01:47:00.000000000
20765293,INDIAN_OPENCITY_BBMP,General Consumer Services,Stray dog related complaints,Stray dog related complaints in Jakkur Spoken with the concern person. STRICTLY NO RELOCATION OF DOGS IT'S AGAINST THE RULE. ABC OPERATION ARV VACCINATION WILL BE FUNCTIONING REGULARLY.,Closed,2025-06-14 01:46:00.000000000
20765291,INDIAN_OPENCITY_BBMP,General Consumer Services,Potholes,Potholes in Hoodi its not our justriction,Closed,2025-06-14 01:45:00.000000000
20765290,INDIAN_OPENCITY_BBMP,General Consumer Services,Air/Noise pollution,Air/Noise pollution in Hegganahalli Complaint attended,Closed,2025-06-14 01:42:00.000000000
20765287,INDIAN_OPENCITY_BBMP,General Consumer Services,Road side drains,Road side drains in Rayapuram Cleared,Closed,2025-06-14 01:40:00.000000000
20765281,INDIAN_OPENCITY_BBMP,General Consumer Services,UnAuthorised Building Constructions,UnAuthorised Building Constructions in Sanjay Nagar Field inspection assigned to AE officer.,Registered,2025-06-14 01:36:00.000000000
20765280,INDIAN_OPENCITY_BBMP,General Consumer Services,Road cutting,Road cutting in Jagajeevanram Nagar Field inspection assigned to Customer Support Representative officer.,Non Relevant,2025-06-14 01:36:00.000000000
20765278,INDIAN_OPENCITY_BBMP,General Consumer Services,Stray dog related complaints,Stray dog related complaints in Vidyaranyapura Repeated Complaint. STRICTLY NO RELOCATION OF DOGS IT'S AGAINST THE RULE. ABC operation and ARV vaccination has been functioning regularly in this ward,Closed,2025-06-14 01:33:00.000000000
20765277,INDIAN_OPENCITY_BBMP,General Consumer Services,Others,Others in Puttenahalli Forwarded Task,Registered,2025-06-14 01:31:00.000000000
20765276,INDIAN_OPENCITY_BBMP,General Consumer Services,Garbage vehicle not arrived,Garbage vehicle not arrived in HSR Layout this complaint is clear sir,Closed,2025-06-14 01:30:00.000000000
20765275,INDIAN_OPENCITY_BBMP,General Consumer Services,Garbage dump,Garbage dump in Domlur Complaint is cleared thank you,Closed,2025-06-14 01:30:00.000000000
20765274,INDIAN_OPENCITY_BBMP,General Consumer Services,Potholes,Potholes in Nagavara Field inspection assigned to AE officer.,Registered,2025-06-14 01:29:00.000000000
20765273,INDIAN_OPENCITY_BBMP,General Consumer Services,Removal of dead/fallen trees,"Removal of dead/fallen trees in Kamakshipalya Please contact Area Supervisor, Maruthi-[PHONE]",Closed,2025-06-14 01:28:00.000000000
20765271,INDIAN_OPENCITY_BBMP,General Consumer Services,Others,Others in Banashankari Temple Ward Field inspection assigned to Customer Support Representative officer.,Registered,2025-06-14 01:26:00.000000000
20765270,INDIAN_OPENCITY_BBMP,General Consumer Services,Garbage dump,Garbage dump in Bharathi Nagar Garbage clear,Closed,2025-06-14 01:26:00.000000000
20765267,INDIAN_OPENCITY_BBMP,Street/Public Electrical Infrastructure,Street Light Not Working,Street Light Not Working in Shivaji Nagar Resolved,Closed,2025-06-14 01:23:00.000000000
20765266,INDIAN_OPENCITY_BBMP,General Consumer Services,Road side drains,Road side drains in Hampi Nagar Field inspection assigned to AE officer.,Registered,2025-06-14 01:22:00.000000000
20765264,INDIAN_OPENCITY_BBMP,General Consumer Services,Animal Rescue - Not well - Requires attention,Animal Rescue - Not well - Requires attention in Kodigehalli Spoken with the concern person.,Closed,2025-06-14 01:21:00.000000000
20765263,INDIAN_OPENCITY_BBMP,General Consumer Services,Garbage dump,Garbage dump in Hebbal Complaint resolved daily basis clearing sir/ma'am.,Closed,2025-06-14 01:21:00.000000000
20765258,INDIAN_OPENCITY_BBMP,General Consumer Services,Ekhata missing in online,Ekhata missing in online in Malleshwaram kindly visit office with respective documents,Closed,2025-06-14 01:17:00.000000000
20765255,INDIAN_OPENCITY_BBMP,General Consumer Services,Road cutting,Road cutting in Puttenahalli Field inspection assigned to AE officer.,Registered,2025-06-14 01:15:00.000000000
20765253,INDIAN_OPENCITY_BBMP,General Consumer Services,Stray/Rabid dog bite,Stray/Rabid dog bite in Dodda Bidarkallu Dog's cought for animals birth control and vaccination,Closed,2025-06-14 01:14:00.000000000
20765252,INDIAN_OPENCITY_BBMP,General Consumer Services,Garbage dump,Garbage dump in Puttenahalli Litigation site,Closed,2025-06-14 01:13:00.000000000
20765248,INDIAN_OPENCITY_BBMP,Street/Public Electrical Infrastructure,Street Lights Switched On During Day Time,Street Lights Switched On During Day Time in Vijanapura Attended,Closed,2025-06-14 01:12:00.000000000
20765247,INDIAN_OPENCITY_BBMP,Street/Public Electrical Infrastructure,Open Electrical Junction Box,Open Electrical Junction Box in Vidyaranyapura Resolved,Closed,2025-06-14 01:12:00.000000000
20765245,INDIAN_OPENCITY_BBMP,General Consumer Services,Animal Rescue - Not well - Requires attention,Animal Rescue - Not well - Requires attention in J.P.Nagar Sir Please contact stray dog rescue team officer Dr Shrinath Assistant Director mb [PHONE],Closed,2025-06-14 01:11:00.000000000
20765242,INDIAN_OPENCITY_BBMP,General Consumer Services,Garbage dump,Garbage dump in Vannarpet Complaint clear,Closed,2025-06-14 01:07:00.000000000
20765239,INDIAN_OPENCITY_BBMP,General Consumer Services,Stray/Rabid dog bite,Stray/Rabid dog bite in Hebbal Field inspection assigned to VI officer.,In Progress,2025-06-14 01:03:00.000000000
20765237,INDIAN_OPENCITY_BBMP,Street/Public Electrical Infrastructure,Street Light Not Working,Street Light Not Working in Chikkalasandra attended,Closed,2025-06-14 01:01:00.000000000
20765235,INDIAN_OPENCITY_BBMP,General Consumer Services,Garbage vehicle not arrived,Garbage vehicle not arrived in Hoodi Still not yet resolved,ReOpen,2025-06-14 01:01:00.000000000
20765233,INDIAN_OPENCITY_BBMP,General Consumer Services,Gym/Children Play equipment in the parks,Gym/Children Play equipment in the parks in Kottigepalya Field inspection assigned to HS officer.,Registered,2025-06-14 12:59:00.000000000
20765232,INDIAN_OPENCITY_BBMP,General Consumer Services,Removal of dead/fallen trees,Removal of dead/fallen trees in Sagayapuram +91 90354 49535,Closed,2025-06-14 12:59:00.000000000
20765229,INDIAN_OPENCITY_BBMP,Street/Public Electrical Infrastructure,Street Light Not Working,Street Light Not Working in Chamrajpet Complaint Attended,Closed,2025-06-14 12:56:00.000000000
20765227,INDIAN_OPENCITY_BBMP,General Consumer Services,Garbage dump,Garbage dump in Byrasandra this address not related 169 Ward and complaint person not pick The call so,Closed,2025-06-14 12:54:00.000000000
20765225,INDIAN_OPENCITY_BBMP,General Consumer Services,Garbage vehicle not arrived,Garbage vehicle not arrived in Hoodi Not 15 days vehicle yesterday came Geo photo atteched check Once,Closed,2025-06-14 12:51:00.000000000
20765224,INDIAN_OPENCITY_BBMP,General Consumer Services,Mutton/Chicken/fish stall Unhygienic maintenance,Mutton/Chicken/fish stall Unhygienic maintenance in Begur Field inspection assigned to VI officer.,Registered,2025-06-14 12:51:00.000000000
20765219,INDIAN_OPENCITY_BBMP,General Consumer Services,"Khata Services (Registration, Transfer, Bifurcation and Amalgamation)","Khata Services (Registration, Transfer, Bifurcation and Amalgamation) in Begur ಪೂರಕ ದಾಕಲೆ ಸಲ್ಲಿಸಿ ಮಾಹಿತಿ ಪಡೆಯಬಹುದಾಗಿದೆ",Closed,2025-06-14 12:49:00.000000000
20765217,INDIAN_OPENCITY_BBMP,General Consumer Services,Garbage dump,Garbage dump in Jeevanbhima Nagar We the SWM team Is monitoring this spot regular clearning for marshal not only this spot medam I have to monitor the whole ward Blackspots I have to patrol the whole ward medam we will monitor this medam Thank you,Closed,2025-06-14 12:46:00.000000000
20765214,INDIAN_OPENCITY_BBMP,General Consumer Services,Without permission digging of road,Without permission digging of road in J.P.Park Field inspection assigned to AEE officer.,Registered,2025-06-14 12:44:00.000000000
20765210,INDIAN_OPENCITY_BBMP,General Consumer Services,Animal Rescue - Not well - Requires attention,Animal Rescue - Not well - Requires attention in Uttarahalli Contact 1962,Closed,2025-06-14 12:40:00.000000000
20765205,INDIAN_OPENCITY_BBMP,General Consumer Services,Garbage dump,Garbage dump in Rajarajeshwari Nagar Clear,Closed,2025-06-14 12:34:00.000000000
20765203,INDIAN_OPENCITY_BBMP,Street/Public Electrical Infrastructure,Street Light Not Working,Street Light Not Working in Kengeri Resolved,Closed,2025-06-14 12:33:00.000000000
20765199,INDIAN_OPENCITY_BBMP,General Consumer Services,Garbage dump,Garbage dump in Hoodi Without Fencing open Can't able Clear,Closed,2025-06-14 12:32:00.000000000
20765192,INDIAN_OPENCITY_BBMP,General Consumer Services,footpath encroachment,footpath encroachment in HSR Layout Field inspection assigned to AE officer.,Registered,2025-06-14 12:28:00.000000000
20765190,INDIAN_OPENCITY_BBMP,Street/Public Electrical Infrastructure,Requirement For New Street Lights,Requirement For New Street Lights in Hemmigepura This complaint belongs to BDA kindly contact them,Closed,2025-06-14 12:28:00.000000000
20765186,INDIAN_OPENCITY_BBMP,General Consumer Services,Unhygienic premises in Hotel etc,Unhygienic premises in Hotel etc in Banaswadi Field inspection assigned to SHI officer.,Registered,2025-06-14 12:26:00.000000000
20765182,INDIAN_OPENCITY_BBMP,General Consumer Services,obstructions Branches / Trees.,"obstructions Branches / Trees. in Singasandra Please submit application to Forest Department, BBMP Head Office",Closed,2025-06-14 12:25:00.000000000
20765181,INDIAN_OPENCITY_BBMP,General Consumer Services,Garbage vehicle not arrived,Garbage vehicle not arrived in Marenahalli Cleared,Closed,2025-06-14 12:24:00.000000000
20765179,INDIAN_OPENCITY_BBMP,General Consumer Services,Animal birth control/neutering of stray dogs,Animal birth control/neutering of stray dogs in Hoodi Field inspection assigned to VI officer.,Registered,2025-06-14 12:24:00.000000000
20765178,INDIAN_OPENCITY_BBMP,General Consumer Services,Potholes,Potholes in Bellandur Estimate done and sent for approval work will start at the earliest,Closed,2025-06-14 12:23:00.000000000
20765177,INDIAN_OPENCITY_BBMP,General Consumer Services,Sweeping not done,Sweeping not done in Singasandra Resolved,Closed,2025-06-14 12:23:00.000000000
20765176,INDIAN_OPENCITY_BBMP,General Consumer Services,Garbage dump,Garbage dump in Domlur Clearing sir,Closed,2025-06-14 12:23:00.000000000
20765174,INDIAN_OPENCITY_BBMP,General Consumer Services,Garbage dump,Garbage dump in Benniganahalli Complaint resolved sir,Closed,2025-06-14 12:22:00.000000000
20765170,INDIAN_OPENCITY_BBMP,General Consumer Services,Garbage vehicle not arrived,Garbage vehicle not arrived in Banashankari Temple Ward Clear,Closed,2025-06-14 12:21:00.000000000
20765164,INDIAN_OPENCITY_BBMP,General Consumer Services,Animal Rescue - Not well - Requires attention,Animal Rescue - Not well - Requires attention in Manorayanapalya Field inspection assigned to VI officer.,In Progress,2025-06-14 12:20:00.000000000
20765160,INDIAN_OPENCITY_BBMP,General Consumer Services,Garbage dump,Garbage dump in Ramamurthy Nagar This is coming under panchayat not on BBMP so please contact Panchi for cleaning activity [PHONE],Closed,2025-06-14 12:17:00.000000000
20765156,INDIAN_OPENCITY_BBMP,General Consumer Services,new Khata / Ekhata registration / creation,new Khata / Ekhata registration / creation in Anjanapur It is Technical eror outomatically It will get Resolved Shortly,Closed,2025-06-14 12:15:00.000000000
20765153,INDIAN_OPENCITY_BBMP,General Consumer Services,Technical Issue In Ekhata,Technical Issue In Ekhata in Jnanabharathi Ward Field inspection assigned to RI officer.,Registered,2025-06-14 12:14:00.000000000
20765147,INDIAN_OPENCITY_BBMP,General Consumer Services,Garbage vehicle not arrived,Garbage vehicle not arrived in Sunkenahalli Cleared,Closed,2025-06-14 12:12:00.000000000
20765146,INDIAN_OPENCITY_BBMP,General Consumer Services,Garbage dump,Garbage dump in Katriguppe Cle,Closed,2025-06-14 12:12:00.000000000
20765145,INDIAN_OPENCITY_BBMP,General Consumer Services,Garbage dump,Garbage dump in H.M.T Compliant clear informed to customer Sir,Closed,2025-06-14 12:10:00.000000000
20765144,INDIAN_OPENCITY_BBMP,General Consumer Services,obstructions Branches / Trees.,obstructions Branches / Trees. in Jayachamarajendra Nagar +91 90354 49535,Closed,2025-06-14 12:10:00.000000000
20765134,INDIAN_OPENCITY_BBMP,General Consumer Services,Garbage dump,Garbage dump in Giri Nagar Forwarded Task,Registered,2025-06-14 12:07:00.000000000
20765128,INDIAN_OPENCITY_BBMP,General Consumer Services,Removal of dead/fallen trees,Removal of dead/fallen trees in Rajarajeshwari Nagar Forwarded Task,Registered,2025-06-14 12:01:00.000000000
20765127,INDIAN_OPENCITY_BBMP,General Consumer Services,Increase in mosquito density,Increase in mosquito density in Chokkasandra Attended,Closed,2025-06-14 12:01:00.000000000
20765122,INDIAN_OPENCITY_BBMP,General Consumer Services,Garbage dumping in vacant sites,Garbage dumping in vacant sites in Jeevanbhima Nagar Good morning sir the complaint u have posted is fully of debris and it has to be cleared by owner itself thank you,Closed,2025-06-14 11:59:00.000000000
20765121,INDIAN_OPENCITY_BBMP,General Consumer Services,Garbage dump,Garbage dump in Yelachenahalli Where is garbage,Closed,2025-06-14 11:59:00.000000000
20765115,INDIAN_OPENCITY_BBMP,General Consumer Services,Garbage dump,Garbage dump in Gurappanapalya It's clear....,Closed,2025-06-14 11:56:00.000000000
20765106,INDIAN_OPENCITY_BBMP,General Consumer Services,Garbage vehicle not arrived,Garbage vehicle not arrived in Sarakki complaint cleared,Closed,2025-06-14 11:51:00.000000000
20765104,INDIAN_OPENCITY_BBMP,General Consumer Services,Garbage vehicle not arrived,Garbage vehicle not arrived in Gali Anjaneya Swamy Temple Ward Clear,Closed,2025-06-14 11:50:00.000000000
20765103,INDIAN_OPENCITY_BBMP,General Consumer Services,Road side drains,Road side drains in Sunkenahalli Attended,Closed,2025-06-14 11:50:00.000000000
20765096,INDIAN_OPENCITY_BBMP,General Consumer Services,Issues Related to Parks/Medians/Circles/Island.,Issues Related to Parks/Medians/Circles/Island. in HAL Airport Field inspection assigned to HS officer.,Registered,2025-06-14 11:47:00.000000000
20765092,INDIAN_OPENCITY_BBMP,General Consumer Services,Removal of dead/fallen trees,Removal of dead/fallen trees in Jeevanbhima Nagar NOT CLEARED PLEASE UPLOAD PHOTOS,ReOpen,2025-06-14 11:44:00.000000000
20765091,INDIAN_OPENCITY_BBMP,General Consumer Services,Burning of Garbage in Open Space,Burning of Garbage in Open Space in Dodda Bidarkallu Complaint cleared,Closed,2025-06-14 11:44:00.000000000
20765089,INDIAN_OPENCITY_BBMP,General Consumer Services,Footpath,Footpath in Jeevanbhima Nagar Resolved,Closed,2025-06-14 11:43:00.000000000
20765087,INDIAN_OPENCITY_BBMP,General Consumer Services,Debris Removal / Construction Material,Debris Removal / Construction Material in Vasanthapura .,Closed,2025-06-14 11:42:00.000000000
20765080,INDIAN_OPENCITY_BBMP,General Consumer Services,Sweeping not done,Sweeping not done in Shankaramata Field inspection assigned to JHI officer.,Registered,2025-06-14 11:39:00.000000000
20765079,INDIAN_OPENCITY_BBMP,General Consumer Services,Road Infrastructure,Road Infrastructure in Vasanthapura Field inspection assigned to AE officer.,Registered,2025-06-14 11:37:00.000000000
20765078,INDIAN_OPENCITY_BBMP,General Consumer Services,Segregation of waste is not done,Segregation of waste is not done in Shanthala Nagar Clear,Closed,2025-06-14 11:37:00.000000000
20765077,INDIAN_OPENCITY_BBMP,General Consumer Services,Road side drains,Road side drains in Bellandur Spot inspection done necessary action will be taken at the earliest,Closed,2025-06-14 11:37:00.000000000
20765073,INDIAN_OPENCITY_BBMP,General Consumer Services,Call center Issues,Call center Issues in Shanthala Nagar Field inspection assigned to Nodal officer officer.,Registered,2025-06-14 11:35:00.000000000
20765069,INDIAN_OPENCITY_BBMP,General Consumer Services,Stray dog related complaints,Stray dog related complaints in Vidyaranyapura Attended ABC operation ARV vaccination will be functioning regularly in this ward.,Closed,2025-06-14 11:34:00.000000000
20765064,INDIAN_OPENCITY_BBMP,General Consumer Services,Increase in mosquito density,Increase in mosquito density in Shanthala Nagar Field inspection assigned to SHI officer.,Registered,2025-06-14 11:32:00.000000000
20765062,INDIAN_OPENCITY_BBMP,General Consumer Services,Stray dog related complaints,Stray dog related complaints in Kuvempu Nagar Spoken with the concern person,Closed,2025-06-14 11:31:00.000000000
20765061,INDIAN_OPENCITY_BBMP,General Consumer Services,Stray dog related complaints,Stray dog related complaints in Jakkur Spoken with the concern person STRICTLY NO RELOCATION OF DOGS IT'S AGAINST THE RULE. ABC OPERATION AND ARV VACCINATION WILL BE FUNCTIONING REGULARLY.,Closed,2025-06-14 11:31:00.000000000
20765058,INDIAN_OPENCITY_BBMP,General Consumer Services,Issues Related to Parks/Medians/Circles/Island.,Issues Related to Parks/Medians/Circles/Island. in BTM Layout Field inspection assigned to HS officer.,Registered,2025-06-14 11:29:00.000000000
20765052,INDIAN_OPENCITY_BBMP,General Consumer Services,Violation of rules by property Leasers,Violation of rules by property Leasers in Giri Nagar Field inspection assigned to ARO officer.,Registered,2025-06-14 11:27:00.000000000
20765051,INDIAN_OPENCITY_BBMP,General Consumer Services,Removal of dead/fallen trees,Removal of dead/fallen trees in Vasanthapura Resolved,Closed,2025-06-14 11:27:00.000000000
20765048,INDIAN_OPENCITY_BBMP,General Consumer Services,Debris Removal / Construction Material,Debris Removal / Construction Material in Doddanekkundi Field inspection assigned to AE officer.,Registered,2025-06-14 11:25:00.000000000
20765046,INDIAN_OPENCITY_BBMP,General Consumer Services,Sweeping not done,Sweeping not done in Visvesvarapuram Field inspection assigned to JHI officer.,Registered,2025-06-14 11:24:00.000000000
20765043,INDIAN_OPENCITY_BBMP,General Consumer Services,Garbage dump,Garbage dump in Banaswadi Close,Closed,2025-06-14 11:23:00.000000000
20765042,INDIAN_OPENCITY_BBMP,General Consumer Services,Maintenance of SWD,Maintenance of SWD in Horamavu Field inspection assigned to AE officer.,Registered,2025-06-14 11:23:00.000000000
20765039,INDIAN_OPENCITY_BBMP,General Consumer Services,Sweeping not done,Sweeping not done in Visvesvarapuram Forwarded Task,Registered,2025-06-14 11:21:00.000000000
20765038,INDIAN_OPENCITY_BBMP,Street/Public Electrical Infrastructure,Street Light Not Working,Street Light Not Working in Ullalu This complaint belongs to BDA pls contct mr Balaraj BDA Engineer,Closed,2025-06-14 11:21:00.000000000
20765034,INDIAN_OPENCITY_BBMP,General Consumer Services,Road side drains,Road side drains in Arakere Forwarded Task,Registered,2025-06-14 11:18:00.000000000
20765026,INDIAN_OPENCITY_BBMP,General Consumer Services,Garbage vehicle not arrived,Garbage vehicle not arrived in Hoodi Vehicle arrived and collected the garbage,Closed,2025-06-14 11:14:00.000000000
20765025,INDIAN_OPENCITY_BBMP,General Consumer Services,Road cutting,Road cutting in Ramamurthy Nagar Field inspection assigned to AE officer.,Registered,2025-06-14 11:13:00.000000000
20765024,INDIAN_OPENCITY_BBMP,General Consumer Services,Animal birth control/neutering of stray dogs,Animal birth control/neutering of stray dogs in Ullalu Dog's cought for animals birth control and vaccination,Closed,2025-06-14 11:12:00.000000000
20765023,INDIAN_OPENCITY_BBMP,General Consumer Services,Ekhata - name correction,Ekhata - name correction in Vignana Nagar Field inspection assigned to ARO officer.,Registered,2025-06-14 11:12:00.000000000
20765022,INDIAN_OPENCITY_BBMP,General Consumer Services,Garbage vehicle not arrived,Garbage vehicle not arrived in Lingarajapuram Resolved,Closed,2025-06-14 11:10:00.000000000
20765021,INDIAN_OPENCITY_BBMP,General Consumer Services,Garbage dump,"Garbage dump in Shanthi Nagar Clear, debris related",Closed,2025-06-14 11:10:00.000000000
20765012,INDIAN_OPENCITY_BBMP,General Consumer Services,Other Khata / ekhata issues,Other Khata / ekhata issues in Dodda Bidarkallu done,Closed,2025-06-14 11:06:00.000000000
20765010,INDIAN_OPENCITY_BBMP,General Consumer Services,Garbage dump,Garbage dump in Varthur We are daily cleaning this spot,Closed,2025-06-14 11:06:00.000000000
20765009,INDIAN_OPENCITY_BBMP,General Consumer Services,Issues Related to Parks/Medians/Circles/Island.,Issues Related to Parks/Medians/Circles/Island. in J.P.Park Field inspection assigned to HS officer.,Registered,2025-06-14 11:05:00.000000000
20765006,INDIAN_OPENCITY_BBMP,General Consumer Services,Ekhata missing in online,Ekhata missing in online in K.R.Puram Field inspection assigned to ARO officer.,Registered,2025-06-14 11:04:00.000000000
20764998,INDIAN_OPENCITY_BBMP,General Consumer Services,Garbage dump,Garbage dump in Vasanthapura Swm,Closed,2025-06-14 11:00:00.000000000
20764995,INDIAN_OPENCITY_BBMP,General Consumer Services,Garbage dump,Garbage dump in Yadiyuru Clear,Closed,2025-06-14 10:57:00.000000000
20764994,INDIAN_OPENCITY_BBMP,Street/Public Electrical Infrastructure,Street Light Not Working,Street Light Not Working in Jeevanbhima Nagar Resolved,Closed,2025-06-14 10:57:00.000000000
20764990,INDIAN_OPENCITY_BBMP,General Consumer Services,Sweeping not done,Sweeping not done in Hampi Nagar Field inspection assigned to JHI officer.,Registered,2025-06-14 10:54:00.000000000
20764988,INDIAN_OPENCITY_BBMP,General Consumer Services,Garbage dump,Garbage dump in Benniganahalli Complaint got cleared,Closed,2025-06-14 10:52:00.000000000
20764987,INDIAN_OPENCITY_BBMP,General Consumer Services,Dead animal(s),Dead animal(s) in Doddabommasandra Clear,Closed,2025-06-14 10:52:00.000000000
20764984,INDIAN_OPENCITY_BBMP,General Consumer Services,Garbage dump,Garbage dump in Jaraganahalli Clear,Closed,2025-06-14 10:52:00.000000000
20764982,INDIAN_OPENCITY_BBMP,General Consumer Services,Garbage vehicle not arrived,Garbage vehicle not arrived in Prakash Nagar I gone there and cleared that complete,Closed,2025-06-14 10:50:00.000000000
20764978,INDIAN_OPENCITY_BBMP,General Consumer Services,Garbage dump,Garbage dump in Mahalakshmipuram Daily our staff will clear this point,Closed,2025-06-14 10:48:00.000000000
20764977,INDIAN_OPENCITY_BBMP,General Consumer Services,Potholes,Potholes in Hegganahalli Field inspection assigned to AE officer.,Registered,2025-06-14 10:48:00.000000000
20764975,INDIAN_OPENCITY_BBMP,General Consumer Services,Stray dog related complaints,"Stray dog related complaints in Karisandra Spoke to the reporter and arranged for animal birtth control surgery Dogs can't be relocated as per the ABC rules 2023, for barking, crying, chasing, nothing can be done since it is natural instincts of a dog. Sterilization and immunisation of streets Dogs will be done by BBMP madam",Closed,2025-06-14 10:46:00.000000000
20764973,INDIAN_OPENCITY_BBMP,General Consumer Services,Garbage dump,Garbage dump in Benniganahalli Public not responding properly,Closed,2025-06-14 10:44:00.000000000
20764972,INDIAN_OPENCITY_BBMP,General Consumer Services,Issues Related to Parks/Medians/Circles/Island.,Issues Related to Parks/Medians/Circles/Island. in Uttarahalli Field inspection assigned to HS officer.,Registered,2025-06-14 10:44:00.000000000
20764970,INDIAN_OPENCITY_BBMP,General Consumer Services,Garbage dump,"Garbage dump in Benniganahalli This address not found in this ward, public not responding call",Closed,2025-06-14 10:44:00.000000000
20764968,INDIAN_OPENCITY_BBMP,General Consumer Services,Issues Related to Parks/Medians/Circles/Island.,Issues Related to Parks/Medians/Circles/Island. in Newthippasandra Forwarded Task,Registered,2025-06-14 10:43:00.000000000
20764966,INDIAN_OPENCITY_BBMP,General Consumer Services,obstructions Branches / Trees.,obstructions Branches / Trees. in Madiwala Field inspection assigned to DYRFO officer.,Registered,2025-06-14 10:42:00.000000000
20764964,INDIAN_OPENCITY_BBMP,General Consumer Services,Garbage dump,Garbage dump in Hoysala Nagar Garbage cleared sir.. Thank you,Closed,2025-06-14 10:42:00.000000000
20764960,INDIAN_OPENCITY_BBMP,General Consumer Services,Road cutting,Road cutting in Hoysala Nagar Field inspection assigned to AE officer.,Registered,2025-06-14 10:40:00.000000000
20764953,INDIAN_OPENCITY_BBMP,General Consumer Services,Debris Removal / Construction Material,Debris Removal / Construction Material in J.P.Nagar Field inspection assigned to AE officer.,Registered,2025-06-14 10:36:00.000000000
20764950,INDIAN_OPENCITY_BBMP,Street/Public Electrical Infrastructure,Street Light Not Working,Street Light Not Working in Varthur complaint not attend,ReOpen,2025-06-14 10:34:00.000000000
20764945,INDIAN_OPENCITY_BBMP,General Consumer Services,Footpath,Footpath in Katriguppe Major road,Non Relevant,2025-06-14 10:31:00.000000000
20764944,INDIAN_OPENCITY_BBMP,General Consumer Services,Garbage vehicle not arrived,Garbage vehicle not arrived in Katriguppe Clear,Closed,2025-06-14 10:31:00.000000000
20764938,INDIAN_OPENCITY_BBMP,General Consumer Services,Sweeping not done,Sweeping not done in Hagadooru Clear,Closed,2025-06-14 10:27:00.000000000
20764937,INDIAN_OPENCITY_BBMP,General Consumer Services,Others,Others in Gottigere Field inspection assigned to Customer Support Representative officer.,Registered,2025-06-14 10:27:00.000000000
20764935,INDIAN_OPENCITY_BBMP,General Consumer Services,Noise during Building Construction,Noise during Building Construction in Rajarajeshwari Nagar Field inspection assigned to ADTP officer.,Registered,2025-06-14 10:26:00.000000000
20764933,INDIAN_OPENCITY_BBMP,General Consumer Services,Road Infrastructure,Road Infrastructure in H.M.T Field inspection assigned to AE officer.,Registered,2025-06-14 10:25:00.000000000
20764930,INDIAN_OPENCITY_BBMP,General Consumer Services,Animal Rescue - Not well - Requires attention,"Animal Rescue - Not well - Requires attention in Nagavara As you did not furnish the details of the dog which has to be rescued, your complaint is closed.",Closed,2025-06-14 10:25:00.000000000
20764923,INDIAN_OPENCITY_BBMP,General Consumer Services,UnAuthorised Building Constructions,UnAuthorised Building Constructions in Agaram Field inspection assigned to AE officer.,Registered,2025-06-14 10:20:00.000000000
20764921,INDIAN_OPENCITY_BBMP,Street/Public Electrical Infrastructure,Street Lights Switched On During Day Time,Street Lights Switched On During Day Time in Thanisandra Resolved,Closed,2025-06-14 10:18:00.000000000
20764920,INDIAN_OPENCITY_BBMP,General Consumer Services,Unsafe Hoardings,Unsafe Hoardings in H.M.T .,Closed,2025-06-14 10:17:00.000000000
20764917,INDIAN_OPENCITY_BBMP,General Consumer Services,Garbage vehicle not arrived,Garbage vehicle not arrived in Vishwanathnagenahalli Cleared,Closed,2025-06-14 10:15:00.000000000
20764916,INDIAN_OPENCITY_BBMP,General Consumer Services,Garbage nuisance while transporting,Garbage nuisance while transporting in Thanisandra Field inspection assigned to Marshal officer.,In Progress,2025-06-14 10:15:00.000000000
20764915,INDIAN_OPENCITY_BBMP,Street/Public Electrical Infrastructure,Street Lights Switched On During Day Time,Street Lights Switched On During Day Time in Lingarajapuram Cleared,Closed,2025-06-14 10:12:00.000000000
20764912,INDIAN_OPENCITY_BBMP,General Consumer Services,Stray dog related complaints,Stray dog related complaints in Dr.Rajkumar Ward Closed,Closed,2025-06-14 10:10:00.000000000
20764908,INDIAN_OPENCITY_BBMP,General Consumer Services,Removal of dead/fallen trees,Removal of dead/fallen trees in Sampangiram Nagar +91 90354 49535,Closed,2025-06-14 10:05:00.000000000
20764905,INDIAN_OPENCITY_BBMP,General Consumer Services,Sweeping not done,Sweeping not done in Vignana Nagar Close,Closed,2025-06-14 10:04:00.000000000
20764904,INDIAN_OPENCITY_BBMP,General Consumer Services,Garbage vehicle not arrived,Garbage vehicle not arrived in Sampangiram Nagar Clear,Closed,2025-06-14 10:04:00.000000000
20764903,INDIAN_OPENCITY_BBMP,General Consumer Services,Dead animal(s),Dead animal(s) in C.V.Raman Nagar Not dead animal,Closed,2025-06-14 10:03:00.000000000
20764893,INDIAN_OPENCITY_BBMP,General Consumer Services,Garbage transfer not as per norms & area not kept clean,Garbage transfer not as per norms & area not kept clean in K.R.Market Close,Closed,2025-06-14 09:56:00.000000000
20764890,INDIAN_OPENCITY_BBMP,General Consumer Services,Animal birth control/neutering of stray dogs,Animal birth control/neutering of stray dogs in Varthur Complaint attended,Closed,2025-06-14 09:55:00.000000000
20764889,INDIAN_OPENCITY_BBMP,General Consumer Services,Urination in Public/Open Defecation,Urination in Public/Open Defecation in Laggere Close,Closed,2025-06-14 09:54:00.000000000
20764883,INDIAN_OPENCITY_BBMP,General Consumer Services,Debris Removal / Construction Material,Debris Removal / Construction Material in Singasandra Field inspection assigned to AE officer.,Registered,2025-06-14 09:49:00.000000000
20764882,INDIAN_OPENCITY_BBMP,General Consumer Services,Segregation of waste is not done,Segregation of waste is not done in Doddanekkundi Attended,Closed,2025-06-14 09:48:00.000000000
20764881,INDIAN_OPENCITY_BBMP,General Consumer Services,Dead animal(s),Dead animal(s) in Hemmigepura No remarks,Closed,2025-06-14 09:47:00.000000000
20764879,INDIAN_OPENCITY_BBMP,General Consumer Services,Garbage dump,Garbage dump in Shakambari Nagar It's,Closed,2025-06-14 09:47:00.000000000
20764875,INDIAN_OPENCITY_BBMP,General Consumer Services,Issues Related to Parks/Medians/Circles/Island.,Issues Related to Parks/Medians/Circles/Island. in Vignana Nagar Field inspection assigned to HS officer.,Registered,2025-06-14 09:42:00.000000000
20764870,INDIAN_OPENCITY_BBMP,General Consumer Services,Garbage vehicle not arrived,Garbage vehicle not arrived in Marathalli Vehicle arrived,Closed,2025-06-14 09:38:00.000000000
20764868,INDIAN_OPENCITY_BBMP,General Consumer Services,Garbage dump,Garbage dump in Yelachenahalli Debris complaint come to Engineering department sir,Closed,2025-06-14 09:37:00.000000000
20764867,INDIAN_OPENCITY_BBMP,General Consumer Services,obstructions Branches / Trees.,"obstructions Branches / Trees. in Aramane Nagar Please contact Area Supervisor, Suresh-[PHONE]",Closed,2025-06-14 09:36:00.000000000
20764854,INDIAN_OPENCITY_BBMP,General Consumer Services,Garbage dump,Garbage dump in Singasandra Attended complaint and cleared,Closed,2025-06-14 09:27:00.000000000
20764853,INDIAN_OPENCITY_BBMP,General Consumer Services,obstructions Branches / Trees.,obstructions Branches / Trees. in Bagalagunte please upload a picture,Closed,2025-06-14 09:27:00.000000000
20764852,INDIAN_OPENCITY_BBMP,General Consumer Services,Stray dog related complaints,Stray dog related complaints in Hebbal Field inspection assigned to VI officer.,In Progress,2025-06-14 09:26:00.000000000
20764850,INDIAN_OPENCITY_BBMP,General Consumer Services,Garbage dump,Garbage dump in Jeevanbhima Nagar Good afternoon sir the complaint that has posted is cleared sir We the Staff will Monitor that spot for regular clearance sir thank you,Closed,2025-06-14 09:23:00.000000000
20764843,INDIAN_OPENCITY_BBMP,General Consumer Services,Garbage vehicle not arrived,Garbage vehicle not arrived in Marathalli New driver,Closed,2025-06-14 09:19:00.000000000
20764835,INDIAN_OPENCITY_BBMP,General Consumer Services,Urination in Public/Open Defecation,Urination in Public/Open Defecation in Katriguppe Field inspection assigned to JHI officer.,Registered,2025-06-14 09:13:00.000000000
20764833,INDIAN_OPENCITY_BBMP,General Consumer Services,Burning of Garbage in Open Space,Burning of Garbage in Open Space in Banaswadi Cleared,Closed,2025-06-14 09:13:00.000000000
20764831,INDIAN_OPENCITY_BBMP,General Consumer Services,Removal of dead/fallen trees,Removal of dead/fallen trees in Shettyhalli please upload a picture,Closed,2025-06-14 09:09:00.000000000
20764830,INDIAN_OPENCITY_BBMP,General Consumer Services,Sweeping not done,Sweeping not done in Jalahalli Field inspection assigned to JHI officer.,Registered,2025-06-14 09:09:00.000000000
20764827,INDIAN_OPENCITY_BBMP,General Consumer Services,Garbage vehicle not arrived,Garbage vehicle not arrived in Hosakerehalli Clear,Closed,2025-06-14 09:06:00.000000000
20764825,INDIAN_OPENCITY_BBMP,General Consumer Services,Others,Others in Vijay Nagar Field inspection assigned to Customer Support Representative officer.,Registered,2025-06-14 09:06:00.000000000
20764823,INDIAN_OPENCITY_BBMP,General Consumer Services,Animal birth control/neutering of stray dogs,Animal birth control/neutering of stray dogs in Begur We cannot relocate the dog's only ABC and combined vaccination done our BBMP side As Per schedule.,Closed,2025-06-14 09:05:00.000000000
20764822,INDIAN_OPENCITY_BBMP,General Consumer Services,Garbage dump,Garbage dump in Ramamurthy Nagar This location under come to panchayat PDO contact number +91 95388 02259,Closed,2025-06-14 09:04:00.000000000
20764821,INDIAN_OPENCITY_BBMP,General Consumer Services,Garbage vehicle not arrived,Garbage vehicle not arrived in Vijay Nagar Clear,Closed,2025-06-14 09:04:00.000000000
20764820,INDIAN_OPENCITY_BBMP,General Consumer Services,Burning of Garbage in Open Space,Burning of Garbage in Open Space in Vijay Nagar Clear,Closed,2025-06-14 09:03:00.000000000
20764819,INDIAN_OPENCITY_BBMP,General Consumer Services,Dead animal(s),Dead animal(s) in Visvesvarapuram Field inspection assigned to JHI officer.,Registered,2025-06-14 09:03:00.000000000
20764816,INDIAN_OPENCITY_BBMP,General Consumer Services,Complaint against SW collector/ SWM official for violation of SWM Rules,Complaint against SW collector/ SWM official for violation of SWM Rules in Garudacharpalya Clear,Closed,2025-06-14 09:00:00.000000000
20764812,INDIAN_OPENCITY_BBMP,General Consumer Services,Garbage dump,Garbage dump in Begur This complaint is cleared,Closed,2025-06-14 08:55:00.000000000
20764809,INDIAN_OPENCITY_BBMP,Street/Public Electrical Infrastructure,Street Light Not Working,Street Light Not Working in Someshwara ResolvedResolved,Closed,2025-06-14 08:52:00.000000000
20764808,INDIAN_OPENCITY_BBMP,General Consumer Services,Issues Related to Parks/Medians/Circles/Island.,Issues Related to Parks/Medians/Circles/Island. in Ganga Nagar Field inspection assigned to HS officer.,Registered,2025-06-14 08:52:00.000000000
20764805,INDIAN_OPENCITY_BBMP,General Consumer Services,Road Infrastructure,Road Infrastructure in Koramangala Forwarded Task,Registered,2025-06-14 08:47:00.000000000
20764798,INDIAN_OPENCITY_BBMP,General Consumer Services,Stray/Rabid dog bite,"Stray/Rabid dog bite in Vishwanathnagenahalli Dog caught and taken to centre for observation. If the dog is normal during the observation period of 7-10 days... The dog will be released in the location where it was caught. As per the Supreme Court guidelines, street dogs cannot be relocated. Relocation of street dogs is a punishable offence.",Closed,2025-06-14 08:41:00.000000000
20764796,INDIAN_OPENCITY_BBMP,General Consumer Services,Dead animal(s),Dead animal(s) in HSR Layout Field inspection assigned to JHI officer.,Registered,2025-06-14 08:39:00.000000000
20764793,INDIAN_OPENCITY_BBMP,General Consumer Services,Road side drains,Road side drains in Manorayanapalya Field inspection assigned to AE officer.,Registered,2025-06-14 08:38:00.000000000
20764791,INDIAN_OPENCITY_BBMP,General Consumer Services,Burning of Garbage in Open Space,Burning of Garbage in Open Space in Hemmigepura Complaint clear,Closed,2025-06-14 08:37:00.000000000
20764787,INDIAN_OPENCITY_BBMP,General Consumer Services,Stray/Rabid dog bite,Stray/Rabid dog bite in Vishwanathnagenahalli Field inspection assigned to VI officer.,Closed,2025-06-14 08:34:00.000000000
20764784,INDIAN_OPENCITY_BBMP,General Consumer Services,Food Quantity,Food Quantity in Pattabhiram Nagar Field inspection assigned to SHI officer.,Registered,2025-06-14 08:30:00.000000000
20764783,INDIAN_OPENCITY_BBMP,General Consumer Services,Animal Rescue - Not well - Requires attention,Animal Rescue - Not well - Requires attention in Mahalakshmipuram Attended,Closed,2025-06-14 08:30:00.000000000
20764782,INDIAN_OPENCITY_BBMP,General Consumer Services,Footpath,Footpath in Shanthi Nagar Field inspection assigned to AE officer.,Registered,2025-06-14 08:27:00.000000000
20764781,INDIAN_OPENCITY_BBMP,Street/Public Electrical Infrastructure,Street Lights Switched On During Day Time,Street Lights Switched On During Day Time in Bellandur Attended,Closed,2025-06-14 08:27:00.000000000
20764780,INDIAN_OPENCITY_BBMP,General Consumer Services,Garbage transfer not as per norms & area not kept clean,Garbage transfer not as per norms & area not kept clean in Shankaramata Clear,Closed,2025-06-14 08:26:00.000000000
20764771,INDIAN_OPENCITY_BBMP,General Consumer Services,Potholes,Potholes in Jnanabharathi Ward gggg,Closed,2025-06-14 08:20:00.000000000
20764770,INDIAN_OPENCITY_BBMP,General Consumer Services,Garbage dump,Garbage dump in Ullalu Field inspection assigned to Marshal officer.,Registered,2025-06-14 08:17:00.000000000
20764767,INDIAN_OPENCITY_BBMP,General Consumer Services,Road Infrastructure,Road Infrastructure in Chowdeshwari Ward Field inspection assigned to AE officer.,Registered,2025-06-14 08:15:00.000000000
20764765,INDIAN_OPENCITY_BBMP,General Consumer Services,Sweeping not done,Sweeping not done in Byrasandra Cleared,Closed,2025-06-14 08:07:00.000000000
20764763,INDIAN_OPENCITY_BBMP,General Consumer Services,Stray dog related complaints,Stray dog related complaints in Maruthi Mandira Ward Closed,Closed,2025-06-14 08:06:00.000000000
20764760,INDIAN_OPENCITY_BBMP,General Consumer Services,Dead animal(s),Dead animal(s) in Byatarayanapura Complaint attend resolved,Closed,2025-06-14 08:05:00.000000000
20764755,INDIAN_OPENCITY_BBMP,General Consumer Services,Footpath,Footpath in Gandhi Nagar Forwarded Task,Registered,2025-06-14 07:55:00.000000000
20764752,INDIAN_OPENCITY_BBMP,General Consumer Services,Gym/Children Play equipment in the parks,Gym/Children Play equipment in the parks in Basavanapura Field inspection assigned to HS officer.,Registered,2025-06-14 07:54:00.000000000
20764751,INDIAN_OPENCITY_BBMP,General Consumer Services,Garbage dumping in vacant sites,Garbage dumping in vacant sites in Hemmigepura Forwarded Task,Registered,2025-06-14 07:52:00.000000000
20764747,INDIAN_OPENCITY_BBMP,General Consumer Services,Debris Removal / Construction Material,Debris Removal / Construction Material in Byrasandra Field inspection assigned to Customer Support Representative officer.,Non Relevant,2025-06-14 07:40:00.000000000
20764744,INDIAN_OPENCITY_BBMP,General Consumer Services,Garbage dump,Garbage dump in Binnipet Work progressing,Closed,2025-06-14 07:34:00.000000000
20764738,INDIAN_OPENCITY_BBMP,General Consumer Services,Debris Removal / Construction Material,Debris Removal / Construction Material in Mangammanapalya Field inspection assigned to AE officer.,Registered,2025-06-14 07:25:00.000000000
20764736,INDIAN_OPENCITY_BBMP,General Consumer Services,Garbage dump,Garbage dump in Vidyaranyapura Compliment resolved,Closed,2025-06-14 07:20:00.000000000
20764735,INDIAN_OPENCITY_BBMP,General Consumer Services,Road cutting,Road cutting in Banaswadi Complaint attended and resolved,Closed,2025-06-14 07:20:00.000000000
20764734,INDIAN_OPENCITY_BBMP,General Consumer Services,Stray/Rabid dog bite,Stray/Rabid dog bite in A.Narayanapura Complaint attended,Closed,2025-06-14 07:20:00.000000000
20764731,INDIAN_OPENCITY_BBMP,General Consumer Services,footpath encroachment,footpath encroachment in Sampangiram Nagar Forwarded Task,Registered,2025-06-14 07:15:00.000000000
20764730,INDIAN_OPENCITY_BBMP,General Consumer Services,Stray dog related complaints,Stray dog related complaints in Ullalu Dog's cought for animals birth control and vaccination,Closed,2025-06-14 07:15:00.000000000
20764728,INDIAN_OPENCITY_BBMP,General Consumer Services,Garbage vehicle not arrived,Garbage vehicle not arrived in Kadugodi Clear,Closed,2025-06-14 07:12:00.000000000
20764727,INDIAN_OPENCITY_BBMP,General Consumer Services,Garbage vehicle not arrived,Garbage vehicle not arrived in Radhakrishna Temple Cleared,Closed,2025-06-14 07:11:00.000000000
20764726,INDIAN_OPENCITY_BBMP,General Consumer Services,Public dustbins not cleaned,Public dustbins not cleaned in Gandhi Nagar Clear,Closed,2025-06-14 07:10:00.000000000
20764722,INDIAN_OPENCITY_BBMP,General Consumer Services,Road Infrastructure,Road Infrastructure in Someshwara Field inspection assigned to AE officer.,Registered,2025-06-14 07:08:00.000000000
20764721,INDIAN_OPENCITY_BBMP,General Consumer Services,Footpath,Footpath in Giri Nagar Field inspection assigned to AE officer.,Registered,2025-06-14 07:06:00.000000000
20764717,INDIAN_OPENCITY_BBMP,General Consumer Services,obstructions Branches / Trees.,obstructions Branches / Trees. in Hegganahalli it is not considered,Closed,2025-06-14 07:01:00.000000000
20764715,INDIAN_OPENCITY_BBMP,General Consumer Services,Removal of dead/fallen trees,Removal of dead/fallen trees in Bagalagunte complaint will cleard in two tree working days,Closed,2025-06-14 07:00:00.000000000
20764704,INDIAN_OPENCITY_BBMP,General Consumer Services,Public dustbins not cleaned,Public dustbins not cleaned in Yadiyuru Clear,Closed,2025-06-14 06:44:00.000000000
20764702,INDIAN_OPENCITY_BBMP,General Consumer Services,Garbage dump,Garbage dump in Rajamahal Complaint clear,Closed,2025-06-14 06:42:00.000000000
20764699,INDIAN_OPENCITY_BBMP,General Consumer Services,Debris Removal / Construction Material,Debris Removal / Construction Material in Shakambari Nagar Kindly upload photo,Non Relevant,2025-06-14 06:35:00.000000000
20764698,INDIAN_OPENCITY_BBMP,General Consumer Services,Dumping of garbage into lake,Dumping of garbage into lake in Singasandra Forwarded Task,Registered,2025-06-14 06:33:00.000000000
20764696,INDIAN_OPENCITY_BBMP,General Consumer Services,Garbage thrown in storm water drain,Garbage thrown in storm water drain in Singasandra Forwarded Task,Registered,2025-06-14 06:32:00.000000000
20764694,INDIAN_OPENCITY_BBMP,General Consumer Services,Potholes,Potholes in Konanakunte Completed,Closed,2025-06-14 06:00:00.000000000
20764693,INDIAN_OPENCITY_BBMP,General Consumer Services,Garbage dump,Garbage dump in Shankaramata Clear,Closed,2025-06-14 05:46:00.000000000
20764692,INDIAN_OPENCITY_BBMP,General Consumer Services,Garbage transfer not as per norms & area not kept clean,Garbage transfer not as per norms & area not kept clean in Bellandur Cleard,Closed,2025-06-14 04:31:00.000000000
20764689,INDIAN_OPENCITY_BBMP,General Consumer Services,water leakage on road,water leakage on road in Madiwala Resolved,Closed,2025-06-14 02:01:00.000000000
20764688,INDIAN_OPENCITY_BBMP,General Consumer Services,Garbage transfer not as per norms & area not kept clean,Garbage transfer not as per norms & area not kept clean in Jayangar Clear,Closed,2025-06-14 01:02:00.000000000
20764685,INDIAN_OPENCITY_BBMP,Street/Public Electrical Infrastructure,Street Light Not Working,Street Light Not Working in Sagayapuram Resolved,Closed,2025-06-14 12:26:00.000000000
20764684,INDIAN_OPENCITY_BBMP,General Consumer Services,Footpath,Footpath in Jayanagar East Kindly upload photo,Non Relevant,2025-06-14 12:22:00.000000000
20764680,INDIAN_OPENCITY_BBMP,General Consumer Services,Garbage dump,Garbage dump in Bilekahalli Tharmocol In This place and clear,Closed,2025-06-13 11:42:00.000000000
20764678,INDIAN_OPENCITY_BBMP,General Consumer Services,Potholes,Potholes in Hongasandra Field inspection assigned to Customer Support Representative officer.,Non Relevant,2025-06-13 11:25:00.000000000
20764677,INDIAN_OPENCITY_BBMP,General Consumer Services,Anti Rabies Vaccination of stray dogs,Anti Rabies Vaccination of stray dogs in Hagadooru We are doing ward by ward when we attend your ward we do it,Closed,2025-06-13 11:25:00.000000000
20764676,INDIAN_OPENCITY_BBMP,General Consumer Services,Others,Others in Hombegowda Nagar Forwarded Task,Registered,2025-06-13 11:20:00.000000000
20764671,INDIAN_OPENCITY_BBMP,General Consumer Services,Public dustbins not cleaned,Public dustbins not cleaned in Varthur Clear,Closed,2025-06-13 11:08:00.000000000
20764664,INDIAN_OPENCITY_BBMP,General Consumer Services,Stray cattle related complaints,Stray cattle related complaints in Basavanapura Complaint attended,Closed,2025-06-13 10:48:00.000000000
20764663,INDIAN_OPENCITY_BBMP,General Consumer Services,Increase in mosquito density,Increase in mosquito density in Hoodi Forwarded Task,Registered,2025-06-13 10:48:00.000000000
20764662,INDIAN_OPENCITY_BBMP,Street/Public Electrical Infrastructure,Requirement For New Street Lights,Requirement For New Street Lights in Banaswadi Cleared,Closed,2025-06-13 10:45:00.000000000
20764654,INDIAN_OPENCITY_BBMP,Street/Public Electrical Infrastructure,Street Light Not Working,Street Light Not Working in Sudam Nagar Attended,Closed,2025-06-13 10:38:00.000000000
20764643,INDIAN_OPENCITY_BBMP,General Consumer Services,Garbage dump,Garbage dump in Sagayapuram Clera sir,Closed,2025-06-13 10:23:00.000000000
20764642,INDIAN_OPENCITY_BBMP,Street/Public Electrical Infrastructure,Street Light Not Working,"Street Light Not Working in Dodda Bidarkallu Outbof BBMP limit, Madanyknhalli",Closed,2025-06-13 10:23:00.000000000
20764638,INDIAN_OPENCITY_BBMP,General Consumer Services,Garbage dump,Garbage dump in Hoysala Nagar Garbage has been cleared,Closed,2025-06-13 10:20:00.000000000
20764633,INDIAN_OPENCITY_BBMP,General Consumer Services,Others,Others in Chowdeshwari Ward Field inspection assigned to Customer Support Representative officer.,Registered,2025-06-13 10:14:00.000000000
20764632,INDIAN_OPENCITY_BBMP,General Consumer Services,Garbage dump,Garbage dump in Kacharakanahalli Debris clearance need to be done from engineering department and forest,Closed,2025-06-13 10:14:00.000000000
20764631,INDIAN_OPENCITY_BBMP,General Consumer Services,Garbage dumping in vacant sites,Garbage dumping in vacant sites in C.V.Raman Nagar Cleared thank you,Closed,2025-06-13 10:13:00.000000000
20764628,INDIAN_OPENCITY_BBMP,General Consumer Services,Garbage dump,Garbage dump in Maruthi Seva Nagar Complent is clear,Closed,2025-06-13 10:10:00.000000000
20764626,INDIAN_OPENCITY_BBMP,General Consumer Services,Garbage dump,Garbage dump in Pattabhiram Nagar Cleqr,Closed,2025-06-13 10:08:00.000000000
20764624,INDIAN_OPENCITY_BBMP,General Consumer Services,Sweeping not done,Sweeping not done in Kottigepalya Sweeping not done,Closed,2025-06-13 10:06:00.000000000
20764622,INDIAN_OPENCITY_BBMP,General Consumer Services,Stray/Rabid dog bite,Stray/Rabid dog bite in Jakkasandra Dog bite complaint Attended on 14/06/25 Dog was not traced,Closed,2025-06-13 10:05:00.000000000
20764618,INDIAN_OPENCITY_BBMP,General Consumer Services,"Khata Services (Registration, Transfer, Bifurcation and Amalgamation)","Khata Services (Registration, Transfer, Bifurcation and Amalgamation) in Sunkenahalli kavitha, Caseworker is not working, in this office, hence submitted request letter with document. After verification doucments action will be taken",Closed,2025-06-13 10:02:00.000000000
20764614,INDIAN_OPENCITY_BBMP,Street/Public Electrical Infrastructure,Street Light Not Working,Street Light Not Working in Radhakrishna Temple Unable to locate address has complainant is not answering calls,Closed,2025-06-13 10:00:00.000000000
20764613,INDIAN_OPENCITY_BBMP,Street/Public Electrical Infrastructure,Requirement For New Street Lights,Requirement For New Street Lights in Vijay Nagar Attended,Closed,2025-06-13 10:00:00.000000000
20764611,INDIAN_OPENCITY_BBMP,Street/Public Electrical Infrastructure,Requirement For New Street Lights,Requirement For New Street Lights in Anjanapur This New light will be installed as early as possible,Closed,2025-06-13 09:57:00.000000000
20764610,INDIAN_OPENCITY_BBMP,General Consumer Services,Stray dog related complaints,Stray dog related complaints in A.Narayanapura Did not pick up the call No relocation of dogs can be done as per supreme court order,Closed,2025-06-13 09:55:00.000000000
20764609,INDIAN_OPENCITY_BBMP,General Consumer Services,Issues Related to Parks/Medians/Circles/Island.,Issues Related to Parks/Medians/Circles/Island. in Mathikere Complaints on bbmp park timings Cleared,Closed,2025-06-13 09:55:00.000000000
20764608,INDIAN_OPENCITY_BBMP,General Consumer Services,Garbage dumping in vacant sites,Garbage dumping in vacant sites in Anjanapur Complaint cleared,Closed,2025-06-13 09:52:00.000000000
20764600,INDIAN_OPENCITY_BBMP,General Consumer Services,Garbage dump,Garbage dump in S.K.Garden Resolved sir,Closed,2025-06-13 09:45:00.000000000
20764598,INDIAN_OPENCITY_BBMP,General Consumer Services,Animal Rescue - Not well - Requires attention,Animal Rescue - Not well - Requires attention in Horamavu Complaint attended,Closed,2025-06-13 09:44:00.000000000
20764592,INDIAN_OPENCITY_BBMP,General Consumer Services,Animal Rescue - Not well - Requires attention,"Animal Rescue - Not well - Requires attention in Deepanjali Nagar Please contact Dr.D.N Srinath, ADAH, Mobile no:[PHONE]",Closed,2025-06-13 09:38:00.000000000
20764589,INDIAN_OPENCITY_BBMP,General Consumer Services,Potholes,Potholes in Thanisandra Field inspection assigned to AE officer.,Registered,2025-06-13 09:38:00.000000000
20764588,INDIAN_OPENCITY_BBMP,General Consumer Services,Debris Removal / Construction Material,Debris Removal / Construction Material in Dr.Rajkumar Ward Field inspection assigned to AE officer.,In Progress,2025-06-13 09:37:00.000000000
20764586,INDIAN_OPENCITY_BBMP,Street/Public Electrical Infrastructure,Street Light Not Working,Street Light Not Working in Sarvagna Nagar Resolved,Closed,2025-06-13 09:36:00.000000000
20764583,INDIAN_OPENCITY_BBMP,General Consumer Services,Garbage nuisance while transporting,Garbage nuisance while transporting in Kottigepalya Cleared,Closed,2025-06-13 09:31:00.000000000
20764581,INDIAN_OPENCITY_BBMP,Street/Public Electrical Infrastructure,Street Light Not Working,Street Light Not Working in Dharmarayaswamy Temple Ward Belong to west zone ward no 109,Closed,2025-06-13 09:29:00.000000000
20764572,INDIAN_OPENCITY_BBMP,General Consumer Services,Garbage dumping in vacant sites,Garbage dumping in vacant sites in Banaswadi Cleared,Closed,2025-06-13 09:22:00.000000000
20764568,INDIAN_OPENCITY_BBMP,General Consumer Services,Garbage dump,Garbage dump in Benniganahalli .,Closed,2025-06-13 09:18:00.000000000
20764566,INDIAN_OPENCITY_BBMP,Street/Public Electrical Infrastructure,Street Light Not Working,Street Light Not Working in Ganeshmandira Ward Attended,Closed,2025-06-13 09:14:00.000000000
20764565,INDIAN_OPENCITY_BBMP,General Consumer Services,Fatally injured - Needs immediate attention,"Fatally injured - Needs immediate attention in Basavanagudi Please contact Dr.D.N Srinath, ADAH, Mobile no:[PHONE]",Closed,2025-06-13 09:14:00.000000000
20764560,INDIAN_OPENCITY_BBMP,Street/Public Electrical Infrastructure,Street Light Not Working,Street Light Not Working in Yelachenahalli Attended,Closed,2025-06-13 09:10:00.000000000
20764559,INDIAN_OPENCITY_BBMP,General Consumer Services,Garbage dump,"Garbage dump in Adugodi Garbage cleared, debris are pending this is belongs to enfineering dept",Closed,2025-06-13 09:07:00.000000000
20764555,INDIAN_OPENCITY_BBMP,Street/Public Electrical Infrastructure,Stray dog related complaints,Stray dog related complaints in Uttarahalli Wrong information street light complaint lodged (counseling),Closed,2025-06-13 09:02:00.000000000
20764551,INDIAN_OPENCITY_BBMP,General Consumer Services,Garbage dumping in vacant sites,Garbage dumping in vacant sites in Ullalu Clear,Closed,2025-06-13 08:57:00.000000000
20764549,INDIAN_OPENCITY_BBMP,Street/Public Electrical Infrastructure,Street Light Not Working,"Street Light Not Working in Deepanjali Nagar Yeshwanth singh Complainant Mobile [PHONE] Grievance Details Grievance No. 20766825 Zone Name South Ward Name/Ward No. Bapuji Nagar/134 Category Electrical Sub Category Street Lights Switched On During Day Time Address Manjunatha Nilayam, 19, Guddadahalli, Bengaluru, Karnataka 560026, India",Closed,2025-06-13 08:55:00.000000000
20764548,INDIAN_OPENCITY_BBMP,General Consumer Services,Garbage dump,Garbage dump in Vasanthapura Garbage was cleared debris remaining,Closed,2025-06-13 08:55:00.000000000
20764547,INDIAN_OPENCITY_BBMP,Street/Public Electrical Infrastructure,Street Light Not Working,Street Light Not Working in Banashankari Temple Ward Attended,Closed,2025-06-13 08:54:00.000000000
20764546,INDIAN_OPENCITY_BBMP,General Consumer Services,Garbage dump,Garbage dump in Kottigepalya Cley,Closed,2025-06-13 08:53:00.000000000
20764545,INDIAN_OPENCITY_BBMP,Street/Public Electrical Infrastructure,Street Light Not Working,Street Light Not Working in Chikpete Complaint Attended,Closed,2025-06-13 08:53:00.000000000
20764538,INDIAN_OPENCITY_BBMP,General Consumer Services,water stagnation,water stagnation in Jayangar Cleavage,Closed,2025-06-13 08:39:00.000000000
20764535,INDIAN_OPENCITY_BBMP,General Consumer Services,Spraying,Spraying in Hampi Nagar Attended,Closed,2025-06-13 08:37:00.000000000
20764530,INDIAN_OPENCITY_BBMP,Street/Public Electrical Infrastructure,Street Light Not Working,Street Light Not Working in Hebbal Forwarded Task,Registered,2025-06-13 08:27:00.000000000
20764523,INDIAN_OPENCITY_BBMP,Street/Public Electrical Infrastructure,Street Light Not Working,Street Light Not Working in Ulsoor Not working,ReOpen,2025-06-13 08:24:00.000000000
20764521,INDIAN_OPENCITY_BBMP,Street/Public Electrical Infrastructure,Street Light Not Working,Street Light Not Working in K.R.Puram Forwarded Task,Registered,2025-06-13 08:20:00.000000000
20764520,INDIAN_OPENCITY_BBMP,Street/Public Electrical Infrastructure,Street Light Not Working,Street Light Not Working in Yelahanka old Satellite Town Panchayath limit,Closed,2025-06-13 08:19:00.000000000
20764519,INDIAN_OPENCITY_BBMP,Pole / Wire / Electrical Hazard,Earthing Issue relate to Electric Poles/Panel Boards,Earthing Issue relate to Electric Poles/Panel Boards in Jayanagar East Attended,Closed,2025-06-13 08:18:00.000000000
20764518,INDIAN_OPENCITY_BBMP,General Consumer Services,Fatally injured - Needs immediate attention,Fatally injured - Needs immediate attention in Hoodi Complaint attended,Closed,2025-06-13 08:17:00.000000000
20764515,INDIAN_OPENCITY_BBMP,General Consumer Services,Anti Rabies Vaccination of stray dogs,Anti Rabies Vaccination of stray dogs in Gayathri Nagar We do the abc arv combained vaccine programme,Closed,2025-06-13 08:15:00.000000000
20764509,INDIAN_OPENCITY_BBMP,Street/Public Electrical Infrastructure,Street Light Not Working,Street Light Not Working in Subramanya Nagar Complaint Attended,Closed,2025-06-13 08:10:00.000000000
20764508,INDIAN_OPENCITY_BBMP,General Consumer Services,Garbage dump,Garbage dump in Jayamahal All garbage clared,Closed,2025-06-13 08:10:00.000000000
20764500,INDIAN_OPENCITY_BBMP,General Consumer Services,Stray dog related complaints,"Stray dog related complaints in Kumaraswamy Layout Spoke to the reporter, Dogs can't be relocated as per the ABC rules 2023, for barking, crying, chasing, nothing can be done since it is natural instincts of a dog. Sterilization and immunisation of streets Dogs will be done by BBMP Sir.",Closed,2025-06-13 07:57:00.000000000
20764498,INDIAN_OPENCITY_BBMP,Street/Public Electrical Infrastructure,Street Light Not Working,Street Light Not Working in C.V.Raman Nagar Resolved,Closed,2025-06-13 07:55:00.000000000
20764495,INDIAN_OPENCITY_BBMP,General Consumer Services,Footpath,Footpath in Kottigepalya Cleared,Closed,2025-06-13 07:54:00.000000000
20764494,INDIAN_OPENCITY_BBMP,Street/Public Electrical Infrastructure,Street Light Not Working,Street Light Not Working in Yeshwanthpur Resolved,Closed,2025-06-13 07:53:00.000000000
20764490,INDIAN_OPENCITY_BBMP,Street/Public Electrical Infrastructure,obstructions Branches / Trees.,"obstructions Branches / Trees. in Shankaramata The complaint has not been solved. Even last year same complaint was given but it was closed without attending. Now the tree has grown still larger, the branches touching electric lines and pole but again this time the complaint is closed without attending and resolving the issue. Also the branches are covering street light. Request to attend the complaint and trim the branches.",ReOpen,2025-06-13 07:49:00.000000000
20764482,INDIAN_OPENCITY_BBMP,Street/Public Electrical Infrastructure,Street Light Not Working,Street Light Not Working in Azad Nagar Complaint Attended,Closed,2025-06-13 07:40:00.000000000
20764481,INDIAN_OPENCITY_BBMP,General Consumer Services,Road Infrastructure,Road Infrastructure in Vijanapura Field inspection assigned to AE officer.,Registered,2025-06-13 07:38:00.000000000
20764480,INDIAN_OPENCITY_BBMP,General Consumer Services,Garbage dump,"Garbage dump in Kadugondanahalli CLEARED,",Closed,2025-06-13 07:37:00.000000000
20764478,INDIAN_OPENCITY_BBMP,Street/Public Electrical Infrastructure,Street Light Not Working,Street Light Not Working in Begur Attteded,Closed,2025-06-13 07:35:00.000000000
20764477,INDIAN_OPENCITY_BBMP,Street/Public Electrical Infrastructure,Street Light Not Working,Street Light Not Working in Vasanthapura Attended,Closed,2025-06-13 07:35:00.000000000
20764474,INDIAN_OPENCITY_BBMP,General Consumer Services,Removal of dead/fallen trees,Removal of dead/fallen trees in Vijanapura Field inspection assigned to DYRFO officer.,Registered,2025-06-13 07:33:00.000000000
20764462,INDIAN_OPENCITY_BBMP,General Consumer Services,Potholes,Potholes in Govindraja Nagara Resolved,Closed,2025-06-13 07:25:00.000000000
20764459,INDIAN_OPENCITY_BBMP,General Consumer Services,Garbage dump,Garbage dump in Kamakshipalya Complaint resolved,Closed,2025-06-13 07:22:00.000000000
20764456,INDIAN_OPENCITY_BBMP,Street/Public Electrical Infrastructure,Street Light Not Working,Street Light Not Working in Dayananda Nagar Complaint Attended,Closed,2025-06-13 07:21:00.000000000
20764454,INDIAN_OPENCITY_BBMP,Street/Public Electrical Infrastructure,Street Light Not Working,Street Light Not Working in Kamakshipalya Complaint Attended,Closed,2025-06-13 07:20:00.000000000
20764448,INDIAN_OPENCITY_BBMP,General Consumer Services,Garbage dump,Garbage dump in Hoodi This Not Comes under BBMP Limits it's belongs to Chikka Gubbi Panchayati U can Contact Chikka Gubbi Panchayati office directly,Closed,2025-06-13 07:17:00.000000000
20764447,INDIAN_OPENCITY_BBMP,General Consumer Services,Garbage dumping in vacant sites,Garbage dumping in vacant sites in Radhakrishna Temple Cleared,Closed,2025-06-13 07:17:00.000000000
20764446,INDIAN_OPENCITY_BBMP,General Consumer Services,Road Infrastructure,Road Infrastructure in Dr.Rajkumar Ward Foothpath work at progress it will be removed,Closed,2025-06-13 07:15:00.000000000
20764443,INDIAN_OPENCITY_BBMP,General Consumer Services,Garbage dumping in vacant sites,Garbage dumping in vacant sites in Muneshwara Nagar Male,Closed,2025-06-13 07:14:00.000000000
20764439,INDIAN_OPENCITY_BBMP,Street/Public Electrical Infrastructure,Street Light Not Working,Street Light Not Working in Sarakki Attended,Closed,2025-06-13 07:12:00.000000000
20764436,INDIAN_OPENCITY_BBMP,General Consumer Services,Garbage dump,Garbage dump in Mahalakshmipuram This blackspot will be cleared regularly and Marshals will also penalize the violators,Closed,2025-06-13 07:10:00.000000000
20764433,INDIAN_OPENCITY_BBMP,General Consumer Services,Fatally injured - Needs immediate attention,Fatally injured - Needs immediate attention in Newthippasandra Field inspection assigned to VI officer.,Registered,2025-06-13 07:08:00.000000000
20764432,INDIAN_OPENCITY_BBMP,General Consumer Services,Garbage dumping in vacant sites,Garbage dumping in vacant sites in Doddanekkundi Close,Closed,2025-06-13 07:07:00.000000000
20764427,INDIAN_OPENCITY_BBMP,General Consumer Services,Road Infrastructure,Road Infrastructure in Sudduguntepalya Field inspection assigned to AE officer.,Registered,2025-06-13 07:05:00.000000000
20764426,INDIAN_OPENCITY_BBMP,Street/Public Electrical Infrastructure,Street Light Not Working,Street Light Not Working in Pulikeshi Nagar Resolved,Closed,2025-06-13 07:05:00.000000000
20764425,INDIAN_OPENCITY_BBMP,General Consumer Services,Stray dog related complaints,Stray dog related complaints in Aramane Nagar We do the abc arv and combined vaccine programme,Closed,2025-06-13 07:05:00.000000000
20764424,INDIAN_OPENCITY_BBMP,General Consumer Services,Garbage dump,Garbage dump in Vrushabhavati Nagar Clear,Closed,2025-06-13 07:04:00.000000000
20764423,INDIAN_OPENCITY_BBMP,General Consumer Services,Debris Removal / Construction Material,Debris Removal / Construction Material in Bellandur Field inspection assigned to AE officer.,Registered,2025-06-13 07:04:00.000000000
20764422,INDIAN_OPENCITY_BBMP,General Consumer Services,Stray dog related complaints,Stray dog related complaints in Kammanahalli Field inspection assigned to VI officer.,Registered,2025-06-13 07:04:00.000000000
20764418,INDIAN_OPENCITY_BBMP,General Consumer Services,water stagnation,water stagnation in K.R.Puram Field inspection assigned to AE officer.,Registered,2025-06-13 07:02:00.000000000
20764415,INDIAN_OPENCITY_BBMP,Street/Public Electrical Infrastructure,Street Light Not Working,Street Light Not Working in Vasanthapura This Complaint belongs to he didn't answering my call,Closed,2025-06-13 07:00:00.000000000
20764413,INDIAN_OPENCITY_BBMP,General Consumer Services,water stagnation,water stagnation in Vidyaranyapura Forwarded Task,Registered,2025-06-13 06:59:00.000000000
20764411,INDIAN_OPENCITY_BBMP,Street/Public Electrical Infrastructure,Street Light Not Working,Street Light Not Working in Horamavu These are in private layout or BDA lights,Closed,2025-06-13 06:58:00.000000000
20764409,INDIAN_OPENCITY_BBMP,General Consumer Services,Road Infrastructure,Road Infrastructure in Sudam Nagar Field inspection assigned to AE officer.,Registered,2025-06-13 06:56:00.000000000
20764408,INDIAN_OPENCITY_BBMP,General Consumer Services,Road side drains,Road side drains in Bagalagunte Forwarded Task,Registered,2025-06-13 06:56:00.000000000
20764400,INDIAN_OPENCITY_BBMP,General Consumer Services,water stagnation,water stagnation in Ganga Nagar Field inspection assigned to AE officer.,Registered,2025-06-13 06:53:00.000000000
20764399,INDIAN_OPENCITY_BBMP,General Consumer Services,Fatally injured - Needs immediate attention,Fatally injured - Needs immediate attention in Peenya Industrial Area attended,Closed,2025-06-13 06:53:00.000000000
20764394,INDIAN_OPENCITY_BBMP,General Consumer Services,Road Infrastructure,Road Infrastructure in Singasandra Forwarded Task,Registered,2025-06-13 06:51:00.000000000
20764391,INDIAN_OPENCITY_BBMP,General Consumer Services,Garbage vehicle not arrived,Garbage vehicle not arrived in Hagadooru Door collection done,Closed,2025-06-13 06:50:00.000000000
20764390,INDIAN_OPENCITY_BBMP,General Consumer Services,Garbage dump,Garbage dump in Basavanapura This spot,Closed,2025-06-13 06:47:00.000000000
20764389,INDIAN_OPENCITY_BBMP,General Consumer Services,Discrepancy In Khata Certificate and Khata Extract,Discrepancy In Khata Certificate and Khata Extract in Maruthi Seva Nagar Field inspection assigned to ARO officer.,Registered,2025-06-13 06:46:00.000000000
20764388,INDIAN_OPENCITY_BBMP,General Consumer Services,Animal Rescue - Not well - Requires attention,Animal Rescue - Not well - Requires attention in C.V.Raman Nagar Field inspection assigned to VI officer.,Registered,2025-06-13 06:46:00.000000000
20764385,INDIAN_OPENCITY_BBMP,General Consumer Services,water stagnation,water stagnation in Jakkur This compliant comes under Major roads,Non Relevant,2025-06-13 06:44:00.000000000
20764384,INDIAN_OPENCITY_BBMP,Street/Public Electrical Infrastructure,Street Light Not Working,Street Light Not Working in Shanthala Nagar Resolved,Closed,2025-06-13 06:43:00.000000000
20764381,INDIAN_OPENCITY_BBMP,General Consumer Services,Garbage dump,Garbage dump in Deepanjali Nagar Clear,Closed,2025-06-13 06:42:00.000000000
20764376,INDIAN_OPENCITY_BBMP,General Consumer Services,Animal Rescue - Not well - Requires attention,Animal Rescue - Not well - Requires attention in Vidyaranyapura Spoke with the concern person,Closed,2025-06-13 06:35:00.000000000
20764375,INDIAN_OPENCITY_BBMP,General Consumer Services,Spraying,Spraying in Bagalagunte Attend,Closed,2025-06-13 06:35:00.000000000
20764373,INDIAN_OPENCITY_BBMP,General Consumer Services,Garbage vehicle not arrived,Garbage vehicle not arrived in Rajarajeshwari Nagar Cleared,Closed,2025-06-13 06:34:00.000000000
20764371,INDIAN_OPENCITY_BBMP,Street/Public Electrical Infrastructure,Street Light Not Working,Street Light Not Working in Ullalu Complaint belongs to BDA pls contact BDA Engineer mr Balaraj [PHONE],Closed,2025-06-13 06:33:00.000000000
20764366,INDIAN_OPENCITY_BBMP,General Consumer Services,water stagnation,water stagnation in Bellandur Field inspection assigned to Customer Support Representative officer.,Non Relevant,2025-06-13 06:29:00.000000000
20764361,INDIAN_OPENCITY_BBMP,General Consumer Services,water stagnation,water stagnation in Jakkasandra Clear,Closed,2025-06-13 06:28:00.000000000
20764358,INDIAN_OPENCITY_BBMP,General Consumer Services,Dead animal(s),Dead animal(s) in Newthippasandra Forwarded Task,Registered,2025-06-13 06:26:00.000000000
20764357,INDIAN_OPENCITY_BBMP,Street/Public Electrical Infrastructure,Requirement For New Street Lights,Requirement For New Street Lights in Rajamahal Complaint Attended,Closed,2025-06-13 06:26:00.000000000
20764356,INDIAN_OPENCITY_BBMP,General Consumer Services,Animal birth control/neutering of stray dogs,Animal birth control/neutering of stray dogs in Begur Field inspection assigned to VI officer.,Registered,2025-06-13 06:25:00.000000000
20764355,INDIAN_OPENCITY_BBMP,General Consumer Services,Road Infrastructure,Road Infrastructure in Shanthala Nagar Forwarded Task,Registered,2025-06-13 06:25:00.000000000
20764354,INDIAN_OPENCITY_BBMP,Street/Public Electrical Infrastructure,Street Light Not Working,Street Light Not Working in Rajamahal Complaint Attended,Closed,2025-06-13 06:24:00.000000000
20764352,INDIAN_OPENCITY_BBMP,General Consumer Services,water stagnation,water stagnation in Govindraja Nagara Resolved,Closed,2025-06-13 06:23:00.000000000
20764350,INDIAN_OPENCITY_BBMP,General Consumer Services,Removal of dead/fallen trees,Removal of dead/fallen trees in Jayangar Field inspection assigned to DYRFO officer.,Registered,2025-06-13 06:22:00.000000000
20764349,INDIAN_OPENCITY_BBMP,General Consumer Services,Road Infrastructure,Road Infrastructure in Garudacharpalya Field inspection assigned to AE officer.,Registered,2025-06-13 06:22:00.000000000
20764341,INDIAN_OPENCITY_BBMP,General Consumer Services,water stagnation,water stagnation in Banaswadi Field inspection assigned to Customer Support Representative officer.,Non Relevant,2025-06-13 06:15:00.000000000
20764338,INDIAN_OPENCITY_BBMP,General Consumer Services,water stagnation,water stagnation in Arakere Field inspection assigned to AE officer.,Registered,2025-06-13 06:11:00.000000000
20764336,INDIAN_OPENCITY_BBMP,Street/Public Electrical Infrastructure,Street Light Not Working,Street Light Not Working in HAL Airport Attended,Closed,2025-06-13 06:10:00.000000000
20764334,INDIAN_OPENCITY_BBMP,General Consumer Services,Fatally injured - Needs immediate attention,Fatally injured - Needs immediate attention in Rajagopala Nagar attended,Closed,2025-06-13 06:08:00.000000000
20764333,INDIAN_OPENCITY_BBMP,General Consumer Services,Garbage dump,Garbage dump in Mathikere This complaint belongs to bwssb,Closed,2025-06-13 06:06:00.000000000
20764332,INDIAN_OPENCITY_BBMP,General Consumer Services,Garbage dump,Garbage dump in Marappana Palya Clered,Closed,2025-06-13 06:04:00.000000000
20764329,INDIAN_OPENCITY_BBMP,General Consumer Services,Garbage dump,Garbage dump in Adugodi Garbage cleared,Closed,2025-06-13 06:02:00.000000000
20764328,INDIAN_OPENCITY_BBMP,General Consumer Services,Garbage vehicle not arrived,Garbage vehicle not arrived in Arakere Complaint attend and cleard sir,Closed,2025-06-13 06:02:00.000000000
20764325,INDIAN_OPENCITY_BBMP,General Consumer Services,Increase in mosquito density,Increase in mosquito density in Varthur Attended,Closed,2025-06-13 06:01:00.000000000
20764324,INDIAN_OPENCITY_BBMP,Street/Public Electrical Infrastructure,Requirement For New Street Lights,Requirement For New Street Lights in Vignana Nagar Attended,Long Term Solution,2025-06-13 06:01:00.000000000
20764320,INDIAN_OPENCITY_BBMP,General Consumer Services,water stagnation,water stagnation in Radhakrishna Temple Field inspection assigned to AE officer.,Registered,2025-06-13 05:58:00.000000000
20764318,INDIAN_OPENCITY_BBMP,General Consumer Services,Garbage dump,Garbage dump in Chokkasandra Complaint location not available,Closed,2025-06-13 05:57:00.000000000
20764317,INDIAN_OPENCITY_BBMP,General Consumer Services,Garbage dump,Garbage dump in Byrasandra this complete was BWSSB related (debris),Closed,2025-06-13 05:56:00.000000000
20764306,INDIAN_OPENCITY_BBMP,General Consumer Services,Road Infrastructure,Road Infrastructure in Dr.Rajkumar Ward Work is under progress,Closed,2025-06-13 05:42:00.000000000
20764300,INDIAN_OPENCITY_BBMP,General Consumer Services,Road Infrastructure,Road Infrastructure in T-Dasarahalli Field inspection assigned to AE officer.,Registered,2025-06-13 05:39:00.000000000
20764299,INDIAN_OPENCITY_BBMP,General Consumer Services,Ekhata missing in online,Ekhata missing in online in Begur ಪೂರಕ ದಾಖಲೆ ಸಲ್ಲಿಸಿ ಮಾಹಿತಿ ಪಡೆಯಬಹುದಾಗಿದ್ದು,Closed,2025-06-13 05:39:00.000000000
20764298,INDIAN_OPENCITY_BBMP,General Consumer Services,Road Infrastructure,Road Infrastructure in Dr.Rajkumar Ward Foothpath work at progress it will be rectified,Closed,2025-06-13 05:38:00.000000000
20764296,INDIAN_OPENCITY_BBMP,General Consumer Services,Road side drains,Road side drains in Vijay Nagar Field inspection assigned to AE officer.,Registered,2025-06-13 05:36:00.000000000
20764295,INDIAN_OPENCITY_BBMP,General Consumer Services,Garbage dump,Garbage dump in Nagapura Clear,Closed,2025-06-13 05:36:00.000000000
20764292,INDIAN_OPENCITY_BBMP,General Consumer Services,Sweeping not done,Sweeping not done in Jnanabharathi Ward Forwarded Task,Registered,2025-06-13 05:34:00.000000000
20764290,INDIAN_OPENCITY_BBMP,General Consumer Services,Road side drains,Road side drains in Pulikeshi Nagar Field inspection assigned to AE officer.,Registered,2025-06-13 05:31:00.000000000
20764288,INDIAN_OPENCITY_BBMP,General Consumer Services,Dead animal(s),Dead animal(s) in Uttarahalli Field inspection assigned to JHI officer.,Registered,2025-06-13 05:30:00.000000000
20764285,INDIAN_OPENCITY_BBMP,General Consumer Services,Stray dog related complaints,Stray dog related complaints in Vignana Nagar No relocation of dogs can be done as per supreme court order,Closed,2025-06-13 05:29:00.000000000
20764284,INDIAN_OPENCITY_BBMP,Street/Public Electrical Infrastructure,Street Light Not Working,Street Light Not Working in Hagadooru Attended,Closed,2025-06-13 05:28:00.000000000
20764283,INDIAN_OPENCITY_BBMP,General Consumer Services,Air/Noise pollution,Air/Noise pollution in Vrushabhavati Nagar Field inspection assigned to Customer Support Representative officer.,Non Relevant,2025-06-13 05:27:00.000000000
20764281,INDIAN_OPENCITY_BBMP,General Consumer Services,Garbage dump,Garbage dump in Vidyapeetha Garbage clear tree cutting clearing with in two days because of unloading issue,Closed,2025-06-13 05:26:00.000000000
20764277,INDIAN_OPENCITY_BBMP,General Consumer Services,Garbage dump,Garbage dump in Jeevanbhima Nagar The complaint is cleared sir thank you,Closed,2025-06-13 05:20:00.000000000
20764268,INDIAN_OPENCITY_BBMP,General Consumer Services,Stray dog related complaints,Stray dog related complaints in Malleshwaram We do the abc arv combained vaccine programme,Closed,2025-06-13 05:15:00.000000000
20764263,INDIAN_OPENCITY_BBMP,General Consumer Services,Garbage dump,Garbage dump in Thanisandra C,Closed,2025-06-13 05:12:00.000000000
20764260,INDIAN_OPENCITY_BBMP,General Consumer Services,Increase in mosquito density,Increase in mosquito density in Chalavadipalya Fogging done,Closed,2025-06-13 05:10:00.000000000
20764258,INDIAN_OPENCITY_BBMP,General Consumer Services,Public toilet(s) blockage,Public toilet(s) blockage in Gayathri Nagar Close,Closed,2025-06-13 05:07:00.000000000
20764257,INDIAN_OPENCITY_BBMP,Street/Public Electrical Infrastructure,Street Lights Switched On During Day Time,Street Lights Switched On During Day Time in Hampi Nagar Attended,Closed,2025-06-13 05:07:00.000000000
20764256,INDIAN_OPENCITY_BBMP,General Consumer Services,Road side drains,Road side drains in Marathalli Forwarded Task,Registered,2025-06-13 05:06:00.000000000
20764253,INDIAN_OPENCITY_BBMP,General Consumer Services,Garbage dump,Garbage dump in Sarakki complaint cleared sir,Closed,2025-06-13 05:05:00.000000000
20764251,INDIAN_OPENCITY_BBMP,General Consumer Services,Garbage dump,Garbage dump in Bilekahalli Forwarded Task,Registered,2025-06-13 05:03:00.000000000
20764246,INDIAN_OPENCITY_BBMP,General Consumer Services,Garbage dumping in vacant sites,Garbage dumping in vacant sites in Uttarahalli Closed,Closed,2025-06-13 05:00:00.000000000
20764243,INDIAN_OPENCITY_BBMP,General Consumer Services,Potholes,Potholes in Doddanekkundi Forwarded Task,Registered,2025-06-13 04:59:00.000000000
20764241,INDIAN_OPENCITY_BBMP,General Consumer Services,Garbage dump,Garbage dump in Jayangar Cleared,Closed,2025-06-13 04:58:00.000000000
20764232,INDIAN_OPENCITY_BBMP,General Consumer Services,Fogging,Fogging in Ramamurthy Nagar Field inspection assigned to SHI officer.,Registered,2025-06-13 04:52:00.000000000
20764231,INDIAN_OPENCITY_BBMP,General Consumer Services,Burning of Garbage in Open Space,"Burning of Garbage in Open Space in Arakere Its belongs to begur ward, and that garbage point is cleard",Closed,2025-06-13 04:52:00.000000000
20764230,INDIAN_OPENCITY_BBMP,Street/Public Electrical Infrastructure,Open Electrical Junction Box,Open Electrical Junction Box in Subedarapalya Complaint Attended,Closed,2025-06-13 04:52:00.000000000
20764227,INDIAN_OPENCITY_BBMP,General Consumer Services,Garbage dump,Garbage dump in Rajarajeshwari Nagar Garbage cleared,Closed,2025-06-13 04:51:00.000000000
20764225,INDIAN_OPENCITY_BBMP,General Consumer Services,Garbage dump,Garbage dump in Aramane Nagar Fals complete,Closed,2025-06-13 04:50:00.000000000
20764224,INDIAN_OPENCITY_BBMP,General Consumer Services,Ekhata - name correction,Ekhata - name correction in Dodda Bidarkallu done,Closed,2025-06-13 04:50:00.000000000
20764223,INDIAN_OPENCITY_BBMP,General Consumer Services,Public dustbins not cleaned,Public dustbins not cleaned in Hongasandra Clear,Closed,2025-06-13 04:49:00.000000000
20764221,INDIAN_OPENCITY_BBMP,General Consumer Services,Garbage vehicle not arrived,Garbage vehicle not arrived in Deepanjali Nagar Vehicle arrived,Closed,2025-06-13 04:49:00.000000000
20764214,INDIAN_OPENCITY_BBMP,General Consumer Services,Garbage dump,Garbage dump in Sampangiram Nagar Clear Sir,Closed,2025-06-13 04:45:00.000000000
20764206,INDIAN_OPENCITY_BBMP,General Consumer Services,Potholes,Potholes in Kumaraswamy Layout Pothole filled,Closed,2025-06-13 04:40:00.000000000
20764202,INDIAN_OPENCITY_BBMP,General Consumer Services,Debris Removal / Construction Material,Debris Removal / Construction Material in Sampangiram Nagar Field inspection assigned to AE officer.,Registered,2025-06-13 04:38:00.000000000
20764201,INDIAN_OPENCITY_BBMP,General Consumer Services,obstructions Branches / Trees.,obstructions Branches / Trees. in Hemmigepura Field inspection assigned to DYRFO officer.,Registered,2025-06-13 04:38:00.000000000
20764193,INDIAN_OPENCITY_BBMP,General Consumer Services,Garbage dump,Garbage dump in Mangammanapalya Comes to Grampanchayat limits,Closed,2025-06-13 04:34:00.000000000
20764189,INDIAN_OPENCITY_BBMP,General Consumer Services,Garbage dump,Garbage dump in H.M.T Compliant clear,Closed,2025-06-13 04:31:00.000000000
20764186,INDIAN_OPENCITY_BBMP,General Consumer Services,footpath encroachment,footpath encroachment in Domlur Forwarded Task,Registered,2025-06-13 04:28:00.000000000
20764182,INDIAN_OPENCITY_BBMP,General Consumer Services,footpath encroachment,footpath encroachment in Dharmarayaswamy Temple Ward Field inspection assigned to AE officer.,Registered,2025-06-13 04:27:00.000000000
20764179,INDIAN_OPENCITY_BBMP,General Consumer Services,Technical Issue In Ekhata,Technical Issue In Ekhata in Singasandra Field inspection assigned to RI officer.,Registered,2025-06-13 04:26:00.000000000
20764177,INDIAN_OPENCITY_BBMP,General Consumer Services,Road side drains,Road side drains in Ganga Nagar Field inspection assigned to AE officer.,Registered,2025-06-13 04:24:00.000000000
20764173,INDIAN_OPENCITY_BBMP,General Consumer Services,Illegal pet shop / Animal cruelty / license check,Illegal pet shop / Animal cruelty / license check in Mangammanapalya Field inspection assigned to VI officer.,Registered,2025-06-13 04:24:00.000000000
20764171,INDIAN_OPENCITY_BBMP,General Consumer Services,ekhata approval pending with ARO,ekhata approval pending with ARO in Marenahalli Resolved,Closed,2025-06-13 04:23:00.000000000
20764170,INDIAN_OPENCITY_BBMP,General Consumer Services,Air/Noise pollution,Air/Noise pollution in Deepanjali Nagar Field inspection assigned to SHI officer.,Registered,2025-06-13 04:22:00.000000000
20764165,INDIAN_OPENCITY_BBMP,General Consumer Services,"Khata Services (Registration, Transfer, Bifurcation and Amalgamation)","Khata Services (Registration, Transfer, Bifurcation and Amalgamation) in Hagadooru The Property ""2477430231"" is in the process of add new property to e-Aasthi (Citizen), Currently this property available in Deputy Commissioner Revenue(dc_mdp_bbmp) forward list.",Closed,2025-06-13 04:18:00.000000000
20764161,INDIAN_OPENCITY_BBMP,General Consumer Services,Animal Cruelty/Ill-Treated / Abused,Animal Cruelty/Ill-Treated / Abused in Dayananda Nagar Complaint holder is not ready to showthe spot,Closed,2025-06-13 04:14:00.000000000
20764159,INDIAN_OPENCITY_BBMP,General Consumer Services,Garbage dump,Garbage dump in HBR Layout SWM related cleared,Closed,2025-06-13 04:11:00.000000000
20764158,INDIAN_OPENCITY_BBMP,Street/Public Electrical Infrastructure,Requirement For New Street Lights,Requirement For New Street Lights in Chokkasandra Ward number 20 HMT layout,Closed,2025-06-13 04:11:00.000000000
20764156,INDIAN_OPENCITY_BBMP,Street/Public Electrical Infrastructure,Street Light Not Working,Street Light Not Working in Shivaji Nagar Forwarded Task,Registered,2025-06-13 04:04:00.000000000
20764153,INDIAN_OPENCITY_BBMP,General Consumer Services,Debris Removal / Construction Material,Debris Removal / Construction Material in Laggere Field inspection assigned to AE officer.,Registered,2025-06-13 04:02:00.000000000
20764152,INDIAN_OPENCITY_BBMP,General Consumer Services,"Khata Services (Registration, Transfer, Bifurcation and Amalgamation)","Khata Services (Registration, Transfer, Bifurcation and Amalgamation) in Bellandur Application is verified and updated",Closed,2025-06-13 04:02:00.000000000
20764148,INDIAN_OPENCITY_BBMP,General Consumer Services,Other Khata / ekhata issues,Other Khata / ekhata issues in Rajarajeshwari Nagar ಸದರಿ ಸ್ವತ್ತನ್ನು ಮಾನ್ಯ ವಲಯ ಜಂಟಿ ಆಯುಕ್ತರು ರಾ ರಾ ನಗರ ವಲಯ ರವರ ಕಚೇರಿಯ ಆದೇಶ ಸಂಖ್ಯೆ:ರಾರಾನವ/ವ ಆ/ಪಿಆರ್/45/2023-24 ದಿನಾಂಕ:-11-08-2023ರಂತೆ ಎ ವಹಿಯಿಂದ ಬಿ ವಹಿಗೆ ವಗಾಯಿಸಲಾಗಿದ್ದು ಬಿ ವಹಿಯಲ್ಲಿ ನಕಲು ಪ್ರತಿಯನ್ನು ಪಡೆದುಕೊಳ್ಳಬಹುದಾಗಿದೆ,Closed,2025-06-13 03:57:00.000000000
20764147,INDIAN_OPENCITY_BBMP,General Consumer Services,Garbage dump,Garbage dump in Marathalli Clear,Closed,2025-06-13 03:56:00.000000000
20764146,INDIAN_OPENCITY_BBMP,General Consumer Services,Garbage dumping in vacant sites,Garbage dumping in vacant sites in Dr.Rajkumar Ward Clearad,Closed,2025-06-13 03:55:00.000000000
20764143,INDIAN_OPENCITY_BBMP,Street/Public Electrical Infrastructure,Street Light Not Working,Street Light Not Working in Lakshmidevi Nagar Resolved,Closed,2025-06-13 03:52:00.000000000
20764142,INDIAN_OPENCITY_BBMP,General Consumer Services,"Khata Services (Registration, Transfer, Bifurcation and Amalgamation)","Khata Services (Registration, Transfer, Bifurcation and Amalgamation) in Ulsoor Field inspection assigned to ARO officer.",Registered,2025-06-13 03:52:00.000000000
20764136,INDIAN_OPENCITY_BBMP,General Consumer Services,Technical Issue In Ekhata,Technical Issue In Ekhata in Dharmarayaswamy Temple Ward Field inspection assigned to RI officer.,Registered,2025-06-13 03:48:00.000000000
20764135,INDIAN_OPENCITY_BBMP,General Consumer Services,Road side drains,Road side drains in Sudam Nagar Field inspection assigned to AE officer.,Registered,2025-06-13 03:47:00.000000000
20764134,INDIAN_OPENCITY_BBMP,General Consumer Services,Other Khata / ekhata issues,Other Khata / ekhata issues in Moodalapalya THIS ADDRES DOES NOT COME UNDER OUR JURIDICTION,Closed,2025-06-13 03:47:00.000000000
20764133,INDIAN_OPENCITY_BBMP,Street/Public Electrical Infrastructure,Street Lights Switched On During Day Time,Street Lights Switched On During Day Time in Horamavu Attended,Closed,2025-06-13 03:46:00.000000000
20764129,INDIAN_OPENCITY_BBMP,General Consumer Services,Garbage dumping in vacant sites,Garbage dumping in vacant sites in Chokkasandra Attended,Closed,2025-06-13 03:43:00.000000000
20764127,INDIAN_OPENCITY_BBMP,General Consumer Services,Garbage vehicle not arrived,Garbage vehicle not arrived in Sudam Nagar Clear,Closed,2025-06-13 03:41:00.000000000
20764125,INDIAN_OPENCITY_BBMP,General Consumer Services,Garbage dumping in vacant sites,Garbage dumping in vacant sites in Giri Nagar Field inspection assigned to Marshal officer.,Registered,2025-06-13 03:40:00.000000000
20764123,INDIAN_OPENCITY_BBMP,General Consumer Services,Ekhata Other corrections,Ekhata Other corrections in Mangammanapalya approved,Closed,2025-06-13 03:39:00.000000000
20764119,INDIAN_OPENCITY_BBMP,General Consumer Services,Dengue positive,Dengue positive in HAL Airport Field inspection assigned to SHI officer.,Registered,2025-06-13 03:35:00.000000000
20764118,INDIAN_OPENCITY_BBMP,General Consumer Services,Garbage dump,Garbage dump in Benniganahalli Address not found not received cal,Closed,2025-06-13 03:34:00.000000000
20764114,INDIAN_OPENCITY_BBMP,General Consumer Services,Stray dog related complaints,Stray dog related complaints in Bagalagunte attended,Closed,2025-06-13 03:32:00.000000000
20764113,INDIAN_OPENCITY_BBMP,General Consumer Services,Dengue positive,Dengue positive in Ulsoor Field inspection assigned to SHI officer.,Registered,2025-06-13 03:30:00.000000000
20764111,INDIAN_OPENCITY_BBMP,General Consumer Services,Garbage dump,Garbage dump in Ulsoor Garbage cleared,Closed,2025-06-13 03:30:00.000000000
20764110,INDIAN_OPENCITY_BBMP,Street/Public Electrical Infrastructure,Street Light Not Working,Street Light Not Working in C.V.Raman Nagar Required for new fitting,Closed,2025-06-13 03:30:00.000000000
20764108,INDIAN_OPENCITY_BBMP,Street/Public Electrical Infrastructure,Requirement For New Street Lights,Requirement For New Street Lights in Horamavu Attended,Long Term Solution,2025-06-13 03:29:00.000000000
20764107,INDIAN_OPENCITY_BBMP,General Consumer Services,Dengue positive,Dengue positive in Shakambari Nagar Attended,Closed,2025-06-13 03:29:00.000000000
20764103,INDIAN_OPENCITY_BBMP,Street/Public Electrical Infrastructure,Requirement For New Street Lights,Requirement For New Street Lights in Hoysala Nagar Required for new fitting,Long Term Solution,2025-06-13 03:27:00.000000000
20764101,INDIAN_OPENCITY_BBMP,General Consumer Services,Road Infrastructure,Road Infrastructure in Sarvagna Nagar Field inspection assigned to AE officer.,Registered,2025-06-13 03:26:00.000000000
20764100,INDIAN_OPENCITY_BBMP,Street/Public Electrical Infrastructure,Street Light Not Working,Street Light Not Working in Byatarayanapura This is Budgetary work. New fitting will be provided on priority as and when available,Closed,2025-06-13 03:26:00.000000000
20764099,INDIAN_OPENCITY_BBMP,General Consumer Services,"Khata Services (Registration, Transfer, Bifurcation and Amalgamation)","Khata Services (Registration, Transfer, Bifurcation and Amalgamation) in Doddanekkundi Clarification given",Closed,2025-06-13 03:26:00.000000000
20764098,INDIAN_OPENCITY_BBMP,General Consumer Services,Dengue positive,Dengue positive in Garudacharpalya Cleared,Closed,2025-06-13 03:26:00.000000000
20764095,INDIAN_OPENCITY_BBMP,General Consumer Services,ekhata approval pending with ARO,"ekhata approval pending with ARO in Hagadooru The Property ""2459294414"" is in the process of add new property to e-Aasthi (Citizen), Currently this property available in Deputy Commissioner Revenue(dc_mdp_bbmp) forward list.",Closed,2025-06-13 03:25:00.000000000
20764094,INDIAN_OPENCITY_BBMP,General Consumer Services,Garbage dump,Garbage dump in Herohalli Garbage dumped in vacant site has been cleared,Closed,2025-06-13 03:25:00.000000000
20764089,INDIAN_OPENCITY_BBMP,General Consumer Services,Dengue positive,Dengue positive in Bellandur Attended,Closed,2025-06-13 03:24:00.000000000
20764085,INDIAN_OPENCITY_BBMP,General Consumer Services,Stray dog related complaints,Stray dog related complaints in Nagapura Attended but all r neutered,Closed,2025-06-13 03:23:00.000000000
20764081,INDIAN_OPENCITY_BBMP,General Consumer Services,Footpath,Footpath in Herohalli Forwarded Task,Registered,2025-06-13 03:22:00.000000000
20764076,INDIAN_OPENCITY_BBMP,General Consumer Services,Road side drains,Road side drains in Benniganahalli Mention precise location and proper photos,Non Relevant,2025-06-13 03:20:00.000000000
20764075,INDIAN_OPENCITY_BBMP,General Consumer Services,Maintenance of SWD,Maintenance of SWD in Sudam Nagar Forwarded Task,Registered,2025-06-13 03:20:00.000000000
20764074,INDIAN_OPENCITY_BBMP,Street/Public Electrical Infrastructure,Street Light Not Working,Street Light Not Working in Bharathi Nagar Resolved,Closed,2025-06-13 03:19:00.000000000
20764072,INDIAN_OPENCITY_BBMP,General Consumer Services,Dengue positive,Dengue positive in Jakkur Health education given and spraying done,Closed,2025-06-13 03:18:00.000000000
20764068,INDIAN_OPENCITY_BBMP,General Consumer Services,Discrepancy In Khata Certificate and Khata Extract,Discrepancy In Khata Certificate and Khata Extract in Shakambari Nagar Resolved,Closed,2025-06-13 03:15:00.000000000
20764067,INDIAN_OPENCITY_BBMP,General Consumer Services,Dengue positive,Dengue positive in Hemmigepura Field inspection assigned to SHI officer.,Registered,2025-06-13 03:14:00.000000000
20764066,INDIAN_OPENCITY_BBMP,General Consumer Services,Garbage dumping in vacant sites,Garbage dumping in vacant sites in Peenya Industrial Area Complaint attend,Closed,2025-06-13 03:14:00.000000000
20764062,INDIAN_OPENCITY_BBMP,General Consumer Services,Ekhata Area Correction,Ekhata Area Correction in Begur ನಿಯಮಾನುಸಾರ ಕ್ತಮಕೈಗೊಳ್ಳಲಾಗುವುದು,Closed,2025-06-13 03:13:00.000000000
20764061,INDIAN_OPENCITY_BBMP,General Consumer Services,Ekhata Area Correction,Ekhata Area Correction in Begur ನಿಯಮಾನುಸಾರ ಕ್ರಮಕೈಗೊಳ್ಳಲಾಗುವುದು,Closed,2025-06-13 03:13:00.000000000
20764060,INDIAN_OPENCITY_BBMP,General Consumer Services,Road cutting,Road cutting in Pulikeshi Nagar Field inspection assigned to AE officer.,Registered,2025-06-13 03:12:00.000000000
20764057,INDIAN_OPENCITY_BBMP,General Consumer Services,Sweeping not done,Sweeping not done in Muneshwara Nagar Clear,Closed,2025-06-13 03:09:00.000000000
20764055,INDIAN_OPENCITY_BBMP,General Consumer Services,Garbage dumping in vacant sites,Garbage dumping in vacant sites in Thanisandra Forwarded Task,Registered,2025-06-13 03:09:00.000000000
20764051,INDIAN_OPENCITY_BBMP,General Consumer Services,ekhata approval pending with ARO,ekhata approval pending with ARO in Begur ನಿಯಮಾನುಸಾರ ಕ್ರಮ ಕೈಗೊಳ್ಳಲಾಗುವುದು,Closed,2025-06-13 03:06:00.000000000
20764042,INDIAN_OPENCITY_BBMP,General Consumer Services,Road Infrastructure,Road Infrastructure in Konanakunte Field inspection assigned to AE officer.,Registered,2025-06-13 03:00:00.000000000
20764041,INDIAN_OPENCITY_BBMP,General Consumer Services,Garbage dump,Garbage dump in Muneshwara Nagar Cleared,Closed,2025-06-13 03:00:00.000000000
20764039,INDIAN_OPENCITY_BBMP,General Consumer Services,ekhata approval pending with ARO,ekhata approval pending with ARO in HBR Layout MUTATION FILE UNDER PROCESS,Closed,2025-06-13 02:58:00.000000000
20764037,INDIAN_OPENCITY_BBMP,General Consumer Services,Garbage vehicle not arrived,Garbage vehicle not arrived in Nagarabhavi Resolved,Closed,2025-06-13 02:57:00.000000000
20764036,INDIAN_OPENCITY_BBMP,General Consumer Services,Garbage dump,Garbage dump in Muneshwara Nagar Male,Closed,2025-06-13 02:57:00.000000000
20764034,INDIAN_OPENCITY_BBMP,General Consumer Services,Use of banned single use plastic,Use of banned single use plastic in Dharmarayaswamy Temple Ward Forwarded Task,Registered,2025-06-13 02:52:00.000000000
20764026,INDIAN_OPENCITY_BBMP,General Consumer Services,obstructions Branches / Trees.,obstructions Branches / Trees. in Horamavu Forwarded Task,Registered,2025-06-13 02:49:00.000000000
20764021,INDIAN_OPENCITY_BBMP,General Consumer Services,Road Infrastructure,Road Infrastructure in Vasanth Nagar Forwarded Task,Registered,2025-06-13 02:48:00.000000000
20764019,INDIAN_OPENCITY_BBMP,General Consumer Services,Road Infrastructure,Road Infrastructure in Domlur Forwarded Task,Registered,2025-06-13 02:48:00.000000000
20764017,INDIAN_OPENCITY_BBMP,General Consumer Services,Garbage dump,Garbage dump in Chalavadipalya Bakrit Festival Anima waste and Garbage,Closed,2025-06-13 02:47:00.000000000
20764015,INDIAN_OPENCITY_BBMP,General Consumer Services,Potholes,"Potholes in Rajarajeshwari Nagar It's not a pothole, work done by bwssb department,",Closed,2025-06-13 02:47:00.000000000
20764008,INDIAN_OPENCITY_BBMP,General Consumer Services,Potholes,"Potholes in Rajarajeshwari Nagar We have rectified it with temporary pothole filling, we will rectify it with cold mix tar or bituminous macadam as soon as possible",Closed,2025-06-13 02:42:00.000000000
20764007,INDIAN_OPENCITY_BBMP,General Consumer Services,Garbage vehicle not arrived,Garbage vehicle not arrived in Konena Agrahara Cleared thank you,Closed,2025-06-13 02:41:00.000000000
20764006,INDIAN_OPENCITY_BBMP,General Consumer Services,ekhata approval pending with ARO,ekhata approval pending with ARO in Kempegowda Ward The application is in notice period,Closed,2025-06-13 02:41:00.000000000
20764001,INDIAN_OPENCITY_BBMP,General Consumer Services,Stray dog related complaints,Stray dog related complaints in Kengeri Dog's cought for animals birth control and vaccination,Closed,2025-06-13 02:38:00.000000000
20763999,INDIAN_OPENCITY_BBMP,Street/Public Electrical Infrastructure,Street Light Not Working,Street Light Not Working in Aramane Nagar Complaint Attended,Closed,2025-06-13 02:36:00.000000000
20763998,INDIAN_OPENCITY_BBMP,General Consumer Services,ekhata approval pending with ARO,ekhata approval pending with ARO in Gottigere Please Re subbmit with the proper documents,Closed,2025-06-13 02:36:00.000000000
20763989,INDIAN_OPENCITY_BBMP,General Consumer Services,Garbage dump,Garbage dump in K.R.Puram as per citizen the complaint is not attended without action they closed the complaint,ReOpen,2025-06-13 02:28:00.000000000
20763987,INDIAN_OPENCITY_BBMP,General Consumer Services,Ekhata Other corrections,Ekhata Other corrections in Uttarahalli this property belongs aro uttarahalli,Closed,2025-06-13 02:26:00.000000000
20763984,INDIAN_OPENCITY_BBMP,General Consumer Services,Animal Cruelty/Ill-Treated / Abused,Animal Cruelty/Ill-Treated / Abused in Uttarahalli Field inspection assigned to VI officer.,Registered,2025-06-13 02:23:00.000000000
20763982,INDIAN_OPENCITY_BBMP,General Consumer Services,Flex and banners,Flex and banners in Chikpete Field inspection assigned to ARO officer.,Registered,2025-06-13 02:21:00.000000000
20763980,INDIAN_OPENCITY_BBMP,Street/Public Electrical Infrastructure,Requirement For New Street Lights,Requirement For New Street Lights in Chamrajpet Complaint Attended,Closed,2025-06-13 02:20:00.000000000
20763974,INDIAN_OPENCITY_BBMP,Street/Public Electrical Infrastructure,Street Light Not Working,Street Light Not Working in Karisandra Attended,Closed,2025-06-13 02:14:00.000000000
20763972,INDIAN_OPENCITY_BBMP,General Consumer Services,UnAuthorised Building Constructions,UnAuthorised Building Constructions in Konanakunte Field inspection assigned to AEE officer.,Registered,2025-06-13 02:12:00.000000000
20763971,INDIAN_OPENCITY_BBMP,General Consumer Services,Garbage vehicle not arrived,Garbage vehicle not arrived in Jayachamarajendra Nagar Clear sir,Closed,2025-06-13 02:10:00.000000000
20763969,INDIAN_OPENCITY_BBMP,General Consumer Services,Sewerage water left in SWD,Sewerage water left in SWD in Pulikeshi Nagar Field inspection assigned to AE officer.,Registered,2025-06-13 02:10:00.000000000
20763967,INDIAN_OPENCITY_BBMP,General Consumer Services,Road side drains,Road side drains in Chowdeshwari Ward Forwarded Task,Registered,2025-06-13 02:08:00.000000000
20763964,INDIAN_OPENCITY_BBMP,General Consumer Services,Garbage dump,Garbage dump in Jagajeevanram Nagar Cleared,Closed,2025-06-13 02:04:00.000000000
20763960,INDIAN_OPENCITY_BBMP,General Consumer Services,Garbage dumping in vacant sites,Garbage dumping in vacant sites in Anjanapur Forwarded Task,Registered,2025-06-13 01:58:00.000000000
20763959,INDIAN_OPENCITY_BBMP,General Consumer Services,Complaint against SW collector/ SWM official for violation of SWM Rules,Complaint against SW collector/ SWM official for violation of SWM Rules in Rajarajeshwari Nagar Cleared,Closed,2025-06-13 01:57:00.000000000
20763958,INDIAN_OPENCITY_BBMP,General Consumer Services,Use of banned single use plastic,Use of banned single use plastic in Kaveripura Field inspection assigned to SHI officer.,Registered,2025-06-13 01:57:00.000000000
20763950,INDIAN_OPENCITY_BBMP,General Consumer Services,Potholes,Potholes in HAL Airport Field inspection assigned to AE officer.,Registered,2025-06-13 01:47:00.000000000
20763949,INDIAN_OPENCITY_BBMP,General Consumer Services,Potholes,Potholes in Jeevanbhima Nagar Field inspection assigned to Customer Support Representative officer.,Non Relevant,2025-06-13 01:45:00.000000000
20763948,INDIAN_OPENCITY_BBMP,General Consumer Services,Garbage dump,Garbage dump in Vannarpet Clear garbage point,Closed,2025-06-13 01:44:00.000000000
20763944,INDIAN_OPENCITY_BBMP,Street/Public Electrical Infrastructure,Street Light Not Working,Street Light Not Working in Jnanabharathi Ward as per citizen unsatisfied,ReOpen,2025-06-13 01:41:00.000000000
20763943,INDIAN_OPENCITY_BBMP,General Consumer Services,Maintenance of SWD,Maintenance of SWD in Chokkasandra Resolved,Closed,2025-06-13 01:41:00.000000000
20763940,INDIAN_OPENCITY_BBMP,General Consumer Services,Sweeping not done,Sweeping not done in Mallasandra Forwarded Task,Registered,2025-06-13 01:37:00.000000000
20763939,INDIAN_OPENCITY_BBMP,Street/Public Electrical Infrastructure,Street Light Not Working,Street Light Not Working in Okalipuram Complaint Attended,Closed,2025-06-13 01:36:00.000000000
20763934,INDIAN_OPENCITY_BBMP,General Consumer Services,Removal of dead/fallen trees,Removal of dead/fallen trees in Jakkasandra Forwarded Task,Registered,2025-06-13 01:34:00.000000000
20763933,INDIAN_OPENCITY_BBMP,General Consumer Services,Garbage dump,Garbage dump in Mallasandra Location not identified,Closed,2025-06-13 01:34:00.000000000
20763929,INDIAN_OPENCITY_BBMP,General Consumer Services,Animal Rescue - Not well - Requires attention,Animal Rescue - Not well - Requires attention in Banaswadi Field inspection assigned to VI officer.,Registered,2025-06-13 01:30:00.000000000
20763928,INDIAN_OPENCITY_BBMP,General Consumer Services,Dead animal(s),Dead animal(s) in Sudam Nagar Field inspection assigned to JHI officer.,Registered,2025-06-13 01:30:00.000000000
20763926,INDIAN_OPENCITY_BBMP,General Consumer Services,UnAuthorised Constructions,UnAuthorised Constructions in Chokkasandra Field inspection assigned to Customer Support Representative officer.,Non Relevant,2025-06-13 01:28:00.000000000
20763923,INDIAN_OPENCITY_BBMP,Street/Public Electrical Infrastructure,Street Light Not Working,Street Light Not Working in Gottigere It belongs to BDA layout and kindly contact BDA engineer in,Closed,2025-06-13 01:27:00.000000000
20763922,INDIAN_OPENCITY_BBMP,General Consumer Services,Ekhata missing in online,Ekhata missing in online in C.V.Raman Nagar close,Closed,2025-06-13 01:25:00.000000000
20763920,INDIAN_OPENCITY_BBMP,General Consumer Services,Animal birth control/neutering of stray dogs,Animal birth control/neutering of stray dogs in Vannarpet Field inspection assigned to VI officer.,Closed,2025-06-13 01:23:00.000000000
20763918,INDIAN_OPENCITY_BBMP,Street/Public Electrical Infrastructure,Street Light Not Working,Street Light Not Working in Kottigepalya Resolved,Closed,2025-06-13 01:22:00.000000000
20763915,INDIAN_OPENCITY_BBMP,General Consumer Services,obstructions Branches / Trees.,"obstructions Branches / Trees. in Chikpete Please contact Area Supervisor, Mallaiah-[PHONE]",Closed,2025-06-13 01:21:00.000000000
20763910,INDIAN_OPENCITY_BBMP,Street/Public Electrical Infrastructure,Street Light Not Working,Street Light Not Working in Radhakrishna Temple Resolved,Closed,2025-06-13 01:14:00.000000000
20763908,INDIAN_OPENCITY_BBMP,General Consumer Services,Sweeping not done,Sweeping not done in A.Narayanapura Field inspection assigned to JHI officer.,Registered,2025-06-13 01:14:00.000000000
20763907,INDIAN_OPENCITY_BBMP,General Consumer Services,Ekhata missing in online,Ekhata missing in online in Konanakunte closed,Closed,2025-06-13 01:13:00.000000000
20763905,INDIAN_OPENCITY_BBMP,General Consumer Services,obstructions Branches / Trees.,obstructions Branches / Trees. in Begur Resolved,Closed,2025-06-13 01:13:00.000000000
20763903,INDIAN_OPENCITY_BBMP,General Consumer Services,Sewerage water left in SWD,Sewerage water left in SWD in Shanthi Nagar Field inspection assigned to AE officer.,Registered,2025-06-13 01:11:00.000000000
20763901,INDIAN_OPENCITY_BBMP,General Consumer Services,"Khata Services (Registration, Transfer, Bifurcation and Amalgamation)","Khata Services (Registration, Transfer, Bifurcation and Amalgamation) in Jnanabharathi Ward ಸದರಿ ಸ್ವತ್ತಿಗೆ ಸಂಬಂಧಿಸಿದಂತೆ ನ್ಯಾಯಾಲಯದಲ್ಲಿ ದಾವೆ ಸಂಬಂಧವಾಗಿ ಇತ್ಯರ್ಥ ಪಡಿಸಲು ಕೋರಿರುವುದರಿಂದ ಸದರಿ ಪ್ರಕರಣವು ಮಾನ್ಯ ಜಂಟಿ ಆಯುಕ್ತರ ನ್ಯಾಯಾಲಯದಲ್ಲಿ ಇತ್ಯರ್ಥವಾಗಬೇಕಾಗಿರುವುದರಿಂದ ಸದರಿ ಪ್ರಕರಣವು ಮಾನ್ಯ ವಲಯ ಜಂಟಿ ಆಯುಕ್ತರ ವಿಚಾರಣೆಯ ಆದೇಶದ ನಂತರ ಕ್ರಮವಹಿಸಲಾಗುವುದೆಂದು ಅರ್ಜಿದಾರರಿಗೆ ದೂರವಾಣೀ ಮುಖಾಂತರ ತಿಳಿಸಲಾಗಿದೆ",Closed,2025-06-13 01:11:00.000000000
20763900,INDIAN_OPENCITY_BBMP,General Consumer Services,Garbage vehicle not arrived,Garbage vehicle not arrived in Yelachenahalli This location Showing 181 kumarswamy layout,Closed,2025-06-13 01:08:00.000000000
20763899,INDIAN_OPENCITY_BBMP,General Consumer Services,Ekhata missing in online,Ekhata missing in online in Jnanabharathi Ward ತಮ್ಮ ಎಸ್‌ ಎ ಎಸ್‌ ಅರ್ಜಿಯಂತೆ ಖಾತಾ ಸಂಖ್ಯೆಯನ್ನು ಪರಿಶೀಲಿಸಲಾಗಿ ಖಾತಾ ದಾಖಲೆಯಾಗಿರುವುದು ಕಂಡು ಬಂದಿರುವುದಿಲ್ಲ ಆದ್ದರಿಂದ ಹೊಸ ಇ ಆಸ್ತಿ ತಂತ್ರಾಂಶದಲ್ಲಿ ಅರ್ಜಿ ಸಲ್ಲಿಸಿ ಇ ಆಸ್ತಿಯನ್ನು ಪಡೆಯಬಹುದಾಗಿದೆ,Closed,2025-06-13 01:08:00.000000000
20763898,INDIAN_OPENCITY_BBMP,General Consumer Services,Road Infrastructure,Road Infrastructure in Mangammanapalya Forwarded Task,Registered,2025-06-13 01:08:00.000000000
20763896,INDIAN_OPENCITY_BBMP,General Consumer Services,eKhata - name Mismatch,eKhata - name Mismatch in Anjanapur Please Login bbmp.karnataka.gov.in/new khata,Closed,2025-06-13 01:07:00.000000000
20763895,INDIAN_OPENCITY_BBMP,General Consumer Services,ekhata approval pending with ARO,ekhata approval pending with ARO in Thanisandra Closed,Closed,2025-06-13 01:07:00.000000000
20763894,INDIAN_OPENCITY_BBMP,General Consumer Services,Fatally injured - Needs immediate attention,Fatally injured - Needs immediate attention in Hegganahalli attended,Closed,2025-06-13 01:06:00.000000000
20763893,INDIAN_OPENCITY_BBMP,Street/Public Electrical Infrastructure,Street Light Not Working,Street Light Not Working in Ganga Nagar New light fitting has to be fix to this pole has CCMS project is under progress we have taken your request we will fix new LED light once tender works starts as per priority,Closed,2025-06-13 01:06:00.000000000
20763888,INDIAN_OPENCITY_BBMP,General Consumer Services,Garbage dump,Garbage dump in HAL Airport Complaint clear,Closed,2025-06-13 01:04:00.000000000
20763886,INDIAN_OPENCITY_BBMP,General Consumer Services,Footpath,Footpath in Shakambari Nagar Kindly upload photo,Non Relevant,2025-06-13 01:02:00.000000000
20763882,INDIAN_OPENCITY_BBMP,General Consumer Services,Stray dog related complaints,Stray dog related complaints in Hegganahalli attended,Closed,2025-06-13 01:00:00.000000000
20763877,INDIAN_OPENCITY_BBMP,General Consumer Services,Potholes,Potholes in Kengeri Forwarded Task,Registered,2025-06-13 12:57:00.000000000
20763874,INDIAN_OPENCITY_BBMP,General Consumer Services,Technical Issue In Ekhata,Technical Issue In Ekhata in Rajagopala Nagar The application has been rejected. It is requested the citizen to re-apply.,Closed,2025-06-13 12:55:00.000000000
20763873,INDIAN_OPENCITY_BBMP,General Consumer Services,Dead animal(s),Dead animal(s) in Singasandra Resolved,Closed,2025-06-13 12:54:00.000000000
20763872,INDIAN_OPENCITY_BBMP,General Consumer Services,Garbage transfer not as per norms & area not kept clean,Garbage transfer not as per norms & area not kept clean in Vignana Nagar Clear,Closed,2025-06-13 12:54:00.000000000
20763871,INDIAN_OPENCITY_BBMP,General Consumer Services,Removal of dead/fallen trees,Removal of dead/fallen trees in Kengeri Field inspection assigned to DYRFO officer.,Registered,2025-06-13 12:54:00.000000000
20763868,INDIAN_OPENCITY_BBMP,General Consumer Services,Garbage dumping in vacant sites,Garbage dumping in vacant sites in Banashankari Temple Ward Clear,Closed,2025-06-13 12:49:00.000000000
20763867,INDIAN_OPENCITY_BBMP,General Consumer Services,Footpath,Footpath in K.R.Market Field inspection assigned to AE officer.,Registered,2025-06-13 12:49:00.000000000
20763866,INDIAN_OPENCITY_BBMP,General Consumer Services,Garbage dump,Garbage dump in Hagadooru Clear and Buildings Construction working On Layout.,Closed,2025-06-13 12:49:00.000000000
20763860,INDIAN_OPENCITY_BBMP,General Consumer Services,Other Khata / ekhata issues,Other Khata / ekhata issues in Begur ನಿಯಮಾನುಸಾರ ಕ್ರಮ ಕೈಗೊಳ್ಳಲಾಗುವುದು,Closed,2025-06-13 12:45:00.000000000
20763858,INDIAN_OPENCITY_BBMP,General Consumer Services,obstructions Branches / Trees.,"obstructions Branches / Trees. in Maruthi Mandira Ward Please contact Area Supervisor, Ganesh-[PHONE]",Closed,2025-06-13 12:44:00.000000000
20763856,INDIAN_OPENCITY_BBMP,General Consumer Services,Footpath,Footpath in Mahalakshmipuram Field inspection assigned to Customer Support Representative officer.,Non Relevant,2025-06-13 12:43:00.000000000
20763854,INDIAN_OPENCITY_BBMP,General Consumer Services,Flex and banners,"Flex and banners in BTM Layout as per commissioner order flex and banner comes to engineer section, so please contact further details and this grevience is forwarded to btm layout engineer,",Closed,2025-06-13 12:43:00.000000000
20763853,INDIAN_OPENCITY_BBMP,General Consumer Services,Sweeping not done,Sweeping not done in Aramane Nagar Complaint is been resolved,Closed,2025-06-13 12:42:00.000000000
20763852,INDIAN_OPENCITY_BBMP,General Consumer Services,Fatally injured - Needs immediate attention,"Fatally injured - Needs immediate attention in Sarvagna Nagar As the dog has been rescued by the public, your complaint is closed on your consent",Closed,2025-06-13 12:42:00.000000000
20763848,INDIAN_OPENCITY_BBMP,General Consumer Services,Air/Noise pollution,Air/Noise pollution in T-Dasarahalli Attend,Closed,2025-06-13 12:40:00.000000000
20763847,INDIAN_OPENCITY_BBMP,General Consumer Services,Dead animal(s),Dead animal(s) in Lingarajapuram Clear,Closed,2025-06-13 12:40:00.000000000
20763846,INDIAN_OPENCITY_BBMP,General Consumer Services,Garbage dump,Garbage dump in Jayangar Cleaned,Closed,2025-06-13 12:39:00.000000000
20763843,INDIAN_OPENCITY_BBMP,General Consumer Services,Stray dog related complaints,Stray dog related complaints in Nagapura Attended but not found the dog,Closed,2025-06-13 12:37:00.000000000
20763841,INDIAN_OPENCITY_BBMP,General Consumer Services,Sweeping not done,Sweeping not done in Anjanapur Complint cliyar,Closed,2025-06-13 12:36:00.000000000
20763840,INDIAN_OPENCITY_BBMP,General Consumer Services,Issues Related to Parks/Medians/Circles/Island.,Issues Related to Parks/Medians/Circles/Island. in Dr.Rajkumar Ward parks are not opened at proper timing and they close soon Complaint Cleared,Closed,2025-06-13 12:35:00.000000000
20763837,INDIAN_OPENCITY_BBMP,General Consumer Services,Garbage dump,Garbage dump in Doddanekkundi Clearl,Closed,2025-06-13 12:33:00.000000000
20763836,INDIAN_OPENCITY_BBMP,General Consumer Services,Ekhata - name correction,Ekhata - name correction in Sri Nagar Resolved challan issued to complainant,Closed,2025-06-13 12:32:00.000000000
20763832,INDIAN_OPENCITY_BBMP,Street/Public Electrical Infrastructure,Street Light Not Working,Street Light Not Working in Uttarahalli Attended,Closed,2025-06-13 12:30:00.000000000
20763831,INDIAN_OPENCITY_BBMP,General Consumer Services,Garbage dump,Garbage dump in Laggere Garbage is not clear,ReOpen,2025-06-13 12:29:00.000000000
20763830,INDIAN_OPENCITY_BBMP,General Consumer Services,"Khata Services (Registration, Transfer, Bifurcation and Amalgamation)","Khata Services (Registration, Transfer, Bifurcation and Amalgamation) in Begur ನಿಯಮಾನುಸಾರ ಕ್ರಮ ಕೈಗೊಳ್ಳಲಾಗುವುದು",Closed,2025-06-13 12:28:00.000000000
20763827,INDIAN_OPENCITY_BBMP,General Consumer Services,Potholes,Potholes in Attiguppe NO ACTION. BLINDLY CLOSED.,ReOpen,2025-06-13 12:27:00.000000000
20763825,INDIAN_OPENCITY_BBMP,General Consumer Services,Burning of Garbage in Open Space,Burning of Garbage in Open Space in Vasanthapura Cleared,Closed,2025-06-13 12:25:00.000000000
20763823,INDIAN_OPENCITY_BBMP,General Consumer Services,Sweeping not done,Sweeping not done in Kottigepalya Resolved,Closed,2025-06-13 12:25:00.000000000
20763818,INDIAN_OPENCITY_BBMP,General Consumer Services,Other Khata / ekhata issues,"Other Khata / ekhata issues in Kadugodi The Property ""3236960790"" is in the process of PROPERTY CORRECTION, Currently this property available in Revenue Officer(ro_mdp_bbmp) forward list.",Closed,2025-06-13 12:22:00.000000000
20763817,INDIAN_OPENCITY_BBMP,General Consumer Services,Stray dog related complaints,Stray dog related complaints in Bellandur No relocation of dogs can be done as per supreme court order,Closed,2025-06-13 12:21:00.000000000
20763815,INDIAN_OPENCITY_BBMP,Street/Public Electrical Infrastructure,Street Light Not Working,Street Light Not Working in Dodda Bidarkallu Resolved,Closed,2025-06-13 12:19:00.000000000
20763814,INDIAN_OPENCITY_BBMP,General Consumer Services,Play Grounds,Play Grounds in Attiguppe resolved complaint,Closed,2025-06-13 12:18:00.000000000
20763812,INDIAN_OPENCITY_BBMP,General Consumer Services,Debris Removal / Construction Material,Debris Removal / Construction Material in Katriguppe Field inspection assigned to Customer Support Representative officer.,Non Relevant,2025-06-13 12:17:00.000000000
20763810,INDIAN_OPENCITY_BBMP,General Consumer Services,Garbage dump,"Garbage dump in Vasanthapura No action taken, Garbage heap remains. Casual approach from the marshall.",ReOpen,2025-06-13 12:17:00.000000000
20763809,INDIAN_OPENCITY_BBMP,General Consumer Services,Road Infrastructure,Road Infrastructure in Hemmigepura Forwarded Task,Registered,2025-06-13 12:16:00.000000000
20763808,INDIAN_OPENCITY_BBMP,General Consumer Services,obstructions Branches / Trees.,"obstructions Branches / Trees. in Kavalbyrasandra Please provide hard copy photo of the tree, bbmp tax paid, request letter to the 21st floor, Utility building, mayo hall, Bangalore-560 001",Closed,2025-06-13 12:15:00.000000000
20763807,INDIAN_OPENCITY_BBMP,General Consumer Services,Debris Removal / Construction Material,Debris Removal / Construction Material in Someshwara Field inspection assigned to Customer Support Representative officer.,Non Relevant,2025-06-13 12:15:00.000000000
20763806,INDIAN_OPENCITY_BBMP,General Consumer Services,Garbage thrown in storm water drain,Garbage thrown in storm water drain in Kodigehalli Forwarded Task,Registered,2025-06-13 12:15:00.000000000
20763804,INDIAN_OPENCITY_BBMP,General Consumer Services,Garbage dumping in vacant sites,Garbage dumping in vacant sites in Hombegowda Nagar Clear,Closed,2025-06-13 12:14:00.000000000
20763802,INDIAN_OPENCITY_BBMP,General Consumer Services,Sewerage water left in SWD,Sewerage water left in SWD in Kodigehalli Field inspection assigned to Customer Support Representative officer.,Non Relevant,2025-06-13 12:13:00.000000000
20763793,INDIAN_OPENCITY_BBMP,Street/Public Electrical Infrastructure,Street Light Not Working,Street Light Not Working in Rajaji Nagar Complaint Attended,Closed,2025-06-13 12:08:00.000000000
20763790,INDIAN_OPENCITY_BBMP,General Consumer Services,obstructions Branches / Trees.,obstructions Branches / Trees. in Banaswadi Plz upload photos,Closed,2025-06-13 12:07:00.000000000
20763786,INDIAN_OPENCITY_BBMP,General Consumer Services,Debris Removal / Construction Material,Debris Removal / Construction Material in Hanumantha Nagar Field inspection assigned to AE officer.,Registered,2025-06-13 12:03:00.000000000
20763785,INDIAN_OPENCITY_BBMP,General Consumer Services,Debris Removal / Construction Material,Debris Removal / Construction Material in Horamavu Field inspection assigned to AE officer.,Registered,2025-06-13 12:03:00.000000000
20763784,INDIAN_OPENCITY_BBMP,General Consumer Services,Road Infrastructure,Road Infrastructure in Jayamahal Forwarded Task,Registered,2025-06-13 12:02:00.000000000
20763783,INDIAN_OPENCITY_BBMP,General Consumer Services,water stagnation,water stagnation in Jakkur Field inspection assigned to AE officer.,Registered,2025-06-13 12:01:00.000000000
20763781,INDIAN_OPENCITY_BBMP,General Consumer Services,Gym/Children Play equipment in the parks,Gym/Children Play equipment in the parks in Vidyapeetha resolved complaint,Closed,2025-06-13 12:01:00.000000000
20763780,INDIAN_OPENCITY_BBMP,General Consumer Services,footpath encroachment,footpath encroachment in Jayangar Clearance,Closed,2025-06-13 12:00:00.000000000
20763779,INDIAN_OPENCITY_BBMP,General Consumer Services,Garbage dump,Garbage dump in Siddapura Secondary point,Closed,2025-06-13 12:00:00.000000000
20763778,INDIAN_OPENCITY_BBMP,General Consumer Services,Khata / Ekhata mutation / transfer,Khata / Ekhata mutation / transfer in Nagavara YOUR REQUEST UNDER PROCESES,Closed,2025-06-13 11:58:00.000000000
20763777,INDIAN_OPENCITY_BBMP,General Consumer Services,Garbage dump,Garbage dump in Marappana Palya Clera,Closed,2025-06-13 11:57:00.000000000
20763776,INDIAN_OPENCITY_BBMP,General Consumer Services,Gym/Children Play equipment in the parks,"Gym/Children Play equipment in the parks in Chokkasandra These civil works done by EE project so please contact [PHONE] ,[PHONE]",Closed,2025-06-13 11:56:00.000000000
20763773,INDIAN_OPENCITY_BBMP,General Consumer Services,Garbage vehicle not arrived,Garbage vehicle not arrived in Sarakki complaint cleared Sir,Closed,2025-06-13 11:55:00.000000000
20763772,INDIAN_OPENCITY_BBMP,General Consumer Services,Garbage dump,Garbage dump in Hoodi This Not under BBMP Limits please Complaint in Kurudusonnehalli Panchayati office,Closed,2025-06-13 11:54:00.000000000
20763769,INDIAN_OPENCITY_BBMP,General Consumer Services,Garbage vehicle not arrived,Garbage vehicle not arrived in Hoodi Vehicle arrived in the area door to door collection done,Closed,2025-06-13 11:53:00.000000000
20763768,INDIAN_OPENCITY_BBMP,General Consumer Services,Footpath,Footpath in Jogupalya Field inspection assigned to AE officer.,Registered,2025-06-13 11:50:00.000000000
20763763,INDIAN_OPENCITY_BBMP,General Consumer Services,Garbage dumping in vacant sites,Garbage dumping in vacant sites in Rajagopala Nagar Complaint cleared,Closed,2025-06-13 11:48:00.000000000
20763762,INDIAN_OPENCITY_BBMP,General Consumer Services,Garbage vehicle not arrived,Garbage vehicle not arrived in Manorayanapalya Arri,Closed,2025-06-13 11:48:00.000000000
20763760,INDIAN_OPENCITY_BBMP,Street/Public Electrical Infrastructure,Street Light Not Working,Street Light Not Working in Mangammanapalya Attended,Closed,2025-06-13 11:47:00.000000000
20763759,INDIAN_OPENCITY_BBMP,General Consumer Services,obstructions Branches / Trees.,obstructions Branches / Trees. in Ramamurthy Nagar Field inspection assigned to DYRFO officer.,Registered,2025-06-13 11:47:00.000000000
20763758,INDIAN_OPENCITY_BBMP,General Consumer Services,Garbage dump,"Garbage dump in Chikpete This is not Garbage Complaints,,,, wood waste, Debris is there, Plzz Forward Engineering dpt",Closed,2025-06-13 11:47:00.000000000
20763755,INDIAN_OPENCITY_BBMP,General Consumer Services,Ekhata missing in online,Ekhata missing in online in Someshwara ಅರ್ಜಿದಾರರಿಗೆ ಹಿಂಬರಹದ ಪ್ರತಿಯನ್ನು ಲಗತ್ತಿಸಿ ಮಾಹಿತಿಯನ್ನು ನೀಡಲಾಗಿದೆ,Closed,2025-06-13 11:46:00.000000000
20763751,INDIAN_OPENCITY_BBMP,General Consumer Services,unable to generate property tax challan,unable to generate property tax challan in Hemmigepura Forwarded Task,Registered,2025-06-13 11:42:00.000000000
20763749,INDIAN_OPENCITY_BBMP,General Consumer Services,Removal of dead/fallen trees,"Removal of dead/fallen trees in Gottigere Please submit application to Forest Department, Head Office",Closed,2025-06-13 11:41:00.000000000
20763748,INDIAN_OPENCITY_BBMP,General Consumer Services,obstructions Branches / Trees.,obstructions Branches / Trees. in Sanjay Nagar Plz upload photos,Closed,2025-06-13 11:40:00.000000000
20763746,INDIAN_OPENCITY_BBMP,General Consumer Services,Garbage dump,Garbage dump in Bellandur Photo not clear,Closed,2025-06-13 11:40:00.000000000
20763744,INDIAN_OPENCITY_BBMP,General Consumer Services,Issues Related to Parks/Medians/Circles/Island.,Issues Related to Parks/Medians/Circles/Island. in Herohalli Field inspection assigned to HS officer.,Registered,2025-06-13 11:39:00.000000000
20763743,INDIAN_OPENCITY_BBMP,Street/Public Electrical Infrastructure,Street Light Not Working,Street Light Not Working in Sudam Nagar belong to East Zone,Closed,2025-06-13 11:39:00.000000000
20763740,INDIAN_OPENCITY_BBMP,General Consumer Services,Other Khata / ekhata issues,Other Khata / ekhata issues in Jayamahal APPLY FOR NEEDFUL DOCUMENTS,Closed,2025-06-13 11:37:00.000000000
20763737,INDIAN_OPENCITY_BBMP,General Consumer Services,Garbage dump,Garbage dump in Puttenahalli Sir inform to arakeyray ward revenue office to give notice to land owner,Closed,2025-06-13 11:36:00.000000000
20763736,INDIAN_OPENCITY_BBMP,General Consumer Services,Garbage dump,Garbage dump in Nagarabhavi Cleared,Closed,2025-06-13 11:36:00.000000000
20763733,INDIAN_OPENCITY_BBMP,General Consumer Services,Garbage vehicle not arrived,Garbage vehicle not arrived in Hosakerehalli Problem clear,Closed,2025-06-13 11:34:00.000000000
20763731,INDIAN_OPENCITY_BBMP,General Consumer Services,Debris Removal / Construction Material,Debris Removal / Construction Material in HBR Layout Action taken,Closed,2025-06-13 11:33:00.000000000
20763729,INDIAN_OPENCITY_BBMP,General Consumer Services,Removal of dead/fallen trees,Removal of dead/fallen trees in Vasanth Nagar [PHONE],Closed,2025-06-13 11:33:00.000000000
20763724,INDIAN_OPENCITY_BBMP,General Consumer Services,Dead animal(s),Dead animal(s) in Horamavu Solved,Closed,2025-06-13 11:31:00.000000000
20763723,INDIAN_OPENCITY_BBMP,General Consumer Services,Debris Removal / Construction Material,Debris Removal / Construction Material in BTM Layout complaint as not attend,ReOpen,2025-06-13 11:31:00.000000000
20763722,INDIAN_OPENCITY_BBMP,General Consumer Services,Garbage dump,Garbage dump in Nagavara Engineer department,Closed,2025-06-13 11:31:00.000000000
20763719,INDIAN_OPENCITY_BBMP,General Consumer Services,Garbage dump,Garbage dump in BTM Layout Complaint cleared,Closed,2025-06-13 11:30:00.000000000
20763718,INDIAN_OPENCITY_BBMP,General Consumer Services,Garbage dump,Garbage dump in Gali Anjaneya Swamy Temple Ward Clear,Closed,2025-06-13 11:29:00.000000000
20763717,INDIAN_OPENCITY_BBMP,General Consumer Services,Garbage dump,Garbage dump in Gayathri Nagar Complaint resolved,Closed,2025-06-13 11:29:00.000000000
20763714,INDIAN_OPENCITY_BBMP,General Consumer Services,Animal birth control/neutering of stray dogs,Animal birth control/neutering of stray dogs in K.R.Puram Complaint attended,Closed,2025-06-13 11:27:00.000000000
20763712,INDIAN_OPENCITY_BBMP,Street/Public Electrical Infrastructure,Street Light Not Working,Street Light Not Working in Bommanahalli This Complaint belongs to south zone,Closed,2025-06-13 11:26:00.000000000
20763700,INDIAN_OPENCITY_BBMP,General Consumer Services,Garbage dump,Garbage dump in Bharathi Nagar Clear,Closed,2025-06-13 11:23:00.000000000
20763699,INDIAN_OPENCITY_BBMP,General Consumer Services,Footpath,Footpath in Pulikeshi Nagar Field inspection assigned to AE officer.,Registered,2025-06-13 11:23:00.000000000
20763695,INDIAN_OPENCITY_BBMP,General Consumer Services,Garbage dump,Garbage dump in Kumaraswamy Layout Clearnce in progress,Closed,2025-06-13 11:21:00.000000000
20763694,INDIAN_OPENCITY_BBMP,Street/Public Electrical Infrastructure,Street Light Not Working,Street Light Not Working in Hanumantha Nagar attended,Closed,2025-06-13 11:21:00.000000000
20763692,INDIAN_OPENCITY_BBMP,General Consumer Services,UnAuthorised Constructions,UnAuthorised Constructions in Ramamurthy Nagar Complaint forwarded as per the chief commissioner order dated 18/10/2024 for necessary action,Registered,2025-06-13 11:21:00.000000000
20763691,INDIAN_OPENCITY_BBMP,General Consumer Services,Maintenance of SWD,Maintenance of SWD in Dodda Bidarkallu Field inspection assigned to AE officer.,Registered,2025-06-13 11:21:00.000000000
20763688,INDIAN_OPENCITY_BBMP,General Consumer Services,Garbage dump,Garbage dump in Shiva Nagar Cleared sir,Closed,2025-06-13 11:20:00.000000000
20763687,INDIAN_OPENCITY_BBMP,General Consumer Services,Debris Removal / Construction Material,Debris Removal / Construction Material in Malleshwaram Forwarded Task,Registered,2025-06-13 11:20:00.000000000
20763686,INDIAN_OPENCITY_BBMP,General Consumer Services,Complaint against SW collector/ SWM official for violation of SWM Rules,Complaint against SW collector/ SWM official for violation of SWM Rules in HSR Layout this complaint is clear sir,Closed,2025-06-13 11:20:00.000000000
20763683,INDIAN_OPENCITY_BBMP,General Consumer Services,Garbage dump,Garbage dump in Doddanekkundi Clear,Closed,2025-06-13 11:19:00.000000000
20763679,INDIAN_OPENCITY_BBMP,General Consumer Services,Garbage nuisance while transporting,Garbage nuisance while transporting in Jayangar Clear,Closed,2025-06-13 11:18:00.000000000
20763677,INDIAN_OPENCITY_BBMP,General Consumer Services,Garbage dump,Garbage dump in Marappana Palya This complaint cleared,Closed,2025-06-13 11:17:00.000000000
20763671,INDIAN_OPENCITY_BBMP,General Consumer Services,Sweeping not done,Sweeping not done in Kacharakanahalli Resolved,Closed,2025-06-13 11:17:00.000000000
20763670,INDIAN_OPENCITY_BBMP,General Consumer Services,obstructions Branches / Trees.,obstructions Branches / Trees. in Byatarayanapura Forwarded Task,Registered,2025-06-13 11:16:00.000000000
20763668,INDIAN_OPENCITY_BBMP,General Consumer Services,Garbage dump,Garbage dump in Bilekahalli Clear,Closed,2025-06-13 11:16:00.000000000
20763667,INDIAN_OPENCITY_BBMP,General Consumer Services,Ekhata Other corrections,Ekhata Other corrections in Vidyaranyapura TECNICAL ISSUE. THIS IS IN PROCESS,Closed,2025-06-13 11:15:00.000000000
20763666,INDIAN_OPENCITY_BBMP,General Consumer Services,ekhata approval pending with ARO,ekhata approval pending with ARO in Gottigere it is under notice period after notice period completion it will approve,Closed,2025-06-13 11:15:00.000000000
20763664,INDIAN_OPENCITY_BBMP,General Consumer Services,Garbage dump,Garbage dump in Rajarajeshwari Nagar Only cleaning of the waste done. No solution provided for future,ReOpen,2025-06-13 11:14:00.000000000
20763662,INDIAN_OPENCITY_BBMP,General Consumer Services,Garbage vehicle not arrived,Garbage vehicle not arrived in Nagarabhavi Cleared,Closed,2025-06-13 11:13:00.000000000
20763661,INDIAN_OPENCITY_BBMP,General Consumer Services,Debris Removal / Construction Material,Debris Removal / Construction Material in Jnanabharathi Ward DDD,Closed,2025-06-13 11:13:00.000000000
20763660,INDIAN_OPENCITY_BBMP,General Consumer Services,Technical Issue In Ekhata,Technical Issue In Ekhata in Nagapura Field inspection assigned to RI officer.,Registered,2025-06-13 11:13:00.000000000
20763659,INDIAN_OPENCITY_BBMP,Street/Public Electrical Infrastructure,Street Light Not Working,Street Light Not Working in Singasandra Attended,Closed,2025-06-13 11:13:00.000000000
20763658,INDIAN_OPENCITY_BBMP,Street/Public Electrical Infrastructure,Street Light Not Working,Street Light Not Working in Gottigere Attended,Closed,2025-06-13 11:12:00.000000000
20763657,INDIAN_OPENCITY_BBMP,General Consumer Services,obstructions Branches / Trees.,obstructions Branches / Trees. in HSR Layout Resolved,Closed,2025-06-13 11:12:00.000000000
20763656,INDIAN_OPENCITY_BBMP,General Consumer Services,footpath encroachment,footpath encroachment in Dayananda Nagar Field inspection assigned to AE officer.,Registered,2025-06-13 11:12:00.000000000
20763651,INDIAN_OPENCITY_BBMP,General Consumer Services,Complaint against SW collector/ SWM official for violation of SWM Rules,Complaint against SW collector/ SWM official for violation of SWM Rules in Gottigere Field inspection assigned to Marshal officer.,In Progress,2025-06-13 11:09:00.000000000
20763649,INDIAN_OPENCITY_BBMP,General Consumer Services,ekhata approval pending with ARO,ekhata approval pending with ARO in Doddanekkundi your are application is pending for consideration. After 1 Week login to BBMP E asthi Portal and verify the application,Closed,2025-06-13 11:08:00.000000000
20763648,INDIAN_OPENCITY_BBMP,General Consumer Services,Garbage vehicle not arrived,Garbage vehicle not arrived in Bapuji Nagar Cleared sir,Closed,2025-06-13 11:08:00.000000000
20763645,INDIAN_OPENCITY_BBMP,General Consumer Services,Removal of dead/fallen trees,Removal of dead/fallen trees in Lingarajapuram Contact swm department,Closed,2025-06-13 11:06:00.000000000
20763641,INDIAN_OPENCITY_BBMP,General Consumer Services,Unable to generate the property tax challan,Unable to generate the property tax challan in Puttenahalli pls contact aro arakere office,Closed,2025-06-13 11:03:00.000000000
20763625,INDIAN_OPENCITY_BBMP,General Consumer Services,Debris Removal / Construction Material,Debris Removal / Construction Material in Banaswadi This complaint comes under SWM East,Non Relevant,2025-06-13 10:58:00.000000000
20763623,INDIAN_OPENCITY_BBMP,General Consumer Services,Ekhata Area Correction,Ekhata Area Correction in Horamavu Field inspection assigned to ARO officer.,Registered,2025-06-13 10:58:00.000000000
20763620,INDIAN_OPENCITY_BBMP,General Consumer Services,Garbage dump,Garbage dump in Horamavu Clear t,Closed,2025-06-13 10:56:00.000000000
20763619,INDIAN_OPENCITY_BBMP,General Consumer Services,Garbage dumping in vacant sites,Garbage dumping in vacant sites in Lingarajapuram Resolved,Closed,2025-06-13 10:56:00.000000000
20763614,INDIAN_OPENCITY_BBMP,General Consumer Services,Potholes,Potholes in Sri Nagar Field inspection assigned to AE officer.,Registered,2025-06-13 10:54:00.000000000
20763611,INDIAN_OPENCITY_BBMP,General Consumer Services,Road side drains,Road side drains in Vannarpet Field inspection assigned to AE officer.,Registered,2025-06-13 10:52:00.000000000
20763610,INDIAN_OPENCITY_BBMP,General Consumer Services,Removal of dead/fallen trees,Removal of dead/fallen trees in Hoodi Field inspection assigned to DYRFO officer.,Registered,2025-06-13 10:52:00.000000000
20763609,INDIAN_OPENCITY_BBMP,General Consumer Services,Fatally injured - Needs immediate attention,Fatally injured - Needs immediate attention in Ejipura Sir Please contact stray dog rescue team officer Dr Shrinath Assistant Director mb [PHONE],Closed,2025-06-13 10:52:00.000000000
20763608,INDIAN_OPENCITY_BBMP,General Consumer Services,Sweeping not done,Sweeping not done in Sudam Nagar Forwarded Task,Registered,2025-06-13 10:52:00.000000000
20763607,INDIAN_OPENCITY_BBMP,General Consumer Services,Potholes,Potholes in Kottigepalya No maintaince work done. Should close all patholes immediately.,ReOpen,2025-06-13 10:52:00.000000000
20763605,INDIAN_OPENCITY_BBMP,General Consumer Services,Debris Removal / Construction Material,Debris Removal / Construction Material in HBR Layout Update soon,Closed,2025-06-13 10:51:00.000000000
20763596,INDIAN_OPENCITY_BBMP,General Consumer Services,Road cutting,Road cutting in HBR Layout Update soon,Closed,2025-06-13 10:46:00.000000000
20763595,INDIAN_OPENCITY_BBMP,General Consumer Services,Other Khata / ekhata issues,Other Khata / ekhata issues in Hoodi Clarification given and closed,Closed,2025-06-13 10:45:00.000000000
20763587,INDIAN_OPENCITY_BBMP,General Consumer Services,ekhata approval pending with ARO,ekhata approval pending with ARO in Hagadooru APPLICATION SUBMITTED AND THE APPLICATION IS WITH Revenue (dc office),Closed,2025-06-13 10:40:00.000000000
20763584,INDIAN_OPENCITY_BBMP,General Consumer Services,Animal Rescue - Not well - Requires attention,Animal Rescue - Not well - Requires attention in Ullalu Dog's cought for animals birth control and vaccination,Closed,2025-06-13 10:40:00.000000000
20763582,INDIAN_OPENCITY_BBMP,General Consumer Services,Potholes,Potholes in Jnanabharathi Ward KKK,Closed,2025-06-13 10:39:00.000000000
20763581,INDIAN_OPENCITY_BBMP,General Consumer Services,Road side drains,Road side drains in HBR Layout Upadte,Closed,2025-06-13 10:38:00.000000000
20763574,INDIAN_OPENCITY_BBMP,General Consumer Services,Removal of dead/fallen trees,Removal of dead/fallen trees in J.P.Nagar Resolved,Closed,2025-06-13 10:36:00.000000000
20763573,INDIAN_OPENCITY_BBMP,General Consumer Services,Removal of dead/fallen trees,Removal of dead/fallen trees in Arakere Resolved,Closed,2025-06-13 10:35:00.000000000
20763569,INDIAN_OPENCITY_BBMP,General Consumer Services,Ekhata missing in online,Ekhata missing in online in Dodda Bidarkallu done,Closed,2025-06-13 10:32:00.000000000
20763566,INDIAN_OPENCITY_BBMP,Pole / Wire / Electrical Hazard,Earthing Issue relate to Electric Poles/Panel Boards,Earthing Issue relate to Electric Poles/Panel Boards in Banashankari Temple Ward ATTENDED,Closed,2025-06-13 10:31:00.000000000
20763563,INDIAN_OPENCITY_BBMP,General Consumer Services,Debris Removal / Construction Material,Debris Removal / Construction Material in Jayanagar East Kindly upload photo,Non Relevant,2025-06-13 10:30:00.000000000
20763560,INDIAN_OPENCITY_BBMP,General Consumer Services,Road Infrastructure,Road Infrastructure in Govindraja Nagara It's BWSSB WORK at progress it will be rectified,Closed,2025-06-13 10:29:00.000000000
20763559,INDIAN_OPENCITY_BBMP,General Consumer Services,Road Infrastructure,Road Infrastructure in Govindraja Nagara BWSSB WORK at progress it will be rectified,Closed,2025-06-13 10:29:00.000000000
20763557,INDIAN_OPENCITY_BBMP,General Consumer Services,obstructions Branches / Trees.,obstructions Branches / Trees. in Arakere Resolved,Closed,2025-06-13 10:27:00.000000000
20763555,INDIAN_OPENCITY_BBMP,General Consumer Services,Stray/Rabid dog bite,Stray/Rabid dog bite in Arakere Field inspection assigned to VI officer.,Registered,2025-06-13 10:26:00.000000000
20763554,INDIAN_OPENCITY_BBMP,General Consumer Services,Removal of dead/fallen trees,Removal of dead/fallen trees in Sri Nagar Field inspection assigned to DYRFO officer.,Registered,2025-06-13 10:26:00.000000000
20763547,INDIAN_OPENCITY_BBMP,General Consumer Services,Ekhata - name correction,Ekhata - name correction in Hoodi CORRECTION DONE & CLOSED,Closed,2025-06-13 10:23:00.000000000
20763539,INDIAN_OPENCITY_BBMP,Street/Public Electrical Infrastructure,Street Light Not Working,Street Light Not Working in J.P.Nagar bommanahalli complaint informed to concerned engineer,Closed,2025-06-13 10:21:00.000000000
20763538,INDIAN_OPENCITY_BBMP,General Consumer Services,Technical Issue In Ekhata,Technical Issue In Ekhata in Rajarajeshwari Nagar Field inspection assigned to RI officer.,Registered,2025-06-13 10:20:00.000000000
20763530,INDIAN_OPENCITY_BBMP,General Consumer Services,Garbage dumping in vacant sites,Garbage dumping in vacant sites in Shanthala Nagar Clear,Closed,2025-06-13 10:16:00.000000000
20763528,INDIAN_OPENCITY_BBMP,General Consumer Services,Garbage dump,Garbage dump in Jeevanbhima Nagar Complaint that have posted is cleared sir Thank you,Closed,2025-06-13 10:15:00.000000000
20763518,INDIAN_OPENCITY_BBMP,General Consumer Services,Ekhata - name correction,Ekhata - name correction in Hoodi Clarification given and asked to citizen to apply,Closed,2025-06-13 10:12:00.000000000
20763517,INDIAN_OPENCITY_BBMP,General Consumer Services,Noise during Building Construction,Noise during Building Construction in Basavanagudi Field inspection assigned to ADTP officer.,Registered,2025-06-13 10:11:00.000000000
20763515,INDIAN_OPENCITY_BBMP,General Consumer Services,Garbage vehicle not arrived,Garbage vehicle not arrived in Shanthala Nagar Garbage vechicle not arrived from past 15 days,ReOpen,2025-06-13 10:10:00.000000000
20763514,INDIAN_OPENCITY_BBMP,General Consumer Services,Stray dog related complaints,Stray dog related complaints in Hemmigepura Dog's cought for animals birth control and vaccination,Closed,2025-06-13 10:09:00.000000000
20763512,INDIAN_OPENCITY_BBMP,General Consumer Services,Animal Rescue - Not well - Requires attention,Animal Rescue - Not well - Requires attention in K.R.Puram Complaint attended,Closed,2025-06-13 10:07:00.000000000
20763509,INDIAN_OPENCITY_BBMP,General Consumer Services,Garbage vehicle not arrived,Garbage vehicle not arrived in Nagapura Close,Closed,2025-06-13 10:06:00.000000000
20763505,INDIAN_OPENCITY_BBMP,General Consumer Services,Removal of dead/fallen trees,Removal of dead/fallen trees in Puttenahalli Resolved,Closed,2025-06-13 10:04:00.000000000
20763504,INDIAN_OPENCITY_BBMP,General Consumer Services,Complaint against SW collector/ SWM official for violation of SWM Rules,Complaint against SW collector/ SWM official for violation of SWM Rules in HBR Layout Cleared,Closed,2025-06-13 10:04:00.000000000
20763503,INDIAN_OPENCITY_BBMP,General Consumer Services,ekhata approval pending with ARO,ekhata approval pending with ARO in Kodigehalli It's approved by RO,Closed,2025-06-13 10:04:00.000000000
20763502,INDIAN_OPENCITY_BBMP,General Consumer Services,ekhata approval pending with ARO,ekhata approval pending with ARO in Kodigehalli It's approved,Closed,2025-06-13 10:03:00.000000000
20763495,INDIAN_OPENCITY_BBMP,General Consumer Services,Garbage dump,Garbage dump in Benniganahalli Address not found,Closed,2025-06-13 09:59:00.000000000
20763493,INDIAN_OPENCITY_BBMP,General Consumer Services,Sweeping not done,Sweeping not done in Jeevanbhima Nagar Call,Closed,2025-06-13 09:58:00.000000000
20763491,INDIAN_OPENCITY_BBMP,General Consumer Services,Garbage dump,Garbage dump in Hagadooru Close,Closed,2025-06-13 09:57:00.000000000
20763490,INDIAN_OPENCITY_BBMP,General Consumer Services,Dead animal(s),Dead animal(s) in Basavanagudi Field inspection assigned to JHI officer.,Registered,2025-06-13 09:57:00.000000000
20763489,INDIAN_OPENCITY_BBMP,General Consumer Services,Dead animal(s),Dead animal(s) in Kengeri Clear,Closed,2025-06-13 09:56:00.000000000
20763481,INDIAN_OPENCITY_BBMP,General Consumer Services,Potholes,Potholes in Byatarayanapura Field inspection assigned to AE officer.,Registered,2025-06-13 09:51:00.000000000
20763475,INDIAN_OPENCITY_BBMP,General Consumer Services,Public toilet(s) blockage,Public toilet(s) blockage in Horamavu Solved,Closed,2025-06-13 09:50:00.000000000
20763472,INDIAN_OPENCITY_BBMP,General Consumer Services,Animal Rescue - Not well - Requires attention,Animal Rescue - Not well - Requires attention in Jayachamarajendra Nagar Field inspection assigned to VI officer.,In Progress,2025-06-13 09:48:00.000000000
20763470,INDIAN_OPENCITY_BBMP,General Consumer Services,Garbage vehicle not arrived,Garbage vehicle not arrived in S.K.Garden Resolved sir,Closed,2025-06-13 09:47:00.000000000
20763467,INDIAN_OPENCITY_BBMP,General Consumer Services,Fatally injured - Needs immediate attention,Fatally injured - Needs immediate attention in Rajarajeshwari Nagar Attended,Closed,2025-06-13 09:46:00.000000000
20763465,INDIAN_OPENCITY_BBMP,General Consumer Services,Garbage vehicle not arrived,Garbage vehicle not arrived in Bellandur Clear,Closed,2025-06-13 09:45:00.000000000
20763458,INDIAN_OPENCITY_BBMP,General Consumer Services,Debris Removal / Construction Material,Debris Removal / Construction Material in Dodda Bidarkallu Field inspection assigned to AE officer.,Registered,2025-06-13 09:39:00.000000000
20763456,INDIAN_OPENCITY_BBMP,General Consumer Services,Garbage dumping in vacant sites,Garbage dumping in vacant sites in Vignana Nagar Clear,Closed,2025-06-13 09:38:00.000000000
20763455,INDIAN_OPENCITY_BBMP,General Consumer Services,Issues Related to Parks/Medians/Circles/Island.,Issues Related to Parks/Medians/Circles/Island. in Anjanapur Field inspection assigned to HS officer.,Registered,2025-06-13 09:38:00.000000000
20763453,INDIAN_OPENCITY_BBMP,General Consumer Services,Garbage dump,Garbage dump in K.R.Puram This undar come to panchayat,Closed,2025-06-13 09:38:00.000000000
20763451,INDIAN_OPENCITY_BBMP,General Consumer Services,UnAuthorised Building Constructions,UnAuthorised Building Constructions in Madiwala Field inspection assigned to ADTP officer.,Registered,2025-06-13 09:36:00.000000000
20763447,INDIAN_OPENCITY_BBMP,General Consumer Services,Road Infrastructure,Road Infrastructure in Hoodi Field inspection assigned to AE officer.,Registered,2025-06-13 09:34:00.000000000
20763444,INDIAN_OPENCITY_BBMP,General Consumer Services,Construction not done as per approved plan (Building Bye Law Violations),Construction not done as per approved plan (Building Bye Law Violations) in C.V.Raman Nagar Field inspection assigned to AE officer.,Registered,2025-06-13 09:32:00.000000000
20763443,INDIAN_OPENCITY_BBMP,General Consumer Services,obstructions Branches / Trees.,obstructions Branches / Trees. in Ulsoor Plz upload photos,Closed,2025-06-13 09:31:00.000000000
20763441,INDIAN_OPENCITY_BBMP,Pole / Wire / Electrical Hazard,Earthing Issue relate to Electric Poles/Panel Boards,Earthing Issue relate to Electric Poles/Panel Boards in J.P.Nagar Attended,Closed,2025-06-13 09:29:00.000000000
20763439,INDIAN_OPENCITY_BBMP,General Consumer Services,Sweeping not done,Sweeping not done in Chamrajpet Cleared,Closed,2025-06-13 09:28:00.000000000
20763438,INDIAN_OPENCITY_BBMP,General Consumer Services,Removal of dead/fallen trees,Removal of dead/fallen trees in Shanthala Nagar plz upload photos,Closed,2025-06-13 09:28:00.000000000
20763433,INDIAN_OPENCITY_BBMP,General Consumer Services,Sweeping not done,Sweeping not done in Maruthi Mandira Ward Forwarded Task,Registered,2025-06-13 09:26:00.000000000
20763431,INDIAN_OPENCITY_BBMP,General Consumer Services,Road side drains,Road side drains in Ullalu Bwssb complaint about chamber,Non Relevant,2025-06-13 09:24:00.000000000
20763428,INDIAN_OPENCITY_BBMP,General Consumer Services,obstructions Branches / Trees.,obstructions Branches / Trees. in Thanisandra Field inspection assigned to DYRFO officer.,Registered,2025-06-13 09:22:00.000000000
20763426,INDIAN_OPENCITY_BBMP,General Consumer Services,Complaint against SW collector/ SWM official for violation of SWM Rules,Complaint against SW collector/ SWM official for violation of SWM Rules in Vishwanathnagenahalli We will take a necessary action,Closed,2025-06-13 09:22:00.000000000
20763422,INDIAN_OPENCITY_BBMP,General Consumer Services,Potholes,Potholes in Konanakunte Complaints is repeated,Closed,2025-06-13 09:20:00.000000000
20763421,INDIAN_OPENCITY_BBMP,General Consumer Services,Stray cattle related complaints,Stray cattle related complaints in Ganeshmandira Ward This complaint comes under cattle pound wing of stray cattle management sir please contact Dr Shivakumar Assistant Director mb No [PHONE],Closed,2025-06-13 09:20:00.000000000
20763420,INDIAN_OPENCITY_BBMP,General Consumer Services,Call center Issues,Call center Issues in Ullalu Field inspection assigned to Nodal officer officer.,Registered,2025-06-13 09:19:00.000000000
20763418,INDIAN_OPENCITY_BBMP,General Consumer Services,Removal of dead/fallen trees,Removal of dead/fallen trees in Shanthala Nagar cleared,Closed,2025-06-13 09:19:00.000000000
20763410,INDIAN_OPENCITY_BBMP,General Consumer Services,Removal of dead/fallen trees,Removal of dead/fallen trees in Kacharakanahalli [PHONE],Closed,2025-06-13 09:15:00.000000000
20763408,INDIAN_OPENCITY_BBMP,Street/Public Electrical Infrastructure,Street Lights Switched On During Day Time,Street Lights Switched On During Day Time in Ganga Nagar Resolved,Closed,2025-06-13 09:15:00.000000000
20763407,INDIAN_OPENCITY_BBMP,General Consumer Services,Stray dog related complaints,Stray dog related complaints in Herohalli Dog's cought for animals birth control and vaccination,Closed,2025-06-13 09:14:00.000000000
20763399,INDIAN_OPENCITY_BBMP,General Consumer Services,Issues Related to Parks/Medians/Circles/Island.,Issues Related to Parks/Medians/Circles/Island. in Ullalu Field inspection assigned to HS officer.,Registered,2025-06-13 09:06:00.000000000
20763396,INDIAN_OPENCITY_BBMP,General Consumer Services,Garbage vehicle not arrived,Garbage vehicle not arrived in Benniganahalli Irresponsible perons in your campus,Closed,2025-06-13 09:03:00.000000000
20763392,INDIAN_OPENCITY_BBMP,General Consumer Services,Potholes,Potholes in Singasandra Action initiated,Closed,2025-06-13 09:00:00.000000000
20763383,INDIAN_OPENCITY_BBMP,General Consumer Services,Removal of dead/fallen trees,Removal of dead/fallen trees in Shakambari Nagar Resolved,Closed,2025-06-13 08:53:00.000000000
20763382,INDIAN_OPENCITY_BBMP,General Consumer Services,Sweeping not done,Sweeping not done in Shakambari Nagar Cleared,Closed,2025-06-13 08:52:00.000000000
20763378,INDIAN_OPENCITY_BBMP,General Consumer Services,Debris Removal / Construction Material,Debris Removal / Construction Material in Kodigehalli Field inspection assigned to AE officer.,Registered,2025-06-13 08:50:00.000000000
20763374,INDIAN_OPENCITY_BBMP,General Consumer Services,Food Quantity,Food Quantity in Kamakshipalya No canteen in beml layout,Closed,2025-06-13 08:49:00.000000000
20763373,INDIAN_OPENCITY_BBMP,General Consumer Services,Complaint against SW collector/ SWM official for violation of SWM Rules,Complaint against SW collector/ SWM official for violation of SWM Rules in Kavalbyrasandra Resolved,Closed,2025-06-13 08:48:00.000000000
20763367,INDIAN_OPENCITY_BBMP,General Consumer Services,Road Infrastructure,Road Infrastructure in Ullalu Field inspection assigned to AE officer.,Registered,2025-06-13 08:44:00.000000000
20763365,INDIAN_OPENCITY_BBMP,General Consumer Services,Sweeping not done,Sweeping not done in Vasanthapura Forwarded Task,Registered,2025-06-13 08:41:00.000000000
20763364,INDIAN_OPENCITY_BBMP,General Consumer Services,Garbage vehicle not arrived,Garbage vehicle not arrived in Arakere Complaint attended and cleared sir,Closed,2025-06-13 08:40:00.000000000
20763363,INDIAN_OPENCITY_BBMP,General Consumer Services,Garbage vehicle not arrived,Garbage vehicle not arrived in BTM Layout Cleared,Closed,2025-06-13 08:39:00.000000000
20763361,INDIAN_OPENCITY_BBMP,General Consumer Services,Garbage vehicle not arrived,Garbage vehicle not arrived in Ullalu Clear,Closed,2025-06-13 08:37:00.000000000
20763360,INDIAN_OPENCITY_BBMP,General Consumer Services,Garbage vehicle not arrived,Garbage vehicle not arrived in Subedarapalya Complaint clear,Closed,2025-06-13 08:36:00.000000000
20763359,INDIAN_OPENCITY_BBMP,General Consumer Services,Road side drains,Road side drains in Hoodi its clear soon,Closed,2025-06-13 08:35:00.000000000
20763358,INDIAN_OPENCITY_BBMP,General Consumer Services,Road cutting,Road cutting in Dodda Bidarkallu Forwarded Task,Registered,2025-06-13 08:35:00.000000000
20763355,INDIAN_OPENCITY_BBMP,General Consumer Services,Garbage vehicle not arrived,Garbage vehicle not arrived in Vijanapura Cleared,Closed,2025-06-13 08:33:00.000000000
20763354,INDIAN_OPENCITY_BBMP,General Consumer Services,Garbage dump,Garbage dump in Kodigehalli SWD complaint,Closed,2025-06-13 08:33:00.000000000
20763353,INDIAN_OPENCITY_BBMP,General Consumer Services,Road Infrastructure,Road Infrastructure in Maruthi Mandira Ward Map photo location not available,Closed,2025-06-13 08:33:00.000000000
20763347,INDIAN_OPENCITY_BBMP,General Consumer Services,Removal of dead/fallen trees,Removal of dead/fallen trees in Domlur [PHONE],Closed,2025-06-13 08:26:00.000000000
20763346,INDIAN_OPENCITY_BBMP,General Consumer Services,Garbage dump,Garbage dump in Kadugodi Engineering department medam,Closed,2025-06-13 08:25:00.000000000
20763343,INDIAN_OPENCITY_BBMP,General Consumer Services,Garbage dump,Garbage dump in Vasanthapura Not under bbmp zone,Closed,2025-06-13 08:23:00.000000000
20763342,INDIAN_OPENCITY_BBMP,General Consumer Services,Garbage dump,Garbage dump in Jnanabharathi Ward Simply closing ticket without cleaning,ReOpen,2025-06-13 08:22:00.000000000
20763339,INDIAN_OPENCITY_BBMP,General Consumer Services,Garbage dump,Garbage dump in Byatarayanapura Attend complaint sir,Closed,2025-06-13 08:19:00.000000000
20763337,INDIAN_OPENCITY_BBMP,General Consumer Services,Others,Others in Subedarapalya Forwarded Task to Major Roads,Registered,2025-06-13 08:15:00.000000000
20763335,INDIAN_OPENCITY_BBMP,General Consumer Services,Others,Others in Someshwara Field inspection assigned to Customer Support Representative officer.,Registered,2025-06-13 08:13:00.000000000
20763327,INDIAN_OPENCITY_BBMP,General Consumer Services,Debris Removal / Construction Material,Debris Removal / Construction Material in Sarvagna Nagar work completed,Closed,2025-06-13 08:03:00.000000000
20763326,INDIAN_OPENCITY_BBMP,General Consumer Services,Road Infrastructure,Road Infrastructure in Kumaraswamy Layout Field inspection assigned to AE officer.,Registered,2025-06-13 08:02:00.000000000
20763324,INDIAN_OPENCITY_BBMP,General Consumer Services,Garbage vehicle not arrived,Garbage vehicle not arrived in Hagadooru Door to Door collection Done .in 6th cross Gandhipuram..,Closed,2025-06-13 08:00:00.000000000
20763317,INDIAN_OPENCITY_BBMP,General Consumer Services,Garbage dump,Garbage dump in Adugodi Garbage cleared there is only debris and unwanted waste is their so tommorow that waste also will be clear.,Closed,2025-06-13 07:52:00.000000000
20763316,INDIAN_OPENCITY_BBMP,General Consumer Services,Garbage vehicle not arrived,Garbage vehicle not arrived in Hoysala Nagar Garbage has been cleared sir... Kindly segregate ur waste into wet waste and dry waste... Without segregation how we should clear the garbage sir.... Make sure your segregating ur waste in a proper manner... Thank you,Closed,2025-06-13 07:50:00.000000000
20763311,INDIAN_OPENCITY_BBMP,General Consumer Services,Garbage vehicle not arrived,Garbage vehicle not arrived in Bellandur Address not mentioned,Closed,2025-06-13 07:49:00.000000000
20763309,INDIAN_OPENCITY_BBMP,General Consumer Services,Environmental protection,Environmental protection in Ullalu Field inspection assigned to HS officer.,Registered,2025-06-13 07:48:00.000000000
20763308,INDIAN_OPENCITY_BBMP,General Consumer Services,Increase in mosquito density,Increase in mosquito density in Garudacharpalya Cleared,Closed,2025-06-13 07:46:00.000000000
20763307,INDIAN_OPENCITY_BBMP,General Consumer Services,Garbage dump,Garbage dump in Hagadooru On location Visited..NO Garbage Is there..it's cleaned,Closed,2025-06-13 07:46:00.000000000
20763306,INDIAN_OPENCITY_BBMP,General Consumer Services,Road cutting,Road cutting in Shanthi Nagar Field inspection assigned to AE officer.,Registered,2025-06-13 07:43:00.000000000
20763304,INDIAN_OPENCITY_BBMP,General Consumer Services,Sweeping not done,Sweeping not done in Gurappanapalya Close,Closed,2025-06-13 07:41:00.000000000
20763303,INDIAN_OPENCITY_BBMP,General Consumer Services,Sweeping not done,Sweeping not done in Garudacharpalya Clear,Closed,2025-06-13 07:40:00.000000000
20763301,INDIAN_OPENCITY_BBMP,General Consumer Services,water stagnation,water stagnation in Neelasandra Field inspection assigned to Customer Support Representative officer.,Non Relevant,2025-06-13 07:39:00.000000000
20763296,INDIAN_OPENCITY_BBMP,General Consumer Services,Complaint against SW collector/ SWM official for violation of SWM Rules,Complaint against SW collector/ SWM official for violation of SWM Rules in Marathalli Garbage vehicle arrived,Closed,2025-06-13 07:29:00.000000000
20763294,INDIAN_OPENCITY_BBMP,General Consumer Services,Issues related Snakes/Birds/Monkeys,"Issues related Snakes/Birds/Monkeys in Arakere Please contact Aranya Bhavan, 18th cross, Malleshwaram",Closed,2025-06-13 07:23:00.000000000
20763293,INDIAN_OPENCITY_BBMP,General Consumer Services,Animal birth control/neutering of stray dogs,Animal birth control/neutering of stray dogs in Kottigepalya Animal birth control and vaccination of stray dogs scheduled,Closed,2025-06-13 07:20:00.000000000
20763291,INDIAN_OPENCITY_BBMP,General Consumer Services,Mutton/Chicken/fish stall Unhygienic maintenance,Mutton/Chicken/fish stall Unhygienic maintenance in Mathikere We do the abc arv combained vaccine programme,Closed,2025-06-13 07:17:00.000000000
20763290,INDIAN_OPENCITY_BBMP,General Consumer Services,Fatally injured - Needs immediate attention,"Fatally injured - Needs immediate attention in Hampi Nagar Please contact Dr.D.N Srinath, ADAH, Mobile no:[PHONE]",Closed,2025-06-13 07:15:00.000000000
20763282,INDIAN_OPENCITY_BBMP,General Consumer Services,Sweeping not done,Sweeping not done in Jakkasandra Complaint attend cleared,Closed,2025-06-13 06:47:00.000000000
20763280,INDIAN_OPENCITY_BBMP,Street/Public Electrical Infrastructure,Street Light Not Working,Street Light Not Working in Singasandra This New light will be installed as early as possible,Closed,2025-06-13 06:42:00.000000000
20763277,INDIAN_OPENCITY_BBMP,General Consumer Services,Dead animal(s),Dead animal(s) in Kottigepalya Gead animal,Closed,2025-06-13 06:15:00.000000000
20763273,INDIAN_OPENCITY_BBMP,General Consumer Services,Potholes,Potholes in Vasanthapura Not resolved,ReOpen,2025-06-13 05:57:00.000000000
20763272,INDIAN_OPENCITY_BBMP,General Consumer Services,UnAuthorised Constructions,UnAuthorised Constructions in Doddanekkundi Complaint forwarded as per the chief commissioner order dated 18/10/2024 for necessary action,Registered,2025-06-13 05:55:00.000000000
20763271,INDIAN_OPENCITY_BBMP,General Consumer Services,water stagnation,water stagnation in Hagadooru Field inspection assigned to AE officer.,Registered,2025-06-13 05:45:00.000000000
20763270,INDIAN_OPENCITY_BBMP,General Consumer Services,Garbage dumping in vacant sites,Garbage dumping in vacant sites in Bharathi Nagar Garbage clear,Closed,2025-06-13 05:23:00.000000000
20763268,INDIAN_OPENCITY_BBMP,General Consumer Services,Burning of Garbage in Open Space,Burning of Garbage in Open Space in Bharathi Nagar Garbage clear,Closed,2025-06-13 05:09:00.000000000
20763267,INDIAN_OPENCITY_BBMP,General Consumer Services,Burning of Garbage in Open Space,Burning of Garbage in Open Space in Bharathi Nagar Garbage cleared,Closed,2025-06-13 05:09:00.000000000
20763266,INDIAN_OPENCITY_BBMP,General Consumer Services,"Khata Services (Registration, Transfer, Bifurcation and Amalgamation)","Khata Services (Registration, Transfer, Bifurcation and Amalgamation) in Hagadooru Hi you have vacant site of property presently bbmp not release to make of khata because of required for single site plan copy or visit your nearest BBMP office",Closed,2025-06-13 02:24:00.000000000
20763263,INDIAN_OPENCITY_BBMP,General Consumer Services,Removal of dead/fallen trees,Removal of dead/fallen trees in Arakere Repeated complaint,Closed,2025-06-13 02:11:00.000000000
20763260,INDIAN_OPENCITY_BBMP,General Consumer Services,Issues related Snakes/Birds/Monkeys,"Issues related Snakes/Birds/Monkeys in Arakere Please contact Aranya Bhavan, 18th cross Malleshwaram",Closed,2025-06-13 02:05:00.000000000
20763259,INDIAN_OPENCITY_BBMP,Street/Public Electrical Infrastructure,Street Light Not Working,Street Light Not Working in Maruthi Seva Nagar Attended,Closed,2025-06-13 01:56:00.000000000
20763258,INDIAN_OPENCITY_BBMP,General Consumer Services,Unable to generate the property tax challan,Unable to generate the property tax challan in Gottigere Please login https://bbmp.karnataka.gov.in/newkhata/ Applay New khata and new Tax,Closed,2025-06-13 01:49:00.000000000
20763257,INDIAN_OPENCITY_BBMP,General Consumer Services,Increase in mosquito density,Increase in mosquito density in HBR Layout Close,Closed,2025-06-13 01:30:00.000000000
20763253,INDIAN_OPENCITY_BBMP,General Consumer Services,Removal of dead/fallen trees,"Removal of dead/fallen trees in Kamakshipalya Please contact Area Supervisor, Maruth-[PHONE]",Closed,2025-06-13 12:22:00.000000000
20763250,INDIAN_OPENCITY_BBMP,General Consumer Services,Garbage dump,Garbage dump in Garudacharpalya Cleared,Closed,2025-06-12 11:44:00.000000000
20763248,INDIAN_OPENCITY_BBMP,General Consumer Services,Increase in mosquito density,Increase in mosquito density in Laggere Solved,Closed,2025-06-12 11:39:00.000000000
20763246,INDIAN_OPENCITY_BBMP,General Consumer Services,Animal Cruelty/Relocated,Animal Cruelty/Relocated in Jakkur Spoken with the concern person.,Closed,2025-06-12 11:31:00.000000000
20763245,INDIAN_OPENCITY_BBMP,General Consumer Services,Dead animal(s),Dead animal(s) in Jakkur Closef,Closed,2025-06-12 11:29:00.000000000
20763244,INDIAN_OPENCITY_BBMP,General Consumer Services,Animal Rescue - Not well - Requires attention,Animal Rescue - Not well - Requires attention in Jayamahal Please contact rescue department,Closed,2025-06-12 11:28:00.000000000
20763240,INDIAN_OPENCITY_BBMP,General Consumer Services,Garbage dump,Garbage dump in Benniganahalli Complaint resolved,Closed,2025-06-12 11:11:00.000000000
20763236,INDIAN_OPENCITY_BBMP,Street/Public Electrical Infrastructure,Street Light Not Working,Street Light Not Working in Hemmigepura Resolved,Closed,2025-06-12 10:49:00.000000000
20763230,INDIAN_OPENCITY_BBMP,General Consumer Services,Road side drains,Road side drains in Kottigepalya Close,Closed,2025-06-12 10:41:00.000000000
20763227,INDIAN_OPENCITY_BBMP,General Consumer Services,Road side drains,Road side drains in Mangammanapalya Forwarded Task,Registered,2025-06-12 10:25:00.000000000
20763219,INDIAN_OPENCITY_BBMP,General Consumer Services,Animal Rescue - Not well - Requires attention,Animal Rescue - Not well - Requires attention in Banashankari Temple Ward Sir Please contact stray dog rescue team officer Dr Shrinath Assistant Director mb [PHONE],Closed,2025-06-12 10:11:00.000000000
20763210,INDIAN_OPENCITY_BBMP,Pole / Wire / Electrical Hazard,Earthing Issue relate to Electric Poles/Panel Boards,Earthing Issue relate to Electric Poles/Panel Boards in Thanisandra Resolved,Closed,2025-06-12 10:03:00.000000000
20763209,INDIAN_OPENCITY_BBMP,Street/Public Electrical Infrastructure,Street Light Not Working,Street Light Not Working in Rajarajeshwari Nagar Resolved,Closed,2025-06-12 10:02:00.000000000
20763188,INDIAN_OPENCITY_BBMP,General Consumer Services,obstructions Branches / Trees.,obstructions Branches / Trees. in Sunkenahalli Resolved,Closed,2025-06-12 09:22:00.000000000
20763187,INDIAN_OPENCITY_BBMP,General Consumer Services,footpath encroachment,footpath encroachment in Basaveshwara Nagar Forwarded Task,Registered,2025-06-12 09:20:00.000000000
20763182,INDIAN_OPENCITY_BBMP,Street/Public Electrical Infrastructure,Street Light Not Working,Street Light Not Working in Lakshmidevi Nagar Attended,Closed,2025-06-12 09:19:00.000000000
20763181,INDIAN_OPENCITY_BBMP,General Consumer Services,Potholes,Potholes in Jalahalli Tender is in process and we will attend the complaint as soon as possible.,Closed,2025-06-12 09:19:00.000000000
20763180,INDIAN_OPENCITY_BBMP,General Consumer Services,Animal Rescue - Not well - Requires attention,Animal Rescue - Not well - Requires attention in Chokkasandra attended,Closed,2025-06-12 09:18:00.000000000
20763178,INDIAN_OPENCITY_BBMP,General Consumer Services,Spraying,Spraying in Shakthiganapathi Nagar Attaunded,Closed,2025-06-12 09:16:00.000000000
20763161,INDIAN_OPENCITY_BBMP,Street/Public Electrical Infrastructure,Street Light Not Working,Street Light Not Working in Prakash Nagar Complaint Attended,Closed,2025-06-12 09:03:00.000000000
20763155,INDIAN_OPENCITY_BBMP,Street/Public Electrical Infrastructure,Street Light Not Working,Street Light Not Working in Binnipet Complaint Attended,Closed,2025-06-12 08:57:00.000000000
20763153,INDIAN_OPENCITY_BBMP,General Consumer Services,Garbage dump,Garbage dump in Giri Nagar Location not found,Closed,2025-06-12 08:56:00.000000000
20763150,INDIAN_OPENCITY_BBMP,Street/Public Electrical Infrastructure,Street Light Not Working,Street Light Not Working in Jnanabharathi Ward Resolved,Closed,2025-06-12 08:52:00.000000000
20763147,INDIAN_OPENCITY_BBMP,Street/Public Electrical Infrastructure,Street Light Not Working,Street Light Not Working in Puttenahalli Attended,Closed,2025-06-12 08:47:00.000000000
20763144,INDIAN_OPENCITY_BBMP,Street/Public Electrical Infrastructure,Street Light Not Working,Street Light Not Working in Cottonpet Complaint Attended,Closed,2025-06-12 08:44:00.000000000
20763143,INDIAN_OPENCITY_BBMP,Street/Public Electrical Infrastructure,Street Light Not Working,Street Light Not Working in Bilekahalli This Complaint belongs to south zone,Closed,2025-06-12 08:44:00.000000000
20763138,INDIAN_OPENCITY_BBMP,General Consumer Services,Fogging,Fogging in Bellandur Attended,Closed,2025-06-12 08:41:00.000000000
20763128,INDIAN_OPENCITY_BBMP,General Consumer Services,Others,Others in Konanakunte Field inspection assigned to Customer Support Representative officer.,Registered,2025-06-12 08:26:00.000000000
20763126,INDIAN_OPENCITY_BBMP,General Consumer Services,Debris Removal / Construction Material,Debris Removal / Construction Material in Devasandra Field inspection assigned to AE officer.,Registered,2025-06-12 08:24:00.000000000
20763117,INDIAN_OPENCITY_BBMP,General Consumer Services,Sewerage water left in SWD,Sewerage water left in SWD in Bellandur Field inspection assigned to AE officer.,Registered,2025-06-12 08:14:00.000000000
20763115,INDIAN_OPENCITY_BBMP,General Consumer Services,Garbage dump,Garbage dump in Hemmigepura Daily dumping happening. Please deploy marshals to prevent dumping,ReOpen,2025-06-12 08:14:00.000000000
20763114,INDIAN_OPENCITY_BBMP,Street/Public Electrical Infrastructure,Street Light Not Working,Street Light Not Working in Ulsoor Resolved,Closed,2025-06-12 08:11:00.000000000
20763095,INDIAN_OPENCITY_BBMP,Street/Public Electrical Infrastructure,Street Light Not Working,Street Light Not Working in Vannarpet Resolved,Closed,2025-06-12 07:52:00.000000000
20763091,INDIAN_OPENCITY_BBMP,Street/Public Electrical Infrastructure,Street Light Not Working,Street Light Not Working in Dattathreya Temple Complaint Attended,Closed,2025-06-12 07:50:00.000000000
20763089,INDIAN_OPENCITY_BBMP,General Consumer Services,Road cutting,Road cutting in Gurappanapalya Field inspection assigned to Customer Support Representative officer.,Non Relevant,2025-06-12 07:49:00.000000000
20763087,INDIAN_OPENCITY_BBMP,General Consumer Services,water stagnation,water stagnation in Ramamurthy Nagar Field inspection assigned to AE officer.,Registered,2025-06-12 07:48:00.000000000
20763086,INDIAN_OPENCITY_BBMP,General Consumer Services,"Khata Services (Registration, Transfer, Bifurcation and Amalgamation)","Khata Services (Registration, Transfer, Bifurcation and Amalgamation) in Mangammanapalya sent to subristrar",Closed,2025-06-12 07:48:00.000000000
20763083,INDIAN_OPENCITY_BBMP,General Consumer Services,Stray dog related complaints,Stray dog related complaints in Basavanapura Complaint attended,Closed,2025-06-12 07:46:00.000000000
20763079,INDIAN_OPENCITY_BBMP,Street/Public Electrical Infrastructure,Street Light Not Working,Street Light Not Working in Malleshwaram Forwarded Task,Registered,2025-06-12 07:44:00.000000000
20763067,INDIAN_OPENCITY_BBMP,General Consumer Services,obstructions Branches / Trees.,"obstructions Branches / Trees. in Uttarahalli Please submit application to Forest Department, Head Office",Closed,2025-06-12 07:40:00.000000000
20763063,INDIAN_OPENCITY_BBMP,Street/Public Electrical Infrastructure,Park Lights Not Working,Park Lights Not Working in Ramamurthy Nagar Attended,Closed,2025-06-12 07:39:00.000000000
20763055,INDIAN_OPENCITY_BBMP,General Consumer Services,UnAuthorised Building Constructions,UnAuthorised Building Constructions in Nagavara Field inspection assigned to AE officer.,Registered,2025-06-12 07:36:00.000000000
20763053,INDIAN_OPENCITY_BBMP,Street/Public Electrical Infrastructure,Street Light Not Working,Street Light Not Working in Begur Attended,Closed,2025-06-12 07:35:00.000000000
20763052,INDIAN_OPENCITY_BBMP,Street/Public Electrical Infrastructure,Street Light Not Working,Street Light Not Working in Gottigere Attend,Closed,2025-06-12 07:33:00.000000000
20763043,INDIAN_OPENCITY_BBMP,Street/Public Electrical Infrastructure,Street Light Not Working,Street Light Not Working in Bellandur Complaint closed with out attending.,ReOpen,2025-06-12 07:23:00.000000000
20763042,INDIAN_OPENCITY_BBMP,Street/Public Electrical Infrastructure,Street Light Not Working,Street Light Not Working in Anjanapur Attended,Closed,2025-06-12 07:23:00.000000000
20763027,INDIAN_OPENCITY_BBMP,General Consumer Services,Road side drains,Road side drains in Chikpete Field inspection assigned to Customer Support Representative officer.,Non Relevant,2025-06-12 07:18:00.000000000
20763026,INDIAN_OPENCITY_BBMP,General Consumer Services,Others,Others in Jeevanbhima Nagar Field inspection assigned to Customer Support Representative officer.,Registered,2025-06-12 07:18:00.000000000
20763024,INDIAN_OPENCITY_BBMP,General Consumer Services,Spraying,Spraying in Ramamurthy Nagar Mosquito Spray done,Closed,2025-06-12 07:17:00.000000000
20763013,INDIAN_OPENCITY_BBMP,Street/Public Electrical Infrastructure,Street Light Not Working,Street Light Not Working in Jalahalli Resolved,Closed,2025-06-12 07:07:00.000000000
20763012,INDIAN_OPENCITY_BBMP,General Consumer Services,Sewerage water left in SWD,Sewerage water left in SWD in Padmanabha Nagar Forwarded Task,Registered,2025-06-12 07:06:00.000000000
20763011,INDIAN_OPENCITY_BBMP,General Consumer Services,Others,Others in Jeevanbhima Nagar Forwarded Task,Registered,2025-06-12 07:04:00.000000000
20763006,INDIAN_OPENCITY_BBMP,General Consumer Services,Burning of Garbage in Open Space,Burning of Garbage in Open Space in Someshwara Giving to avernes,Closed,2025-06-12 07:01:00.000000000
20763004,INDIAN_OPENCITY_BBMP,Street/Public Electrical Infrastructure,Street Light Not Working,Street Light Not Working in T-Dasarahalli Attended,Closed,2025-06-12 06:59:00.000000000
20763002,INDIAN_OPENCITY_BBMP,Street/Public Electrical Infrastructure,Street Light Not Working,Street Light Not Working in Herohalli Resolved,Closed,2025-06-12 06:58:00.000000000
20763001,INDIAN_OPENCITY_BBMP,Street/Public Electrical Infrastructure,Street Light Not Working,Street Light Not Working in Sunkenahalli Belong to west zone. thank you,Closed,2025-06-12 06:57:00.000000000
20763000,INDIAN_OPENCITY_BBMP,General Consumer Services,Stray dog related complaints,Stray dog related complaints in Thanisandra Spoken with the concern person. STRICTLY NO RELOCATION OF DOGS IT'S AGAINST THE RULE. ABC OPERATION ARV VACCINATION WILL BE FUNCTIONING REGULARLY.,Closed,2025-06-12 06:56:00.000000000
20762997,INDIAN_OPENCITY_BBMP,General Consumer Services,Debris Removal / Construction Material,Debris Removal / Construction Material in Kottigepalya Cleared,Closed,2025-06-12 06:51:00.000000000
20762994,INDIAN_OPENCITY_BBMP,General Consumer Services,"Dog, cat Poor conditions / Breeding license validation","Dog, cat Poor conditions / Breeding license validation in HBR Layout Dog rescued by Samarpan",Closed,2025-06-12 06:48:00.000000000
20762993,INDIAN_OPENCITY_BBMP,General Consumer Services,Animal birth control/neutering of stray dogs,Animal birth control/neutering of stray dogs in Marenahalli Complaint Closed,Closed,2025-06-12 06:48:00.000000000
20762989,INDIAN_OPENCITY_BBMP,General Consumer Services,"Dog, cat Poor conditions / Breeding license validation","Dog, cat Poor conditions / Breeding license validation in H.M.T Attended",Closed,2025-06-12 06:47:00.000000000
20762988,INDIAN_OPENCITY_BBMP,General Consumer Services,Others,Others in Chikkalasandra Field inspection assigned to Customer Support Representative officer.,Registered,2025-06-12 06:45:00.000000000
20762987,INDIAN_OPENCITY_BBMP,General Consumer Services,footpath encroachment,footpath encroachment in Bellandur Footpath drive will be conducted frequently,Closed,2025-06-12 06:43:00.000000000
20762983,INDIAN_OPENCITY_BBMP,General Consumer Services,UnAuthorised Building Constructions,UnAuthorised Building Constructions in Sarakki Forwarded Task,Registered,2025-06-12 06:40:00.000000000
20762981,INDIAN_OPENCITY_BBMP,General Consumer Services,Sweeping not done,Sweeping not done in Hemmigepura No remarks,Closed,2025-06-12 06:36:00.000000000
20762980,INDIAN_OPENCITY_BBMP,General Consumer Services,Footpath,Footpath in H.M.T Belongs to major road,Non Relevant,2025-06-12 06:35:00.000000000
20762969,INDIAN_OPENCITY_BBMP,General Consumer Services,Garbage dump,Garbage dump in H.M.T Compliant clear Sir auto is coming,Closed,2025-06-12 06:28:00.000000000
20762967,INDIAN_OPENCITY_BBMP,General Consumer Services,Garbage dump,Garbage dump in Vannarpet Clear black spots,Closed,2025-06-12 06:25:00.000000000
20762966,INDIAN_OPENCITY_BBMP,General Consumer Services,Air/Noise pollution,Air/Noise pollution in Varthur Attended,Closed,2025-06-12 06:22:00.000000000
20762964,INDIAN_OPENCITY_BBMP,General Consumer Services,Garbage dump,Garbage dump in Okalipuram Cleared,Closed,2025-06-12 06:19:00.000000000
20762963,INDIAN_OPENCITY_BBMP,General Consumer Services,footpath encroachment,footpath encroachment in Horamavu Field inspection assigned to AE officer.,Registered,2025-06-12 06:18:00.000000000
20762954,INDIAN_OPENCITY_BBMP,General Consumer Services,water stagnation,water stagnation in Mangammanapalya Forwarded Task,Registered,2025-06-12 06:06:00.000000000
20762952,INDIAN_OPENCITY_BBMP,General Consumer Services,Complaint against SW collector/ SWM official for violation of SWM Rules,Complaint against SW collector/ SWM official for violation of SWM Rules in H.M.T Compliant clear informed to customer,Closed,2025-06-12 06:05:00.000000000
20762948,INDIAN_OPENCITY_BBMP,General Consumer Services,Garbage dump,Garbage dump in Vasanth Nagar Daily cleared garbage,Closed,2025-06-12 05:58:00.000000000
20762947,INDIAN_OPENCITY_BBMP,Pole / Wire / Electrical Hazard,Earthing Issue relate to Electric Poles/Panel Boards,Earthing Issue relate to Electric Poles/Panel Boards in Chamrajpet Complaint Attended,Closed,2025-06-12 05:57:00.000000000
20762941,INDIAN_OPENCITY_BBMP,General Consumer Services,Garbage dump,Garbage dump in Byatarayanapura Complaint attend resolved,Closed,2025-06-12 05:53:00.000000000
20762940,INDIAN_OPENCITY_BBMP,Street/Public Electrical Infrastructure,Street Light Not Working,Street Light Not Working in Horamavu This complaint belongs to bescom problem contact 1912,Closed,2025-06-12 05:52:00.000000000
20762939,INDIAN_OPENCITY_BBMP,General Consumer Services,Fatally injured - Needs immediate attention,Fatally injured - Needs immediate attention in Horamavu Complaint attended,Closed,2025-06-12 05:49:00.000000000
20762934,INDIAN_OPENCITY_BBMP,General Consumer Services,Garbage dump,Garbage dump in Jayangar Good afternoon madam this is ward no 144 Auto mustering so now its maintain clean madam,Closed,2025-06-12 05:45:00.000000000
20762933,INDIAN_OPENCITY_BBMP,General Consumer Services,Garbage vehicle not arrived,Garbage vehicle not arrived in Kadugodi Cler,Closed,2025-06-12 05:44:00.000000000
20762931,INDIAN_OPENCITY_BBMP,General Consumer Services,Air/Noise pollution,Air/Noise pollution in Katriguppe Field inspection assigned to SHI officer.,Registered,2025-06-12 05:43:00.000000000
20762929,INDIAN_OPENCITY_BBMP,General Consumer Services,Road side drains,Road side drains in Jnanabharathi Ward aa,Closed,2025-06-12 05:41:00.000000000
20762928,INDIAN_OPENCITY_BBMP,General Consumer Services,Stray dog related complaints,Stray dog related complaints in Agaram Field inspection assigned to VI officer.,In Progress,2025-06-12 05:40:00.000000000
20762927,INDIAN_OPENCITY_BBMP,General Consumer Services,Increase in mosquito density,Increase in mosquito density in Moodalapalya Field inspection assigned to SHI officer.,Registered,2025-06-12 05:39:00.000000000
20762926,INDIAN_OPENCITY_BBMP,General Consumer Services,Stray dog related complaints,Stray dog related complaints in K.R.Puram Call health inspector,Closed,2025-06-12 05:39:00.000000000
20762925,INDIAN_OPENCITY_BBMP,General Consumer Services,Sweeping not done,Sweeping not done in Jagajeevanram Nagar Field inspection assigned to JHI officer.,Registered,2025-06-12 05:39:00.000000000
20762923,INDIAN_OPENCITY_BBMP,General Consumer Services,Garbage dump,Garbage dump in Puttenahalli Grbge cleared medam Plz call me,Closed,2025-06-12 05:38:00.000000000
20762917,INDIAN_OPENCITY_BBMP,General Consumer Services,Removal of dead/fallen trees,"Removal of dead/fallen trees in Shankaramata Please contact Area Supervisor, Naga-[PHONE]",Closed,2025-06-12 05:34:00.000000000
20762914,INDIAN_OPENCITY_BBMP,General Consumer Services,Garbage vehicle not arrived,Garbage vehicle not arrived in Hoodi Vehicle arrived in the area done to door to door collection,Closed,2025-06-12 05:32:00.000000000
20762912,INDIAN_OPENCITY_BBMP,General Consumer Services,water stagnation,water stagnation in Doddanekkundi Forwarded Task,Registered,2025-06-12 05:29:00.000000000
20762908,INDIAN_OPENCITY_BBMP,General Consumer Services,Others,Others in Rajarajeshwari Nagar Forwarded Task,Registered,2025-06-12 05:24:00.000000000
20762907,INDIAN_OPENCITY_BBMP,General Consumer Services,Garbage dump,Garbage dump in Giri Nagar Clear sir,Closed,2025-06-12 05:24:00.000000000
20762903,INDIAN_OPENCITY_BBMP,General Consumer Services,Animal Rescue - Not well - Requires attention,Animal Rescue - Not well - Requires attention in Peenya Industrial Area attended,Closed,2025-06-12 05:24:00.000000000
20762901,INDIAN_OPENCITY_BBMP,General Consumer Services,Dead animal(s),Dead animal(s) in Kammanahalli Field inspection assigned to JHI officer.,Registered,2025-06-12 05:22:00.000000000
20762900,INDIAN_OPENCITY_BBMP,General Consumer Services,ekhata approval pending with ARO,ekhata approval pending with ARO in Basaveshwara Nagar close,Closed,2025-06-12 05:19:00.000000000
20762896,INDIAN_OPENCITY_BBMP,General Consumer Services,Dead animal(s),Dead animal(s) in BTM Layout Cleared,Closed,2025-06-12 05:11:00.000000000
20762891,INDIAN_OPENCITY_BBMP,General Consumer Services,Fatally injured - Needs immediate attention,Fatally injured - Needs immediate attention in Hebbal Field inspection assigned to VI officer.,In Progress,2025-06-12 05:08:00.000000000
20762887,INDIAN_OPENCITY_BBMP,General Consumer Services,Other Khata / ekhata issues,"Other Khata / ekhata issues in Kengeri We have sent from our office to whitelist the katha book, please wait for some time Please check that the application you have submitted is now CITIZEN SUBMISSION PENDING We have all the katha books scaned. Come to the Kengeri ARO office, after noon 3 o clock meet with the concern Case workers, and create your katha page",Closed,2025-06-12 05:01:00.000000000
20762883,INDIAN_OPENCITY_BBMP,General Consumer Services,water stagnation,water stagnation in Hongasandra Solved,Closed,2025-06-12 04:59:00.000000000
20762878,INDIAN_OPENCITY_BBMP,General Consumer Services,Debris Removal / Construction Material,Debris Removal / Construction Material in Govindraja Nagara Resolved,Closed,2025-06-12 04:56:00.000000000
20762876,INDIAN_OPENCITY_BBMP,General Consumer Services,obstructions Branches / Trees.,obstructions Branches / Trees. in Sarakki Resolved,Closed,2025-06-12 04:55:00.000000000
20762873,INDIAN_OPENCITY_BBMP,General Consumer Services,obstructions Branches / Trees.,obstructions Branches / Trees. in Chamrajpet Please contact Area Supervisor Mallaiah-[PHONE],Closed,2025-06-12 04:52:00.000000000
20762872,INDIAN_OPENCITY_BBMP,General Consumer Services,Ekhata in previous owner name,Ekhata in previous owner name in Pattabhiram Nagar Already issued E khatha for this property but haven't received any mutation applications for this property.,Closed,2025-06-12 04:51:00.000000000
20762867,INDIAN_OPENCITY_BBMP,General Consumer Services,Removal of dead/fallen trees,Removal of dead/fallen trees in Sampangiram Nagar Cleared,Closed,2025-06-12 04:49:00.000000000
20762861,INDIAN_OPENCITY_BBMP,General Consumer Services,Garbage dump,Garbage dump in Hoysala Nagar Garbage clearing everyday sir..,Closed,2025-06-12 04:45:00.000000000
20762859,INDIAN_OPENCITY_BBMP,General Consumer Services,UnAuthorised Constructions,UnAuthorised Constructions in Kacharakanahalli Field inspection assigned to AE officer.,Registered,2025-06-12 04:44:00.000000000
20762858,INDIAN_OPENCITY_BBMP,General Consumer Services,Sweeping not done,Sweeping not done in Vidyaranyapura Close,Closed,2025-06-12 04:44:00.000000000
20762857,INDIAN_OPENCITY_BBMP,General Consumer Services,Technical Issue In Ekhata,Technical Issue In Ekhata in Chokkasandra There is no such issue. Kindly share the screen shot of the issue.,Closed,2025-06-12 04:44:00.000000000
20762848,INDIAN_OPENCITY_BBMP,General Consumer Services,Removal of dead/fallen trees,Removal of dead/fallen trees in Pattabhiram Nagar Resolved,Closed,2025-06-12 04:35:00.000000000
20762844,INDIAN_OPENCITY_BBMP,General Consumer Services,Garbage dumping in vacant sites,Garbage dumping in vacant sites in Jakkur Cleard,Closed,2025-06-12 04:32:00.000000000
20762843,INDIAN_OPENCITY_BBMP,General Consumer Services,Garbage dump,Garbage dump in Kadugondanahalli Cleared.,Closed,2025-06-12 04:32:00.000000000
20762842,INDIAN_OPENCITY_BBMP,General Consumer Services,Road cutting,Road cutting in Begur Action initiated,Closed,2025-06-12 04:30:00.000000000
20762841,INDIAN_OPENCITY_BBMP,General Consumer Services,Garbage vehicle not arrived,Garbage vehicle not arrived in Kadugondanahalli Clearing,Closed,2025-06-12 04:30:00.000000000
20762840,INDIAN_OPENCITY_BBMP,General Consumer Services,Fatally injured - Needs immediate attention,Fatally injured - Needs immediate attention in Bellandur Complaint attended,Closed,2025-06-12 04:30:00.000000000
20762837,INDIAN_OPENCITY_BBMP,General Consumer Services,obstructions Branches / Trees.,obstructions Branches / Trees. in Shanthala Nagar Plz upload photos,Closed,2025-06-12 04:29:00.000000000
20762831,INDIAN_OPENCITY_BBMP,General Consumer Services,Fatally injured - Needs immediate attention,Fatally injured - Needs immediate attention in Dodda Bidarkallu Dog's cought for animals birth control and vaccination,Closed,2025-06-12 04:25:00.000000000
20762829,INDIAN_OPENCITY_BBMP,General Consumer Services,Garbage In Market Premises,Garbage In Market Premises in Sampangiram Nagar Field inspection assigned to ARO officer.,Registered,2025-06-12 04:25:00.000000000
20762827,INDIAN_OPENCITY_BBMP,General Consumer Services,Sweeping not done,Sweeping not done in Hosahalli Field inspection assigned to JHI officer.,Registered,2025-06-12 04:23:00.000000000
20762826,INDIAN_OPENCITY_BBMP,General Consumer Services,Sewerage water left in SWD,Sewerage water left in SWD in Shanthala Nagar Field inspection assigned to AEE officer.,Registered,2025-06-12 04:23:00.000000000
20762824,INDIAN_OPENCITY_BBMP,General Consumer Services,Dengue positive,Dengue positive in Vannarpet Attended,Closed,2025-06-12 04:23:00.000000000
20762823,INDIAN_OPENCITY_BBMP,General Consumer Services,obstructions Branches / Trees.,obstructions Branches / Trees. in Banashankari Temple Ward Resolved,Closed,2025-06-12 04:22:00.000000000
20762822,INDIAN_OPENCITY_BBMP,General Consumer Services,Footpath,Footpath in Shanthala Nagar Field inspection assigned to Customer Support Representative officer.,Non Relevant,2025-06-12 04:22:00.000000000
20762818,INDIAN_OPENCITY_BBMP,General Consumer Services,Issues Related to Parks/Medians/Circles/Island.,Issues Related to Parks/Medians/Circles/Island. in Shanthala Nagar Forwarded Task,Registered,2025-06-12 04:21:00.000000000
20762815,INDIAN_OPENCITY_BBMP,General Consumer Services,Dengue positive,Dengue positive in Ramamurthy Nagar Mosquito Spray done,Closed,2025-06-12 04:20:00.000000000
20762812,INDIAN_OPENCITY_BBMP,General Consumer Services,footpath encroachment,footpath encroachment in Rajaji Nagar Forwarded Task,Registered,2025-06-12 04:20:00.000000000
20762809,INDIAN_OPENCITY_BBMP,General Consumer Services,Footpath,Footpath in Shanthala Nagar Resolved,Closed,2025-06-12 04:19:00.000000000
20762808,INDIAN_OPENCITY_BBMP,Street/Public Electrical Infrastructure,Street Light Not Working,Street Light Not Working in Mahalakshmipuram Forwarded Task,Registered,2025-06-12 04:19:00.000000000
20762806,INDIAN_OPENCITY_BBMP,General Consumer Services,Sweeping not done,Sweeping not done in Bellandur Attended,Closed,2025-06-12 04:19:00.000000000
20762805,INDIAN_OPENCITY_BBMP,General Consumer Services,Anti Rabies Vaccination of stray dogs,Anti Rabies Vaccination of stray dogs in Kadugodi We are vaccinating the dogs ward by ward when we come to your ward we will attend,Closed,2025-06-12 04:18:00.000000000
20762799,INDIAN_OPENCITY_BBMP,General Consumer Services,Animal Rescue - Not well - Requires attention,Animal Rescue - Not well - Requires attention in Nagarabhavi Call to 1962 Counselling done,Closed,2025-06-12 04:15:00.000000000
20762790,INDIAN_OPENCITY_BBMP,General Consumer Services,obstructions Branches / Trees.,obstructions Branches / Trees. in Shettyhalli please give an request letter to bbmp forest department office in bagalagunte,Closed,2025-06-12 04:13:00.000000000
20762789,INDIAN_OPENCITY_BBMP,General Consumer Services,water stagnation,water stagnation in Jakkur Forwarded Task,Registered,2025-06-12 04:13:00.000000000
20762788,INDIAN_OPENCITY_BBMP,General Consumer Services,Road side drains,Road side drains in Vidyaranyapura Forwarded Task,Registered,2025-06-12 04:11:00.000000000
20762785,INDIAN_OPENCITY_BBMP,General Consumer Services,Removal of dead/fallen trees,Removal of dead/fallen trees in Vasanth Nagar Field inspection assigned to DYRFO officer.,Registered,2025-06-12 04:10:00.000000000
20762784,INDIAN_OPENCITY_BBMP,General Consumer Services,Potholes,Potholes in Shanthala Nagar Resolved,Closed,2025-06-12 04:09:00.000000000
20762782,INDIAN_OPENCITY_BBMP,General Consumer Services,Road Infrastructure,Road Infrastructure in Jayangar Forwarded Task,Registered,2025-06-12 04:08:00.000000000
20762781,INDIAN_OPENCITY_BBMP,General Consumer Services,Potholes,Potholes in Shanthala Nagar Field inspection assigned to Customer Support Representative officer.,Non Relevant,2025-06-12 04:08:00.000000000
20762780,INDIAN_OPENCITY_BBMP,General Consumer Services,Air/Noise pollution,Air/Noise pollution in Herohalli Clear,Closed,2025-06-12 04:08:00.000000000
20762779,INDIAN_OPENCITY_BBMP,General Consumer Services,Footpath,Footpath in BTM Layout Still work in progress,Closed,2025-06-12 04:07:00.000000000
20762774,INDIAN_OPENCITY_BBMP,General Consumer Services,Dead animal(s),Dead animal(s) in Mathikere Closed,Closed,2025-06-12 04:06:00.000000000
20762753,INDIAN_OPENCITY_BBMP,General Consumer Services,Road cutting,Road cutting in Sudduguntepalya Complaint. Attend,Closed,2025-06-12 03:14:00.000000000
20762741,INDIAN_OPENCITY_BBMP,General Consumer Services,Road side drains,Road side drains in Vishwanathnagenahalli Rr,Closed,2025-06-12 03:07:00.000000000
20762739,INDIAN_OPENCITY_BBMP,General Consumer Services,Road Infrastructure,Road Infrastructure in Bellandur AS WE ARE DOING MILLING OF EXISTING ROAD SURFACE BECAUSE OF RAIN WEATHER WE ARE AWAITING ... SHORTLY WE WILL LAY DBM ASPHALT IN THIS REACH SERVICE ROAD FROM DB HALLI TO BELLANDUR,Closed,2025-06-12 03:06:00.000000000
20762737,INDIAN_OPENCITY_BBMP,General Consumer Services,Dengue positive,Dengue positive in Sudduguntepalya .,Closed,2025-06-12 03:05:00.000000000
20762734,INDIAN_OPENCITY_BBMP,General Consumer Services,Dengue positive,Dengue positive in Basavanapura Attended,Closed,2025-06-12 03:04:00.000000000
20762732,INDIAN_OPENCITY_BBMP,General Consumer Services,Sweeping not done,Sweeping not done in Rajamahal ಕ್ಲಿಯರ್,Closed,2025-06-12 03:02:00.000000000
20762730,INDIAN_OPENCITY_BBMP,General Consumer Services,Garbage dumping in vacant sites,Garbage dumping in vacant sites in Jayangar Cleaned,Closed,2025-06-12 03:01:00.000000000
20762726,INDIAN_OPENCITY_BBMP,Street/Public Electrical Infrastructure,Street Light Not Working,Street Light Not Working in Jakkur New fitting will be provided on Priority as and when budget available,Closed,2025-06-12 02:57:00.000000000
20762723,INDIAN_OPENCITY_BBMP,General Consumer Services,ekhata approval pending with ARO,"ekhata approval pending with ARO in Hagadooru The Property ""1971087343"" is in the process of add new property to e-Aasthi (Citizen), Currently this property available in Deputy Commissioner Revenue(dc_mdp_bbmp) forward list. plz wait",Closed,2025-06-12 02:55:00.000000000
20762722,INDIAN_OPENCITY_BBMP,General Consumer Services,Dengue positive,Dengue positive in Benniganahalli Field inspection assigned to SHI officer.,Registered,2025-06-12 02:54:00.000000000
20762719,INDIAN_OPENCITY_BBMP,General Consumer Services,Public dustbins not cleaned,Public dustbins not cleaned in HSR Layout Forwarded Task,Registered,2025-06-12 02:53:00.000000000
20762715,INDIAN_OPENCITY_BBMP,General Consumer Services,Stray/Rabid dog bite,"Stray/Rabid dog bite in Benniganahalli As you did not furnish the details of the dog bite, your complaint is closed",Closed,2025-06-12 02:53:00.000000000
20762714,INDIAN_OPENCITY_BBMP,General Consumer Services,Stray/Rabid dog bite,"Stray/Rabid dog bite in Benniganahalli As you confirmed that the issue has been resolved by the Police, your complaint is closed on your consent.",Closed,2025-06-12 02:53:00.000000000
20762710,INDIAN_OPENCITY_BBMP,General Consumer Services,Animal Rescue - Not well - Requires attention,Animal Rescue - Not well - Requires attention in Radhakrishna Temple Field inspection assigned to VI officer.,In Progress,2025-06-12 02:52:00.000000000
20762709,INDIAN_OPENCITY_BBMP,General Consumer Services,ekhata approval pending with ARO,"ekhata approval pending with ARO in Hagadooru The Property ""1971087343"" is in the process of add new property to e-Aasthi (Citizen), Currently this property available in Deputy Commissioner Revenue(dc_mdp_bbmp) forward list.",Closed,2025-06-12 02:51:00.000000000
20762708,INDIAN_OPENCITY_BBMP,General Consumer Services,Anti Rabies Vaccination of stray dogs,Anti Rabies Vaccination of stray dogs in Kavalbyrasandra Please wait for your ward vaccination Present running banswadi ward arv drive,Closed,2025-06-12 02:49:00.000000000
20762707,INDIAN_OPENCITY_BBMP,General Consumer Services,Animal birth control/neutering of stray dogs,Animal birth control/neutering of stray dogs in Hagadooru Field inspection assigned to VI officer.,Registered,2025-06-12 02:49:00.000000000
20762705,INDIAN_OPENCITY_BBMP,General Consumer Services,Garbage dump,Garbage dump in Byrasandra complaint attended and cleared sir,Closed,2025-06-12 02:48:00.000000000
20762702,INDIAN_OPENCITY_BBMP,General Consumer Services,Animal birth control/neutering of stray dogs,Animal birth control/neutering of stray dogs in Hagadooru Complaint attended,Closed,2025-06-12 02:45:00.000000000
20762699,INDIAN_OPENCITY_BBMP,General Consumer Services,Ekhata - name correction,Ekhata - name correction in Vidyaranyapura SIR PLEASE SUBMIT EKHATHA PAND CARD COPY TO ARO VIDYARANYAPURA OFFICE,Closed,2025-06-12 02:43:00.000000000
20762698,INDIAN_OPENCITY_BBMP,General Consumer Services,Technical Issue In Ekhata,Technical Issue In Ekhata in Rajarajeshwari Nagar THIS AREA IS NOT COMES TO ARO VIDYARANYAPURA OFFICE,Closed,2025-06-12 02:42:00.000000000
20762696,INDIAN_OPENCITY_BBMP,General Consumer Services,Ekhata - name correction,Ekhata - name correction in Vidyaranyapura null,null,2025-06-12 02:43:00.000000000
20762695,INDIAN_OPENCITY_BBMP,General Consumer Services,Potholes,Potholes in A.Narayanapura Field inspection assigned to AE officer.,Registered,2025-06-12 02:42:00.000000000
20762693,INDIAN_OPENCITY_BBMP,General Consumer Services,Technical Issue In Ekhata,Technical Issue In Ekhata in Dodda Bidarkallu Field inspection assigned to RI officer.,Registered,2025-06-12 02:39:00.000000000
20762691,INDIAN_OPENCITY_BBMP,General Consumer Services,Garbage dump,Garbage dump in Benniganahalli Mobile number not working,Closed,2025-06-12 02:38:00.000000000
20762688,INDIAN_OPENCITY_BBMP,General Consumer Services,Garbage dumping in vacant sites,Garbage dumping in vacant sites in Ganeshmandira Ward Clear,Closed,2025-06-12 02:36:00.000000000
20762686,INDIAN_OPENCITY_BBMP,General Consumer Services,Garbage dump,Garbage dump in Jayangar Good afternoon madam this Location is ward no 144 auto mustering now garbage was Clear,Closed,2025-06-12 02:36:00.000000000
20762680,INDIAN_OPENCITY_BBMP,General Consumer Services,Unable to generate the property tax challan,"Unable to generate the property tax challan in HBR Layout We Submitted the Requisition latter to Concern Office On 5-6-2025 , after Submitting the letter also we came to BBMP Office 3 times Still Problem is not at resolved please clear this issue we have to pay my property tax.",ReOpen,2025-06-12 02:30:00.000000000
20762677,INDIAN_OPENCITY_BBMP,General Consumer Services,Garbage dump,Garbage dump in Ganga Nagar Complaint Resolved,Closed,2025-06-12 02:29:00.000000000
20762675,INDIAN_OPENCITY_BBMP,General Consumer Services,Sweeping not done,"Sweeping not done in Jnanabharathi Ward Sweeping, clear",Closed,2025-06-12 02:29:00.000000000
20762673,INDIAN_OPENCITY_BBMP,General Consumer Services,Garbage vehicle not arrived,Garbage vehicle not arrived in Yelachenahalli Clered,Closed,2025-06-12 02:28:00.000000000
20762668,INDIAN_OPENCITY_BBMP,General Consumer Services,Garbage thrown in storm water drain,Garbage thrown in storm water drain in Yeshwanthpur Forwarded Task,Registered,2025-06-12 02:23:00.000000000
20762667,INDIAN_OPENCITY_BBMP,General Consumer Services,Garbage dump,Garbage dump in Ganga Nagar Compliant Resolved,Closed,2025-06-12 02:22:00.000000000
20762661,INDIAN_OPENCITY_BBMP,General Consumer Services,Dead animal(s),Dead animal(s) in Varthur Reslov,Closed,2025-06-12 02:14:00.000000000
20762658,INDIAN_OPENCITY_BBMP,General Consumer Services,Road cutting,Road cutting in Azad Nagar Field inspection assigned to Customer Support Representative officer.,Non Relevant,2025-06-12 02:13:00.000000000
20762655,INDIAN_OPENCITY_BBMP,General Consumer Services,Garbage dump,Garbage dump in Azad Nagar Complaint clear,Closed,2025-06-12 02:11:00.000000000
20762651,INDIAN_OPENCITY_BBMP,General Consumer Services,Garbage vehicle not arrived,Garbage vehicle not arrived in Maruthi Seva Nagar Complent is clear,Closed,2025-06-12 02:08:00.000000000
20762648,INDIAN_OPENCITY_BBMP,General Consumer Services,Garbage dump,Garbage dump in Sagayapuram Garbage still found & not cleaned yet.,ReOpen,2025-06-12 02:05:00.000000000
20762647,INDIAN_OPENCITY_BBMP,General Consumer Services,Garbage vehicle not arrived,Garbage vehicle not arrived in Hemmigepura as per citizen the complaint is not attended,ReOpen,2025-06-12 02:05:00.000000000
20762644,INDIAN_OPENCITY_BBMP,General Consumer Services,Sewerage water left in SWD,Sewerage water left in SWD in Domlur Field inspection assigned to AE officer.,Registered,2025-06-12 02:03:00.000000000
20762643,INDIAN_OPENCITY_BBMP,General Consumer Services,Fatally injured - Needs immediate attention,"Fatally injured - Needs immediate attention in Bapuji Nagar Please contact Dr.D.N Srinath, ADAH, Mobile no:[PHONE]",Closed,2025-06-12 02:03:00.000000000
20762639,INDIAN_OPENCITY_BBMP,General Consumer Services,water leakage on road,water leakage on road in Bellandur Field inspection assigned to AE officer.,Registered,2025-06-12 02:00:00.000000000
20762637,INDIAN_OPENCITY_BBMP,General Consumer Services,Garbage vehicle not arrived,Garbage vehicle not arrived in Gali Anjaneya Swamy Temple Ward Door to door done,Closed,2025-06-12 01:56:00.000000000
20762635,INDIAN_OPENCITY_BBMP,General Consumer Services,Issues Related to Parks/Medians/Circles/Island.,Issues Related to Parks/Medians/Circles/Island. in Banaswadi Field inspection assigned to HS officer.,Registered,2025-06-12 01:56:00.000000000
20762632,INDIAN_OPENCITY_BBMP,General Consumer Services,Ekhata Other corrections,Ekhata Other corrections in Hagadooru as discuss with applicant he says that the issue raised to Revenue office,Closed,2025-06-12 01:53:00.000000000
20762628,INDIAN_OPENCITY_BBMP,General Consumer Services,Sweeping not done,Sweeping not done in Kavalbyrasandra Field inspection assigned to JHI officer.,Registered,2025-06-12 01:48:00.000000000
20762626,INDIAN_OPENCITY_BBMP,General Consumer Services,Garbage dumping in vacant sites,Garbage dumping in vacant sites in Herohalli Garbage vehicle has been sent to door collection,Closed,2025-06-12 01:46:00.000000000
20762623,INDIAN_OPENCITY_BBMP,General Consumer Services,Anti Rabies Vaccination of stray dogs,Anti Rabies Vaccination of stray dogs in Bellandur We are doing vaccination ward by ward when we come to your ward we will do it,Closed,2025-06-12 01:43:00.000000000
20762616,INDIAN_OPENCITY_BBMP,General Consumer Services,Road cutting,Road cutting in Padmanabha Nagar Field inspection assigned to AE officer.,Registered,2025-06-12 01:40:00.000000000
20762615,INDIAN_OPENCITY_BBMP,General Consumer Services,Garbage dump,Garbage dump in Bilekahalli Clear and Daily Clean,Closed,2025-06-12 01:38:00.000000000
20762611,INDIAN_OPENCITY_BBMP,General Consumer Services,Animal Rescue - Not well - Requires attention,Animal Rescue - Not well - Requires attention in Kottigepalya Referred to rescue team,Closed,2025-06-12 01:37:00.000000000
20762610,INDIAN_OPENCITY_BBMP,General Consumer Services,Ekhata missing in online,Ekhata missing in online in Arakere pls come to aro arakere office and submit the documents,Closed,2025-06-12 01:36:00.000000000
20762609,INDIAN_OPENCITY_BBMP,Street/Public Electrical Infrastructure,Street Light Not Working,Street Light Not Working in Vishwanathnagenahalli New light fitting has to be fix to this pole has CCMS project is under progress we have taken your request we will fix new LED light once tender works starts as per priority,Closed,2025-06-12 01:36:00.000000000
20762606,INDIAN_OPENCITY_BBMP,General Consumer Services,Garbage vehicle not arrived,Garbage vehicle not arrived in Jayanagar East Cleared,Closed,2025-06-12 01:34:00.000000000
20762603,INDIAN_OPENCITY_BBMP,General Consumer Services,Maintenance of SWD,Maintenance of SWD in Jnanabharathi Ward Field inspection assigned to AE officer.,Registered,2025-06-12 01:30:00.000000000
20762601,INDIAN_OPENCITY_BBMP,General Consumer Services,Other Khata / ekhata issues,Other Khata / ekhata issues in Konanakunte close,Closed,2025-06-12 01:28:00.000000000
20762599,INDIAN_OPENCITY_BBMP,Street/Public Electrical Infrastructure,Street Light Not Working,Street Light Not Working in Subhash Nagar Complaint Attended,Closed,2025-06-12 01:27:00.000000000
20762598,INDIAN_OPENCITY_BBMP,General Consumer Services,Removal of dead/fallen trees,Removal of dead/fallen trees in Okalipuram citizen not satified,ReOpen,2025-06-12 01:27:00.000000000
20762597,INDIAN_OPENCITY_BBMP,Street/Public Electrical Infrastructure,Requirement For New Street Lights,Requirement For New Street Lights in Singasandra This New light will be installed as early as possible,Closed,2025-06-12 01:27:00.000000000
20762596,INDIAN_OPENCITY_BBMP,General Consumer Services,Maintenance of SWD,Maintenance of SWD in Anjanapur Field inspection assigned to AE officer.,Registered,2025-06-12 01:27:00.000000000
20762595,INDIAN_OPENCITY_BBMP,General Consumer Services,Ekhata missing in online,Ekhata missing in online in Jnanabharathi Ward ಅರ್ಜಿದಾರರಿಗೆ ದೂರವಾಣಿ ಮೂಲಕ ತಮ್ಮ ದಾಖಲೆಗಳಿಗೆ ಸಂಬಂಧಿಸಿದಂತೆ ಮ್ಯಾನುಯಲ್‌ ಖಾತೆ ಪಡೆದಿರುವ ಬಗ್ಗೆ ದಾಖಲೆಗಳನ್ನು ಕಚೇರಿಯಲ್ಲಿ ಬಂದು ಪರಿಶೀಲಿಸಿಕೊಳ್ಳಲು ತಿಳಿಸಲಾಗಿದೆ,Closed,2025-06-12 01:26:00.000000000
20762585,INDIAN_OPENCITY_BBMP,General Consumer Services,footpath encroachment,footpath encroachment in Ganga Nagar Forwarded Task,Registered,2025-06-12 01:19:00.000000000
20762583,INDIAN_OPENCITY_BBMP,General Consumer Services,TEC,TEC in Jayanagar East Forwarded Task,Registered,2025-06-12 01:17:00.000000000
20762581,INDIAN_OPENCITY_BBMP,General Consumer Services,Garbage dumping in vacant sites,Garbage dumping in vacant sites in K.R.Market Clear,Closed,2025-06-12 01:15:00.000000000
20762579,INDIAN_OPENCITY_BBMP,General Consumer Services,Other Khata / ekhata issues,Other Khata / ekhata issues in Arakere pls submit khta related documents,Closed,2025-06-12 01:14:00.000000000
20762578,INDIAN_OPENCITY_BBMP,General Consumer Services,Garbage dump,Garbage dump in Padarayanapura There's no Garbage,Closed,2025-06-12 01:14:00.000000000
20762577,INDIAN_OPENCITY_BBMP,General Consumer Services,Other Khata / ekhata issues,Other Khata / ekhata issues in Kaveripura Resolved,Closed,2025-06-12 01:13:00.000000000
20762576,INDIAN_OPENCITY_BBMP,General Consumer Services,Complaint against SW collector/ SWM official for violation of SWM Rules,Complaint against SW collector/ SWM official for violation of SWM Rules in Vasanth Nagar Revenue department,Closed,2025-06-12 01:13:00.000000000
20762574,INDIAN_OPENCITY_BBMP,General Consumer Services,Fatally injured - Needs immediate attention,Fatally injured - Needs immediate attention in Doddabommasandra Spoken with the concern person.,Closed,2025-06-12 01:13:00.000000000
20762572,INDIAN_OPENCITY_BBMP,General Consumer Services,Technical Issue In Ekhata,Technical Issue In Ekhata in Jakkur The issue is related to the Kaveri. We have apprised the issue with the Kaveri support team. They are working on this issue. Once the issue is resolved will update to the citizen,Closed,2025-06-12 01:12:00.000000000
20762571,INDIAN_OPENCITY_BBMP,General Consumer Services,Garbage vehicle not arrived,Garbage vehicle not arrived in Jayanagar East Garbage vehicle arrived,Closed,2025-06-12 01:12:00.000000000
20762569,INDIAN_OPENCITY_BBMP,General Consumer Services,Animal Rescue - Not well - Requires attention,Animal Rescue - Not well - Requires attention in Hoodi No relocation of dogs can be done as per supreme court order,Closed,2025-06-12 01:11:00.000000000
20762568,INDIAN_OPENCITY_BBMP,General Consumer Services,Garbage dump,Garbage dump in Arakere Complaint attended and cleared sir,Closed,2025-06-12 01:11:00.000000000
20762566,INDIAN_OPENCITY_BBMP,General Consumer Services,Increase in mosquito density,Increase in mosquito density in Singasandra Spraying,Closed,2025-06-12 01:10:00.000000000
20762564,INDIAN_OPENCITY_BBMP,General Consumer Services,Garbage vehicle not arrived,Garbage vehicle not arrived in Shakambari Nagar It's,Closed,2025-06-12 01:08:00.000000000
20762562,INDIAN_OPENCITY_BBMP,General Consumer Services,Garbage dump,Garbage dump in Azad Nagar Complaints Clear,Closed,2025-06-12 01:06:00.000000000
20762554,INDIAN_OPENCITY_BBMP,General Consumer Services,Garbage dumping in vacant sites,Garbage dumping in vacant sites in Konanakunte Clear,Closed,2025-06-12 01:04:00.000000000
20762553,INDIAN_OPENCITY_BBMP,General Consumer Services,Road cutting,Road cutting in Prakash Nagar Forwarded Task,Registered,2025-06-12 01:04:00.000000000
20762552,INDIAN_OPENCITY_BBMP,General Consumer Services,Stray cattle related complaints,Stray cattle related complaints in Begur Please call Dr.Shivakumar E ph- [PHONE]. For Cattle issues.,Closed,2025-06-12 01:04:00.000000000
20762551,INDIAN_OPENCITY_BBMP,General Consumer Services,Road Infrastructure,Road Infrastructure in J.P.Park Field inspection assigned to AE officer.,Registered,2025-06-12 01:04:00.000000000
20762548,INDIAN_OPENCITY_BBMP,General Consumer Services,Spraying,Spraying in Maruthi Mandira Ward Field inspection assigned to SHI officer.,Registered,2025-06-12 01:01:00.000000000
20762547,INDIAN_OPENCITY_BBMP,General Consumer Services,Complaint against SW collector/ SWM official for violation of SWM Rules,Complaint against SW collector/ SWM official for violation of SWM Rules in Maruthi Seva Nagar Complent is clear,Closed,2025-06-12 01:01:00.000000000
20762545,INDIAN_OPENCITY_BBMP,General Consumer Services,Other Khata / ekhata issues,Other Khata / ekhata issues in Kavalbyrasandra Not related to ARO kg halli,Closed,2025-06-12 12:59:00.000000000
20762544,INDIAN_OPENCITY_BBMP,General Consumer Services,new Khata / Ekhata registration / creation,"new Khata / Ekhata registration / creation in Horamavu EPID NO.2487950477 IS REJECTED, APPLY ONEMORE",Closed,2025-06-12 12:59:00.000000000
20762542,INDIAN_OPENCITY_BBMP,General Consumer Services,Removal of dead/fallen trees,Removal of dead/fallen trees in Koramangala Resolved,Closed,2025-06-12 12:57:00.000000000
20762541,INDIAN_OPENCITY_BBMP,General Consumer Services,water stagnation,water stagnation in Devarajeevanahalli Field inspection assigned to AE officer.,Registered,2025-06-12 12:57:00.000000000
20762532,INDIAN_OPENCITY_BBMP,General Consumer Services,water leakage on road,water leakage on road in Gandhi Nagar Forwarded Task,Registered,2025-06-12 12:48:00.000000000
20762526,INDIAN_OPENCITY_BBMP,General Consumer Services,Animal birth control/neutering of stray dogs,Animal birth control/neutering of stray dogs in Hemmigepura Dog's cought for animals birth control and vaccination,Closed,2025-06-12 12:47:00.000000000
20762525,INDIAN_OPENCITY_BBMP,General Consumer Services,Garbage dumping in vacant sites,Garbage dumping in vacant sites in Aramane Nagar Clear,Closed,2025-06-12 12:46:00.000000000
20762522,INDIAN_OPENCITY_BBMP,General Consumer Services,Debris Removal / Construction Material,Debris Removal / Construction Material in Jeevanbhima Nagar Field inspection assigned to AE officer.,Registered,2025-06-12 12:44:00.000000000
20762521,INDIAN_OPENCITY_BBMP,General Consumer Services,Garbage dumping in vacant sites,Garbage dumping in vacant sites in Padmanabha Nagar Clear,Closed,2025-06-12 12:44:00.000000000
20762520,INDIAN_OPENCITY_BBMP,General Consumer Services,obstructions Branches / Trees.,"obstructions Branches / Trees. in Vasanthapura Please submit application to Forest Department, Head Office",Closed,2025-06-12 12:43:00.000000000
20762519,INDIAN_OPENCITY_BBMP,General Consumer Services,Potholes,"Potholes in Rajarajeshwari Nagar As of now temporary pothole filling done, we will rectify it with bituminous macadam or cold tar as soon as possible",Closed,2025-06-12 12:42:00.000000000
20762516,INDIAN_OPENCITY_BBMP,General Consumer Services,Garbage dumping in vacant sites,Garbage dumping in vacant sites in Jogupalya Clear,Closed,2025-06-12 12:40:00.000000000
20762513,INDIAN_OPENCITY_BBMP,General Consumer Services,Garbage vehicle not arrived,Garbage vehicle not arrived in Gurappanapalya Today also done door to door....,Closed,2025-06-12 12:39:00.000000000
20762512,INDIAN_OPENCITY_BBMP,General Consumer Services,Garbage dump,Garbage dump in Hombegowda Nagar Daily basis we cleared sir,Closed,2025-06-12 12:39:00.000000000
20762511,INDIAN_OPENCITY_BBMP,General Consumer Services,Garbage dump,Garbage dump in Bellandur Photo not uploaded,Closed,2025-06-12 12:38:00.000000000
20762510,INDIAN_OPENCITY_BBMP,General Consumer Services,Animal Death Need cremartion support,Animal Death Need cremartion support in Kacharakanahalli Forwarded Task,Registered,2025-06-12 12:38:00.000000000
20762500,INDIAN_OPENCITY_BBMP,General Consumer Services,Garbage dump,Garbage dump in Dr.Rajkumar Ward Cleared,Closed,2025-06-12 12:35:00.000000000
20762499,INDIAN_OPENCITY_BBMP,General Consumer Services,Garbage vehicle not arrived,Garbage vehicle not arrived in Sri Rammandira Cleared sir,Closed,2025-06-12 12:35:00.000000000
20762498,INDIAN_OPENCITY_BBMP,General Consumer Services,Spraying,Spraying in Anjanapur Forwarded Task,Registered,2025-06-12 12:32:00.000000000
20762492,INDIAN_OPENCITY_BBMP,General Consumer Services,Removal of dead/fallen trees,Removal of dead/fallen trees in Giri Nagar Resolved,Closed,2025-06-12 12:29:00.000000000
20762491,INDIAN_OPENCITY_BBMP,General Consumer Services,Removal of dead/fallen trees,Removal of dead/fallen trees in Hoysala Nagar 63614 30192,Closed,2025-06-12 12:29:00.000000000
20762490,INDIAN_OPENCITY_BBMP,General Consumer Services,obstructions Branches / Trees.,obstructions Branches / Trees. in Pattabhiram Nagar Resolved,Closed,2025-06-12 12:28:00.000000000
20762488,INDIAN_OPENCITY_BBMP,General Consumer Services,Issues related Snakes/Birds/Monkeys,"Issues related Snakes/Birds/Monkeys in Rajamahal Please contact Aranya Bhavan, 18th cross Malleshwaram",Closed,2025-06-12 12:27:00.000000000
20762485,INDIAN_OPENCITY_BBMP,Street/Public Electrical Infrastructure,Street Light Not Working,Street Light Not Working in Mangammanapalya This New light will be installed as early as possible,Closed,2025-06-12 12:25:00.000000000
20762483,INDIAN_OPENCITY_BBMP,General Consumer Services,Other Khata / ekhata issues,Other Khata / ekhata issues in Hagadooru APPLICATION REJECTED AND THE APPLICATION REJECTED BY RO sir he will be clear as soon as possible,Closed,2025-06-12 12:24:00.000000000
20762482,INDIAN_OPENCITY_BBMP,General Consumer Services,obstructions Branches / Trees.,"obstructions Branches / Trees. in Ganeshmandira Ward Physical Complaint : submitted at the BBMP office, Annexure building. With Book complaint number : 864",ReOpen,2025-06-12 12:24:00.000000000
20762480,INDIAN_OPENCITY_BBMP,General Consumer Services,Removal of dead/fallen trees,Removal of dead/fallen trees in Visvesvarapuram Resolved,Closed,2025-06-12 12:24:00.000000000
20762476,INDIAN_OPENCITY_BBMP,General Consumer Services,Spraying,Spraying in HBR Layout Close,Closed,2025-06-12 12:22:00.000000000
20762472,INDIAN_OPENCITY_BBMP,General Consumer Services,Public dustbins not cleaned,Public dustbins not cleaned in Basavanapura Clear,Closed,2025-06-12 12:19:00.000000000
20762470,INDIAN_OPENCITY_BBMP,General Consumer Services,Garbage dump,Garbage dump in Domlur Cleared thank you,Closed,2025-06-12 12:19:00.000000000
20762467,INDIAN_OPENCITY_BBMP,General Consumer Services,Dead animal(s),Dead animal(s) in Vignana Nagar Cleared,Closed,2025-06-12 12:18:00.000000000
20762465,INDIAN_OPENCITY_BBMP,General Consumer Services,Technical Issue In Ekhata,Technical Issue In Ekhata in Varthur APPLICATION SUBMITTED AND THE APPLICATION IS WITH R O SIR LOGIN AND INFORMED TO RO SIR PLZ WAIT FOR FEW DAYS,Closed,2025-06-12 12:17:00.000000000
20762459,INDIAN_OPENCITY_BBMP,General Consumer Services,Garbage vehicle not arrived,Garbage vehicle not arrived in Govindraja Nagara Cleared,Closed,2025-06-12 12:14:00.000000000
20762452,INDIAN_OPENCITY_BBMP,General Consumer Services,water stagnation,water stagnation in Kadugodi Field inspection assigned to AE officer.,Registered,2025-06-12 12:10:00.000000000
20762449,INDIAN_OPENCITY_BBMP,General Consumer Services,water stagnation,water stagnation in Chikpete Field inspection assigned to Customer Support Representative officer.,Non Relevant,2025-06-12 12:09:00.000000000
20762444,INDIAN_OPENCITY_BBMP,General Consumer Services,others,others in Chokkasandra Forwarded Task to bwssb,Registered,2025-06-12 12:04:00.000000000
20762441,INDIAN_OPENCITY_BBMP,General Consumer Services,Sewerage water left in SWD,Sewerage water left in SWD in A.Narayanapura Field inspection assigned to AE officer.,Registered,2025-06-12 12:03:00.000000000
20762439,INDIAN_OPENCITY_BBMP,Street/Public Electrical Infrastructure,Street Light Not Working,Street Light Not Working in Kodigehalli This is Budgetary work. New fitting will be provided on priority as and when available,Closed,2025-06-12 12:02:00.000000000
20762436,INDIAN_OPENCITY_BBMP,General Consumer Services,Road side drains,Road side drains in Shivaji Nagar Field inspection assigned to AE officer.,Registered,2025-06-12 12:00:00.000000000
20762433,INDIAN_OPENCITY_BBMP,General Consumer Services,ekhata approval pending with ARO,ekhata approval pending with ARO in Singasandra ನಿಯಮಾನುಸಾರ ಕ್ರಮ ಕೈಗೊಳ್ಳಲಾಗುವುದು,Closed,2025-06-12 11:59:00.000000000
20762430,INDIAN_OPENCITY_BBMP,General Consumer Services,Garbage dump,"Garbage dump in Singasandra It doesn't belongs to bbmp limits ,its comes under electronic city panchayati limit.",Closed,2025-06-12 11:58:00.000000000
20762428,INDIAN_OPENCITY_BBMP,General Consumer Services,Road Infrastructure,Road Infrastructure in Bellandur at present in this road road culverts n road side drain work in progress ... after finishing road side drain we will do ..... asphalt,Closed,2025-06-12 11:57:00.000000000
20762427,INDIAN_OPENCITY_BBMP,General Consumer Services,footpath encroachment,footpath encroachment in Bommanahalli Cars are still there,ReOpen,2025-06-12 11:57:00.000000000
20762426,INDIAN_OPENCITY_BBMP,General Consumer Services,Garbage dump,Garbage dump in Byatarayanapura Panchayti complaint,Closed,2025-06-12 11:56:00.000000000
20762421,INDIAN_OPENCITY_BBMP,General Consumer Services,Fatally injured - Needs immediate attention,Fatally injured - Needs immediate attention in K.R.Puram Complaint attended,Closed,2025-06-12 11:55:00.000000000
20762418,INDIAN_OPENCITY_BBMP,General Consumer Services,Air/Noise pollution,Air/Noise pollution in Jakkur Attended,Closed,2025-06-12 11:54:00.000000000
20762412,INDIAN_OPENCITY_BBMP,Street/Public Electrical Infrastructure,Street Light Not Working,Street Light Not Working in Hoysala Nagar Required for new fitting,Closed,2025-06-12 11:51:00.000000000
20762408,INDIAN_OPENCITY_BBMP,General Consumer Services,Debris Removal / Construction Material,Debris Removal / Construction Material in Jeevanbhima Nagar Resolved,Closed,2025-06-12 11:50:00.000000000
20762407,INDIAN_OPENCITY_BBMP,General Consumer Services,Road cutting,Road cutting in Bellandur Field inspection assigned to Customer Support Representative officer.,Non Relevant,2025-06-12 11:50:00.000000000
20762405,INDIAN_OPENCITY_BBMP,General Consumer Services,Garbage vehicle not arrived,Garbage vehicle not arrived in Marathalli Segregation problem,Closed,2025-06-12 11:49:00.000000000
20762404,INDIAN_OPENCITY_BBMP,General Consumer Services,Garbage dump,Garbage dump in Gandhi Nagar Not proper adress,Closed,2025-06-12 11:49:00.000000000
20762403,INDIAN_OPENCITY_BBMP,General Consumer Services,Garbage transfer not as per norms & area not kept clean,Garbage transfer not as per norms & area not kept clean in Sunkenahalli Cleared,Closed,2025-06-12 11:49:00.000000000
20762400,INDIAN_OPENCITY_BBMP,General Consumer Services,Garbage dump,Garbage dump in Konanakunte Complaint is gram panchayat limit,Closed,2025-06-12 11:47:00.000000000
20762399,INDIAN_OPENCITY_BBMP,General Consumer Services,Garbage dump,Garbage dump in Shakthiganapathi Nagar Close,Closed,2025-06-12 11:46:00.000000000
20762395,INDIAN_OPENCITY_BBMP,General Consumer Services,Garbage dump,Garbage dump in Laggere Complaint cleared,Closed,2025-06-12 11:44:00.000000000
20762393,INDIAN_OPENCITY_BBMP,General Consumer Services,Road side drains,Road side drains in Sarakki Field inspection assigned to AE officer.,Registered,2025-06-12 11:43:00.000000000
20762386,INDIAN_OPENCITY_BBMP,General Consumer Services,Garbage dumping in vacant sites,Garbage dumping in vacant sites in Dharmarayaswamy Temple Ward Clear,Closed,2025-06-12 11:39:00.000000000
20762385,INDIAN_OPENCITY_BBMP,General Consumer Services,Urination in Public/Open Defecation,Urination in Public/Open Defecation in Adugodi Field inspection assigned to JHI officer.,In Progress,2025-06-12 11:39:00.000000000
20762384,INDIAN_OPENCITY_BBMP,General Consumer Services,Ekhata Area Correction,Ekhata Area Correction in Begur Do not closed the complaint without providing resolution,ReOpen,2025-06-12 11:39:00.000000000
20762383,INDIAN_OPENCITY_BBMP,General Consumer Services,Debris Removal / Construction Material,Debris Removal / Construction Material in Newthippasandra Forwarded Task,Registered,2025-06-12 11:36:00.000000000
20762382,INDIAN_OPENCITY_BBMP,General Consumer Services,Garbage vehicle not arrived,Garbage vehicle not arrived in Jeevanbhima Nagar Good morning medam We will rectify ur issue medam and strictly inform the auto driver for collections in daily basis medam thank you,Closed,2025-06-12 11:36:00.000000000
20762381,INDIAN_OPENCITY_BBMP,General Consumer Services,Garbage vehicle not arrived,Garbage vehicle not arrived in Yelachenahalli Cleard,Closed,2025-06-12 11:36:00.000000000
20762380,INDIAN_OPENCITY_BBMP,General Consumer Services,Stray dog related complaints,Stray dog related complaints in Kuvempu Nagar Call not received.,Closed,2025-06-12 11:35:00.000000000
20762379,INDIAN_OPENCITY_BBMP,General Consumer Services,Garbage dump,Garbage dump in Kavalbyrasandra Res,Closed,2025-06-12 11:35:00.000000000
20762377,INDIAN_OPENCITY_BBMP,General Consumer Services,Animal Rescue - Not well - Requires attention,Animal Rescue - Not well - Requires attention in Marathalli Complaint attended,Closed,2025-06-12 11:34:00.000000000
20762374,INDIAN_OPENCITY_BBMP,General Consumer Services,Garbage vehicle not arrived,Garbage vehicle not arrived in Pulikeshi Nagar Door to door collection done,Closed,2025-06-12 11:33:00.000000000
20762373,INDIAN_OPENCITY_BBMP,General Consumer Services,Garbage dumping in vacant sites,Garbage dumping in vacant sites in Visvesvarapuram Clear,Closed,2025-06-12 11:32:00.000000000
20762372,INDIAN_OPENCITY_BBMP,Street/Public Electrical Infrastructure,Requirement For New Street Lights,Requirement For New Street Lights in Jnanabharathi Ward Resolved,Closed,2025-06-12 11:32:00.000000000
20762371,INDIAN_OPENCITY_BBMP,General Consumer Services,Road Infrastructure,Road Infrastructure in Sarvagna Nagar Forwarded Task to R/I,Registered,2025-06-12 11:32:00.000000000
20762370,INDIAN_OPENCITY_BBMP,General Consumer Services,Garbage dump,Garbage dump in Vasanth Nagar Swm department,Closed,2025-06-12 11:31:00.000000000
20762369,INDIAN_OPENCITY_BBMP,General Consumer Services,water stagnation,water stagnation in Uttarahalli Field inspection assigned to AE officer.,Closed,2025-06-12 11:31:00.000000000
20762368,INDIAN_OPENCITY_BBMP,General Consumer Services,Unhygienic premises in Hotel etc,Unhygienic premises in Hotel etc in Vasanth Nagar Field inspection assigned to SHI officer.,Registered,2025-06-12 11:31:00.000000000
20762366,INDIAN_OPENCITY_BBMP,General Consumer Services,Garbage dump,Garbage dump in Benniganahalli PLEASE RECEIVE THE CAL,Closed,2025-06-12 11:30:00.000000000
20762365,INDIAN_OPENCITY_BBMP,General Consumer Services,Removal of dead/fallen trees,Removal of dead/fallen trees in Domlur cleared,Closed,2025-06-12 11:30:00.000000000
20762364,INDIAN_OPENCITY_BBMP,General Consumer Services,Road side drains,Road side drains in Uttarahalli .,Closed,2025-06-12 11:30:00.000000000
20762363,INDIAN_OPENCITY_BBMP,General Consumer Services,Debris Removal / Construction Material,Debris Removal / Construction Material in Shankaramata Field inspection assigned to AE officer.,Registered,2025-06-12 11:29:00.000000000
20762358,INDIAN_OPENCITY_BBMP,General Consumer Services,Animal Rescue - Not well - Requires attention,"Animal Rescue - Not well - Requires attention in Sudam Nagar Please contact Dr.D.N Srinath, ADAH, Mobile no:[PHONE]",Closed,2025-06-12 11:27:00.000000000
20762357,INDIAN_OPENCITY_BBMP,General Consumer Services,Garbage dump,Garbage dump in Konanakunte Complaint clear,Closed,2025-06-12 11:27:00.000000000
20762355,INDIAN_OPENCITY_BBMP,General Consumer Services,Potholes,Potholes in Ullalu Field inspection assigned to AE officer.,Registered,2025-06-12 11:27:00.000000000
20762348,INDIAN_OPENCITY_BBMP,Street/Public Electrical Infrastructure,Street Light Not Working,"Street Light Not Working in Kumaraswamy Layout This complaint belong to old ward no 184. Bommanahalli zone, informed to concerned engineer thank you",Closed,2025-06-12 11:23:00.000000000
20762347,INDIAN_OPENCITY_BBMP,General Consumer Services,ekhata approval pending with ARO,ekhata approval pending with ARO in Nagapura ITS BEEN ALREADY ONE MONTH ISSUE IS NOT YET RESLOVED,ReOpen,2025-06-12 11:22:00.000000000
20762346,INDIAN_OPENCITY_BBMP,General Consumer Services,Road cutting,Road cutting in Singasandra Field inspection assigned to Customer Support Representative officer.,Non Relevant,2025-06-12 11:22:00.000000000
20762343,INDIAN_OPENCITY_BBMP,General Consumer Services,Sewerage water left in SWD,Sewerage water left in SWD in Rajarajeshwari Nagar Field inspection assigned to AE officer.,Registered,2025-06-12 11:21:00.000000000
20762342,INDIAN_OPENCITY_BBMP,General Consumer Services,Potholes,Potholes in Maruthi Mandira Ward Field inspection assigned to AE officer.,Registered,2025-06-12 11:21:00.000000000
20762340,INDIAN_OPENCITY_BBMP,General Consumer Services,Fatally injured - Needs immediate attention,Fatally injured - Needs immediate attention in Horamavu No treatment done in bbmp Call 1962,Closed,2025-06-12 11:20:00.000000000
20762339,INDIAN_OPENCITY_BBMP,General Consumer Services,Unhygienic premises in Hotel etc,Unhygienic premises in Hotel etc in Maruthi Seva Nagar Field inspection assigned to SHI officer.,Registered,2025-06-12 11:19:00.000000000
20762331,INDIAN_OPENCITY_BBMP,General Consumer Services,new Khata / Ekhata registration / creation,new Khata / Ekhata registration / creation in J.P.Nagar Applicant request of UDS is mismatch with Deed and Records,Closed,2025-06-12 11:17:00.000000000
20762326,INDIAN_OPENCITY_BBMP,General Consumer Services,ekhata approval pending with ARO,ekhata approval pending with ARO in Hombegowda Nagar ALREADY APPROVAL E KATHA,Closed,2025-06-12 11:15:00.000000000
20762325,INDIAN_OPENCITY_BBMP,General Consumer Services,Garbage dump,Garbage dump in Hoysala Nagar Garbage has been cleared sir... Thank you sir...,Closed,2025-06-12 11:14:00.000000000
20762323,INDIAN_OPENCITY_BBMP,General Consumer Services,Road side drains,Road side drains in Jakkur Field inspection assigned to AE officer.,Registered,2025-06-12 11:11:00.000000000
20762319,INDIAN_OPENCITY_BBMP,General Consumer Services,Gym/Children Play equipment in the parks,"Gym/Children Play equipment in the parks in Jayachamarajendra Nagar This Grievance is Comes Under EE Project, East Zone.",Non Relevant,2025-06-12 11:10:00.000000000
20762318,INDIAN_OPENCITY_BBMP,General Consumer Services,Ekhata - name correction,Ekhata - name correction in Marathalli Pl submit request application to correct the name spelling.,Closed,2025-06-12 11:09:00.000000000
20762316,INDIAN_OPENCITY_BBMP,General Consumer Services,Garbage dump,Garbage dump in H.M.T Compliant clear this is under 16 ward informed to customer,Closed,2025-06-12 11:09:00.000000000
20762315,INDIAN_OPENCITY_BBMP,General Consumer Services,Garbage dump,Garbage dump in Bellandur This is litigation land owner not support us,Closed,2025-06-12 11:09:00.000000000
20762314,INDIAN_OPENCITY_BBMP,General Consumer Services,Dead animal(s),Dead animal(s) in Attiguppe Field inspection assigned to JHI officer.,Registered,2025-06-12 11:08:00.000000000
20762310,INDIAN_OPENCITY_BBMP,General Consumer Services,Issues Related to Parks/Medians/Circles/Island.,Issues Related to Parks/Medians/Circles/Island. in Kottigepalya Field inspection assigned to HS officer.,Registered,2025-06-12 11:05:00.000000000
20762309,INDIAN_OPENCITY_BBMP,General Consumer Services,Unable to generate the property tax challan,Unable to generate the property tax challan in Hagadooru we are up dating as soon as possible,Closed,2025-06-12 11:05:00.000000000
20762308,INDIAN_OPENCITY_BBMP,General Consumer Services,Fatally injured - Needs immediate attention,Fatally injured - Needs immediate attention in Jnanabharathi Ward Attended,Closed,2025-06-12 11:05:00.000000000
20762307,INDIAN_OPENCITY_BBMP,General Consumer Services,Technical Issue In Ekhata,Technical Issue In Ekhata in Basavanapura For the said KRSID the ePID No. is 2505982792. The endorsement on the same can be downloaded from the citizen login.,Closed,2025-06-12 11:05:00.000000000
20762304,INDIAN_OPENCITY_BBMP,General Consumer Services,Garbage dump,Garbage dump in Dayananda Nagar All cleared,Closed,2025-06-12 11:04:00.000000000
20762298,INDIAN_OPENCITY_BBMP,General Consumer Services,Garbage dump,Garbage dump in Basavanapura Not BBMP this point,Closed,2025-06-12 11:01:00.000000000
20762297,INDIAN_OPENCITY_BBMP,General Consumer Services,Potholes,Potholes in Uttarahalli Where is the attachment???,ReOpen,2025-06-12 11:00:00.000000000
20762294,INDIAN_OPENCITY_BBMP,General Consumer Services,Garbage dump,Garbage dump in Pattabhiram Nagar Garbeg clear,Closed,2025-06-12 11:00:00.000000000
20762288,INDIAN_OPENCITY_BBMP,General Consumer Services,Discrepancy In Khata Certificate and Khata Extract,Discrepancy In Khata Certificate and Khata Extract in Hagadooru plz visit the aro office whitefield and meet case worker,Closed,2025-06-12 10:57:00.000000000
20762286,INDIAN_OPENCITY_BBMP,General Consumer Services,Ekhata Area Correction,Ekhata Area Correction in Kottigepalya Guided to applicant submit the application for correction with all documents,Closed,2025-06-12 10:57:00.000000000
20762285,INDIAN_OPENCITY_BBMP,General Consumer Services,Garbage vehicle not arrived,Garbage vehicle not arrived in Jakkasandra Garbage cleared,Closed,2025-06-12 10:56:00.000000000
20762276,INDIAN_OPENCITY_BBMP,General Consumer Services,Fatally injured - Needs immediate attention,Fatally injured - Needs immediate attention in Mallasandra ATTENDED,Closed,2025-06-12 10:52:00.000000000
20762275,INDIAN_OPENCITY_BBMP,General Consumer Services,Other Khata / ekhata issues,Other Khata / ekhata issues in Arakere resolved,Closed,2025-06-12 10:52:00.000000000
20762270,INDIAN_OPENCITY_BBMP,General Consumer Services,Environmental protection,Environmental protection in Attiguppe resolved complaint,Closed,2025-06-12 10:50:00.000000000
20762266,INDIAN_OPENCITY_BBMP,Street/Public Electrical Infrastructure,Street Light Not Working,Street Light Not Working in Dayananda Nagar Close,Closed,2025-06-12 10:47:00.000000000
20762264,INDIAN_OPENCITY_BBMP,General Consumer Services,Removal of dead/fallen trees,Removal of dead/fallen trees in Sanjay Nagar Field inspection assigned to DYRFO officer.,Registered,2025-06-12 10:46:00.000000000
20762261,INDIAN_OPENCITY_BBMP,General Consumer Services,Road side drains,Road side drains in Doddanekkundi Forwarded Task,Registered,2025-06-12 10:46:00.000000000
20762259,INDIAN_OPENCITY_BBMP,General Consumer Services,Ekhata - name correction,Ekhata - name correction in Padmanabha Nagar Please submit relevant documents for correction,Closed,2025-06-12 10:45:00.000000000
20762258,INDIAN_OPENCITY_BBMP,General Consumer Services,Ekhata - name correction,Ekhata - name correction in Rajarajeshwari Nagar ಅರ್ಜಿದಾರರಿಗೆ ದೂರವಾಣಿ ಮೂಲಕ ಈಗಾಗಲೇ ಖಾತಾ ಆಗಿರುವುದಾಗಿ ಅರ್ಜಿ ಸಲ್ಲಿಸಲು ತಿಳಿಸಿದೆ,Closed,2025-06-12 10:45:00.000000000
20762256,INDIAN_OPENCITY_BBMP,General Consumer Services,Complaint against SW collector/ SWM official for violation of SWM Rules,Complaint against SW collector/ SWM official for violation of SWM Rules in Jakkur Cleard,Closed,2025-06-12 10:43:00.000000000
20762253,INDIAN_OPENCITY_BBMP,General Consumer Services,Garbage dump,"Garbage dump in Puttenahalli Sir it's litigation site plz Mico layout office and give one letter to revenue section, they give notice to lnd owner, to clear this site and to make the compound",Closed,2025-06-12 10:42:00.000000000
20762251,INDIAN_OPENCITY_BBMP,General Consumer Services,Removal of dead/fallen trees,Removal of dead/fallen trees in S.K.Garden cleared,Closed,2025-06-12 10:42:00.000000000
20762249,INDIAN_OPENCITY_BBMP,General Consumer Services,Others,Others in Manorayanapalya Field inspection assigned to Customer Support Representative officer.,Registered,2025-06-12 10:41:00.000000000
20762247,INDIAN_OPENCITY_BBMP,General Consumer Services,Road cutting,Road cutting in HSR Layout Close,Closed,2025-06-12 10:41:00.000000000
20762245,INDIAN_OPENCITY_BBMP,General Consumer Services,Complaint against SW collector/ SWM official for violation of SWM Rules,Complaint against SW collector/ SWM official for violation of SWM Rules in Basavanapura Clear,Closed,2025-06-12 10:40:00.000000000
20762243,INDIAN_OPENCITY_BBMP,General Consumer Services,Potholes,Potholes in Sri Rammandira Field inspection assigned to AE officer.,Registered,2025-06-12 10:40:00.000000000
20762242,INDIAN_OPENCITY_BBMP,General Consumer Services,obstructions Branches / Trees.,obstructions Branches / Trees. in Basavanagudi Resolved,Closed,2025-06-12 10:40:00.000000000
20762241,INDIAN_OPENCITY_BBMP,General Consumer Services,Garbage dump,Garbage dump in Basavanapura Ok I will see duty,Closed,2025-06-12 10:40:00.000000000
20762240,INDIAN_OPENCITY_BBMP,General Consumer Services,Animal birth control/neutering of stray dogs,Animal birth control/neutering of stray dogs in Horamavu Complaint attended,Closed,2025-06-12 10:39:00.000000000
20762237,INDIAN_OPENCITY_BBMP,General Consumer Services,Garbage dump,Garbage dump in Mangammanapalya Complaint attended the cleared,Closed,2025-06-12 10:36:00.000000000
20762234,INDIAN_OPENCITY_BBMP,General Consumer Services,Stray/Rabid dog bite,Stray/Rabid dog bite in C.V.Raman Nagar Explained the bbmp guidelines for pet owners,Closed,2025-06-12 10:35:00.000000000
20762233,INDIAN_OPENCITY_BBMP,Street/Public Electrical Infrastructure,Street Light Not Working,Street Light Not Working in Byrasandra Required new street light fitting. Survey under process.,Closed,2025-06-12 10:34:00.000000000
20762232,INDIAN_OPENCITY_BBMP,General Consumer Services,Maintenance of SWD,Maintenance of SWD in Kadugondanahalli Field inspection assigned to AE officer.,Registered,2025-06-12 10:34:00.000000000
20762230,INDIAN_OPENCITY_BBMP,General Consumer Services,Sweeping not done,Sweeping not done in Byatarayanapura Clear,Closed,2025-06-12 10:34:00.000000000
20762225,INDIAN_OPENCITY_BBMP,General Consumer Services,obstructions Branches / Trees.,obstructions Branches / Trees. in Kavalbyrasandra plz upload photos,Closed,2025-06-12 10:31:00.000000000
20762224,INDIAN_OPENCITY_BBMP,General Consumer Services,Potholes,Potholes in Hongasandra Work in progress,Closed,2025-06-12 10:30:00.000000000
20762223,INDIAN_OPENCITY_BBMP,General Consumer Services,Removal of dead/fallen trees,Removal of dead/fallen trees in Sri Nagar Resolved,Closed,2025-06-12 10:29:00.000000000
20762222,INDIAN_OPENCITY_BBMP,Street/Public Electrical Infrastructure,Requirement For New Street Lights,Requirement For New Street Lights in Sanjay Nagar New light fitting has to be fix to this pole has CCMS project is under progress we have taken your request we will fix new LED light once tender works starts as per priority,Closed,2025-06-12 10:28:00.000000000
20762219,INDIAN_OPENCITY_BBMP,Street/Public Electrical Infrastructure,Street Light Not Working,Street Light Not Working in Ulsoor Forwarded Task,Registered,2025-06-12 10:27:00.000000000
20762218,INDIAN_OPENCITY_BBMP,General Consumer Services,Road Infrastructure,Road Infrastructure in Shanthi Nagar Forwarded Task,Registered,2025-06-12 10:27:00.000000000
20762216,INDIAN_OPENCITY_BBMP,General Consumer Services,Increase in mosquito density,Increase in mosquito density in Kammanahalli Spraying done,Closed,2025-06-12 10:27:00.000000000
20762212,INDIAN_OPENCITY_BBMP,General Consumer Services,Garbage vehicle not arrived,Garbage vehicle not arrived in Marathalli Wet waste vehicle will be daily Dry waste vehicle will come weekly twice,Closed,2025-06-12 10:24:00.000000000
20762209,INDIAN_OPENCITY_BBMP,General Consumer Services,Removal of dead/fallen trees,Removal of dead/fallen trees in Ganga Nagar Field inspection assigned to DYRFO officer.,Registered,2025-06-12 10:23:00.000000000
20762207,INDIAN_OPENCITY_BBMP,General Consumer Services,Others,Others in Bellandur Forwarded Task,Registered,2025-06-12 10:22:00.000000000
20762204,INDIAN_OPENCITY_BBMP,General Consumer Services,Potholes,Potholes in Dodda Bidarkallu Its belongs To Bwssb,Non Relevant,2025-06-12 10:22:00.000000000
20762203,INDIAN_OPENCITY_BBMP,General Consumer Services,Animal Death Need cremartion support,Animal Death Need cremartion support in Kacharakanahalli For Cremation contact : [PHONE],Closed,2025-06-12 10:22:00.000000000
20762202,INDIAN_OPENCITY_BBMP,General Consumer Services,Removal of dead/fallen trees,"Removal of dead/fallen trees in Marappana Palya Please contact Area Supervisor, Naga-[PHONE]",Closed,2025-06-12 10:20:00.000000000
20762198,INDIAN_OPENCITY_BBMP,General Consumer Services,Dead animal(s),Dead animal(s) in Malleshwaram Dead Rat Cleared Sir,Closed,2025-06-12 10:17:00.000000000
20762194,INDIAN_OPENCITY_BBMP,General Consumer Services,water stagnation,water stagnation in H.M.T Belongs to major road,Non Relevant,2025-06-12 10:15:00.000000000
20762192,INDIAN_OPENCITY_BBMP,General Consumer Services,Road Infrastructure,Road Infrastructure in Neelasandra Forwarded Task,Registered,2025-06-12 10:14:00.000000000
20762191,INDIAN_OPENCITY_BBMP,General Consumer Services,Stray/Rabid dog bite,Stray/Rabid dog bite in Anjanapur Field inspection assigned to VI officer.,Registered,2025-06-12 10:13:00.000000000
20762189,INDIAN_OPENCITY_BBMP,General Consumer Services,Debris Removal / Construction Material,Debris Removal / Construction Material in Vishwanathnagenahalli Not solved the issue or contacted me but the complaint is been closed,ReOpen,2025-06-12 10:12:00.000000000
20762188,INDIAN_OPENCITY_BBMP,General Consumer Services,Potholes,Potholes in Singasandra Field inspection assigned to Customer Support Representative officer.,Non Relevant,2025-06-12 10:10:00.000000000
20762184,INDIAN_OPENCITY_BBMP,General Consumer Services,Road side drains,Road side drains in Someshwara Field inspection assigned to Customer Support Representative officer.,Non Relevant,2025-06-12 10:09:00.000000000
20762173,INDIAN_OPENCITY_BBMP,General Consumer Services,Complaint against SW collector/ SWM official for violation of SWM Rules,Complaint against SW collector/ SWM official for violation of SWM Rules in Ullalu Resolved,Closed,2025-06-12 10:04:00.000000000
20762170,INDIAN_OPENCITY_BBMP,General Consumer Services,Garbage vehicle not arrived,Garbage vehicle not arrived in Madiwala Cleared,Closed,2025-06-12 09:58:00.000000000
20762168,INDIAN_OPENCITY_BBMP,General Consumer Services,Road cutting,Road cutting in Shettyhalli Field inspection assigned to AE officer.,Registered,2025-06-12 09:57:00.000000000
20762163,INDIAN_OPENCITY_BBMP,General Consumer Services,Complaint against SW collector/ SWM official for violation of SWM Rules,Complaint against SW collector/ SWM official for violation of SWM Rules in Basavanapura Already inform Karthi gowda so pls contact,Closed,2025-06-12 09:54:00.000000000
20762161,INDIAN_OPENCITY_BBMP,General Consumer Services,Garbage dumping in vacant sites,Garbage dumping in vacant sites in Ullalu Gramapanchayati,Closed,2025-06-12 09:54:00.000000000
20762160,INDIAN_OPENCITY_BBMP,General Consumer Services,Fatally injured - Needs immediate attention,Fatally injured - Needs immediate attention in Arakere Field inspection assigned to VI officer.,Registered,2025-06-12 09:53:00.000000000
20762158,INDIAN_OPENCITY_BBMP,General Consumer Services,Garbage vehicle not arrived,Garbage vehicle not arrived in Basavanapura This not bbmp,Closed,2025-06-12 09:52:00.000000000
20762157,INDIAN_OPENCITY_BBMP,General Consumer Services,Burning of Garbage in Open Space,Burning of Garbage in Open Space in Jnanabharathi Ward Clear,Closed,2025-06-12 09:51:00.000000000
20762156,INDIAN_OPENCITY_BBMP,General Consumer Services,Dead animal(s),Dead animal(s) in Bellandur Attended,Closed,2025-06-12 09:50:00.000000000
20762150,INDIAN_OPENCITY_BBMP,General Consumer Services,Others,Others in Aramane Nagar Forwarded Task to Major Roads,Registered,2025-06-12 09:47:00.000000000
20762147,INDIAN_OPENCITY_BBMP,General Consumer Services,Sweeping not done,Sweeping not done in J.P.Park Resolved,Closed,2025-06-12 09:46:00.000000000
20762145,INDIAN_OPENCITY_BBMP,General Consumer Services,Potholes,Potholes in Sagayapuram Cleared,Closed,2025-06-12 09:43:00.000000000
20762141,INDIAN_OPENCITY_BBMP,General Consumer Services,Construction not done as per approved plan (Building Bye Law Violations),Construction not done as per approved plan (Building Bye Law Violations) in Doddabommasandra Kindly provide us PRJ or Khata No we are not able to trace the details,Closed,2025-06-12 09:38:00.000000000
20762136,INDIAN_OPENCITY_BBMP,General Consumer Services,obstructions Branches / Trees.,obstructions Branches / Trees. in Visvesvarapuram Resolved,Closed,2025-06-12 09:30:00.000000000
20762135,INDIAN_OPENCITY_BBMP,General Consumer Services,Animal birth control/neutering of stray dogs,Animal birth control/neutering of stray dogs in Vignana Nagar Complaint attended,Closed,2025-06-12 09:30:00.000000000
20762134,INDIAN_OPENCITY_BBMP,General Consumer Services,Debris Removal / Construction Material,Debris Removal / Construction Material in BTM Layout Attended,Closed,2025-06-12 09:29:00.000000000
20762131,INDIAN_OPENCITY_BBMP,Street/Public Electrical Infrastructure,Street Light Not Working,Street Light Not Working in Visvesvarapuram required new street light fittings. survey under progress. thank you,Closed,2025-06-12 09:25:00.000000000
20762125,INDIAN_OPENCITY_BBMP,General Consumer Services,Other Khata / ekhata issues,Other Khata / ekhata issues in Koramangala Please contact concern ward accountnat,Closed,2025-06-12 09:22:00.000000000
20762124,INDIAN_OPENCITY_BBMP,General Consumer Services,Other Khata / ekhata issues,Other Khata / ekhata issues in Koramangala Please contact concern ward accountant,Closed,2025-06-12 09:22:00.000000000
20762121,INDIAN_OPENCITY_BBMP,General Consumer Services,Anti Rabies Vaccination of stray dogs,Anti Rabies Vaccination of stray dogs in Jeevanbhima Nagar ARV drive is being conducted every year in all the wards of Bbmp on rotation basis.Even this respective ward will have vaccination drive on its turn.,Closed,2025-06-12 09:21:00.000000000
20762115,INDIAN_OPENCITY_BBMP,General Consumer Services,Others,Others in Sri Nagar Field inspection assigned to Customer Support Representative officer.,Registered,2025-06-12 09:16:00.000000000
20762111,INDIAN_OPENCITY_BBMP,General Consumer Services,Garbage vehicle not arrived,Garbage vehicle not arrived in Padmanabha Nagar Close,Closed,2025-06-12 09:15:00.000000000
20762108,INDIAN_OPENCITY_BBMP,General Consumer Services,Dead animal(s),Dead animal(s) in K.R.Puram Attend,Closed,2025-06-12 09:13:00.000000000
20762101,INDIAN_OPENCITY_BBMP,General Consumer Services,Removal of dead/fallen trees,Removal of dead/fallen trees in Benniganahalli 73488 25779,Closed,2025-06-12 09:06:00.000000000
20762094,INDIAN_OPENCITY_BBMP,General Consumer Services,Potholes,Potholes in Bellandur Spot inspection done necessary action will be taken at the earliest,Closed,2025-06-12 09:02:00.000000000
20762092,INDIAN_OPENCITY_BBMP,General Consumer Services,Garbage vehicle not arrived,Garbage vehicle not arrived in Dodda Bidarkallu Garbage vehicle arrived,Closed,2025-06-12 09:00:00.000000000
20762091,INDIAN_OPENCITY_BBMP,General Consumer Services,Removal of dead/fallen trees,Removal of dead/fallen trees in Jayangar Resolved,Closed,2025-06-12 09:00:00.000000000
20762086,INDIAN_OPENCITY_BBMP,General Consumer Services,Removal of dead/fallen trees,Removal of dead/fallen trees in BTM Layout Resolved,Closed,2025-06-12 08:57:00.000000000
20762081,INDIAN_OPENCITY_BBMP,General Consumer Services,Garbage vehicle not arrived,Garbage vehicle not arrived in Gurappanapalya Door to door done...,Closed,2025-06-12 08:50:00.000000000
20762079,INDIAN_OPENCITY_BBMP,General Consumer Services,Potholes,Potholes in Uttarahalli Kindly read the below attached file,Closed,2025-06-12 08:48:00.000000000
20762078,INDIAN_OPENCITY_BBMP,Street/Public Electrical Infrastructure,Street Light Not Working,Street Light Not Working in Rajamahal Close,Closed,2025-06-12 08:47:00.000000000
20762075,INDIAN_OPENCITY_BBMP,General Consumer Services,obstructions Branches / Trees.,obstructions Branches / Trees. in Konanakunte Please submit application to Forest Department,Closed,2025-06-12 08:45:00.000000000
20762074,INDIAN_OPENCITY_BBMP,General Consumer Services,Garbage vehicle not arrived,Garbage vehicle not arrived in Pulikeshi Nagar Clear sir,Closed,2025-06-12 08:44:00.000000000
20762072,INDIAN_OPENCITY_BBMP,General Consumer Services,Sweeping not done,Sweeping not done in Shakambari Nagar Clearee,Closed,2025-06-12 08:44:00.000000000
20762071,INDIAN_OPENCITY_BBMP,General Consumer Services,Others,Others in Byrasandra Field inspection assigned to Customer Support Representative officer.,Registered,2025-06-12 08:43:00.000000000
20762068,INDIAN_OPENCITY_BBMP,General Consumer Services,Garbage vehicle not arrived,Garbage vehicle not arrived in Jayangar Cleaned,Closed,2025-06-12 08:40:00.000000000
20762066,INDIAN_OPENCITY_BBMP,Street/Public Electrical Infrastructure,Street Light Not Working,Street Light Not Working in Giri Nagar Belong to RR nagar zone.,Closed,2025-06-12 08:38:00.000000000
20762061,INDIAN_OPENCITY_BBMP,General Consumer Services,Fatally injured - Needs immediate attention,Fatally injured - Needs immediate attention in Chamrajpet We give. Complainter 1962. Emergency. Animal ambulances,Closed,2025-06-12 08:35:00.000000000
20762060,INDIAN_OPENCITY_BBMP,General Consumer Services,Garbage vehicle not arrived,Garbage vehicle not arrived in Singasandra Attended complaint and cleared sir,Closed,2025-06-12 08:35:00.000000000
20762059,INDIAN_OPENCITY_BBMP,General Consumer Services,Stray cattle related complaints,Stray cattle related complaints in Arakere Field inspection assigned to VI officer.,Registered,2025-06-12 08:34:00.000000000
20762049,INDIAN_OPENCITY_BBMP,General Consumer Services,Garbage vehicle not arrived,Garbage vehicle not arrived in Nandini Layout Clear,Closed,2025-06-12 08:26:00.000000000
20762046,INDIAN_OPENCITY_BBMP,General Consumer Services,Removal of dead/fallen trees,Removal of dead/fallen trees in Hampi Nagar Resolved,Closed,2025-06-12 08:23:00.000000000
20762036,INDIAN_OPENCITY_BBMP,General Consumer Services,Sweeping not done,Sweeping not done in Jeevanbhima Nagar Caller,Closed,2025-06-12 08:17:00.000000000
20762033,INDIAN_OPENCITY_BBMP,Street/Public Electrical Infrastructure,Street Light Not Working,Street Light Not Working in Dr.Rajkumar Ward Complaint attended,Closed,2025-06-12 08:14:00.000000000
20762031,INDIAN_OPENCITY_BBMP,General Consumer Services,footpath encroachment,footpath encroachment in K.R.Puram Pertains to ward,Registered,2025-06-12 08:11:00.000000000
20762029,INDIAN_OPENCITY_BBMP,General Consumer Services,Garbage vehicle not arrived,Garbage vehicle not arrived in Herohalli Garbage vehicle has been sent to door collection sir,Closed,2025-06-12 08:10:00.000000000
20762028,INDIAN_OPENCITY_BBMP,General Consumer Services,Stray dog related complaints,Stray dog related complaints in J.P.Park Animal birth control and vaccination of stray dogs scheduled,Closed,2025-06-12 08:10:00.000000000
20762027,INDIAN_OPENCITY_BBMP,General Consumer Services,Garbage dump,Garbage dump in Bellandur This is litigation land,Closed,2025-06-12 08:09:00.000000000
20762024,INDIAN_OPENCITY_BBMP,General Consumer Services,Debris Removal / Construction Material,Debris Removal / Construction Material in Hebbal Issue not resolved still. Everything is as it was from months,ReOpen,2025-06-12 08:04:00.000000000
20762023,INDIAN_OPENCITY_BBMP,General Consumer Services,Garbage dump,Garbage dump in Thanisandra Spot got cleared,Closed,2025-06-12 08:04:00.000000000
20762021,INDIAN_OPENCITY_BBMP,General Consumer Services,Others,Others in Dodda Bidarkallu Field inspection assigned to Customer Support Representative officer.,Registered,2025-06-12 08:03:00.000000000
20762017,INDIAN_OPENCITY_BBMP,General Consumer Services,Issues Related to Parks/Medians/Circles/Island.,"Issues Related to Parks/Medians/Circles/Island. in Jeevanbhima Nagar This Grievance is Comes Under EE Project, East Zone.",Non Relevant,2025-06-12 08:01:00.000000000
20762015,INDIAN_OPENCITY_BBMP,General Consumer Services,Removal of dead/fallen trees,"Removal of dead/fallen trees in Nagarabhavi Please contact Area Supervisor, Ganesh-[PHONE]",Closed,2025-06-12 08:00:00.000000000
20762013,INDIAN_OPENCITY_BBMP,General Consumer Services,Garbage dump,Garbage dump in Hoysala Nagar Garbage cleared madam. Thank you,Closed,2025-06-12 07:57:00.000000000
20762012,INDIAN_OPENCITY_BBMP,Street/Public Electrical Infrastructure,Street Lights Switched On During Day Time,Street Lights Switched On During Day Time in Konena Agrahara Resolved,Closed,2025-06-12 07:55:00.000000000
20762007,INDIAN_OPENCITY_BBMP,General Consumer Services,Garbage vehicle not arrived,Garbage vehicle not arrived in Shankaramata Clear,Closed,2025-06-12 07:42:00.000000000
20762006,INDIAN_OPENCITY_BBMP,General Consumer Services,obstructions Branches / Trees.,obstructions Branches / Trees. in Vasanthapura Resolved,Closed,2025-06-12 07:41:00.000000000
20762001,INDIAN_OPENCITY_BBMP,General Consumer Services,Garbage dump,Garbage dump in Sarvagna Nagar Complaints cleared Sir,Closed,2025-06-12 07:35:00.000000000
20761996,INDIAN_OPENCITY_BBMP,General Consumer Services,Garbage vehicle not arrived,Garbage vehicle not arrived in Basavanapura Close,Closed,2025-06-12 07:21:00.000000000
20761994,INDIAN_OPENCITY_BBMP,Street/Public Electrical Infrastructure,Street Light Not Working,Street Light Not Working in Jakkur Not picking the call,Closed,2025-06-12 07:02:00.000000000
20761992,INDIAN_OPENCITY_BBMP,General Consumer Services,Stray dog related complaints,Stray dog related complaints in Kengeri Dog's cought for animals birth control operation and vaccination,Closed,2025-06-12 06:59:00.000000000
20761991,INDIAN_OPENCITY_BBMP,General Consumer Services,Lake not maintained properly,Lake not maintained properly in Begur Field inspection assigned to AE officer.,Registered,2025-06-12 06:57:00.000000000
20761984,INDIAN_OPENCITY_BBMP,General Consumer Services,Potholes,Potholes in Rajarajeshwari Nagar We will rectify it,Closed,2025-06-12 06:44:00.000000000
20761983,INDIAN_OPENCITY_BBMP,General Consumer Services,Debris Removal / Construction Material,Debris Removal / Construction Material in Mangammanapalya Forwarded Task,Registered,2025-06-12 06:44:00.000000000
20761980,INDIAN_OPENCITY_BBMP,General Consumer Services,Gym/Children Play equipment in the parks,Gym/Children Play equipment in the parks in Kumaraswamy Layout resolved complaint,Closed,2025-06-12 06:35:00.000000000
20761978,INDIAN_OPENCITY_BBMP,General Consumer Services,UnAuthorised Building Constructions,UnAuthorised Building Constructions in Moodalapalya Field inspection assigned to ADTP officer.,Registered,2025-06-12 06:23:00.000000000
20761976,INDIAN_OPENCITY_BBMP,General Consumer Services,Burning of Garbage in Open Space,Burning of Garbage in Open Space in K.R.Market Close,Closed,2025-06-12 06:11:00.000000000
20761974,INDIAN_OPENCITY_BBMP,General Consumer Services,Road Infrastructure,Road Infrastructure in Jakkur Field inspection assigned to AE officer.,Registered,2025-06-12 05:29:00.000000000
20761972,INDIAN_OPENCITY_BBMP,Street/Public Electrical Infrastructure,Street Light Not Working,Street Light Not Working in Lakkasandra Attended,Closed,2025-06-12 05:03:00.000000000
20761967,INDIAN_OPENCITY_BBMP,General Consumer Services,Garbage dumping in vacant sites,"Garbage dumping in vacant sites in Singasandra It doesn't belong to bbmp limits, comes under rayasandra panchayati limit.",Closed,2025-06-12 01:13:00.000000000
20761964,INDIAN_OPENCITY_BBMP,General Consumer Services,Air/Noise pollution,Air/Noise pollution in Kacharakanahalli Non relvent,Non Relevant,2025-06-12 12:42:00.000000000
20761963,INDIAN_OPENCITY_BBMP,General Consumer Services,Potholes,Potholes in Jnanabharathi Ward FFF,Closed,2025-06-12 12:33:00.000000000
20761962,INDIAN_OPENCITY_BBMP,General Consumer Services,Garbage dump,Garbage dump in Chalavadipalya Clear complaint,Closed,2025-06-12 12:29:00.000000000
20761958,INDIAN_OPENCITY_BBMP,General Consumer Services,footpath encroachment,footpath encroachment in Rajarajeshwari Nagar Close,Closed,2025-06-12 12:22:00.000000000
20761954,INDIAN_OPENCITY_BBMP,General Consumer Services,Garbage dumping in vacant sites,Garbage dumping in vacant sites in Garudacharpalya Clear,Closed,2025-06-11 11:52:00.000000000
20761951,INDIAN_OPENCITY_BBMP,General Consumer Services,Road side drains,"Road side drains in Shanthi Nagar Drain desilting started at the back gate of BTS depot road, Church road",Closed,2025-06-11 11:41:00.000000000
20761949,INDIAN_OPENCITY_BBMP,General Consumer Services,Potholes,Potholes in Shanthi Nagar Field inspection assigned to AE officer.,Registered,2025-06-11 11:37:00.000000000
20761948,INDIAN_OPENCITY_BBMP,General Consumer Services,water stagnation,water stagnation in Basavanapura Field inspection assigned to AE officer.,Registered,2025-06-11 11:37:00.000000000
20761947,INDIAN_OPENCITY_BBMP,General Consumer Services,Garbage dump,Garbage dump in Puttenahalli Site is being cleared,Closed,2025-06-11 11:32:00.000000000
20761943,INDIAN_OPENCITY_BBMP,General Consumer Services,Garbage dump,"Garbage dump in Rajagopala Nagar This is not our zone Complaint this is from shivaji nagar , bharathi nagar please transfer for right place Thank you",Closed,2025-06-11 11:16:00.000000000
20761942,INDIAN_OPENCITY_BBMP,General Consumer Services,Garbage dump,Garbage dump in Yeshwanthpur Complaint cleared,Closed,2025-06-11 11:09:00.000000000
20761941,INDIAN_OPENCITY_BBMP,Street/Public Electrical Infrastructure,Street Light Not Working,Street Light Not Working in Lingarajapuram Cleared,Closed,2025-06-11 11:07:00.000000000
20761940,INDIAN_OPENCITY_BBMP,Street/Public Electrical Infrastructure,Street Light Not Working,Street Light Not Working in Katriguppe still not take action,ReOpen,2025-06-11 11:06:00.000000000
20761929,INDIAN_OPENCITY_BBMP,Street/Public Electrical Infrastructure,Street Light Not Working,Street Light Not Working in Gandhi Nagar Complaint Attended,Closed,2025-06-11 10:48:00.000000000
20761928,INDIAN_OPENCITY_BBMP,Street/Public Electrical Infrastructure,Street Light Not Working,Street Light Not Working in Konanakunte Attteded,Closed,2025-06-11 10:41:00.000000000
20761925,INDIAN_OPENCITY_BBMP,General Consumer Services,Road side drains,Road side drains in BTM Layout Attended,Closed,2025-06-11 10:38:00.000000000
20761924,INDIAN_OPENCITY_BBMP,General Consumer Services,Animal Rescue - Not well - Requires attention,Animal Rescue - Not well - Requires attention in Horamavu Complaint at5ended,Closed,2025-06-11 10:36:00.000000000
20761923,INDIAN_OPENCITY_BBMP,Street/Public Electrical Infrastructure,Street Light Not Working,Street Light Not Working in Hoysala Nagar Issue not yet solved,ReOpen,2025-06-11 10:31:00.000000000
20761922,INDIAN_OPENCITY_BBMP,General Consumer Services,Garbage dump,Garbage dump in Bapuji Nagar Closed,Closed,2025-06-11 10:31:00.000000000
20761921,INDIAN_OPENCITY_BBMP,General Consumer Services,Removal of dead/fallen trees,Removal of dead/fallen trees in Thanisandra Field inspection assigned to DYRFO officer.,Registered,2025-06-11 10:30:00.000000000
20761919,INDIAN_OPENCITY_BBMP,General Consumer Services,Increase in mosquito density,Increase in mosquito density in Jogupalya Field inspection assigned to SHI officer.,Registered,2025-06-11 10:26:00.000000000
20761918,INDIAN_OPENCITY_BBMP,General Consumer Services,Animal Rescue - Not well - Requires attention,Animal Rescue - Not well - Requires attention in Kempegowda Ward Spoken with the concern person.,Closed,2025-06-11 10:26:00.000000000
20761915,INDIAN_OPENCITY_BBMP,General Consumer Services,Garbage vehicle not arrived,Garbage vehicle not arrived in Bapuji Nagar Arrived sir,Closed,2025-06-11 10:24:00.000000000
20761890,INDIAN_OPENCITY_BBMP,General Consumer Services,Road Infrastructure,Road Infrastructure in Hanumantha Nagar Field inspection assigned to AE officer.,Registered,2025-06-11 09:50:00.000000000
20761889,INDIAN_OPENCITY_BBMP,General Consumer Services,Mutton/Chicken/fish stall Unhygienic maintenance,Mutton/Chicken/fish stall Unhygienic maintenance in Bilekahalli Field inspection assigned to VI officer.,Registered,2025-06-11 09:50:00.000000000
20761886,INDIAN_OPENCITY_BBMP,General Consumer Services,Anti Rabies Vaccination of stray dogs,Anti Rabies Vaccination of stray dogs in HAL Airport We are doing antirabies vaccine ward by ward when we attend your ward we will do,Closed,2025-06-11 09:44:00.000000000
20761885,INDIAN_OPENCITY_BBMP,General Consumer Services,water stagnation,water stagnation in Vignana Nagar Field inspection assigned to JE officer.,Registered,2025-06-11 09:44:00.000000000
20761880,INDIAN_OPENCITY_BBMP,General Consumer Services,Road cutting,Road cutting in Marathalli Pls complaint to BWSSB department,Closed,2025-06-11 09:37:00.000000000
20761872,INDIAN_OPENCITY_BBMP,General Consumer Services,Garbage dump,Garbage dump in Jeevanbhima Nagar Good morning sir the complaint u have posted is daily clearing sir we will monitor that place sir thank you,Closed,2025-06-11 09:21:00.000000000
20761871,INDIAN_OPENCITY_BBMP,Street/Public Electrical Infrastructure,Street Light Not Working,Street Light Not Working in Laggere Resolved,Closed,2025-06-11 09:18:00.000000000
20761870,INDIAN_OPENCITY_BBMP,General Consumer Services,Road Infrastructure,Road Infrastructure in Herohalli Field inspection assigned to AE officer.,Registered,2025-06-11 09:17:00.000000000
20761869,INDIAN_OPENCITY_BBMP,General Consumer Services,Garbage dump,Garbage dump in Aramane Nagar All clear,Closed,2025-06-11 09:17:00.000000000
20761868,INDIAN_OPENCITY_BBMP,General Consumer Services,Garbage dumping in vacant sites,Garbage dumping in vacant sites in Thanisandra Clear,Closed,2025-06-11 09:17:00.000000000
20761864,INDIAN_OPENCITY_BBMP,General Consumer Services,Garbage dump,Garbage dump in Gurappanapalya Clear....,Closed,2025-06-11 09:10:00.000000000
20761862,INDIAN_OPENCITY_BBMP,General Consumer Services,water leakage on road,water leakage on road in Ramamurthy Nagar Forwarded Task,Registered,2025-06-11 09:08:00.000000000
20761857,INDIAN_OPENCITY_BBMP,General Consumer Services,water stagnation,water stagnation in Adugodi Field inspection assigned to Customer Support Representative officer.,Non Relevant,2025-06-11 09:01:00.000000000
20761853,INDIAN_OPENCITY_BBMP,General Consumer Services,Stray dog related complaints,Stray dog related complaints in Kempegowda Ward Spoken with the concern person,Closed,2025-06-11 08:56:00.000000000
20761851,INDIAN_OPENCITY_BBMP,General Consumer Services,Potholes,Potholes in Kuvempu Nagar Field inspection assigned to AE officer.,Registered,2025-06-11 08:53:00.000000000
20761849,INDIAN_OPENCITY_BBMP,General Consumer Services,Garbage dump,Garbage dump in Vasanthapura Close,Closed,2025-06-11 08:51:00.000000000
20761843,INDIAN_OPENCITY_BBMP,Street/Public Electrical Infrastructure,Street Light Not Working,Street Light Not Working in Padmanabha Nagar require new street light fitting . survey under progress. we will install new light new month. thank you,Closed,2025-06-11 08:46:00.000000000
20761841,INDIAN_OPENCITY_BBMP,General Consumer Services,Animal Rescue - Not well - Requires attention,Animal Rescue - Not well - Requires attention in Jogupalya Field inspection assigned to VI officer.,In Progress,2025-06-11 08:39:00.000000000
20761840,INDIAN_OPENCITY_BBMP,Street/Public Electrical Infrastructure,Street Light Not Working,Street Light Not Working in Sri Rammandira Complaint Attended,Closed,2025-06-11 08:35:00.000000000
20761838,INDIAN_OPENCITY_BBMP,General Consumer Services,Others,Others in Ramamurthy Nagar Field inspection assigned to Customer Support Representative officer.,Registered,2025-06-11 08:31:00.000000000
20761837,INDIAN_OPENCITY_BBMP,General Consumer Services,Debris Removal / Construction Material,Debris Removal / Construction Material in BTM Layout Drain work is in progress,Closed,2025-06-11 08:30:00.000000000
20761836,INDIAN_OPENCITY_BBMP,General Consumer Services,Spraying,Spraying in Rajamahal Clear,Closed,2025-06-11 08:28:00.000000000
20761828,INDIAN_OPENCITY_BBMP,General Consumer Services,Spraying,Spraying in Shanthala Nagar Attended,Closed,2025-06-11 08:17:00.000000000
20761822,INDIAN_OPENCITY_BBMP,General Consumer Services,footpath encroachment,footpath encroachment in Jaraganahalli Field inspection assigned to AE officer.,Registered,2025-06-11 08:11:00.000000000
20761820,INDIAN_OPENCITY_BBMP,General Consumer Services,Maintenance of SWD,Maintenance of SWD in Vignana Nagar Field inspection assigned to AE officer.,Registered,2025-06-11 08:10:00.000000000
20761818,INDIAN_OPENCITY_BBMP,General Consumer Services,Garbage vehicle not arrived,Garbage vehicle not arrived in Chokkasandra Attended,Closed,2025-06-11 08:10:00.000000000
20761814,INDIAN_OPENCITY_BBMP,General Consumer Services,Road side drains,Road side drains in Kavalbyrasandra Field inspection assigned to AE officer.,Registered,2025-06-11 08:06:00.000000000
20761813,INDIAN_OPENCITY_BBMP,Street/Public Electrical Infrastructure,Street Light Not Working,Street Light Not Working in J.P.Park Resolved,Closed,2025-06-11 08:05:00.000000000
20761808,INDIAN_OPENCITY_BBMP,Street/Public Electrical Infrastructure,Street Light Not Working,Street Light Not Working in Kavalbyrasandra Not working,ReOpen,2025-06-11 07:54:00.000000000
20761801,INDIAN_OPENCITY_BBMP,General Consumer Services,water stagnation,water stagnation in Jogupalya Field inspection assigned to AE officer.,Registered,2025-06-11 07:51:00.000000000
20761798,INDIAN_OPENCITY_BBMP,Street/Public Electrical Infrastructure,Street Light Not Working,Street Light Not Working in Thanisandra ResolvedResolved,Closed,2025-06-11 07:49:00.000000000
20761785,INDIAN_OPENCITY_BBMP,General Consumer Services,Others,Others in Hebbal Field inspection assigned to Customer Support Representative officer.,Registered,2025-06-11 07:37:00.000000000
20761782,INDIAN_OPENCITY_BBMP,General Consumer Services,Road side drains,Road side drains in Hebbal Not drainage work done,ReOpen,2025-06-11 07:35:00.000000000
20761781,INDIAN_OPENCITY_BBMP,General Consumer Services,Air/Noise pollution,Air/Noise pollution in Azad Nagar Court stay order is there about this trade. Complaint is under progress,Closed,2025-06-11 07:34:00.000000000
20761780,INDIAN_OPENCITY_BBMP,General Consumer Services,Potholes,Potholes in Binnipet Field inspection assigned to AE officer.,Registered,2025-06-11 07:34:00.000000000
20761778,INDIAN_OPENCITY_BBMP,Street/Public Electrical Infrastructure,Requirement For New Street Lights,Requirement For New Street Lights in K.R.Puram This is not a street light complaint,Closed,2025-06-11 07:33:00.000000000
20761774,INDIAN_OPENCITY_BBMP,General Consumer Services,"Khata Services (Registration, Transfer, Bifurcation and Amalgamation)","Khata Services (Registration, Transfer, Bifurcation and Amalgamation) in Gali Anjaneya Swamy Temple Ward Respected Sir, as per U R complaint instruction was given Sri.Shadakshari SDA Mob: [PHONE] to submit the file",Closed,2025-06-11 07:31:00.000000000
20761773,INDIAN_OPENCITY_BBMP,Street/Public Electrical Infrastructure,Street Light Not Working,Street Light Not Working in Yelahanka old Satellite Town This is Budgetary work. New fitting will be provided on priority as and when available,Closed,2025-06-11 07:29:00.000000000
20761771,INDIAN_OPENCITY_BBMP,Street/Public Electrical Infrastructure,Requirement For New Street Lights,Requirement For New Street Lights in Hebbal Reopen,ReOpen,2025-06-11 07:29:00.000000000
20761761,INDIAN_OPENCITY_BBMP,General Consumer Services,Animal Cruelty/Relocated,Animal Cruelty/Relocated in Dayananda Nagar Attended,Closed,2025-06-11 07:19:00.000000000
20761760,INDIAN_OPENCITY_BBMP,Street/Public Electrical Infrastructure,Street Light Not Working,Street Light Not Working in Hemmigepura Complaint belongs to BDA pls contct mr Narendra bda engineer,Closed,2025-06-11 07:19:00.000000000
20761755,INDIAN_OPENCITY_BBMP,General Consumer Services,Sweeping not done,Sweeping not done in Subramanya Nagar Cleared,Closed,2025-06-11 07:10:00.000000000
20761752,INDIAN_OPENCITY_BBMP,General Consumer Services,Increase in mosquito density,Increase in mosquito density in Jnanabharathi Ward Field inspection assigned to SHI officer.,Registered,2025-06-11 07:05:00.000000000
20761749,INDIAN_OPENCITY_BBMP,General Consumer Services,Stray dog related complaints,Stray dog related complaints in Uttarahalli We can't relocate the dog as per BBMP 2024 rules.,Closed,2025-06-11 07:03:00.000000000
20761746,INDIAN_OPENCITY_BBMP,Street/Public Electrical Infrastructure,Requirement For New Street Lights,Requirement For New Street Lights in Jayangar Attended,Closed,2025-06-11 07:00:00.000000000
20761743,INDIAN_OPENCITY_BBMP,Street/Public Electrical Infrastructure,Requirement For New Street Lights,Requirement For New Street Lights in Bellandur Long term solution,Long Term Solution,2025-06-11 06:58:00.000000000
20761741,INDIAN_OPENCITY_BBMP,General Consumer Services,Potholes,Potholes in Ullalu Major road,Non Relevant,2025-06-11 06:55:00.000000000
20761734,INDIAN_OPENCITY_BBMP,General Consumer Services,Road side drains,Road side drains in Jeevanbhima Nagar Bwssb,Non Relevant,2025-06-11 06:50:00.000000000
20761730,INDIAN_OPENCITY_BBMP,General Consumer Services,Unhygienic premises in Hotel etc,Unhygienic premises in Hotel etc in Hombegowda Nagar Complaint pertains to MOH,Registered,2025-06-11 06:44:00.000000000
20761729,INDIAN_OPENCITY_BBMP,General Consumer Services,Garbage dump,Garbage dump in H.M.T This complaint is not under no 38 HMT. This is under KR Puram,Closed,2025-06-11 06:42:00.000000000
20761728,INDIAN_OPENCITY_BBMP,General Consumer Services,Potholes,Potholes in K.R.Puram Field inspection assigned to AE officer.,Registered,2025-06-11 06:41:00.000000000
20761727,INDIAN_OPENCITY_BBMP,General Consumer Services,Garbage dumping in vacant sites,Garbage dumping in vacant sites in Jnanabharathi Ward Clear,Closed,2025-06-11 06:39:00.000000000
20761726,INDIAN_OPENCITY_BBMP,General Consumer Services,Road Infrastructure,Road Infrastructure in Kuvempu Nagar Forwarded Task,Registered,2025-06-11 06:35:00.000000000
20761724,INDIAN_OPENCITY_BBMP,General Consumer Services,Road Infrastructure,Road Infrastructure in Bellandur Ibbalur junction pot hole has been filled,Closed,2025-06-11 06:31:00.000000000
20761723,INDIAN_OPENCITY_BBMP,General Consumer Services,Animal Rescue - Not well - Requires attention,"Animal Rescue - Not well - Requires attention in Hombegowda Nagar Please contact Dr.D.N Srinath, ADAH, Mobile no:[PHONE]",Closed,2025-06-11 06:31:00.000000000
20761721,INDIAN_OPENCITY_BBMP,General Consumer Services,Garbage vehicle not arrived,Garbage vehicle not arrived in Vannarpet Complaint clear,Closed,2025-06-11 06:28:00.000000000
20761719,INDIAN_OPENCITY_BBMP,Pole / Wire / Electrical Hazard,Earthing Issue relate to Electric Poles/Panel Boards,Earthing Issue relate to Electric Poles/Panel Boards in Gurappanapalya Attended,Closed,2025-06-11 06:27:00.000000000
20761716,INDIAN_OPENCITY_BBMP,General Consumer Services,Issues Related to Parks/Medians/Circles/Island.,Issues Related to Parks/Medians/Circles/Island. in Jayanagar East Park will be open at 5.00 AM to 10.00 PM Resolved complaint,Closed,2025-06-11 06:25:00.000000000
20761713,INDIAN_OPENCITY_BBMP,General Consumer Services,Construction not done as per approved plan (Building Bye Law Violations),Construction not done as per approved plan (Building Bye Law Violations) in Marenahalli Field inspection assigned to ADTP officer.,Registered,2025-06-11 06:17:00.000000000
20761711,INDIAN_OPENCITY_BBMP,General Consumer Services,Animal birth control/neutering of stray dogs,Animal birth control/neutering of stray dogs in Kavalbyrasandra Field inspection assigned to VI officer.,Registered,2025-06-11 06:11:00.000000000
20761710,INDIAN_OPENCITY_BBMP,General Consumer Services,"Khata Services (Registration, Transfer, Bifurcation and Amalgamation)","Khata Services (Registration, Transfer, Bifurcation and Amalgamation) in Hagadooru as inform you submit the letter to aro office whitefield for cancellation",Closed,2025-06-11 06:11:00.000000000
20761709,INDIAN_OPENCITY_BBMP,General Consumer Services,Stray dog related complaints,Stray dog related complaints in Vijanapura No relocation of dogs can be done as per supreme court order,Closed,2025-06-11 06:11:00.000000000
20761708,INDIAN_OPENCITY_BBMP,General Consumer Services,Garbage dump,Garbage dump in Bilekahalli Complaint Cleared,Closed,2025-06-11 06:08:00.000000000
20761702,INDIAN_OPENCITY_BBMP,General Consumer Services,Garbage dump,Garbage dump in Bommanahalli It's not our ward panchayathi sir,Closed,2025-06-11 06:04:00.000000000
20761693,INDIAN_OPENCITY_BBMP,General Consumer Services,Road Infrastructure,Road Infrastructure in Yelahanka old Satellite Town Forwarded Task,Registered,2025-06-11 05:57:00.000000000
20761691,INDIAN_OPENCITY_BBMP,General Consumer Services,Garbage dump,"Garbage dump in Singasandra It doesn't belongs to bbmp limits ,comes under rayasandra panchayati limit.",Closed,2025-06-11 05:55:00.000000000
20761689,INDIAN_OPENCITY_BBMP,General Consumer Services,Dead animal(s),Dead animal(s) in C.V.Raman Nagar Forwarded Task,Registered,2025-06-11 05:54:00.000000000
20761687,INDIAN_OPENCITY_BBMP,General Consumer Services,Road Infrastructure,Road Infrastructure in Chamrajpet Forwarded Task,Registered,2025-06-11 05:52:00.000000000
20761685,INDIAN_OPENCITY_BBMP,General Consumer Services,Garbage dump,Garbage dump in Varthur This belongs to engineering department this is debris not garbage,Closed,2025-06-11 05:50:00.000000000
20761684,INDIAN_OPENCITY_BBMP,General Consumer Services,Debris Removal / Construction Material,Debris Removal / Construction Material in Hebbal ssue not resolved still. Everything is as it was from months,ReOpen,2025-06-11 05:49:00.000000000
