record_id,source_dataset,source_record_id,complaint_text,target_category,agency,ward_or_borough,incident_address,incident_zip,latitude,longitude,created_date,status
20767906,INDIAN_OPENCITY_BBMP,20767906,Unable to Generate the receipt after property tax payment. in Konanakunte Field inspection assigned to ARO officer.,Billing and Payment,SHIVAPUTRA/ARO,Konanakunte,,,,,2025-06-16 09:30:00.000000000,Registered
20770995,INDIAN_OPENCITY_BBMP,20770995,Garbage dump in Gurappanapalya Field inspection assigned to Marshal officer.,General Consumer Services,Marshal Ward No 171/Marshal,Gurappanapalya,,,,,2025-06-19 12:35:00.000000000,Registered
20764182,INDIAN_OPENCITY_BBMP,20764182,footpath encroachment in Dharmarayaswamy Temple Ward Field inspection assigned to AE officer.,General Consumer Services,AE Ward 119/AE,Dharmarayaswamy Temple Ward,,,,,2025-06-13 04:27:00.000000000,Registered
20764823,INDIAN_OPENCITY_BBMP,20764823,Animal birth control/neutering of stray dogs in Begur We cannot relocate the dog's only ABC and combined vaccination done our BBMP side As Per schedule.,General Consumer Services,Krishnaiah/VI,Begur,,,,,2025-06-14 09:05:00.000000000,Closed
20763421,INDIAN_OPENCITY_BBMP,20763421,Stray cattle related complaints in Ganeshmandira Ward This complaint comes under cattle pound wing of stray cattle management sir please contact Dr Shivakumar Assistant Director mb No [PHONE],General Consumer Services,ss doddamani/VI,Ganeshmandira Ward,,,,,2025-06-13 09:20:00.000000000,Closed
20762258,INDIAN_OPENCITY_BBMP,20762258,Ekhata - name correction in Rajarajeshwari Nagar ಅರ್ಜಿದಾರರಿಗೆ ದೂರವಾಣಿ ಮೂಲಕ ಈಗಾಗಲೇ ಖಾತಾ ಆಗಿರುವುದಾಗಿ ಅರ್ಜಿ ಸಲ್ಲಿಸಲು ತಿಳಿಸಿದೆ,General Consumer Services,S SURESH/ARO,Rajarajeshwari Nagar,,,,,2025-06-12 10:45:00.000000000,Closed
20770793,INDIAN_OPENCITY_BBMP,20770793,Stray cattle related complaints in Jnanabharathi Ward Field inspection assigned to VI officer.,General Consumer Services,Uma V.H/VI,Jnanabharathi Ward,,,,,2025-06-19 11:01:00.000000000,Registered
20765583,INDIAN_OPENCITY_BBMP,20765583,Garbage dump in Benniganahalli Address not found Cal not responding,General Consumer Services,Marshal Ward No 50/Marshal,Benniganahalli,,,,,2025-06-14 07:04:00.000000000,Closed
20770787,INDIAN_OPENCITY_BBMP,20770787,Garbage vehicle not arrived in Hombegowda Nagar Forwarded Task,General Consumer Services,Marshal Ward No 145/Marshal,Hombegowda Nagar,,,,,2025-06-19 10:58:00.000000000,Registered
20764173,INDIAN_OPENCITY_BBMP,20764173,Illegal pet shop / Animal cruelty / license check in Mangammanapalya Field inspection assigned to VI officer.,General Consumer Services,Krishnaiah/VI,Mangammanapalya,,,,,2025-06-13 04:24:00.000000000,Registered
20770589,INDIAN_OPENCITY_BBMP,20770589,obstructions Branches / Trees. in Pattabhiram Nagar Field inspection assigned to DYRFO officer.,General Consumer Services,B.B Meti/DYRFO,Pattabhiram Nagar,,,,,2025-06-19 08:46:00.000000000,Registered
20770851,INDIAN_OPENCITY_BBMP,20770851,Fatally injured - Needs immediate attention in Cottonpet We give to resque team no to complainter,General Consumer Services,PRAKASH B/VI,Cottonpet,,,,,2025-06-19 11:27:00.000000000,Closed
20765023,INDIAN_OPENCITY_BBMP,20765023,Ekhata - name correction in Vignana Nagar Field inspection assigned to ARO officer.,General Consumer Services,Shiva Kumar/ARO,Vignana Nagar,,,,,2025-06-14 11:12:00.000000000,Registered
20766469,INDIAN_OPENCITY_BBMP,20766469,Road Infrastructure in Horamavu Field inspection assigned to AE officer.,General Consumer Services,N.R Suresh/AE,Horamavu,,,,,2025-06-15 08:08:00.000000000,Registered
20768530,INDIAN_OPENCITY_BBMP,20768530,footpath encroachment in Gurappanapalya Forwarded Task,General Consumer Services,AE Ward 171/AE,Gurappanapalya,,,,,2025-06-17 12:45:00.000000000,Registered
20770047,INDIAN_OPENCITY_BBMP,20770047,Dengue positive in Siddapura Field inspection assigned to Medical officer officer.,General Consumer Services,Dr Sowmya H E/Medical officer,Siddapura,,,,,2025-06-18 04:50:00.000000000,Registered
20768348,INDIAN_OPENCITY_BBMP,20768348,Stray dog related complaints in Doddanekkundi No relocation of dogs. Can be done as per supreme court order,General Consumer Services,B K Ashwath Narayan/VI,Doddanekkundi,,,,,2025-06-17 11:03:00.000000000,Closed
20771380,INDIAN_OPENCITY_BBMP,20771380,Garbage vehicle not arrived in Benniganahalli Field inspection assigned to Marshal officer.,General Consumer Services,Marshal Ward No 50/Marshal,Benniganahalli,,,,,2025-06-19 05:46:00.000000000,Registered
20765235,INDIAN_OPENCITY_BBMP,20765235,Garbage vehicle not arrived in Hoodi Still not yet resolved,General Consumer Services,K Suresh/Division Supervisor,Hoodi,,,,,2025-06-14 01:01:00.000000000,ReOpen
20771308,INDIAN_OPENCITY_BBMP,20771308,Garbage vehicle not arrived in Moodalapalya Field inspection assigned to Marshal officer.,General Consumer Services,Marshal Ward No 127/Marshal,Moodalapalya,,,,,2025-06-19 04:24:00.000000000,Registered
20765962,INDIAN_OPENCITY_BBMP,20765962,Lake not maintained properly in Arakere Field inspection assigned to AE officer.,General Consumer Services,Chandra Kanth /AE,Arakere,,,,,2025-06-15 10:25:00.000000000,Registered
20768022,INDIAN_OPENCITY_BBMP,20768022,Potholes in Puttenahalli Field inspection assigned to AE officer.,General Consumer Services,Nandish/AE,Puttenahalli,,,,,2025-06-17 07:45:00.000000000,Registered
20769457,INDIAN_OPENCITY_BBMP,20769457,Potholes in Ejipura Field inspection assigned to AE officer.,General Consumer Services,AE Ward 148/AE,Ejipura,,,,,2025-06-18 10:00:00.000000000,Registered
20769348,INDIAN_OPENCITY_BBMP,20769348,Garbage dump in Hoodi Cleared,General Consumer Services,Marshal Ward No 54/Marshal,Hoodi,,,,,2025-06-18 08:51:00.000000000,Closed
20768618,INDIAN_OPENCITY_BBMP,20768618,footpath encroachment in Kavalbyrasandra This problem is concerned to MOH of pulikeshinagar Dn,General Consumer Services,BBMP Whatsapp/Customer Support Representative,Kavalbyrasandra,,,,,2025-06-17 01:47:00.000000000,Non Relevant
20771016,INDIAN_OPENCITY_BBMP,20771016,Garbage dump in Shakambari Nagar It's cleared,General Consumer Services,Marshal Ward No 179/Marshal,Shakambari Nagar,,,,,2025-06-19 12:50:00.000000000,Closed
20767437,INDIAN_OPENCITY_BBMP,20767437,obstructions Branches / Trees. in Kavalbyrasandra Field inspection assigned to DYRFO officer.,General Consumer Services,Thimmappa/DYRFO,Kavalbyrasandra,,,,,2025-06-16 02:47:00.000000000,Registered
20764292,INDIAN_OPENCITY_BBMP,20764292,Sweeping not done in Jnanabharathi Ward Forwarded Task,General Consumer Services,Vijaya Raghav/JHI,Jnanabharathi Ward,,,,,2025-06-13 05:34:00.000000000,Registered
20768256,INDIAN_OPENCITY_BBMP,20768256,Garbage dumping in vacant sites in Dr.Rajkumar Ward Field inspection assigned to Marshal officer.,General Consumer Services,Marshal Ward No 106/Marshal,Dr.Rajkumar Ward,,,,,2025-06-17 10:16:00.000000000,Registered
20768521,INDIAN_OPENCITY_BBMP,20768521,Garbage dumping in vacant sites in Ramaswamy Palya Complete clear,General Consumer Services,Marshal Ward No 62/Marshal,Ramaswamy Palya,,,,,2025-06-17 12:39:00.000000000,Closed
20767241,INDIAN_OPENCITY_BBMP,20767241,Sweeping not done in Basavanagudi Field inspection assigned to JHI officer.,General Consumer Services,Balakrishna /JHI,Basavanagudi,,,,,2025-06-16 12:27:00.000000000,Registered
20769454,INDIAN_OPENCITY_BBMP,20769454,"obstructions Branches / Trees. in Uttarahalli Please submit application to BBMP, Forest Department",General Consumer Services,Narendra Babu/RFO,Uttarahalli,,,,,2025-06-18 09:57:00.000000000,Closed
20765291,INDIAN_OPENCITY_BBMP,20765291,Potholes in Hoodi its not our justriction,General Consumer Services,Shaik Moyaddin/AE,Hoodi,,,,,2025-06-14 01:45:00.000000000,Closed
20762788,INDIAN_OPENCITY_BBMP,20762788,Road side drains in Vidyaranyapura Forwarded Task,General Consumer Services,Archna/AE,Vidyaranyapura,,,,,2025-06-12 04:11:00.000000000,Registered
20771140,INDIAN_OPENCITY_BBMP,20771140,Road side drains in Bellandur Field inspection assigned to AE officer.,General Consumer Services,Raghu/AE,Bellandur,,,,,2025-06-19 02:16:00.000000000,Registered
20761853,INDIAN_OPENCITY_BBMP,20761853,Stray dog related complaints in Kempegowda Ward Spoken with the concern person,General Consumer Services,Narayan Reddy/VI,Kempegowda Ward,,,,,2025-06-11 08:56:00.000000000,Closed
20765293,INDIAN_OPENCITY_BBMP,20765293,Stray dog related complaints in Jakkur Spoken with the concern person. STRICTLY NO RELOCATION OF DOGS IT'S AGAINST THE RULE. ABC OPERATION ARV VACCINATION WILL BE FUNCTIONING REGULARLY.,General Consumer Services,Narayan Reddy/VI,Jakkur,,,,,2025-06-14 01:46:00.000000000,Closed
20770468,INDIAN_OPENCITY_BBMP,20770468,Stray dog related complaints in Kottigepalya Field inspection assigned to VI officer.,General Consumer Services,Uma V.H/VI,Kottigepalya,,,,,2025-06-19 01:20:00.000000000,Registered
20769950,INDIAN_OPENCITY_BBMP,20769950,Road cutting in Rajarajeshwari Nagar Field inspection assigned to AE officer.,General Consumer Services,Siddaramaiah/AE,Rajarajeshwari Nagar,,,,,2025-06-18 03:08:00.000000000,Registered
20766154,INDIAN_OPENCITY_BBMP,20766154,"obstructions Branches / Trees. in Basaveshwara Nagar Please contact Area Supervisor, Maruthi-[PHONE]",General Consumer Services,sudarshan/DYRFO,Basaveshwara Nagar,,,,,2025-06-15 01:14:00.000000000,Closed
20766207,INDIAN_OPENCITY_BBMP,20766207,Stray/Rabid dog bite in Shanthi Nagar Field inspection assigned to VI officer.,General Consumer Services,Chandrika B R/VI,Shanthi Nagar,,,,,2025-06-15 02:11:00.000000000,In Progress
20762896,INDIAN_OPENCITY_BBMP,20762896,Dead animal(s) in BTM Layout Cleared,General Consumer Services,Prahaladh /JHI,BTM Layout,,,,,2025-06-12 05:11:00.000000000,Closed
20771406,INDIAN_OPENCITY_BBMP,20771406,footpath encroachment in Rajagopala Nagar Field inspection assigned to AE officer.,General Consumer Services,Avish/AE,Rajagopala Nagar,,,,,2025-06-19 06:00:00.000000000,Registered
20771154,INDIAN_OPENCITY_BBMP,20771154,ekhata approval pending with ARO in Shankaramata Field inspection assigned to ARO officer.,General Consumer Services,Adhinath Chogule/ARO,Shankaramata,,,,,2025-06-19 02:30:00.000000000,Registered
20766155,INDIAN_OPENCITY_BBMP,20766155,Issues Related to Parks/Medians/Circles/Island. in Padmanabha Nagar Field inspection assigned to HS officer.,General Consumer Services,Channegowda S/HS,Padmanabha Nagar,,,,,2025-06-15 01:15:00.000000000,Registered
20762191,INDIAN_OPENCITY_BBMP,20762191,Stray/Rabid dog bite in Anjanapur Field inspection assigned to VI officer.,General Consumer Services,Uday Kulkarni/VI,Anjanapur,,,,,2025-06-12 10:13:00.000000000,Registered
20768131,INDIAN_OPENCITY_BBMP,20768131,Garbage dump in Jakkasandra Garbage cleared,General Consumer Services,Marshal Ward No 173/Marshal,Jakkasandra,,,,,2025-06-17 09:23:00.000000000,Closed
20769752,INDIAN_OPENCITY_BBMP,20769752,Garbage dumping in vacant sites in Hagadooru Field inspection assigned to Marshal officer.,General Consumer Services,Marshal Ward No 84/Marshal,Hagadooru,,,,,2025-06-18 12:24:00.000000000,Registered
20769460,INDIAN_OPENCITY_BBMP,20769460,Garbage dump in Varthur This belongs to kodati panchayat limit,General Consumer Services,Marshal Ward No 149/Marshal,Varthur,,,,,2025-06-18 10:02:00.000000000,Closed
20769920,INDIAN_OPENCITY_BBMP,20769920,Garbage dump in Koramangala Forwarded Task,General Consumer Services,Marshal Ward No 151/Marshal,Koramangala,,,,,2025-06-18 02:38:00.000000000,Registered
20762926,INDIAN_OPENCITY_BBMP,20762926,Stray dog related complaints in K.R.Puram Call health inspector,General Consumer Services,Smt Jahanar Ameer/VI,K.R.Puram,,,,,2025-06-12 05:39:00.000000000,Closed
20769412,INDIAN_OPENCITY_BBMP,20769412,footpath encroachment in Hoysala Nagar Forwarded Task,General Consumer Services,Lingaraje Gowda/AE,Hoysala Nagar,,,,,2025-06-18 09:33:00.000000000,Registered
20762207,INDIAN_OPENCITY_BBMP,20762207,Others in Bellandur Forwarded Task,General Consumer Services,BBMP Whatsapp/Customer Support Representative,Bellandur,,,,,2025-06-12 10:22:00.000000000,Registered
20771419,INDIAN_OPENCITY_BBMP,20771419,Garbage dump in Subedarapalya Field inspection assigned to Marshal officer.,General Consumer Services,Marshal Ward No 45/Marshal,Subedarapalya,,,,,2025-06-19 06:11:00.000000000,Registered
20769380,INDIAN_OPENCITY_BBMP,20769380,shifting of the street dogs to other places in Basavanapura Field inspection assigned to VI officer.,General Consumer Services,Smt Jahanar Ameer/VI,Basavanapura,,,,,2025-06-18 09:15:00.000000000,Registered
20769455,INDIAN_OPENCITY_BBMP,20769455,Removal of dead/fallen trees in Sunkenahalli Field inspection assigned to DYRFO officer.,General Consumer Services,B.B Meti/DYRFO,Sunkenahalli,,,,,2025-06-18 09:58:00.000000000,Registered
20770037,INDIAN_OPENCITY_BBMP,20770037,Road side drains in Byatarayanapura Field inspection assigned to AE officer.,General Consumer Services,AE Ward 007/AE,Byatarayanapura,,,,,2025-06-18 04:43:00.000000000,Registered
20769868,INDIAN_OPENCITY_BBMP,20769868,Garbage vehicle not arrived in Padmanabha Nagar Field inspection assigned to Marshal officer.,General Consumer Services,Marshal Ward No 182/Marshal,Padmanabha Nagar,,,,,2025-06-18 01:46:00.000000000,Registered
20766763,INDIAN_OPENCITY_BBMP,20766763,Gym/Children Play equipment in the parks in Vijay Nagar resolved complaint,General Consumer Services,Channegowda S/HS,Vijay Nagar,,,,,2025-06-16 09:07:00.000000000,Closed
20770504,INDIAN_OPENCITY_BBMP,20770504,Stray dog related complaints in Anjanapur Field inspection assigned to VI officer.,General Consumer Services,Uday Kulkarni/VI,Anjanapur,,,,,2025-06-19 07:20:00.000000000,Registered
20763470,INDIAN_OPENCITY_BBMP,20763470,Garbage vehicle not arrived in S.K.Garden Resolved sir,General Consumer Services,Marshal Ward No 61/Marshal,S.K.Garden,,,,,2025-06-13 09:47:00.000000000,Closed
20769167,INDIAN_OPENCITY_BBMP,20769167,Stray dog related complaints in Vijanapura Field inspection assigned to VI officer.,General Consumer Services,Smt Jahanar Ameer/VI,Vijanapura,,,,,2025-06-17 09:59:00.000000000,Registered
20768206,INDIAN_OPENCITY_BBMP,20768206,Garbage dump in Chalavadipalya Garbage,General Consumer Services,Marshal Ward No 138/Marshal,Chalavadipalya,,,,,2025-06-17 10:00:00.000000000,Closed
20766382,INDIAN_OPENCITY_BBMP,20766382,Garbage dump in Benniganahalli Address not found in this area and public contact number not reachable,General Consumer Services,Marshal Ward No 50/Marshal,Benniganahalli,,,,,2025-06-15 07:03:00.000000000,Closed
20770867,INDIAN_OPENCITY_BBMP,20770867,Stray dog related complaints in Jakkur Field inspection assigned to VI officer.,General Consumer Services,Narayan Reddy/VI,Jakkur,,,,,2025-06-19 11:34:00.000000000,Registered
20765668,INDIAN_OPENCITY_BBMP,20765668,Garbage dumping in vacant sites in Nayandanahalli Resolved,General Consumer Services,Marshal Ward No 131/Marshal,Nayandanahalli,,,,,2025-06-14 08:46:00.000000000,Closed
20763383,INDIAN_OPENCITY_BBMP,20763383,Removal of dead/fallen trees in Shakambari Nagar Resolved,General Consumer Services,B.B Meti/DYRFO,Shakambari Nagar,,,,,2025-06-13 08:53:00.000000000,Closed
20767891,INDIAN_OPENCITY_BBMP,20767891,water leakage on road in Vignana Nagar contact BWSSB,General Consumer Services,Keshav Murthy/JE,Vignana Nagar,,,,,2025-06-16 09:12:00.000000000,Closed
20764424,INDIAN_OPENCITY_BBMP,20764424,Garbage dump in Vrushabhavati Nagar Clear,General Consumer Services,Marshal Ward No 102/Marshal,Vrushabhavati Nagar,,,,,2025-06-13 07:04:00.000000000,Closed
20770490,INDIAN_OPENCITY_BBMP,20770490,Removal of dead/fallen trees in Benniganahalli Forwarded Task,General Consumer Services,Thimmappa/DYRFO,Benniganahalli,,,,,2025-06-19 07:04:00.000000000,Registered
20770960,INDIAN_OPENCITY_BBMP,20770960,Garbage dump in Someshwara Forwarded Task,General Consumer Services,Marshal Ward No 03/Marshal,Someshwara,,,,,2025-06-19 12:21:00.000000000,Registered
20768202,INDIAN_OPENCITY_BBMP,20768202,Dead animal(s) in Kadugodi Field inspection assigned to JHI officer.,General Consumer Services,Sandeep Kumar L/JHI,Kadugodi,,,,,2025-06-17 09:56:00.000000000,Registered
20768063,INDIAN_OPENCITY_BBMP,20768063,UnAuthorised Building Constructions in Vrushabhavati Nagar Field inspection assigned to ADTP officer.,General Consumer Services,Shankarappa/ADTP,Vrushabhavati Nagar,,,,,2025-06-17 08:26:00.000000000,Registered
20763959,INDIAN_OPENCITY_BBMP,20763959,Complaint against SW collector/ SWM official for violation of SWM Rules in Rajarajeshwari Nagar Cleared,General Consumer Services,Marshal Ward No 160/Marshal,Rajarajeshwari Nagar,,,,,2025-06-13 01:57:00.000000000,Closed
20765428,INDIAN_OPENCITY_BBMP,20765428,Dumping of garbage into lake in Uttarahalli Forwarded Task,General Consumer Services,Usha Rani/AE,Uttarahalli,,,,,2025-06-14 04:24:00.000000000,Registered
20765731,INDIAN_OPENCITY_BBMP,20765731,Animal birth control/neutering of stray dogs in Gottigere Field inspection assigned to VI officer.,General Consumer Services,Uday Kulkarni/VI,Gottigere,,,,,2025-06-14 10:01:00.000000000,Registered
20763126,INDIAN_OPENCITY_BBMP,20763126,Debris Removal / Construction Material in Devasandra Field inspection assigned to AE officer.,General Consumer Services,Keshav Patil/AE,Devasandra,,,,,2025-06-12 08:24:00.000000000,Registered
20769936,INDIAN_OPENCITY_BBMP,20769936,Road side drains in H.M.T Field inspection assigned to AE officer.,General Consumer Services,Vasanatha/AE,H.M.T,,,,,2025-06-18 02:56:00.000000000,Registered
20763873,INDIAN_OPENCITY_BBMP,20763873,Dead animal(s) in Singasandra Resolved,General Consumer Services,Mahesh/JHI,Singasandra,,,,,2025-06-13 12:54:00.000000000,Closed
20771567,INDIAN_OPENCITY_BBMP,20771567,Garbage dump in Anjanapur Field inspection assigned to Marshal officer.,General Consumer Services,Marshal Ward No 196/Marshal,Anjanapur,,,,,2025-06-19 08:25:00.000000000,Registered
20762934,INDIAN_OPENCITY_BBMP,20762934,Garbage dump in Jayangar Good afternoon madam this is ward no 144 Auto mustering so now its maintain clean madam,General Consumer Services,Yashwanth H B/Division Supervisor,Jayangar,,,,,2025-06-12 05:45:00.000000000,Closed
20763374,INDIAN_OPENCITY_BBMP,20763374,Food Quantity in Kamakshipalya No canteen in beml layout,General Consumer Services,Rajeshwari/SHI,Kamakshipalya,,,,,2025-06-13 08:49:00.000000000,Closed
20770696,INDIAN_OPENCITY_BBMP,20770696,Garbage vehicle not arrived in Ullalu Field inspection assigned to Marshal officer.,General Consumer Services,Marshal Ward No 130/Marshal,Ullalu,,,,,2025-06-19 10:06:00.000000000,Registered
20770038,INDIAN_OPENCITY_BBMP,20770038,Stray dog related complaints in Puttenahalli Field inspection assigned to VI officer.,General Consumer Services,Uday Kulkarni/VI,Puttenahalli,,,,,2025-06-18 04:43:00.000000000,Registered
20766786,INDIAN_OPENCITY_BBMP,20766786,Sweeping not done in Cottonpet Complent clerd,General Consumer Services,9035759477/JHI,Cottonpet,,,,,2025-06-16 09:30:00.000000000,Closed
20771008,INDIAN_OPENCITY_BBMP,20771008,Garbage vehicle not arrived in Jeevanbhima Nagar Field inspection assigned to Marshal officer.,General Consumer Services,Marshal Ward No 88/Marshal,Jeevanbhima Nagar,,,,,2025-06-19 12:45:00.000000000,Registered
20770067,INDIAN_OPENCITY_BBMP,20770067,Garbage vehicle not arrived in Vasanthapura Field inspection assigned to Marshal officer.,General Consumer Services,Marshal Ward No 197/Marshal,Vasanthapura,,,,,2025-06-18 05:01:00.000000000,Registered
20771392,INDIAN_OPENCITY_BBMP,20771392,Feeder Harassment by Individual / Mob but no association in Vijanapura Field inspection assigned to VI officer.,General Consumer Services,Smt Jahanar Ameer/VI,Vijanapura,,,,,2025-06-19 05:53:00.000000000,Registered
20770394,INDIAN_OPENCITY_BBMP,20770394,Garbage dump in Sanjay Nagar Cleared,General Consumer Services,Marshal Ward No 19/Marshal,Sanjay Nagar,,,,,2025-06-18 10:09:00.000000000,Closed
20766637,INDIAN_OPENCITY_BBMP,20766637,Garbage dump in Rajarajeshwari Nagar Cleared,General Consumer Services,Marshal Ward No 160/Marshal,Rajarajeshwari Nagar,,,,,2025-06-16 05:53:00.000000000,Closed
20765039,INDIAN_OPENCITY_BBMP,20765039,Sweeping not done in Visvesvarapuram Forwarded Task,General Consumer Services,Narasimha P /JHI,Visvesvarapuram,,,,,2025-06-14 11:21:00.000000000,Registered
20767059,INDIAN_OPENCITY_BBMP,20767059,Dengue positive in Kadugodi Attended,General Consumer Services,Akkamahadevi N/SHI,Kadugodi,,,,,2025-06-16 11:15:00.000000000,Closed
20768674,INDIAN_OPENCITY_BBMP,20768674,Footpath in Hoodi Field inspection assigned to AE officer.,General Consumer Services,Shaik Moyaddin/AE,Hoodi,,,,,2025-06-17 02:49:00.000000000,Registered
20767765,INDIAN_OPENCITY_BBMP,20767765,Garbage vehicle not arrived in Mangammanapalya Field inspection assigned to Marshal officer.,General Consumer Services,Marshal Ward No 190/Marshal,Mangammanapalya,,,,,2025-06-16 07:28:00.000000000,In Progress
20765181,INDIAN_OPENCITY_BBMP,20765181,Garbage vehicle not arrived in Marenahalli Cleared,General Consumer Services,Marshal Ward No 125/Marshal,Marenahalli,,,,,2025-06-14 12:24:00.000000000,Closed
20770762,INDIAN_OPENCITY_BBMP,20770762,Garbage vehicle not arrived in Begur Field inspection assigned to Marshal officer.,General Consumer Services,Marshal Ward No 192/Marshal,Begur,,,,,2025-06-19 10:37:00.000000000,In Progress
20762247,INDIAN_OPENCITY_BBMP,20762247,Road cutting in HSR Layout Close,General Consumer Services,Ramegowda/AE,HSR Layout,,,,,2025-06-12 10:41:00.000000000,Closed
20765464,INDIAN_OPENCITY_BBMP,20765464,Potholes in HSR Layout 24th main road comes under Major road department,General Consumer Services,BBMP Whatsapp/Customer Support Representative,HSR Layout,,,,,2025-06-14 04:59:00.000000000,Non Relevant
20769860,INDIAN_OPENCITY_BBMP,20769860,Road cutting in Doddanekkundi Field inspection assigned to AE officer.,General Consumer Services,C Rachipa/AE,Doddanekkundi,,,,,2025-06-18 01:40:00.000000000,Registered
20767166,INDIAN_OPENCITY_BBMP,20767166,Stray dog related complaints in HSR Layout As per BBMP schedule We do Animals birth control and ARV vaccination done our BBMP side,General Consumer Services,Krishnaiah/VI,HSR Layout,,,,,2025-06-16 11:54:00.000000000,Closed
20764436,INDIAN_OPENCITY_BBMP,20764436,Garbage dump in Mahalakshmipuram This blackspot will be cleared regularly and Marshals will also penalize the violators,General Consumer Services,Marshal Ward No 68/Marshal,Mahalakshmipuram,,,,,2025-06-13 07:10:00.000000000,Closed
20768127,INDIAN_OPENCITY_BBMP,20768127,Animal birth control/neutering of stray dogs in Horamavu Field inspection assigned to VI officer.,General Consumer Services,Smt Jahanar Ameer/VI,Horamavu,,,,,2025-06-17 09:20:00.000000000,Registered
20766992,INDIAN_OPENCITY_BBMP,20766992,Ekhata - name correction in Shanthala Nagar ISSUE WILL BE RESLOVED,General Consumer Services,Roopa /ARO,Shanthala Nagar,,,,,2025-06-16 10:50:00.000000000,Closed
20771511,INDIAN_OPENCITY_BBMP,20771511,Garbage dump in Jakkur Field inspection assigned to Marshal officer.,General Consumer Services,Marshal Ward No 05/Marshal,Jakkur,,,,,2025-06-19 07:25:00.000000000,Registered
20770005,INDIAN_OPENCITY_BBMP,20770005,Sweeping not done in Jogupalya Field inspection assigned to JHI officer.,General Consumer Services,Shreekanth Somappa Milan/JHI,Jogupalya,,,,,2025-06-18 04:13:00.000000000,Registered
20769406,INDIAN_OPENCITY_BBMP,20769406,Spraying in Jnanabharathi Ward Field inspection assigned to SHI officer.,General Consumer Services,Jaykumar/SHI,Jnanabharathi Ward,,,,,2025-06-18 09:29:00.000000000,Registered
20761730,INDIAN_OPENCITY_BBMP,20761730,Unhygienic premises in Hotel etc in Hombegowda Nagar Complaint pertains to MOH,General Consumer Services,SHI Ward 145/SHI,Hombegowda Nagar,,,,,2025-06-11 06:44:00.000000000,Registered
20771018,INDIAN_OPENCITY_BBMP,20771018,Others in Uttarahalli Field inspection assigned to Customer Support Representative officer.,General Consumer Services,BBMP Whatsapp/Customer Support Representative,Uttarahalli,,,,,2025-06-19 12:52:00.000000000,Registered
20767986,INDIAN_OPENCITY_BBMP,20767986,Garbage vehicle not arrived in Puttenahalli garbage cleared,General Consumer Services,Marshal Ward No 187/Marshal,Puttenahalli,,,,,2025-06-17 01:26:00.000000000,Closed
20766334,INDIAN_OPENCITY_BBMP,20766334,Debris Removal / Construction Material in Nagavara Field inspection assigned to AE officer.,General Consumer Services,Nagraj/AE,Nagavara,,,,,2025-06-15 05:49:00.000000000,Registered
20770693,INDIAN_OPENCITY_BBMP,20770693,Fatally injured - Needs immediate attention in Jeevanbhima Nagar Field inspection assigned to VI officer.,General Consumer Services,Chandrashekar/VI,Jeevanbhima Nagar,,,,,2025-06-19 10:06:00.000000000,Registered
20762121,INDIAN_OPENCITY_BBMP,20762121,Anti Rabies Vaccination of stray dogs in Jeevanbhima Nagar ARV drive is being conducted every year in all the wards of Bbmp on rotation basis.Even this respective ward will have vaccination drive on its turn.,General Consumer Services,Chandrashekar/VI,Jeevanbhima Nagar,,,,,2025-06-12 09:21:00.000000000,Closed
20770440,INDIAN_OPENCITY_BBMP,20770440,Unhygienic premises in Hotel etc in Hongasandra 2 complaint,General Consumer Services,H.Venkatesh/SHI,Hongasandra,,,,,2025-06-18 11:24:00.000000000,Closed
20767033,INDIAN_OPENCITY_BBMP,20767033,Potholes in Mathikere Field inspection assigned to AE officer.,General Consumer Services,Sushma K.S/AE,Mathikere,,,,,2025-06-16 11:05:00.000000000,Registered
20770453,INDIAN_OPENCITY_BBMP,20770453,Road Infrastructure in Sampangiram Nagar Field inspection assigned to AE officer.,General Consumer Services,Naveen.G/AE,Sampangiram Nagar,,,,,2025-06-18 11:55:00.000000000,Registered
20770980,INDIAN_OPENCITY_BBMP,20770980,Garbage dump in J.P.Nagar Field inspection assigned to Marshal officer.,General Consumer Services,Marshal Ward No 177/Marshal,J.P.Nagar,,,,,2025-06-19 12:28:00.000000000,Registered
20770873,INDIAN_OPENCITY_BBMP,20770873,Garbage dump in Karisandra Clear,General Consumer Services,Marshal Ward No 166/Marshal,Karisandra,,,,,2025-06-19 11:35:00.000000000,Closed
20766120,INDIAN_OPENCITY_BBMP,20766120,Garbage dump in Shivaji Nagar Garbage cleared,General Consumer Services,Marshal Ward No 92/Marshal,Shivaji Nagar,,,,,2025-06-15 12:44:00.000000000,Closed
20762094,INDIAN_OPENCITY_BBMP,20762094,Potholes in Bellandur Spot inspection done necessary action will be taken at the earliest,General Consumer Services,Raghu/AE,Bellandur,,,,,2025-06-12 09:02:00.000000000,Closed
20763746,INDIAN_OPENCITY_BBMP,20763746,Garbage dump in Bellandur Photo not clear,General Consumer Services,Marshal Ward No 150/Marshal,Bellandur,,,,,2025-06-13 11:40:00.000000000,Closed
20770438,INDIAN_OPENCITY_BBMP,20770438,footpath encroachment in Mathikere Field inspection assigned to AE officer.,General Consumer Services,Sushma K.S/AE,Mathikere,,,,,2025-06-18 11:18:00.000000000,Registered
20764375,INDIAN_OPENCITY_BBMP,20764375,Spraying in Bagalagunte Attend,General Consumer Services,Mr. Mohan Gauroji (In charge)/SHI,Bagalagunte,,,,,2025-06-13 06:35:00.000000000,Closed
20762872,INDIAN_OPENCITY_BBMP,20762872,Ekhata in previous owner name in Pattabhiram Nagar Already issued E khatha for this property but haven't received any mutation applications for this property.,General Consumer Services,Jyothi Lakshmi S/ARO,Pattabhiram Nagar,,,,,2025-06-12 04:51:00.000000000,Closed
20770523,INDIAN_OPENCITY_BBMP,20770523,Potholes in Ramamurthy Nagar Field inspection assigned to AE officer.,General Consumer Services,Ramesh/AE,Ramamurthy Nagar,,,,,2025-06-19 07:41:00.000000000,Registered
20763505,INDIAN_OPENCITY_BBMP,20763505,Removal of dead/fallen trees in Puttenahalli Resolved,General Consumer Services,Narendra Babu/RFO,Puttenahalli,,,,,2025-06-13 10:04:00.000000000,Closed
20766997,INDIAN_OPENCITY_BBMP,20766997,Garbage dump in J.P.Nagar Clear,General Consumer Services,Marshal Ward No 177/Marshal,J.P.Nagar,,,,,2025-06-16 10:51:00.000000000,Closed
20767508,INDIAN_OPENCITY_BBMP,20767508,Garbage vehicle not arrived in Kammanahalli Forwarded Task,General Consumer Services,Marshal Ward No 28/Marshal,Kammanahalli,,,,,2025-06-16 03:47:00.000000000,Registered
20762270,INDIAN_OPENCITY_BBMP,20762270,Environmental protection in Attiguppe resolved complaint,General Consumer Services,Channegowda S/HS,Attiguppe,,,,,2025-06-12 10:50:00.000000000,Closed
20769850,INDIAN_OPENCITY_BBMP,20769850,Issues Related to Parks/Medians/Circles/Island. in Dodda Bidarkallu Field inspection assigned to HS officer.,General Consumer Services,Shankar Murthy/HS,Dodda Bidarkallu,,,,,2025-06-18 01:34:00.000000000,Registered
20768139,INDIAN_OPENCITY_BBMP,20768139,Garbage nuisance while transporting in Vasanth Nagar Not available for parking so we are standing garbage autos,General Consumer Services,Marshal Ward No 93/Marshal,Vasanth Nagar,,,,,2025-06-17 09:25:00.000000000,Closed
20762363,INDIAN_OPENCITY_BBMP,20762363,Debris Removal / Construction Material in Shankaramata Field inspection assigned to AE officer.,General Consumer Services,Venkatesh/AE,Shankaramata,,,,,2025-06-12 11:29:00.000000000,Registered
20768006,INDIAN_OPENCITY_BBMP,20768006,Garbage dump in Hosahalli Cleared,General Consumer Services,Marshal Ward No 124/Marshal,Hosahalli,,,,,2025-06-17 07:13:00.000000000,Closed
20765128,INDIAN_OPENCITY_BBMP,20765128,Removal of dead/fallen trees in Rajarajeshwari Nagar Forwarded Task,General Consumer Services,Jagadish V/DYRFO,Rajarajeshwari Nagar,,,,,2025-06-14 12:01:00.000000000,Registered
20770919,INDIAN_OPENCITY_BBMP,20770919,Garbage dump in Basavanapura This is ward no 52 ward not 53 ward,General Consumer Services,Marshal Ward No 53/Marshal,Basavanapura,,,,,2025-06-19 12:03:00.000000000,Closed
20767899,INDIAN_OPENCITY_BBMP,20767899,Stray dog related complaints in Kottigepalya Animal birth control and vaccination of stray dogs scheduled,General Consumer Services,Uma V.H/VI,Kottigepalya,,,,,2025-06-16 09:21:00.000000000,Closed
20767159,INDIAN_OPENCITY_BBMP,20767159,Removal of dead/fallen trees in Hosakerehalli Field inspection assigned to DYRFO officer.,General Consumer Services,Shivanna T.C/DYRFO,Hosakerehalli,,,,,2025-06-16 11:51:00.000000000,Registered
20767723,INDIAN_OPENCITY_BBMP,20767723,water stagnation in Begur Field inspection assigned to Customer Support Representative officer.,General Consumer Services,BBMP Whatsapp/Customer Support Representative,Begur,,,,,2025-06-16 07:02:00.000000000,Non Relevant
20766912,INDIAN_OPENCITY_BBMP,20766912,Garbage dump in Subedarapalya Complaint clear,General Consumer Services,Marshal Ward No 45/Marshal,Subedarapalya,,,,,2025-06-16 10:22:00.000000000,Closed
20770396,INDIAN_OPENCITY_BBMP,20770396,Removal of dead/fallen trees in Dodda Bidarkallu Forwarded Task,General Consumer Services,Jagadish V/DYRFO,Dodda Bidarkallu,,,,,2025-06-18 10:09:00.000000000,Registered
20766752,INDIAN_OPENCITY_BBMP,20766752,Garbage vehicle not arrived in Vishwanathnagenahalli Complaint has been resolved,General Consumer Services,Marshal Ward No 22/Marshal,Vishwanathnagenahalli,,,,,2025-06-16 08:50:00.000000000,Closed
20761684,INDIAN_OPENCITY_BBMP,20761684,Debris Removal / Construction Material in Hebbal ssue not resolved still. Everything is as it was from months,General Consumer Services,Madhav rao/AEE,Hebbal,,,,,2025-06-11 05:49:00.000000000,ReOpen
20769965,INDIAN_OPENCITY_BBMP,20769965,Animal birth control/neutering of stray dogs in Bellandur Field inspection assigned to VI officer.,General Consumer Services,B K Ashwath Narayan/VI,Bellandur,,,,,2025-06-18 03:24:00.000000000,Registered
20762709,INDIAN_OPENCITY_BBMP,20762709,"ekhata approval pending with ARO in Hagadooru The Property ""1971087343"" is in the process of add new property to e-Aasthi (Citizen), Currently this property available in Deputy Commissioner Revenue(dc_mdp_bbmp) forward list.",General Consumer Services,Santhos Kumar/ARO,Hagadooru,,,,,2025-06-12 02:51:00.000000000,Closed
20767647,INDIAN_OPENCITY_BBMP,20767647,Debris Removal / Construction Material in S.K.Garden Field inspection assigned to AE officer.,General Consumer Services,Ranganath/AE,S.K.Garden,,,,,2025-06-16 05:49:00.000000000,Registered
20764268,INDIAN_OPENCITY_BBMP,20764268,Stray dog related complaints in Malleshwaram We do the abc arv combained vaccine programme,General Consumer Services,Nagesh/VI,Malleshwaram,,,,,2025-06-13 05:15:00.000000000,Closed
20771265,INDIAN_OPENCITY_BBMP,20771265,obstructions Branches / Trees. in Kumaraswamy Layout Field inspection assigned to DYRFO officer.,General Consumer Services,Shivanna T.C/DYRFO,Kumaraswamy Layout,,,,,2025-06-19 03:43:00.000000000,Registered
20770587,INDIAN_OPENCITY_BBMP,20770587,Garbage vehicle not arrived in Hagadooru Cleared,General Consumer Services,Marshal Ward No 84/Marshal,Hagadooru,,,,,2025-06-19 08:45:00.000000000,Closed
20765322,INDIAN_OPENCITY_BBMP,20765322,"Khata Services (Registration, Transfer, Bifurcation and Amalgamation) in Moodalapalya PLEASE SUBMIT THE B - FORM ISSUED FORM BBMP AND OTHER RELATED PROPERTY DOCUMENTS TO OFFICE",General Consumer Services,Janardhan/ARO,Moodalapalya,,,,,2025-06-14 02:19:00.000000000,Closed
20766792,INDIAN_OPENCITY_BBMP,20766792,Other Khata / ekhata issues in Vasanthapura this property belongs aro uttarahalli,General Consumer Services,SHIVAPUTRA/ARO,Vasanthapura,,,,,2025-06-16 09:34:00.000000000,Closed
20761729,INDIAN_OPENCITY_BBMP,20761729,Garbage dump in H.M.T This complaint is not under no 38 HMT. This is under KR Puram,General Consumer Services,Marshal Ward No 38/Marshal,H.M.T,,,,,2025-06-11 06:42:00.000000000,Closed
20768626,INDIAN_OPENCITY_BBMP,20768626,obstructions Branches / Trees. in Herohalli Field inspection assigned to DYRFO officer.,General Consumer Services,Jagadish V/DYRFO,Herohalli,,,,,2025-06-17 01:52:00.000000000,Registered
20770614,INDIAN_OPENCITY_BBMP,20770614,Garbage dump in Bellandur Cleard,General Consumer Services,Marshal Ward No 150/Marshal,Bellandur,,,,,2025-06-19 09:04:00.000000000,Closed
20767171,INDIAN_OPENCITY_BBMP,20767171,Road Infrastructure in Chikpete Forwarded Task,General Consumer Services,Sri.Ravi C Gudadappanvar/AE,Chikpete,,,,,2025-06-16 11:56:00.000000000,Registered
20766332,INDIAN_OPENCITY_BBMP,20766332,Garbage thrown in storm water drain in Ramamurthy Nagar Field inspection assigned to AE officer.,General Consumer Services,Prashanth/AE,Ramamurthy Nagar,,,,,2025-06-15 05:45:00.000000000,Registered
20771367,INDIAN_OPENCITY_BBMP,20771367,Garbage dumping in vacant sites in Kumaraswamy Layout Field inspection assigned to Marshal officer.,General Consumer Services,Marshal Ward No 181/Marshal,Kumaraswamy Layout,,,,,2025-06-19 05:42:00.000000000,Registered
20761822,INDIAN_OPENCITY_BBMP,20761822,footpath encroachment in Jaraganahalli Field inspection assigned to AE officer.,General Consumer Services,Narasimha Murthy/AE,Jaraganahalli,,,,,2025-06-11 08:11:00.000000000,Registered
20768116,INDIAN_OPENCITY_BBMP,20768116,Garbage dump in Benniganahalli Complaint attend,General Consumer Services,Marshal Ward No 50/Marshal,Benniganahalli,,,,,2025-06-17 09:11:00.000000000,Closed
20770712,INDIAN_OPENCITY_BBMP,20770712,footpath encroachment in Siddapura Field inspection assigned to AE officer.,General Consumer Services,AE Ward 144/AE,Siddapura,,,,,2025-06-19 10:19:00.000000000,Registered
20771108,INDIAN_OPENCITY_BBMP,20771108,Potholes in Sudam Nagar Field inspection assigned to AE officer.,General Consumer Services,AE Ward 118/AE,Sudam Nagar,,,,,2025-06-19 01:48:00.000000000,Registered
20768668,INDIAN_OPENCITY_BBMP,20768668,Public dustbins not cleaned in HSR Layout Field inspection assigned to Marshal officer.,General Consumer Services,Marshal Ward No 174/Marshal,HSR Layout,,,,,2025-06-17 02:41:00.000000000,Registered
20769753,INDIAN_OPENCITY_BBMP,20769753,"Khata Services (Registration, Transfer, Bifurcation and Amalgamation) in Byatarayanapura Field inspection assigned to ARO officer.",General Consumer Services,Guru Prasanna/ARO,Byatarayanapura,,,,,2025-06-18 12:25:00.000000000,Registered
20769301,INDIAN_OPENCITY_BBMP,20769301,Garbage transfer not as per norms & area not kept clean in Jayangar Field inspection assigned to Marshal officer.,General Consumer Services,Marshal Ward No 153/Marshal,Jayangar,,,,,2025-06-18 08:13:00.000000000,Registered
20766688,INDIAN_OPENCITY_BBMP,20766688,Footpath in Hongasandra Forwarded Task,General Consumer Services,Giridhar/AE,Hongasandra,,,,,2025-06-16 07:50:00.000000000,Registered
20768155,INDIAN_OPENCITY_BBMP,20768155,Garbage dump in Jayangar Clear,General Consumer Services,Marshal Ward No 153/Marshal,Jayangar,,,,,2025-06-17 09:31:00.000000000,Closed
20766347,INDIAN_OPENCITY_BBMP,20766347,Others in Gurappanapalya Field inspection assigned to Customer Support Representative officer.,General Consumer Services,BBMP Whatsapp/Customer Support Representative,Gurappanapalya,,,,,2025-06-15 06:18:00.000000000,Registered
20762784,INDIAN_OPENCITY_BBMP,20762784,Potholes in Shanthala Nagar Resolved,General Consumer Services,Nikhil Gowda /AE,Shanthala Nagar,,,,,2025-06-12 04:09:00.000000000,Closed
20762643,INDIAN_OPENCITY_BBMP,20762643,"Fatally injured - Needs immediate attention in Bapuji Nagar Please contact Dr.D.N Srinath, ADAH, Mobile no:[PHONE]",General Consumer Services,Hanumantha raju/VI,Bapuji Nagar,,,,,2025-06-12 02:03:00.000000000,Closed
20762734,INDIAN_OPENCITY_BBMP,20762734,Dengue positive in Basavanapura Attended,General Consumer Services,Raghavendra JN/SHI,Basavanapura,,,,,2025-06-12 03:04:00.000000000,Closed
20770110,INDIAN_OPENCITY_BBMP,20770110,Air/Noise pollution in HSR Layout Field inspection assigned to SHI officer.,General Consumer Services,G.Vinod/SHI,HSR Layout,,,,,2025-06-18 05:55:00.000000000,Registered
20771374,INDIAN_OPENCITY_BBMP,20771374,Potholes in Attiguppe Field inspection assigned to AE officer.,General Consumer Services,AE Ward 132/AE,Attiguppe,,,,,2025-06-19 05:44:00.000000000,Registered
20767126,INDIAN_OPENCITY_BBMP,20767126,Garbage dump in Vishwanathnagenahalli Complaint cleared,General Consumer Services,Marshal Ward No 22/Marshal,Vishwanathnagenahalli,,,,,2025-06-16 11:36:00.000000000,Closed
20766579,INDIAN_OPENCITY_BBMP,20766579,Garbage thrown in storm water drain in Domlur Forwarded Task,General Consumer Services,Vikranth/AE,Domlur,,,,,2025-06-15 09:58:00.000000000,Registered
20766862,INDIAN_OPENCITY_BBMP,20766862,Maintenance of SWD in Garudacharpalya Field inspection assigned to AE officer.,General Consumer Services,Prashanth/AE,Garudacharpalya,,,,,2025-06-16 10:02:00.000000000,Registered
20764727,INDIAN_OPENCITY_BBMP,20764727,Garbage vehicle not arrived in Radhakrishna Temple Cleared,General Consumer Services,Marshal Ward No 18/Marshal,Radhakrishna Temple,,,,,2025-06-14 07:11:00.000000000,Closed
20770237,INDIAN_OPENCITY_BBMP,20770237,Road side drains in Doddabommasandra Field inspection assigned to AE officer.,General Consumer Services,AE Ward 010/AE,Doddabommasandra,,,,,2025-06-18 07:43:00.000000000,Registered
20766720,INDIAN_OPENCITY_BBMP,20766720,Stray/Rabid dog bite in Vijanapura Complaint attended,General Consumer Services,Smt Jahanar Ameer/VI,Vijanapura,,,,,2025-06-16 08:23:00.000000000,Closed
20767331,INDIAN_OPENCITY_BBMP,20767331,water stagnation in Marathalli Field inspection assigned to AE officer.,General Consumer Services,Raghu/AE,Marathalli,,,,,2025-06-16 01:24:00.000000000,Registered
20771540,INDIAN_OPENCITY_BBMP,20771540,Fatally injured - Needs immediate attention in K.R.Puram Field inspection assigned to VI officer.,General Consumer Services,Smt Jahanar Ameer/VI,K.R.Puram,,,,,2025-06-19 07:57:00.000000000,Registered
20768721,INDIAN_OPENCITY_BBMP,20768721,Stray dog related complaints in Bagalagunte Comes under purasabha chikkabanavar,General Consumer Services,Dr sunilkumar Havanur/VI,Bagalagunte,,,,,2025-06-17 03:28:00.000000000,Closed
20771653,INDIAN_OPENCITY_BBMP,20771653,shifting of the street dogs to other places in Jnanabharathi Ward Field inspection assigned to VI officer.,General Consumer Services,Uma V.H/VI,Jnanabharathi Ward,,,,,2025-06-19 09:50:00.000000000,Registered
20766301,INDIAN_OPENCITY_BBMP,20766301,Burning of Garbage in Open Space in Cottonpet Complaints cleard sir,General Consumer Services,Marshal ward no 120/Marshal,Cottonpet,,,,,2025-06-15 04:49:00.000000000,Closed
20762202,INDIAN_OPENCITY_BBMP,20762202,"Removal of dead/fallen trees in Marappana Palya Please contact Area Supervisor, Naga-[PHONE]",General Consumer Services,sudarshan/DYRFO,Marappana Palya,,,,,2025-06-12 10:20:00.000000000,Closed
20764791,INDIAN_OPENCITY_BBMP,20764791,Burning of Garbage in Open Space in Hemmigepura Complaint clear,General Consumer Services,Marshal Ward No 198/Marshal,Hemmigepura,,,,,2025-06-14 08:37:00.000000000,Closed
20769228,INDIAN_OPENCITY_BBMP,20769228,Increase in mosquito density in BTM Layout Forwarded Task,General Consumer Services,Mallikarjuna/SHI,BTM Layout,,,,,2025-06-17 11:51:00.000000000,Registered
20771254,INDIAN_OPENCITY_BBMP,20771254,Dengue positive in Okalipuram Field inspection assigned to SHI officer.,General Consumer Services,Sajid Ahammad/SHI,Okalipuram,,,,,2025-06-19 03:39:00.000000000,Registered
20771409,INDIAN_OPENCITY_BBMP,20771409,Garbage dump in Hongasandra Field inspection assigned to Marshal officer.,General Consumer Services,Marshal Ward No 189/Marshal,Hongasandra,,,,,2025-06-19 06:04:00.000000000,Registered
20763555,INDIAN_OPENCITY_BBMP,20763555,Stray/Rabid dog bite in Arakere Field inspection assigned to VI officer.,General Consumer Services,Krishnaiah/VI,Arakere,,,,,2025-06-13 10:26:00.000000000,Registered
20762526,INDIAN_OPENCITY_BBMP,20762526,Animal birth control/neutering of stray dogs in Hemmigepura Dog's cought for animals birth control and vaccination,General Consumer Services,Ramesh.B/VI,Hemmigepura,,,,,2025-06-12 12:47:00.000000000,Closed
20767345,INDIAN_OPENCITY_BBMP,20767345,Increase in mosquito density in Vignana Nagar Field inspection assigned to SHI officer.,General Consumer Services,Ragavendra KV/SHI,Vignana Nagar,,,,,2025-06-16 01:32:00.000000000,Registered
20770685,INDIAN_OPENCITY_BBMP,20770685,obstructions Branches / Trees. in Dayananda Nagar Field inspection assigned to DYRFO officer.,General Consumer Services,sudarshan/DYRFO,Dayananda Nagar,,,,,2025-06-19 09:58:00.000000000,Registered
20768234,INDIAN_OPENCITY_BBMP,20768234,Others in HSR Layout Field inspection assigned to Customer Support Representative officer.,General Consumer Services,BBMP Whatsapp/Customer Support Representative,HSR Layout,,,,,2025-06-17 10:09:00.000000000,Registered
20766141,INDIAN_OPENCITY_BBMP,20766141,Garbage vehicle not arrived in Shakambari Nagar It's cleared,General Consumer Services,Marshal Ward No 179/Marshal,Shakambari Nagar,,,,,2025-06-15 01:02:00.000000000,Closed
20765334,INDIAN_OPENCITY_BBMP,20765334,"Khata Services (Registration, Transfer, Bifurcation and Amalgamation) in Jakkur Names will be Corrected soon",General Consumer Services,ARO ward 5 and 6/ARO,Jakkur,,,,,2025-06-14 02:26:00.000000000,Closed
20768602,INDIAN_OPENCITY_BBMP,20768602,Garbage vehicle not arrived in Banashankari Temple Ward Forwarded Task,General Consumer Services,Marshal Ward No 180/Marshal,Banashankari Temple Ward,,,,,2025-06-17 01:33:00.000000000,Registered
20767286,INDIAN_OPENCITY_BBMP,20767286,Road side drains in Mangammanapalya Field inspection assigned to AE officer.,General Consumer Services,Raj gopal /AE,Mangammanapalya,,,,,2025-06-16 12:59:00.000000000,Registered
20765563,INDIAN_OPENCITY_BBMP,20765563,Sweeping not done in C.V.Raman Nagar Cleared,General Consumer Services,Kondaiah/SHI,C.V.Raman Nagar,,,,,2025-06-14 06:47:00.000000000,Closed
20767291,INDIAN_OPENCITY_BBMP,20767291,Fatally injured - Needs immediate attention in HAL Airport Complaint attended,General Consumer Services,Smt Jahanar Ameer/VI,HAL Airport,,,,,2025-06-16 01:02:00.000000000,Closed
20764089,INDIAN_OPENCITY_BBMP,20764089,Dengue positive in Bellandur Attended,General Consumer Services,Mahesh Kumar S/SHI,Bellandur,,,,,2025-06-13 03:24:00.000000000,Closed
20769233,INDIAN_OPENCITY_BBMP,20769233,Footpath in Binnipet Field inspection assigned to AE officer.,General Consumer Services,Chaitra/AE,Binnipet,,,,,2025-06-18 12:30:00.000000000,Registered
20768243,INDIAN_OPENCITY_BBMP,20768243,Fatally injured - Needs immediate attention in Kempegowda Ward null,General Consumer Services,,Kempegowda Ward,,,,,2025-06-17 10:13:00.000000000,null
20768343,INDIAN_OPENCITY_BBMP,20768343,Garbage vehicle not arrived in Jnanabharathi Ward Clear,General Consumer Services,Marshal Ward No 129/Marshal,Jnanabharathi Ward,,,,,2025-06-17 11:01:00.000000000,Closed
20766312,INDIAN_OPENCITY_BBMP,20766312,Road cutting in Benniganahalli Field inspection assigned to AE officer.,General Consumer Services,Narasimaiah/AE,Benniganahalli,,,,,2025-06-15 05:04:00.000000000,Registered
20761948,INDIAN_OPENCITY_BBMP,20761948,water stagnation in Basavanapura Field inspection assigned to AE officer.,General Consumer Services,Vinay/AE,Basavanapura,,,,,2025-06-11 11:37:00.000000000,Registered
20764622,INDIAN_OPENCITY_BBMP,20764622,Stray/Rabid dog bite in Jakkasandra Dog bite complaint Attended on 14/06/25 Dog was not traced,General Consumer Services,SURESH/VI,Jakkasandra,,,,,2025-06-13 10:05:00.000000000,Closed
20771358,INDIAN_OPENCITY_BBMP,20771358,Construction not done as per approved plan (Building Bye Law Violations) in Radhakrishna Temple Field inspection assigned to AE officer.,General Consumer Services,Suresh/AE,Radhakrishna Temple,,,,,2025-06-19 05:34:00.000000000,Registered
20769851,INDIAN_OPENCITY_BBMP,20769851,Debris Removal / Construction Material in Jnanabharathi Ward Field inspection assigned to AE officer.,General Consumer Services,Venkatesh/AE,Jnanabharathi Ward,,,,,2025-06-18 01:34:00.000000000,Registered
20769907,INDIAN_OPENCITY_BBMP,20769907,Garbage vehicle not arrived in Kottigepalya Field inspection assigned to Marshal officer.,General Consumer Services,Marshal Ward No 73/Marshal,Kottigepalya,,,,,2025-06-18 02:26:00.000000000,Registered
20769857,INDIAN_OPENCITY_BBMP,20769857,obstructions Branches / Trees. in Basavanagudi Field inspection assigned to DYRFO officer.,General Consumer Services,Shivanna T.C/DYRFO,Basavanagudi,,,,,2025-06-18 01:39:00.000000000,Registered
20769558,INDIAN_OPENCITY_BBMP,20769558,Stray dog related complaints in Sanjay Nagar Field inspection assigned to VI officer.,General Consumer Services,Chandrika B R/VI,Sanjay Nagar,,,,,2025-06-18 10:54:00.000000000,Registered
20771148,INDIAN_OPENCITY_BBMP,20771148,Dead animal(s) in Arakere Field inspection assigned to JHI officer.,General Consumer Services,Keerthi Raj/JHI,Arakere,,,,,2025-06-19 02:25:00.000000000,Registered
20771518,INDIAN_OPENCITY_BBMP,20771518,Garbage vehicle not arrived in Rajagopala Nagar Field inspection assigned to Marshal officer.,General Consumer Services,Marshal Ward No 70/Marshal,Rajagopala Nagar,,,,,2025-06-19 07:29:00.000000000,Registered
20771648,INDIAN_OPENCITY_BBMP,20771648,Removal of dead/fallen trees in Giri Nagar Field inspection assigned to DYRFO officer.,General Consumer Services,Shivanna T.C/DYRFO,Giri Nagar,,,,,2025-06-19 09:36:00.000000000,Registered
20768333,INDIAN_OPENCITY_BBMP,20768333,Technical Issue In Ekhata in H.M.T Field inspection assigned to RI officer.,General Consumer Services,Santhosh/RI,H.M.T,,,,,2025-06-17 10:55:00.000000000,Registered
20766354,INDIAN_OPENCITY_BBMP,20766354,Environmental protection in Horamavu Field inspection assigned to HS officer.,General Consumer Services,Keshav/HS,Horamavu,,,,,2025-06-15 06:31:00.000000000,Registered
20762091,INDIAN_OPENCITY_BBMP,20762091,Removal of dead/fallen trees in Jayangar Resolved,General Consumer Services,B.B Meti/DYRFO,Jayangar,,,,,2025-06-12 09:00:00.000000000,Closed
20769589,INDIAN_OPENCITY_BBMP,20769589,Removal of dead/fallen trees in HSR Layout Field inspection assigned to RFO officer.,General Consumer Services,Narendra Babu/RFO,HSR Layout,,,,,2025-06-18 11:04:00.000000000,Registered
20770640,INDIAN_OPENCITY_BBMP,20770640,Garbage vehicle not arrived in Vasanthapura Forwarded Task,General Consumer Services,Marshal Ward No 197/Marshal,Vasanthapura,,,,,2025-06-19 09:26:00.000000000,Registered
20766110,INDIAN_OPENCITY_BBMP,20766110,Air/Noise pollution in Yelahanka old Satellite Town Field inspection assigned to SHI officer.,General Consumer Services,SHI Ward 004/SHI,Yelahanka old Satellite Town,,,,,2025-06-15 12:38:00.000000000,Registered
20771175,INDIAN_OPENCITY_BBMP,20771175,Garbage dump in Kodigehalli Field inspection assigned to Marshal officer.,General Consumer Services,Marshal Ward No 08/Marshal,Kodigehalli,,,,,2025-06-19 02:46:00.000000000,Registered
20768166,INDIAN_OPENCITY_BBMP,20768166,Construction not done as per approved plan (Building Bye Law Violations) in Jakkur Field inspection assigned to AE officer.,General Consumer Services,Santhosh Kumar/AE,Jakkur,,,,,2025-06-17 09:35:00.000000000,Registered
20767468,INDIAN_OPENCITY_BBMP,20767468,Removal of dead/fallen trees in H.M.T Field inspection assigned to DYRFO officer.,General Consumer Services,Jagadish V/DYRFO,H.M.T,,,,,2025-06-16 03:08:00.000000000,Registered
20762857,INDIAN_OPENCITY_BBMP,20762857,Technical Issue In Ekhata in Chokkasandra There is no such issue. Kindly share the screen shot of the issue.,General Consumer Services,Amar/RI,Chokkasandra,,,,,2025-06-12 04:44:00.000000000,Closed
20771328,INDIAN_OPENCITY_BBMP,20771328,Road Infrastructure in Hagadooru Field inspection assigned to AE officer.,General Consumer Services,Veeresh Balagnur/AE,Hagadooru,,,,,2025-06-19 04:51:00.000000000,Registered
20767691,INDIAN_OPENCITY_BBMP,20767691,Debris Removal / Construction Material in Thanisandra Field inspection assigned to AE officer.,General Consumer Services,Suresh Devataraju/AE,Thanisandra,,,,,2025-06-16 06:36:00.000000000,Registered
20768258,INDIAN_OPENCITY_BBMP,20768258,Technical Issue In Ekhata in Someshwara Field inspection assigned to RI officer.,General Consumer Services,Amar/RI,Someshwara,,,,,2025-06-17 10:17:00.000000000,Registered
20770036,INDIAN_OPENCITY_BBMP,20770036,Other Khata / ekhata issues in Gottigere Field inspection assigned to ARO officer.,General Consumer Services,Dodda Shamachari/ARO,Gottigere,,,,,2025-06-18 04:42:00.000000000,Registered
20771127,INDIAN_OPENCITY_BBMP,20771127,Garbage dump in Kadugondanahalli Field inspection assigned to Marshal officer.,General Consumer Services,Marshal Ward No 30/Marshal,Kadugondanahalli,,,,,2025-06-19 02:04:00.000000000,Registered
20770761,INDIAN_OPENCITY_BBMP,20770761,Others in Pulikeshi Nagar Field inspection assigned to Customer Support Representative officer.,General Consumer Services,BBMP Whatsapp/Customer Support Representative,Pulikeshi Nagar,,,,,2025-06-19 10:37:00.000000000,Registered
20768898,INDIAN_OPENCITY_BBMP,20768898,Road side drains in Ramamurthy Nagar Field inspection assigned to AE officer.,General Consumer Services,Ramesh/AE,Ramamurthy Nagar,,,,,2025-06-17 06:08:00.000000000,Registered
20764704,INDIAN_OPENCITY_BBMP,20764704,Public dustbins not cleaned in Yadiyuru Clear,General Consumer Services,Marshal Ward No 167/Marshal,Yadiyuru,,,,,2025-06-14 06:44:00.000000000,Closed
20763894,INDIAN_OPENCITY_BBMP,20763894,Fatally injured - Needs immediate attention in Hegganahalli attended,General Consumer Services,Dr sunilkumar Havanur/VI,Hegganahalli,,,,,2025-06-13 01:06:00.000000000,Closed
20766569,INDIAN_OPENCITY_BBMP,20766569,Garbage dump in Maruthi Mandira Ward Field inspection assigned to Marshal officer.,General Consumer Services,Marshal Ward No 126/Marshal,Maruthi Mandira Ward,,,,,2025-06-15 09:47:00.000000000,In Progress
20767930,INDIAN_OPENCITY_BBMP,20767930,Stray dog related complaints in Nagarabhavi Counselling Done,General Consumer Services,Anand G/VI,Nagarabhavi,,,,,2025-06-16 09:57:00.000000000,Closed
20762339,INDIAN_OPENCITY_BBMP,20762339,Unhygienic premises in Hotel etc in Maruthi Seva Nagar Field inspection assigned to SHI officer.,General Consumer Services,Mani shankar/SHI,Maruthi Seva Nagar,,,,,2025-06-12 11:19:00.000000000,Registered
20763969,INDIAN_OPENCITY_BBMP,20763969,Sewerage water left in SWD in Pulikeshi Nagar Field inspection assigned to AE officer.,General Consumer Services,Samatha/AE,Pulikeshi Nagar,,,,,2025-06-13 02:10:00.000000000,Registered
20763949,INDIAN_OPENCITY_BBMP,20763949,Potholes in Jeevanbhima Nagar Field inspection assigned to Customer Support Representative officer.,General Consumer Services,BBMP Whatsapp/Customer Support Representative,Jeevanbhima Nagar,,,,,2025-06-13 01:45:00.000000000,Non Relevant
20771526,INDIAN_OPENCITY_BBMP,20771526,Road side drains in Kadugodi Field inspection assigned to AE officer.,General Consumer Services,Venkatesh/AE,Kadugodi,,,,,2025-06-19 07:39:00.000000000,Registered
20762648,INDIAN_OPENCITY_BBMP,20762648,Garbage dump in Sagayapuram Garbage still found & not cleaned yet.,General Consumer Services,Shiddlingappa Mali /Division Supervisor,Sagayapuram,,,,,2025-06-12 02:05:00.000000000,ReOpen
20766550,INDIAN_OPENCITY_BBMP,20766550,Garbage dump in Hanumantha Nagar Clear,General Consumer Services,Marshal Ward No 155/Marshal,Hanumantha Nagar,,,,,2025-06-15 09:22:00.000000000,Closed
20761963,INDIAN_OPENCITY_BBMP,20761963,Potholes in Jnanabharathi Ward FFF,General Consumer Services,Venkatesh/AE,Jnanabharathi Ward,,,,,2025-06-12 12:33:00.000000000,Closed
20765103,INDIAN_OPENCITY_BBMP,20765103,Road side drains in Sunkenahalli Attended,General Consumer Services,AE Ward 142/AE,Sunkenahalli,,,,,2025-06-14 11:50:00.000000000,Closed
20769463,INDIAN_OPENCITY_BBMP,20769463,Garbage vehicle not arrived in Laggere Forwarded Task,General Consumer Services,Marshal Ward No 69/Marshal,Laggere,,,,,2025-06-18 10:03:00.000000000,Registered
20764893,INDIAN_OPENCITY_BBMP,20764893,Garbage transfer not as per norms & area not kept clean in K.R.Market Close,General Consumer Services,Marshal Ward No 139/Marshal,K.R.Market,,,,,2025-06-14 09:56:00.000000000,Closed
20770977,INDIAN_OPENCITY_BBMP,20770977,Garbage dump in Doddanekkundi Close,General Consumer Services,Marshal Ward No 85/Marshal,Doddanekkundi,,,,,2025-06-19 12:27:00.000000000,Closed
20770494,INDIAN_OPENCITY_BBMP,20770494,Garbage dump in Kempegowda Ward Resolved,General Consumer Services,Marshal Ward No 01/Marshal,Kempegowda Ward,,,,,2025-06-19 07:12:00.000000000,Closed
20769968,INDIAN_OPENCITY_BBMP,20769968,Ekhata - name correction in Ejipura Field inspection assigned to ARO officer.,General Consumer Services,bharathi/ARO,Ejipura,,,,,2025-06-18 03:26:00.000000000,Registered
20765077,INDIAN_OPENCITY_BBMP,20765077,Road side drains in Bellandur Spot inspection done necessary action will be taken at the earliest,General Consumer Services,Raghu/AE,Bellandur,,,,,2025-06-14 11:37:00.000000000,Closed
20770192,INDIAN_OPENCITY_BBMP,20770192,Zonal Violation of the Building in Rajagopala Nagar Field inspection assigned to SHI officer.,General Consumer Services,Shivalingaiah/SHI,Rajagopala Nagar,,,,,2025-06-18 07:13:00.000000000,Registered
20761708,INDIAN_OPENCITY_BBMP,20761708,Garbage dump in Bilekahalli Complaint Cleared,General Consumer Services,Marshal Ward No 188/Marshal,Bilekahalli,,,,,2025-06-11 06:08:00.000000000,Closed
20762198,INDIAN_OPENCITY_BBMP,20762198,Dead animal(s) in Malleshwaram Dead Rat Cleared Sir,General Consumer Services,Anil Kumar /JHI,Malleshwaram,,,,,2025-06-12 10:17:00.000000000,Closed
20761734,INDIAN_OPENCITY_BBMP,20761734,Road side drains in Jeevanbhima Nagar Bwssb,General Consumer Services,BBMP Whatsapp/Customer Support Representative,Jeevanbhima Nagar,,,,,2025-06-11 06:50:00.000000000,Non Relevant
20761849,INDIAN_OPENCITY_BBMP,20761849,Garbage dump in Vasanthapura Close,General Consumer Services,Marshal Ward No 197/Marshal,Vasanthapura,,,,,2025-06-11 08:51:00.000000000,Closed
20769847,INDIAN_OPENCITY_BBMP,20769847,Fatally injured - Needs immediate attention in Garudacharpalya Field inspection assigned to VI officer.,General Consumer Services,B K Ashwath Narayan/VI,Garudacharpalya,,,,,2025-06-18 01:32:00.000000000,Registered
20764770,INDIAN_OPENCITY_BBMP,20764770,Garbage dump in Ullalu Field inspection assigned to Marshal officer.,General Consumer Services,Marshal Ward No 130/Marshal,Ullalu,,,,,2025-06-14 08:17:00.000000000,Registered
20771118,INDIAN_OPENCITY_BBMP,20771118,Road side drains in Shettyhalli Field inspection assigned to AE officer.,General Consumer Services,Krishna murthy/AE,Shettyhalli,,,,,2025-06-19 01:51:00.000000000,Registered
20765224,INDIAN_OPENCITY_BBMP,20765224,Mutton/Chicken/fish stall Unhygienic maintenance in Begur Field inspection assigned to VI officer.,General Consumer Services,Krishnaiah/VI,Begur,,,,,2025-06-14 12:51:00.000000000,Registered
20763843,INDIAN_OPENCITY_BBMP,20763843,Stray dog related complaints in Nagapura Attended but not found the dog,General Consumer Services,Lokesh/VI,Nagapura,,,,,2025-06-13 12:37:00.000000000,Closed
20770023,INDIAN_OPENCITY_BBMP,20770023,Garbage dump in K.R.Market Field inspection assigned to Marshal officer.,General Consumer Services,Marshal Ward No 139/Marshal,K.R.Market,,,,,2025-06-18 04:34:00.000000000,Registered
20768126,INDIAN_OPENCITY_BBMP,20768126,Others in Mangammanapalya Field inspection assigned to Customer Support Representative officer.,General Consumer Services,BBMP Whatsapp/Customer Support Representative,Mangammanapalya,,,,,2025-06-17 09:20:00.000000000,Registered
20768141,INDIAN_OPENCITY_BBMP,20768141,Ekhata Other corrections in Singasandra ನಿಯಮಾನುಸಾರ ಕ್ರಮ ವಹಿಸಲಾಗುವುದು,General Consumer Services,Narasimhulu/ARO,Singasandra,,,,,2025-06-17 09:26:00.000000000,Closed
20763802,INDIAN_OPENCITY_BBMP,20763802,Sewerage water left in SWD in Kodigehalli Field inspection assigned to Customer Support Representative officer.,General Consumer Services,BBMP Whatsapp/Customer Support Representative,Kodigehalli,,,,,2025-06-13 12:13:00.000000000,Non Relevant
20763456,INDIAN_OPENCITY_BBMP,20763456,Garbage dumping in vacant sites in Vignana Nagar Clear,General Consumer Services,Marshal Ward No 80/Marshal,Vignana Nagar,,,,,2025-06-13 09:38:00.000000000,Closed
20765855,INDIAN_OPENCITY_BBMP,20765855,Dead animal(s) in Rajarajeshwari Nagar Field inspection assigned to JHI officer.,General Consumer Services,Soumya/JHI,Rajarajeshwari Nagar,,,,,2025-06-15 08:28:00.000000000,Registered
20767436,INDIAN_OPENCITY_BBMP,20767436,Garbage dump in Nagarabhavi Field inspection assigned to Marshal officer.,General Consumer Services,Marshal Ward No 128/Marshal,Nagarabhavi,,,,,2025-06-16 02:46:00.000000000,Registered
20766744,INDIAN_OPENCITY_BBMP,20766744,Garbage vehicle not arrived in Uttarahalli Closed,General Consumer Services,Marshal Ward No 184/Marshal,Uttarahalli,,,,,2025-06-16 08:41:00.000000000,Closed
20769265,INDIAN_OPENCITY_BBMP,20769265,Garbage dump in Rajamahal Garbage cleared,General Consumer Services,Marshal Ward No 564/Marshal,Rajamahal,,,,,2025-06-18 07:25:00.000000000,Closed
20769541,INDIAN_OPENCITY_BBMP,20769541,Sewerage water left in SWD in Kengeri Field inspection assigned to AE officer.,General Consumer Services,Aveesh/AE,Kengeri,,,,,2025-06-18 10:49:00.000000000,Registered
20761774,INDIAN_OPENCITY_BBMP,20761774,"Khata Services (Registration, Transfer, Bifurcation and Amalgamation) in Gali Anjaneya Swamy Temple Ward Respected Sir, as per U R complaint instruction was given Sri.Shadakshari SDA Mob: [PHONE] to submit the file",General Consumer Services,Venkatesh K/ARO,Gali Anjaneya Swamy Temple Ward,,,,,2025-06-11 07:31:00.000000000,Closed
20763950,INDIAN_OPENCITY_BBMP,20763950,Potholes in HAL Airport Field inspection assigned to AE officer.,General Consumer Services,G.D SOMAIAH/AE,HAL Airport,,,,,2025-06-13 01:47:00.000000000,Registered
20765324,INDIAN_OPENCITY_BBMP,20765324,Garbage dump in Kumaraswamy Layout Complaint received multiple times considering one complaint will clear ASAP,General Consumer Services,Marshal Ward No 181/Marshal,Kumaraswamy Layout,,,,,2025-06-14 02:21:00.000000000,Closed
20763960,INDIAN_OPENCITY_BBMP,20763960,Garbage dumping in vacant sites in Anjanapur Forwarded Task,General Consumer Services,Marshal Ward No 196/Marshal,Anjanapur,,,,,2025-06-13 01:58:00.000000000,Registered
20763744,INDIAN_OPENCITY_BBMP,20763744,Issues Related to Parks/Medians/Circles/Island. in Herohalli Field inspection assigned to HS officer.,General Consumer Services,Shankar Murthy/HS,Herohalli,,,,,2025-06-13 11:39:00.000000000,Registered
20767024,INDIAN_OPENCITY_BBMP,20767024,Sweeping not done in Kumaraswamy Layout Field inspection assigned to JHI officer.,General Consumer Services,Bharath B N /JHI,Kumaraswamy Layout,,,,,2025-06-16 11:03:00.000000000,Registered
20762655,INDIAN_OPENCITY_BBMP,20762655,Garbage dump in Azad Nagar Complaint clear,General Consumer Services,Marshal Ward No 141/Marshal,Azad Nagar,,,,,2025-06-12 02:11:00.000000000,Closed
20768238,INDIAN_OPENCITY_BBMP,20768238,obstructions Branches / Trees. in Gurappanapalya Field inspection assigned to DYRFO officer.,General Consumer Services,B.B Meti/DYRFO,Gurappanapalya,,,,,2025-06-17 10:11:00.000000000,Registered
20765843,INDIAN_OPENCITY_BBMP,20765843,Burning of Garbage in Open Space in Bapuji Nagar Cleared,General Consumer Services,Marshal Ward No 134/Marshal,Bapuji Nagar,,,,,2025-06-15 08:13:00.000000000,Closed
20766293,INDIAN_OPENCITY_BBMP,20766293,"Removal of dead/fallen trees in HSR Layout Please submit application to BBMP, Forest Department",General Consumer Services,Narendra Babu/RFO,HSR Layout,,,,,2025-06-15 04:35:00.000000000,Closed
20770516,INDIAN_OPENCITY_BBMP,20770516,Garbage dump in Varthur This belongs to engineering department,General Consumer Services,Marshal Ward No 149/Marshal,Varthur,,,,,2025-06-19 07:33:00.000000000,Closed
20768741,INDIAN_OPENCITY_BBMP,20768741,obstructions Branches / Trees. in Banaswadi Field inspection assigned to DYRFO officer.,General Consumer Services,P Nagendra /DYRFO,Banaswadi,,,,,2025-06-17 03:53:00.000000000,Registered
20771424,INDIAN_OPENCITY_BBMP,20771424,Garbage dump in Manorayanapalya Field inspection assigned to Marshal officer.,General Consumer Services,Marshal Ward No 33/Marshal,Manorayanapalya,,,,,2025-06-19 06:15:00.000000000,Registered
20770008,INDIAN_OPENCITY_BBMP,20770008,Fatally injured - Needs immediate attention in Dodda Bidarkallu Field inspection assigned to VI officer.,General Consumer Services,Ramesh.B/VI,Dodda Bidarkallu,,,,,2025-06-18 04:18:00.000000000,Registered
20771444,INDIAN_OPENCITY_BBMP,20771444,footpath encroachment in Sampangiram Nagar Field inspection assigned to AE officer.,General Consumer Services,Chandhan/AE,Sampangiram Nagar,,,,,2025-06-19 06:34:00.000000000,Registered
20770798,INDIAN_OPENCITY_BBMP,20770798,Issues Related to Parks/Medians/Circles/Island. in Byatarayanapura Field inspection assigned to HS officer.,General Consumer Services,Yelahanka HS/HS,Byatarayanapura,,,,,2025-06-19 11:02:00.000000000,Registered
20770128,INDIAN_OPENCITY_BBMP,20770128,Garbage dump in Pattabhiram Nagar Field inspection assigned to Marshal officer.,General Consumer Services,Marshal Ward No 168/Marshal,Pattabhiram Nagar,,,,,2025-06-18 06:14:00.000000000,Registered
20762790,INDIAN_OPENCITY_BBMP,20762790,obstructions Branches / Trees. in Shettyhalli please give an request letter to bbmp forest department office in bagalagunte,General Consumer Services,Rajappa/DYRFO,Shettyhalli,,,,,2025-06-12 04:13:00.000000000,Closed
20768357,INDIAN_OPENCITY_BBMP,20768357,Garbage vehicle not arrived in J.P.Nagar Complete clear,General Consumer Services,Marshal Ward No 177/Marshal,J.P.Nagar,,,,,2025-06-17 11:09:00.000000000,Closed
20763528,INDIAN_OPENCITY_BBMP,20763528,Garbage dump in Jeevanbhima Nagar Complaint that have posted is cleared sir Thank you,General Consumer Services,Marshal Ward No 88/Marshal,Jeevanbhima Nagar,,,,,2025-06-13 10:15:00.000000000,Closed
20764698,INDIAN_OPENCITY_BBMP,20764698,Dumping of garbage into lake in Singasandra Forwarded Task,General Consumer Services,Usha Rani/AE,Singasandra,,,,,2025-06-14 06:33:00.000000000,Registered
20767984,INDIAN_OPENCITY_BBMP,20767984,Garbage vehicle not arrived in Dattathreya Temple Clear,General Consumer Services,Marshal Ward No 77/Marshal,Dattathreya Temple,,,,,2025-06-17 01:07:00.000000000,Closed
20767439,INDIAN_OPENCITY_BBMP,20767439,Debris Removal / Construction Material in Ganga Nagar Field inspection assigned to AE officer.,General Consumer Services,Mohan Kumar /AE,Ganga Nagar,,,,,2025-06-16 02:50:00.000000000,Registered
20769622,INDIAN_OPENCITY_BBMP,20769622,water stagnation in Sudam Nagar Field inspection assigned to AE officer.,General Consumer Services,AE Ward 118/AE,Sudam Nagar,,,,,2025-06-18 11:15:00.000000000,Registered
20762827,INDIAN_OPENCITY_BBMP,20762827,Sweeping not done in Hosahalli Field inspection assigned to JHI officer.,General Consumer Services,Savitha C K /JHI,Hosahalli,,,,,2025-06-12 04:23:00.000000000,Registered
20768546,INDIAN_OPENCITY_BBMP,20768546,Road side drains in K.R.Puram Field inspection assigned to AE officer.,General Consumer Services,Jagadeesh/AE,K.R.Puram,,,,,2025-06-17 12:58:00.000000000,Registered
20766927,INDIAN_OPENCITY_BBMP,20766927,Stray/Rabid dog bite in Konanakunte As per discussion held with you sir,General Consumer Services,Uday Kulkarni/VI,Konanakunte,,,,,2025-06-16 10:27:00.000000000,Closed
20763809,INDIAN_OPENCITY_BBMP,20763809,Road Infrastructure in Hemmigepura Forwarded Task,General Consumer Services,Chandrashekhar/AE,Hemmigepura,,,,,2025-06-13 12:16:00.000000000,Registered
20762013,INDIAN_OPENCITY_BBMP,20762013,Garbage dump in Hoysala Nagar Garbage cleared madam. Thank you,General Consumer Services,Marshal Ward No 80/Marshal,Hoysala Nagar,,,,,2025-06-12 07:57:00.000000000,Closed
20763407,INDIAN_OPENCITY_BBMP,20763407,Stray dog related complaints in Herohalli Dog's cought for animals birth control and vaccination,General Consumer Services,Ramesh.B/VI,Herohalli,,,,,2025-06-13 09:14:00.000000000,Closed
20770717,INDIAN_OPENCITY_BBMP,20770717,Garbage dump in S.K.Garden Field inspection assigned to Marshal officer.,General Consumer Services,Marshal Ward No 61/Marshal,S.K.Garden,,,,,2025-06-19 10:20:00.000000000,Registered
20762779,INDIAN_OPENCITY_BBMP,20762779,Footpath in BTM Layout Still work in progress,General Consumer Services,AE Ward 176/AE,BTM Layout,,,,,2025-06-12 04:07:00.000000000,Closed
20766589,INDIAN_OPENCITY_BBMP,20766589,shifting of the street dogs to other places in Gottigere We can't relocate the dog as per bbmp 2024 rules. (Counseling),General Consumer Services,Uday Kulkarni/VI,Gottigere,,,,,2025-06-15 10:17:00.000000000,Closed
20762837,INDIAN_OPENCITY_BBMP,20762837,obstructions Branches / Trees. in Shanthala Nagar Plz upload photos,General Consumer Services,Thimmappa/DYRFO,Shanthala Nagar,,,,,2025-06-12 04:29:00.000000000,Closed
20768627,INDIAN_OPENCITY_BBMP,20768627,Garbage vehicle not arrived in Attiguppe Resolved,General Consumer Services,Marshal Ward No 132/Marshal,Attiguppe,,,,,2025-06-17 01:55:00.000000000,Closed
20769146,INDIAN_OPENCITY_BBMP,20769146,Potholes in Uttarahalli .,General Consumer Services,Venkat Ramana/AE,Uttarahalli,,,,,2025-06-17 09:36:00.000000000,Closed
20762522,INDIAN_OPENCITY_BBMP,20762522,Debris Removal / Construction Material in Jeevanbhima Nagar Field inspection assigned to AE officer.,General Consumer Services,Shilpa/AE,Jeevanbhima Nagar,,,,,2025-06-12 12:44:00.000000000,Registered
20766689,INDIAN_OPENCITY_BBMP,20766689,Dead animal(s) in Hemmigepura The garbage not cleared closed stating cleared as such not cleared please take necessary action to clear,General Consumer Services,S V Rajesh/CE,Hemmigepura,,,,,2025-06-16 07:54:00.000000000,ReOpen
20766210,INDIAN_OPENCITY_BBMP,20766210,obstructions Branches / Trees. in Sampangiram Nagar Plz upload photos,General Consumer Services,P Nagendra /DYRFO,Sampangiram Nagar,,,,,2025-06-15 02:12:00.000000000,Closed
20763620,INDIAN_OPENCITY_BBMP,20763620,Garbage dump in Horamavu Clear t,General Consumer Services,Marshal Ward No 25/Marshal,Horamavu,,,,,2025-06-13 10:56:00.000000000,Closed
20771207,INDIAN_OPENCITY_BBMP,20771207,Garbage dump in Shanthala Nagar Field inspection assigned to Marshal officer.,General Consumer Services,Marshal Ward No 111/Marshal,Shanthala Nagar,,,,,2025-06-19 03:12:00.000000000,Registered
20763645,INDIAN_OPENCITY_BBMP,20763645,Removal of dead/fallen trees in Lingarajapuram Contact swm department,General Consumer Services,P Nagendra /DYRFO,Lingarajapuram,,,,,2025-06-13 11:06:00.000000000,Closed
20763271,INDIAN_OPENCITY_BBMP,20763271,water stagnation in Hagadooru Field inspection assigned to AE officer.,General Consumer Services,Basavaraja TakkalakI/AE,Hagadooru,,,,,2025-06-13 05:45:00.000000000,Registered
20768053,INDIAN_OPENCITY_BBMP,20768053,"Sweeping not done in Vishwanathnagenahalli Collected Garbage dumped by Sweeper ,take a necessary action....",General Consumer Services,Manoj kumar J/JHI,Vishwanathnagenahalli,,,,,2025-06-17 08:13:00.000000000,Registered
20767621,INDIAN_OPENCITY_BBMP,20767621,Technical Issue In Ekhata in Varthur as inform to you the details already forward to aro sir plz wait he will be rectify,General Consumer Services,Santhos Kumar/ARO,Varthur,,,,,2025-06-16 05:30:00.000000000,Closed
20769665,INDIAN_OPENCITY_BBMP,20769665,Stray dog related complaints in Jnanabharathi Ward Field inspection assigned to VI officer.,General Consumer Services,Uma V.H/VI,Jnanabharathi Ward,,,,,2025-06-18 11:37:00.000000000,Registered
20765743,INDIAN_OPENCITY_BBMP,20765743,Stray dog related complaints in HSR Layout We cannot relocate the dog's only Animal birth control and ARV vaccination done our BBMP side As Per schedule.,General Consumer Services,Krishnaiah/VI,HSR Layout,,,,,2025-06-14 10:31:00.000000000,Closed
20765709,INDIAN_OPENCITY_BBMP,20765709,Garbage dump in Hoodi This Not Comes under BBMP Limits please contact Margondanhalli Panchayati office,General Consumer Services,Marshal Ward No 54/Marshal,Hoodi,,,,,2025-06-14 09:26:00.000000000,Closed
20763772,INDIAN_OPENCITY_BBMP,20763772,Garbage dump in Hoodi This Not under BBMP Limits please Complaint in Kurudusonnehalli Panchayati office,General Consumer Services,Marshal Ward No 54/Marshal,Hoodi,,,,,2025-06-13 11:54:00.000000000,Closed
20769831,INDIAN_OPENCITY_BBMP,20769831,Animal birth control/neutering of stray dogs in Rajarajeshwari Nagar Field inspection assigned to VI officer.,General Consumer Services,Uma V.H/VI,Rajarajeshwari Nagar,,,,,2025-06-18 01:26:00.000000000,Registered
20764107,INDIAN_OPENCITY_BBMP,20764107,Dengue positive in Shakambari Nagar Attended,General Consumer Services,SHI Ward 179/SHI,Shakambari Nagar,,,,,2025-06-13 03:29:00.000000000,Closed
20763872,INDIAN_OPENCITY_BBMP,20763872,Garbage transfer not as per norms & area not kept clean in Vignana Nagar Clear,General Consumer Services,Marshal Ward No 80/Marshal,Vignana Nagar,,,,,2025-06-13 12:54:00.000000000,Closed
20771227,INDIAN_OPENCITY_BBMP,20771227,Dengue positive in Lakkasandra Field inspection assigned to Medical officer officer.,General Consumer Services,Dr Shivdarshan/Medical officer,Lakkasandra,,,,,2025-06-19 03:26:00.000000000,Registered
20762342,INDIAN_OPENCITY_BBMP,20762342,Potholes in Maruthi Mandira Ward Field inspection assigned to AE officer.,General Consumer Services,Ravi Raj/AE,Maruthi Mandira Ward,,,,,2025-06-12 11:21:00.000000000,Registered
20765199,INDIAN_OPENCITY_BBMP,20765199,Garbage dump in Hoodi Without Fencing open Can't able Clear,General Consumer Services,Marshal Ward No 54/Marshal,Hoodi,,,,,2025-06-14 12:32:00.000000000,Closed
20766756,INDIAN_OPENCITY_BBMP,20766756,Sweeping not done in Lingarajapuram Clear,General Consumer Services,JHI Ward 49/JHI,Lingarajapuram,,,,,2025-06-16 08:58:00.000000000,Closed
20764288,INDIAN_OPENCITY_BBMP,20764288,Dead animal(s) in Uttarahalli Field inspection assigned to JHI officer.,General Consumer Services,Shashi Kumar/JHI,Uttarahalli,,,,,2025-06-13 05:30:00.000000000,Registered
20770646,INDIAN_OPENCITY_BBMP,20770646,Garbage vehicle not arrived in Kadugondanahalli Field inspection assigned to Marshal officer.,General Consumer Services,Marshal Ward No 30/Marshal,Kadugondanahalli,,,,,2025-06-19 09:33:00.000000000,In Progress
20766486,INDIAN_OPENCITY_BBMP,20766486,Stray dog related complaints in Hongasandra Field inspection assigned to VI officer.,General Consumer Services,Krishnaiah/VI,Hongasandra,,,,,2025-06-15 08:23:00.000000000,Registered
20770716,INDIAN_OPENCITY_BBMP,20770716,Dead animal(s) in Horamavu Field inspection assigned to JHI officer.,General Consumer Services,Harish Kumar K V /JHI,Horamavu,,,,,2025-06-19 10:20:00.000000000,Registered
20769687,INDIAN_OPENCITY_BBMP,20769687,Garbage vehicle not arrived in Pulikeshi Nagar Field inspection assigned to Marshal officer.,General Consumer Services,Marshal Ward No 78/Marshal,Pulikeshi Nagar,,,,,2025-06-18 11:47:00.000000000,Registered
20771055,INDIAN_OPENCITY_BBMP,20771055,Garbage dump in Gottigere Field inspection assigned to Marshal officer.,General Consumer Services,Marshal Ward No 194/Marshal,Gottigere,,,,,2025-06-19 01:13:00.000000000,Registered
20766627,INDIAN_OPENCITY_BBMP,20766627,Complaint against SW collector/ SWM official for violation of SWM Rules in Hosakerehalli Ok sir,General Consumer Services,Marshal Ward No 161/Marshal,Hosakerehalli,,,,,2025-06-16 12:08:00.000000000,Closed
20769378,INDIAN_OPENCITY_BBMP,20769378,Garbage dump in Jnanabharathi Ward Forwarded Task,General Consumer Services,Marshal Ward No 129/Marshal,Jnanabharathi Ward,,,,,2025-06-18 09:15:00.000000000,Registered
20770603,INDIAN_OPENCITY_BBMP,20770603,Sweeping not done in Vasanth Nagar Complete clear,General Consumer Services,Manoj Kumar J/JHI,Vasanth Nagar,,,,,2025-06-19 08:56:00.000000000,Closed
20766102,INDIAN_OPENCITY_BBMP,20766102,Sweeping not done in Aramane Nagar Forwarded Task,General Consumer Services,Naveen Kumar/JHI,Aramane Nagar,,,,,2025-06-15 12:26:00.000000000,Registered
20767337,INDIAN_OPENCITY_BBMP,20767337,Spraying in Vijanapura Field inspection assigned to SHI officer.,General Consumer Services,SHI Ward 51/SHI,Vijanapura,,,,,2025-06-16 01:30:00.000000000,Registered
20768134,INDIAN_OPENCITY_BBMP,20768134,Other Khata / ekhata issues in Hagadooru as inform to you have to re submit the online application,General Consumer Services,Santhos Kumar/ARO,Hagadooru,,,,,2025-06-17 09:24:00.000000000,Closed
20769915,INDIAN_OPENCITY_BBMP,20769915,Debris Removal / Construction Material in Jakkur Field inspection assigned to AE officer.,General Consumer Services,Manthesh/AE,Jakkur,,,,,2025-06-18 02:35:00.000000000,Registered
20762380,INDIAN_OPENCITY_BBMP,20762380,Stray dog related complaints in Kuvempu Nagar Call not received.,General Consumer Services,Pushpa B Rao/VI,Kuvempu Nagar,,,,,2025-06-12 11:35:00.000000000,Closed
20765639,INDIAN_OPENCITY_BBMP,20765639,obstructions Branches / Trees. in K.R.Puram Field inspection assigned to DYRFO officer.,General Consumer Services,Sudharshan/DYRFO,K.R.Puram,,,,,2025-06-14 08:10:00.000000000,Registered
20770737,INDIAN_OPENCITY_BBMP,20770737,Garbage vehicle not arrived in Doddanekkundi Cleared,General Consumer Services,Marshal Ward No 85/Marshal,Doddanekkundi,,,,,2025-06-19 10:28:00.000000000,Closed
20761984,INDIAN_OPENCITY_BBMP,20761984,Potholes in Rajarajeshwari Nagar We will rectify it,General Consumer Services,Siddaramaiah/AE,Rajarajeshwari Nagar,,,,,2025-06-12 06:44:00.000000000,Closed
20763410,INDIAN_OPENCITY_BBMP,20763410,Removal of dead/fallen trees in Kacharakanahalli [PHONE],General Consumer Services,P Nagendra /DYRFO,Kacharakanahalli,,,,,2025-06-13 09:15:00.000000000,Closed
20769577,INDIAN_OPENCITY_BBMP,20769577,Garbage dumping in vacant sites in Horamavu Field inspection assigned to Marshal officer.,General Consumer Services,Marshal Ward No 25/Marshal,Horamavu,,,,,2025-06-18 11:00:00.000000000,Registered
20769787,INDIAN_OPENCITY_BBMP,20769787,Garbage dump in Sagayapuram Field inspection assigned to Marshal officer.,General Consumer Services,Marshal Ward No 60/Marshal,Sagayapuram,,,,,2025-06-18 12:47:00.000000000,Registered
20767321,INDIAN_OPENCITY_BBMP,20767321,Sewerage water left in SWD in Kottigepalya Field inspection assigned to AE officer.,General Consumer Services,Aveesh/AE,Kottigepalya,,,,,2025-06-16 01:18:00.000000000,Registered
20765309,INDIAN_OPENCITY_BBMP,20765309,Garbage dump in Sri Nagar Garbage clear,General Consumer Services,Marshal Ward No 156/Marshal,Sri Nagar,,,,,2025-06-14 02:02:00.000000000,Closed
20765351,INDIAN_OPENCITY_BBMP,20765351,Water related issue in Jakkur Field inspection assigned to AE officer.,General Consumer Services,Manthesh/AE,Jakkur,,,,,2025-06-14 02:44:00.000000000,Registered
20764051,INDIAN_OPENCITY_BBMP,20764051,ekhata approval pending with ARO in Begur ನಿಯಮಾನುಸಾರ ಕ್ರಮ ಕೈಗೊಳ್ಳಲಾಗುವುದು,General Consumer Services,Narasimhulu/ARO,Begur,,,,,2025-06-13 03:06:00.000000000,Closed
20770617,INDIAN_OPENCITY_BBMP,20770617,Garbage vehicle not arrived in Kempegowda Ward Resolved,General Consumer Services,Marshal Ward No 01/Marshal,Kempegowda Ward,,,,,2025-06-19 09:06:00.000000000,Closed
20768401,INDIAN_OPENCITY_BBMP,20768401,"Ekhata missing in online in Thanisandra Please submit the already got BBMP Manual Katha to ARO Office to find the E PID Number in e Asthi Portal, if you don't have a Manual BBMP Katha, Apply for BBMP New Katha in https://bbmp.karnataka.gov.in/NewKhata/ Portal",General Consumer Services,ARO ward 5 and 6/ARO,Thanisandra,,,,,2025-06-17 11:29:00.000000000,Closed
20766578,INDIAN_OPENCITY_BBMP,20766578,Road side drains in Chokkasandra Field inspection assigned to AE officer.,General Consumer Services,Sadashiv/AE,Chokkasandra,,,,,2025-06-15 09:57:00.000000000,Registered
20763339,INDIAN_OPENCITY_BBMP,20763339,Garbage dump in Byatarayanapura Attend complaint sir,General Consumer Services,Marshal Ward No 07/Marshal,Byatarayanapura,,,,,2025-06-13 08:19:00.000000000,Closed
20770452,INDIAN_OPENCITY_BBMP,20770452,Potholes in Gottigere Field inspection assigned to AE officer.,General Consumer Services,AE Ward 194/AE,Gottigere,,,,,2025-06-18 11:52:00.000000000,Registered
20763901,INDIAN_OPENCITY_BBMP,20763901,"Khata Services (Registration, Transfer, Bifurcation and Amalgamation) in Jnanabharathi Ward ಸದರಿ ಸ್ವತ್ತಿಗೆ ಸಂಬಂಧಿಸಿದಂತೆ ನ್ಯಾಯಾಲಯದಲ್ಲಿ ದಾವೆ ಸಂಬಂಧವಾಗಿ ಇತ್ಯರ್ಥ ಪಡಿಸಲು ಕೋರಿರುವುದರಿಂದ ಸದರಿ ಪ್ರಕರಣವು ಮಾನ್ಯ ಜಂಟಿ ಆಯುಕ್ತರ ನ್ಯಾಯಾಲಯದಲ್ಲಿ ಇತ್ಯರ್ಥವಾಗಬೇಕಾಗಿರುವುದರಿಂದ ಸದರಿ ಪ್ರಕರಣವು ಮಾನ್ಯ ವಲಯ ಜಂಟಿ ಆಯುಕ್ತರ ವಿಚಾರಣೆಯ ಆದೇಶದ ನಂತರ ಕ್ರಮವಹಿಸಲಾಗುವುದೆಂದು ಅರ್ಜಿದಾರರಿಗೆ ದೂರವಾಣೀ ಮುಖಾಂತರ ತಿಳಿಸಲಾಗಿದೆ",General Consumer Services,S SURESH/ARO,Jnanabharathi Ward,,,,,2025-06-13 01:11:00.000000000,Closed
20770551,INDIAN_OPENCITY_BBMP,20770551,Garbage dump in H.M.T Compliant clear yesterday,General Consumer Services,Marshal Ward No 38/Marshal,H.M.T,,,,,2025-06-19 08:08:00.000000000,Closed
20770003,INDIAN_OPENCITY_BBMP,20770003,Removal of dead/fallen trees in Banashankari Temple Ward Field inspection assigned to DYRFO officer.,General Consumer Services,Shivanna T.C/DYRFO,Banashankari Temple Ward,,,,,2025-06-18 04:12:00.000000000,Registered
20767213,INDIAN_OPENCITY_BBMP,20767213,shifting of the street dogs to other places in Varthur No relocation of dogs can be done as per supreme court order,General Consumer Services,B K Ashwath Narayan/VI,Varthur,,,,,2025-06-16 12:15:00.000000000,Closed
20765974,INDIAN_OPENCITY_BBMP,20765974,Anti Rabies Vaccination of stray dogs in Shettyhalli attended,General Consumer Services,Dr sunilkumar Havanur/VI,Shettyhalli,,,,,2025-06-15 10:40:00.000000000,Closed
20769214,INDIAN_OPENCITY_BBMP,20769214,Sweeping not done in HBR Layout Field inspection assigned to JHI officer.,General Consumer Services,JHI Ward 24/JHI,HBR Layout,,,,,2025-06-17 11:23:00.000000000,Registered
20771169,INDIAN_OPENCITY_BBMP,20771169,Ekhata missing in online in Hoysala Nagar Field inspection assigned to ARO officer.,General Consumer Services,Rajanna /ARO,Hoysala Nagar,,,,,2025-06-19 02:41:00.000000000,Registered
20762815,INDIAN_OPENCITY_BBMP,20762815,Dengue positive in Ramamurthy Nagar Mosquito Spray done,General Consumer Services,SHI Ward 26/SHI,Ramamurthy Nagar,,,,,2025-06-12 04:20:00.000000000,Closed
20762516,INDIAN_OPENCITY_BBMP,20762516,Garbage dumping in vacant sites in Jogupalya Clear,General Consumer Services,Marshal Ward No 89/Marshal,Jogupalya,,,,,2025-06-12 12:40:00.000000000,Closed
20770576,INDIAN_OPENCITY_BBMP,20770576,Garbage dump in Visvesvarapuram Clear,General Consumer Services,Marshal Ward No 143/Marshal,Visvesvarapuram,,,,,2025-06-19 08:37:00.000000000,Closed
20765263,INDIAN_OPENCITY_BBMP,20765263,Garbage dump in Hebbal Complaint resolved daily basis clearing sir/ma'am.,General Consumer Services,Marshal Ward No 21/Marshal,Hebbal,,,,,2025-06-14 01:21:00.000000000,Closed
20771225,INDIAN_OPENCITY_BBMP,20771225,Dengue positive in Hoodi Field inspection assigned to Medical officer officer.,General Consumer Services,Dr.GOWTHAMI/Medical officer,Hoodi,,,,,2025-06-19 03:25:00.000000000,Registered
20764973,INDIAN_OPENCITY_BBMP,20764973,Garbage dump in Benniganahalli Public not responding properly,General Consumer Services,Marshal Ward No 50/Marshal,Benniganahalli,,,,,2025-06-14 10:44:00.000000000,Closed
20768974,INDIAN_OPENCITY_BBMP,20768974,Road cutting in Muneshwara Nagar Field inspection assigned to AE officer.,General Consumer Services,Hruday Patil/AE,Muneshwara Nagar,,,,,2025-06-17 07:21:00.000000000,Registered
20761962,INDIAN_OPENCITY_BBMP,20761962,Garbage dump in Chalavadipalya Clear complaint,General Consumer Services,Marshal Ward No 138/Marshal,Chalavadipalya,,,,,2025-06-12 12:29:00.000000000,Closed
20765360,INDIAN_OPENCITY_BBMP,20765360,Garbage dumping in vacant sites in Laggere Complaint cleared,General Consumer Services,Marshal Ward No 69/Marshal,Laggere,,,,,2025-06-14 02:57:00.000000000,Closed
20769989,INDIAN_OPENCITY_BBMP,20769989,Animal birth control/neutering of stray dogs in Jaraganahalli Field inspection assigned to VI officer.,General Consumer Services,Uday Kulkarni/VI,Jaraganahalli,,,,,2025-06-18 03:53:00.000000000,Registered
20769266,INDIAN_OPENCITY_BBMP,20769266,Fogging in Hoodi Field inspection assigned to SHI officer.,General Consumer Services,V Nagaraju/SHI,Hoodi,,,,,2025-06-18 07:27:00.000000000,Registered
20766178,INDIAN_OPENCITY_BBMP,20766178,Garbage dump in Lingarajapuram Resolved,General Consumer Services,Marshal Ward No 49/Marshal,Lingarajapuram,,,,,2025-06-15 01:39:00.000000000,Closed
20768727,INDIAN_OPENCITY_BBMP,20768727,Sewerage water left in SWD in Dharmarayaswamy Temple Ward Forwarded Task,General Consumer Services,Ranjitha G/AE,Dharmarayaswamy Temple Ward,,,,,2025-06-17 03:37:00.000000000,Registered
20762465,INDIAN_OPENCITY_BBMP,20762465,Technical Issue In Ekhata in Varthur APPLICATION SUBMITTED AND THE APPLICATION IS WITH R O SIR LOGIN AND INFORMED TO RO SIR PLZ WAIT FOR FEW DAYS,General Consumer Services,Santhos Kumar/ARO,Varthur,,,,,2025-06-12 12:17:00.000000000,Closed
20770514,INDIAN_OPENCITY_BBMP,20770514,Garbage dump in Kempegowda Ward Forwarded Task,General Consumer Services,Marshal Ward No 01/Marshal,Kempegowda Ward,,,,,2025-06-19 07:33:00.000000000,Registered
20768188,INDIAN_OPENCITY_BBMP,20768188,Road side drains in Bilekahalli Solved,General Consumer Services,AE Ward 188/AE,Bilekahalli,,,,,2025-06-17 09:50:00.000000000,Closed
20766980,INDIAN_OPENCITY_BBMP,20766980,UnAuthorised Building Constructions in Jnanabharathi Ward Field inspection assigned to ADTP officer.,General Consumer Services,T.Hanumantharaya/ADTP,Jnanabharathi Ward,,,,,2025-06-16 10:43:00.000000000,Registered
20767384,INDIAN_OPENCITY_BBMP,20767384,Fatally injured - Needs immediate attention in Vignana Nagar No treatment done in bbmp call 1962,General Consumer Services,Smt Jahanar Ameer/VI,Vignana Nagar,,,,,2025-06-16 02:02:00.000000000,Closed
20770332,INDIAN_OPENCITY_BBMP,20770332,Others in Bapuji Nagar Field inspection assigned to Customer Support Representative officer.,General Consumer Services,BBMP Whatsapp/Customer Support Representative,Bapuji Nagar,,,,,2025-06-18 09:02:00.000000000,Registered
20768018,INDIAN_OPENCITY_BBMP,20768018,Stray cattle related complaints in Varthur Field inspection assigned to VI officer.,General Consumer Services,B K Ashwath Narayan/VI,Varthur,,,,,2025-06-17 07:37:00.000000000,Registered
20768092,INDIAN_OPENCITY_BBMP,20768092,Fatally injured - Needs immediate attention in Singasandra Field inspection assigned to VI officer.,General Consumer Services,Krishnaiah/VI,Singasandra,,,,,2025-06-17 08:50:00.000000000,Registered
20766029,INDIAN_OPENCITY_BBMP,20766029,"Animal Cruelty/Ill-Treated / Abused in Hanumantha Nagar Please contact Dr.D.N Srinath, ADAH, Mobile no:[PHONE]",General Consumer Services,Hanumantha raju/VI,Hanumantha Nagar,,,,,2025-06-15 11:25:00.000000000,Closed
20766903,INDIAN_OPENCITY_BBMP,20766903,Garbage dump in Bilekahalli Foot bath garbage Clear,General Consumer Services,Marshal Ward No 188/Marshal,Bilekahalli,,,,,2025-06-16 10:19:00.000000000,Closed
20768802,INDIAN_OPENCITY_BBMP,20768802,Other Khata / ekhata issues in Someshwara ಅರ್ಜಿದಾರರಿಗೆ ಹಿಂಬರಹದ ಪ್ರತಿಯನ್ನು ಲಗತ್ತಿಸಿ ಮಾಹಿತಿಯನ್ನು ನೀಡಲಾಗಿದೆ,General Consumer Services,Nagaraju/ARO,Someshwara,,,,,2025-06-17 04:47:00.000000000,Closed
20767974,INDIAN_OPENCITY_BBMP,20767974,Burning of Garbage in Open Space in Varthur Clear,General Consumer Services,Marshal Ward No 149/Marshal,Varthur,,,,,2025-06-16 11:18:00.000000000,Closed
20764987,INDIAN_OPENCITY_BBMP,20764987,Dead animal(s) in Doddabommasandra Clear,General Consumer Services,JHI Ward 10/JHI,Doddabommasandra,,,,,2025-06-14 10:52:00.000000000,Closed
20769842,INDIAN_OPENCITY_BBMP,20769842,Stray cattle related complaints in Ulsoor Field inspection assigned to VI officer.,General Consumer Services,V Srinivas/VI,Ulsoor,,,,,2025-06-18 01:31:00.000000000,Registered
20764338,INDIAN_OPENCITY_BBMP,20764338,water stagnation in Arakere Field inspection assigned to AE officer.,General Consumer Services,Chethan K M/AE,Arakere,,,,,2025-06-13 06:11:00.000000000,Registered
20770808,INDIAN_OPENCITY_BBMP,20770808,Stray dog related complaints in Begur Field inspection assigned to VI officer.,General Consumer Services,Krishnaiah/VI,Begur,,,,,2025-06-19 11:06:00.000000000,Registered
20768121,INDIAN_OPENCITY_BBMP,20768121,Road cutting in Gottigere Resolved,General Consumer Services,AE Ward 194/AE,Gottigere,,,,,2025-06-17 09:14:00.000000000,Closed
20767999,INDIAN_OPENCITY_BBMP,20767999,Garbage dump in Vidyaranyapura Complient resolved,General Consumer Services,Marshal Ward No 09/Marshal,Vidyaranyapura,,,,,2025-06-17 06:49:00.000000000,Closed
20769880,INDIAN_OPENCITY_BBMP,20769880,Animal birth control/neutering of stray dogs in K.R.Puram Field inspection assigned to VI officer.,General Consumer Services,Smt Jahanar Ameer/VI,K.R.Puram,,,,,2025-06-18 01:54:00.000000000,Registered
20770623,INDIAN_OPENCITY_BBMP,20770623,Construction not done as per approved plan (Building Bye Law Violations) in Chikkalasandra Field inspection assigned to ADTP officer.,General Consumer Services,Nachiketh K C /ADTP,Chikkalasandra,,,,,2025-06-19 09:09:00.000000000,Registered
20766321,INDIAN_OPENCITY_BBMP,20766321,footpath encroachment in Sudduguntepalya Field inspection assigned to AE officer.,General Consumer Services,AE Ward 152/AE,Sudduguntepalya,,,,,2025-06-15 05:32:00.000000000,Registered
20767281,INDIAN_OPENCITY_BBMP,20767281,Technical Issue In Ekhata in Varthur as inform to you the details already forward to concern case worker plz wait they will do,General Consumer Services,Santhos Kumar/ARO,Varthur,,,,,2025-06-16 12:55:00.000000000,Closed
20771067,INDIAN_OPENCITY_BBMP,20771067,Garbage dump in Manorayanapalya Cleared,General Consumer Services,Marshal Ward No 33/Marshal,Manorayanapalya,,,,,2025-06-19 01:23:00.000000000,Closed
20763518,INDIAN_OPENCITY_BBMP,20763518,Ekhata - name correction in Hoodi Clarification given and asked to citizen to apply,General Consumer Services,Sridhar/ARO,Hoodi,,,,,2025-06-13 10:12:00.000000000,Closed
20771333,INDIAN_OPENCITY_BBMP,20771333,Garbage vehicle not arrived in Singasandra Field inspection assigned to Marshal officer.,General Consumer Services,Marshal Ward No 191/Marshal,Singasandra,,,,,2025-06-19 05:08:00.000000000,In Progress
20763343,INDIAN_OPENCITY_BBMP,20763343,Garbage dump in Vasanthapura Not under bbmp zone,General Consumer Services,Marshal Ward No 197/Marshal,Vasanthapura,,,,,2025-06-13 08:23:00.000000000,Closed
20767758,INDIAN_OPENCITY_BBMP,20767758,Dead animal(s) in Domlur Field inspection assigned to JHI officer.,General Consumer Services,Purushotham/JHI,Domlur,,,,,2025-06-16 07:24:00.000000000,Registered
20771297,INDIAN_OPENCITY_BBMP,20771297,Road side drains in Begur Field inspection assigned to AE officer.,General Consumer Services,Cheluvaraju/AE,Begur,,,,,2025-06-19 04:09:00.000000000,Registered
20762357,INDIAN_OPENCITY_BBMP,20762357,Garbage dump in Konanakunte Complaint clear,General Consumer Services,Marshal Ward No 195/Marshal,Konanakunte,,,,,2025-06-12 11:27:00.000000000,Closed
20767710,INDIAN_OPENCITY_BBMP,20767710,Garbage dump in Ramamurthy Nagar Clear,General Consumer Services,Marshal Ward No 26/Marshal,Ramamurthy Nagar,,,,,2025-06-16 06:50:00.000000000,Closed
20762719,INDIAN_OPENCITY_BBMP,20762719,Public dustbins not cleaned in HSR Layout Forwarded Task,General Consumer Services,Marshal Ward No 174/Marshal,HSR Layout,,,,,2025-06-12 02:53:00.000000000,Registered
20771003,INDIAN_OPENCITY_BBMP,20771003,Issues Related to Parks/Medians/Circles/Island. in Vasanthapura Field inspection assigned to HS officer.,General Consumer Services,Subramani/HS,Vasanthapura,,,,,2025-06-19 12:42:00.000000000,Registered
20767523,INDIAN_OPENCITY_BBMP,20767523,Road side drains in Anjanapur Field inspection assigned to AE officer.,General Consumer Services,Krishnaapa/AE,Anjanapur,,,,,2025-06-16 04:06:00.000000000,Registered
20769160,INDIAN_OPENCITY_BBMP,20769160,Garbage dump in Kushal Nagar Male,General Consumer Services,Marshal Ward No 31/Marshal,Kushal Nagar,,,,,2025-06-17 09:48:00.000000000,Closed
20766242,INDIAN_OPENCITY_BBMP,20766242,"Removal of dead/fallen trees in Sri Rammandira Please contact Area Supervisor, Maruthi-[PHONE]",General Consumer Services,sudarshan/DYRFO,Sri Rammandira,,,,,2025-06-15 03:07:00.000000000,Closed
20768760,INDIAN_OPENCITY_BBMP,20768760,obstructions Branches / Trees. in Koramangala Field inspection assigned to DYRFO officer.,General Consumer Services,Harish.H.R/DYRFO,Koramangala,,,,,2025-06-17 04:08:00.000000000,Registered
20769574,INDIAN_OPENCITY_BBMP,20769574,Garbage transfer not as per norms & area not kept clean in Horamavu Forwarded Task,General Consumer Services,Marshal Ward No 25/Marshal,Horamavu,,,,,2025-06-18 10:58:00.000000000,Registered
20770554,INDIAN_OPENCITY_BBMP,20770554,Garbage dump in Vidyapeetha Clear,General Consumer Services,Marshal Ward No 164/Marshal,Vidyapeetha,,,,,2025-06-19 08:10:00.000000000,Closed
20763651,INDIAN_OPENCITY_BBMP,20763651,Complaint against SW collector/ SWM official for violation of SWM Rules in Gottigere Field inspection assigned to Marshal officer.,General Consumer Services,Marshal Ward No 194/Marshal,Gottigere,,,,,2025-06-13 11:09:00.000000000,In Progress
20769557,INDIAN_OPENCITY_BBMP,20769557,obstructions Branches / Trees. in Vasanth Nagar Field inspection assigned to DYRFO officer.,General Consumer Services,P Nagendra /DYRFO,Vasanth Nagar,,,,,2025-06-18 10:54:00.000000000,Registered
20767157,INDIAN_OPENCITY_BBMP,20767157,Sweeping not done in Ejipura Cleared,General Consumer Services,Mutturaju T S /JHI,Ejipura,,,,,2025-06-16 11:50:00.000000000,Closed
20766994,INDIAN_OPENCITY_BBMP,20766994,Anti Rabies Vaccination of stray dogs in Nagapura Now vaccination is running in ur area,General Consumer Services,Lokesh/VI,Nagapura,,,,,2025-06-16 10:51:00.000000000,Closed
20761889,INDIAN_OPENCITY_BBMP,20761889,Mutton/Chicken/fish stall Unhygienic maintenance in Bilekahalli Field inspection assigned to VI officer.,General Consumer Services,Uday Kulkarni/VI,Bilekahalli,,,,,2025-06-11 09:50:00.000000000,Registered
20766209,INDIAN_OPENCITY_BBMP,20766209,Road side drains in Kodigehalli Field inspection assigned to AE officer.,General Consumer Services,Praveen A R/AE,Kodigehalli,,,,,2025-06-15 02:11:00.000000000,Registered
20764325,INDIAN_OPENCITY_BBMP,20764325,Increase in mosquito density in Varthur Attended,General Consumer Services,SRINIVASAPPA/SHI,Varthur,,,,,2025-06-13 06:01:00.000000000,Closed
20766148,INDIAN_OPENCITY_BBMP,20766148,Road Infrastructure in Agrahara Dasarahalli Forwarded Task,General Consumer Services,Sri.Ravi C Gudadappanvar/AE,Agrahara Dasarahalli,,,,,2025-06-15 01:08:00.000000000,Registered
20765078,INDIAN_OPENCITY_BBMP,20765078,Segregation of waste is not done in Shanthala Nagar Clear,General Consumer Services,Marshal Ward No 111/Marshal,Shanthala Nagar,,,,,2025-06-14 11:37:00.000000000,Closed
20769223,INDIAN_OPENCITY_BBMP,20769223,Animal Rescue - Not well - Requires attention in BTM Layout Sir Please contact stray dog rescue team officer Dr Shrinath Assistant Director mb [PHONE],General Consumer Services,SURESH/VI,BTM Layout,,,,,2025-06-17 11:36:00.000000000,Closed
20770962,INDIAN_OPENCITY_BBMP,20770962,Footpath in HSR Layout Field inspection assigned to AE officer.,General Consumer Services,Ramegowda/AE,HSR Layout,,,,,2025-06-19 12:21:00.000000000,Registered
20768713,INDIAN_OPENCITY_BBMP,20768713,Technical Issue In Ekhata in Banaswadi The issue mentioned is not understable. Kindly share the issue along with the screenshot,General Consumer Services,Amar/RI,Banaswadi,,,,,2025-06-17 03:22:00.000000000,Closed
20771247,INDIAN_OPENCITY_BBMP,20771247,Dengue positive in Mathikere Field inspection assigned to Medical officer officer.,General Consumer Services,Dr Bharath C /Medical officer,Mathikere,,,,,2025-06-19 03:34:00.000000000,Registered
20765210,INDIAN_OPENCITY_BBMP,20765210,Animal Rescue - Not well - Requires attention in Uttarahalli Contact 1962,General Consumer Services,Uday Kulkarni/VI,Uttarahalli,,,,,2025-06-14 12:40:00.000000000,Closed
20770879,INDIAN_OPENCITY_BBMP,20770879,Anti Rabies Vaccination of stray dogs in Chikpete We give complainter vaccination team mobile no,General Consumer Services,PRAKASH B/VI,Chikpete,,,,,2025-06-19 11:38:00.000000000,Closed
20768355,INDIAN_OPENCITY_BBMP,20768355,Garbage dump in Pattabhiram Nagar Clear,General Consumer Services,Marshal Ward No 168/Marshal,Pattabhiram Nagar,,,,,2025-06-17 11:08:00.000000000,Closed
20763138,INDIAN_OPENCITY_BBMP,20763138,Fogging in Bellandur Attended,General Consumer Services,Mahesh Kumar S/SHI,Bellandur,,,,,2025-06-12 08:41:00.000000000,Closed
20762498,INDIAN_OPENCITY_BBMP,20762498,Spraying in Anjanapur Forwarded Task,General Consumer Services,Naresh/SHI,Anjanapur,,,,,2025-06-12 12:32:00.000000000,Registered
20770994,INDIAN_OPENCITY_BBMP,20770994,Debris Removal / Construction Material in Malleshwaram Field inspection assigned to AE officer.,General Consumer Services,Narasimayya/AE,Malleshwaram,,,,,2025-06-19 12:34:00.000000000,Registered
20769766,INDIAN_OPENCITY_BBMP,20769766,Stray dog related complaints in Peenya Industrial Area Field inspection assigned to VI officer.,General Consumer Services,Dr sunilkumar Havanur/VI,Peenya Industrial Area,,,,,2025-06-18 12:29:00.000000000,Registered
20768315,INDIAN_OPENCITY_BBMP,20768315,Without permission digging of road in Vijanapura Field inspection assigned to AE officer.,General Consumer Services,Nagabushan/AE,Vijanapura,,,,,2025-06-17 10:47:00.000000000,Registered
20768024,INDIAN_OPENCITY_BBMP,20768024,Garbage vehicle not arrived in Chamrajpet Complete clear,General Consumer Services,Marshal Ward No 140/Marshal,Chamrajpet,,,,,2025-06-17 07:46:00.000000000,Closed
20771435,INDIAN_OPENCITY_BBMP,20771435,Garbage dump in Vasanthapura Field inspection assigned to Marshal officer.,General Consumer Services,Marshal Ward No 197/Marshal,Vasanthapura,,,,,2025-06-19 06:24:00.000000000,Registered
20764972,INDIAN_OPENCITY_BBMP,20764972,Issues Related to Parks/Medians/Circles/Island. in Uttarahalli Field inspection assigned to HS officer.,General Consumer Services,Subramani/HS,Uttarahalli,,,,,2025-06-14 10:44:00.000000000,Registered
20767366,INDIAN_OPENCITY_BBMP,20767366,"Khata Services (Registration, Transfer, Bifurcation and Amalgamation) in Hoodi Clarification given",General Consumer Services,Sridhar/ARO,Hoodi,,,,,2025-06-16 01:49:00.000000000,Closed
20769912,INDIAN_OPENCITY_BBMP,20769912,Road cutting in HAL Airport Field inspection assigned to AE officer.,General Consumer Services,G.D SOMAIAH/AE,HAL Airport,,,,,2025-06-18 02:31:00.000000000,Registered
20767796,INDIAN_OPENCITY_BBMP,20767796,"Khata Services (Registration, Transfer, Bifurcation and Amalgamation) in Basavanagudi OS No3950/2011 Case Order Copy and proper Documents submit",General Consumer Services,Shylaja/ARO,Basavanagudi,,,,,2025-06-16 07:49:00.000000000,Closed
20771162,INDIAN_OPENCITY_BBMP,20771162,ekhata approval pending with ARO in Begur ಸದರಿ ಕಛೇರಿಯ ವ್ಯಾಪ್ತಿಗೆ ಒಳಪಡುವುದಿಲ್ಲ ನಿಯಮಾನುಸಾರ ಕ್ರಮ ವಹಿಸಲಾಗುವುದು,General Consumer Services,Narasimhulu/ARO,Begur,,,,,2025-06-19 02:38:00.000000000,Closed
20762799,INDIAN_OPENCITY_BBMP,20762799,Animal Rescue - Not well - Requires attention in Nagarabhavi Call to 1962 Counselling done,General Consumer Services,Anand G/VI,Nagarabhavi,,,,,2025-06-12 04:15:00.000000000,Closed
20769960,INDIAN_OPENCITY_BBMP,20769960,Garbage vehicle not arrived in Shettyhalli Field inspection assigned to Marshal officer.,General Consumer Services,Marshal Ward No 12/Marshal,Shettyhalli,,,,,2025-06-18 03:18:00.000000000,Registered
20771466,INDIAN_OPENCITY_BBMP,20771466,Potholes in Shettyhalli Field inspection assigned to AE officer.,General Consumer Services,Krishna murthy/AE,Shettyhalli,,,,,2025-06-19 06:50:00.000000000,Registered
20767003,INDIAN_OPENCITY_BBMP,20767003,"Discrepancy In Khata Certificate and Khata Extract in Anjanapur Dear Sir, To submit corrections, the link is not enabled in e aasthi portal for pid [PHONE],because it is still in RI Pending from 3 months. So please do the approval for provisional khata then correction link will open as you have already said in previous responses. Please do the approval,so that correction link will enable. Regards, Vikas",General Consumer Services,Narayanappa M/RO,Anjanapur,,,,,2025-06-16 10:55:00.000000000,ReOpen
20762135,INDIAN_OPENCITY_BBMP,20762135,Animal birth control/neutering of stray dogs in Vignana Nagar Complaint attended,General Consumer Services,Dr Vivek K Bidarkar/ADAH,Vignana Nagar,,,,,2025-06-12 09:30:00.000000000,Closed
20762225,INDIAN_OPENCITY_BBMP,20762225,obstructions Branches / Trees. in Kavalbyrasandra plz upload photos,General Consumer Services,Thimmappa/DYRFO,Kavalbyrasandra,,,,,2025-06-12 10:31:00.000000000,Closed
20769007,INDIAN_OPENCITY_BBMP,20769007,Garbage dump in Jalahalli Non relevant,General Consumer Services,Marshal Ward No 16/Marshal,Jalahalli,,,,,2025-06-17 07:35:00.000000000,Closed
20766558,INDIAN_OPENCITY_BBMP,20766558,Garbage transfer not as per norms & area not kept clean in Yelachenahalli Cleared,General Consumer Services,Marshal Ward No 185/Marshal,Yelachenahalli,,,,,2025-06-15 09:35:00.000000000,Closed
20767154,INDIAN_OPENCITY_BBMP,20767154,Garbage vehicle not arrived in HAL Airport Clear,General Consumer Services,Marshal Ward No 87/Marshal,HAL Airport,,,,,2025-06-16 11:50:00.000000000,Closed
20762714,INDIAN_OPENCITY_BBMP,20762714,"Stray/Rabid dog bite in Benniganahalli As you confirmed that the issue has been resolved by the Police, your complaint is closed on your consent.",General Consumer Services,Chandrashekar/VI,Benniganahalli,,,,,2025-06-12 02:53:00.000000000,Closed
20764101,INDIAN_OPENCITY_BBMP,20764101,Road Infrastructure in Sarvagna Nagar Field inspection assigned to AE officer.,General Consumer Services,Naveen.G/AE,Sarvagna Nagar,,,,,2025-06-13 03:26:00.000000000,Registered
20769946,INDIAN_OPENCITY_BBMP,20769946,Garbage transfer not as per norms & area not kept clean in Arakere Field inspection assigned to Marshal officer.,General Consumer Services,Marshal Ward No 193/Marshal,Arakere,,,,,2025-06-18 03:05:00.000000000,Registered
20763679,INDIAN_OPENCITY_BBMP,20763679,Garbage nuisance while transporting in Jayangar Clear,General Consumer Services,Yashwanth H B/Division Supervisor,Jayangar,,,,,2025-06-13 11:18:00.000000000,Closed
20768796,INDIAN_OPENCITY_BBMP,20768796,Others in Doddanekkundi Field inspection assigned to Customer Support Representative officer.,General Consumer Services,BBMP Whatsapp/Customer Support Representative,Doddanekkundi,,,,,2025-06-17 04:40:00.000000000,Registered
20771675,INDIAN_OPENCITY_BBMP,20771675,Garbage dump in Thanisandra Field inspection assigned to Marshal officer.,General Consumer Services,Marshal Ward No 06/Marshal,Thanisandra,,,,,2025-06-19 10:15:00.000000000,Registered
20761820,INDIAN_OPENCITY_BBMP,20761820,Maintenance of SWD in Vignana Nagar Field inspection assigned to AE officer.,General Consumer Services,Prashanth/AE,Vignana Nagar,,,,,2025-06-11 08:10:00.000000000,Registered
20764177,INDIAN_OPENCITY_BBMP,20764177,Road side drains in Ganga Nagar Field inspection assigned to AE officer.,General Consumer Services,Mohan Kumar /AE,Ganga Nagar,,,,,2025-06-13 04:24:00.000000000,Registered
20770869,INDIAN_OPENCITY_BBMP,20770869,Removal of dead/fallen trees in Jaraganahalli Field inspection assigned to RFO officer.,General Consumer Services,Narendra Babu/RFO,Jaraganahalli,,,,,2025-06-19 11:34:00.000000000,Registered
20765450,INDIAN_OPENCITY_BBMP,20765450,Road Infrastructure in Giri Nagar Forwarded Task,General Consumer Services,VENKATESH murthy H /AE,Giri Nagar,,,,,2025-06-14 04:42:00.000000000,Registered
20765264,INDIAN_OPENCITY_BBMP,20765264,Animal Rescue - Not well - Requires attention in Kodigehalli Spoken with the concern person.,General Consumer Services,Pushpa B Rao/VI,Kodigehalli,,,,,2025-06-14 01:21:00.000000000,Closed
20765551,INDIAN_OPENCITY_BBMP,20765551,Road side drains in Devasandra Field inspection assigned to AE officer.,General Consumer Services,Keshav Patil/AE,Devasandra,,,,,2025-06-14 06:35:00.000000000,Registered
20768860,INDIAN_OPENCITY_BBMP,20768860,Dengue positive in Sri Nagar Field inspection assigned to SHI officer.,General Consumer Services,J. Kavita/SHI,Sri Nagar,,,,,2025-06-17 05:42:00.000000000,Registered
20763475,INDIAN_OPENCITY_BBMP,20763475,Public toilet(s) blockage in Horamavu Solved,General Consumer Services,Harish Kumar K V /JHI,Horamavu,,,,,2025-06-13 09:50:00.000000000,Closed
20763886,INDIAN_OPENCITY_BBMP,20763886,Footpath in Shakambari Nagar Kindly upload photo,General Consumer Services,BBMP Whatsapp/Customer Support Representative,Shakambari Nagar,,,,,2025-06-13 01:02:00.000000000,Non Relevant
20767079,INDIAN_OPENCITY_BBMP,20767079,Garbage dump in Jaraganahalli This is panchayat limit not come to BBMP,General Consumer Services,Marshal Ward No 186/Marshal,Jaraganahalli,,,,,2025-06-16 11:21:00.000000000,Closed
20770843,INDIAN_OPENCITY_BBMP,20770843,Garbage dumping in vacant sites in Devasandra Clear,General Consumer Services,Marshal Ward No 55/Marshal,Devasandra,,,,,2025-06-19 11:22:00.000000000,Closed
20771275,INDIAN_OPENCITY_BBMP,20771275,Garbage dump in Herohalli Field inspection assigned to Marshal officer.,General Consumer Services,Marshal Ward No 72/Marshal,Herohalli,,,,,2025-06-19 03:51:00.000000000,Registered
20767339,INDIAN_OPENCITY_BBMP,20767339,Removal of dead/fallen trees in Bilekahalli Resolved,General Consumer Services,Narendra Babu/RFO,Bilekahalli,,,,,2025-06-16 01:30:00.000000000,Closed
20765644,INDIAN_OPENCITY_BBMP,20765644,Garbage dump in Pattabhiram Nagar Ckear,General Consumer Services,Marshal Ward No 168/Marshal,Pattabhiram Nagar,,,,,2025-06-14 08:12:00.000000000,Closed
20765679,INDIAN_OPENCITY_BBMP,20765679,Air/Noise pollution in K.R.Puram Field inspection assigned to Customer Support Representative officer.,General Consumer Services,BBMP Whatsapp/Customer Support Representative,K.R.Puram,,,,,2025-06-14 08:52:00.000000000,Non Relevant
20770145,INDIAN_OPENCITY_BBMP,20770145,Sewerage water left in SWD in HBR Layout Field inspection assigned to AE officer.,General Consumer Services,Samatha/AE,HBR Layout,,,,,2025-06-18 06:29:00.000000000,Registered
20771357,INDIAN_OPENCITY_BBMP,20771357,Garbage dumping in vacant sites in Vishwanathnagenahalli Field inspection assigned to Marshal officer.,General Consumer Services,Marshal Ward No 22/Marshal,Vishwanathnagenahalli,,,,,2025-06-19 05:34:00.000000000,Registered
20766959,INDIAN_OPENCITY_BBMP,20766959,Potholes in Chamrajpet Forwarded Task,General Consumer Services,UMESH/AE,Chamrajpet,,,,,2025-06-16 10:36:00.000000000,Registered
20771578,INDIAN_OPENCITY_BBMP,20771578,Garbage vehicle not arrived in Hoodi Field inspection assigned to Marshal officer.,General Consumer Services,Marshal Ward No 54/Marshal,Hoodi,,,,,2025-06-19 08:33:00.000000000,Registered
20771137,INDIAN_OPENCITY_BBMP,20771137,Maintenance of SWD in Arakere Field inspection assigned to AE officer.,General Consumer Services,Naresh Kumar/AE,Arakere,,,,,2025-06-19 02:14:00.000000000,Registered
20768046,INDIAN_OPENCITY_BBMP,20768046,"Garbage vehicle not arrived in Kaveripura Kindly update the reachable contact number, it's switched off when we tried to call",General Consumer Services,Marshal Ward No 103/Marshal,Kaveripura,,,,,2025-06-17 08:05:00.000000000,Closed
20762346,INDIAN_OPENCITY_BBMP,20762346,Road cutting in Singasandra Field inspection assigned to Customer Support Representative officer.,General Consumer Services,BBMP Whatsapp/Customer Support Representative,Singasandra,,,,,2025-06-12 11:22:00.000000000,Non Relevant
20767210,INDIAN_OPENCITY_BBMP,20767210,Debris Removal / Construction Material in Adugodi we will clear it,General Consumer Services,AE Ward 147/AE,Adugodi,,,,,2025-06-16 12:13:00.000000000,Closed
20766197,INDIAN_OPENCITY_BBMP,20766197,Garbage dump in Hoodi Geo photo atteched for Reference,General Consumer Services,Marshal Ward No 54/Marshal,Hoodi,,,,,2025-06-15 02:03:00.000000000,Closed
20765022,INDIAN_OPENCITY_BBMP,20765022,Garbage vehicle not arrived in Lingarajapuram Resolved,General Consumer Services,Marshal Ward No 49/Marshal,Lingarajapuram,,,,,2025-06-14 11:10:00.000000000,Closed
20764170,INDIAN_OPENCITY_BBMP,20764170,Air/Noise pollution in Deepanjali Nagar Field inspection assigned to SHI officer.,General Consumer Services,Suhasini.M.S/SHI,Deepanjali Nagar,,,,,2025-06-13 04:22:00.000000000,Registered
20765121,INDIAN_OPENCITY_BBMP,20765121,Garbage dump in Yelachenahalli Where is garbage,General Consumer Services,Marshal Ward No 185/Marshal,Yelachenahalli,,,,,2025-06-14 11:59:00.000000000,Closed
20762136,INDIAN_OPENCITY_BBMP,20762136,obstructions Branches / Trees. in Visvesvarapuram Resolved,General Consumer Services,B.B Meti/DYRFO,Visvesvarapuram,,,,,2025-06-12 09:30:00.000000000,Closed
20762900,INDIAN_OPENCITY_BBMP,20762900,ekhata approval pending with ARO in Basaveshwara Nagar close,General Consumer Services,Krishna N/ARO,Basaveshwara Nagar,,,,,2025-06-12 05:19:00.000000000,Closed
20769085,INDIAN_OPENCITY_BBMP,20769085,Zonal Violation of the Building in Koramangala Attended,General Consumer Services,MOHAMMED SHADAB HAIDER/SHI,Koramangala,,,,,2025-06-17 08:34:00.000000000,Closed
20763967,INDIAN_OPENCITY_BBMP,20763967,Road side drains in Chowdeshwari Ward Forwarded Task,General Consumer Services,AE Ward 002/AE,Chowdeshwari Ward,,,,,2025-06-13 02:08:00.000000000,Registered
20765390,INDIAN_OPENCITY_BBMP,20765390,Others in Rajarajeshwari Nagar Field inspection assigned to Customer Support Representative officer.,General Consumer Services,BBMP Whatsapp/Customer Support Representative,Rajarajeshwari Nagar,,,,,2025-06-14 03:36:00.000000000,Registered
20769158,INDIAN_OPENCITY_BBMP,20769158,Others in Vishwanathnagenahalli Field inspection assigned to Customer Support Representative officer.,General Consumer Services,BBMP Whatsapp/Customer Support Representative,Vishwanathnagenahalli,,,,,2025-06-17 09:47:00.000000000,Registered
20762826,INDIAN_OPENCITY_BBMP,20762826,Sewerage water left in SWD in Shanthala Nagar Field inspection assigned to AEE officer.,General Consumer Services,Santosh kumar B/AEE,Shanthala Nagar,,,,,2025-06-12 04:23:00.000000000,Registered
20768823,INDIAN_OPENCITY_BBMP,20768823,Unhygienic premises in Hotel etc in Sudduguntepalya Field inspection assigned to SHI officer.,General Consumer Services,N OBALESH/SHI,Sudduguntepalya,,,,,2025-06-17 05:15:00.000000000,Registered
20770275,INDIAN_OPENCITY_BBMP,20770275,Issues Related to Parks/Medians/Circles/Island. in Bellandur Field inspection assigned to HS officer.,General Consumer Services,Keshav/HS,Bellandur,,,,,2025-06-18 08:13:00.000000000,Registered
20768083,INDIAN_OPENCITY_BBMP,20768083,Maintenance of SWD in Madiwala Forwarded Task,General Consumer Services,Santosh kumar B/AEE,Madiwala,,,,,2025-06-17 08:43:00.000000000,Registered
20766865,INDIAN_OPENCITY_BBMP,20766865,"Animal Rescue - Not well - Requires attention in Newthippasandra As you confirmed that the dog was rescued by the public, your complaint is closed on your consent.",General Consumer Services,Chandrashekar/VI,Newthippasandra,,,,,2025-06-16 10:03:00.000000000,Closed
20762240,INDIAN_OPENCITY_BBMP,20762240,Animal birth control/neutering of stray dogs in Horamavu Complaint attended,General Consumer Services,Smt Jahanar Ameer/VI,Horamavu,,,,,2025-06-12 10:39:00.000000000,Closed
20764098,INDIAN_OPENCITY_BBMP,20764098,Dengue positive in Garudacharpalya Cleared,General Consumer Services,Mukundappa/SHI,Garudacharpalya,,,,,2025-06-13 03:26:00.000000000,Closed
20768555,INDIAN_OPENCITY_BBMP,20768555,Others in Byatarayanapura Field inspection assigned to Customer Support Representative officer.,General Consumer Services,BBMP Whatsapp/Customer Support Representative,Byatarayanapura,,,,,2025-06-17 01:06:00.000000000,Registered
20768708,INDIAN_OPENCITY_BBMP,20768708,Dead animal(s) in Herohalli Clear,General Consumer Services,Hanumesh/JHI,Herohalli,,,,,2025-06-17 03:15:00.000000000,Closed
20769529,INDIAN_OPENCITY_BBMP,20769529,Garbage dumping in vacant sites in BTM Layout Field inspection assigned to Marshal officer.,General Consumer Services,Marshal Ward No 176/Marshal,BTM Layout,,,,,2025-06-18 10:43:00.000000000,Registered
20767880,INDIAN_OPENCITY_BBMP,20767880,"Stray dog related complaints in Nagarabhavi As per the Supreme Court order No Relocation of Stray Dogs. BBMP programme is Animal Birth Control , ARV & Combined Vaccine Programme only",General Consumer Services,Anand G/VI,Nagarabhavi,,,,,2025-06-16 09:00:00.000000000,Closed
20769335,INDIAN_OPENCITY_BBMP,20769335,Complaint against SW collector/ SWM official for violation of SWM Rules in A.Narayanapura Attended,General Consumer Services,Marshal Ward No 56/Marshal,A.Narayanapura,,,,,2025-06-18 08:42:00.000000000,Closed
20770984,INDIAN_OPENCITY_BBMP,20770984,Garbage dump in Vasanthapura Cleared,General Consumer Services,Marshal Ward No 197/Marshal,Vasanthapura,,,,,2025-06-19 12:30:00.000000000,Closed
20763958,INDIAN_OPENCITY_BBMP,20763958,Use of banned single use plastic in Kaveripura Field inspection assigned to SHI officer.,General Consumer Services,kempanna /SHI,Kaveripura,,,,,2025-06-13 01:57:00.000000000,Registered
20762606,INDIAN_OPENCITY_BBMP,20762606,Garbage vehicle not arrived in Jayanagar East Cleared,General Consumer Services,Marshal Ward No 170/Marshal,Jayanagar East,,,,,2025-06-12 01:34:00.000000000,Closed
20763324,INDIAN_OPENCITY_BBMP,20763324,Garbage vehicle not arrived in Hagadooru Door to Door collection Done .in 6th cross Gandhipuram..,General Consumer Services,Marshal Ward No 84/Marshal,Hagadooru,,,,,2025-06-13 08:00:00.000000000,Closed
20762693,INDIAN_OPENCITY_BBMP,20762693,Technical Issue In Ekhata in Dodda Bidarkallu Field inspection assigned to RI officer.,General Consumer Services,Santhosh/RI,Dodda Bidarkallu,,,,,2025-06-12 02:39:00.000000000,Registered
20768622,INDIAN_OPENCITY_BBMP,20768622,"Khata Services (Registration, Transfer, Bifurcation and Amalgamation) in Newthippasandra Forwarded Task",General Consumer Services,Jayashree/ARO,Newthippasandra,,,,,2025-06-17 01:50:00.000000000,Registered
20768728,INDIAN_OPENCITY_BBMP,20768728,Sweeping not done in Arakere Field inspection assigned to JHI officer.,General Consumer Services,Keerthi Raj/JHI,Arakere,,,,,2025-06-17 03:39:00.000000000,Registered
20765353,INDIAN_OPENCITY_BBMP,20765353,Stray dog related complaints in Vrushabhavati Nagar Attended,General Consumer Services,Lokesh/VI,Vrushabhavati Nagar,,,,,2025-06-14 02:54:00.000000000,Closed
20770811,INDIAN_OPENCITY_BBMP,20770811,obstructions Branches / Trees. in Hombegowda Nagar Field inspection assigned to DYRFO officer.,General Consumer Services,B.B Meti/DYRFO,Hombegowda Nagar,,,,,2025-06-19 11:09:00.000000000,Registered
20763420,INDIAN_OPENCITY_BBMP,20763420,Call center Issues in Ullalu Field inspection assigned to Nodal officer officer.,General Consumer Services,Bhimesh H /Nodal officer,Ullalu,,,,,2025-06-13 09:19:00.000000000,Registered
20768615,INDIAN_OPENCITY_BBMP,20768615,"Stray dog related complaints in Shakambari Nagar Spoke to the reporter, Dogs can't be relocated as per the ABC rules 2023, for barking, crying, chasing, nothing can be done since it is natural instincts of a dog. Sterilization and immunisation of streets Dogs will be done by BBMP Sir.",General Consumer Services,Vijaya laxmi/VI,Shakambari Nagar,,,,,2025-06-17 01:45:00.000000000,Closed
20769885,INDIAN_OPENCITY_BBMP,20769885,Stray dog related complaints in Arakere Field inspection assigned to VI officer.,General Consumer Services,Krishnaiah/VI,Arakere,,,,,2025-06-18 01:56:00.000000000,Registered
20767250,INDIAN_OPENCITY_BBMP,20767250,obstructions Branches / Trees. in Ulsoor Field inspection assigned to DYRFO officer.,General Consumer Services,P Nagendra /DYRFO,Ulsoor,,,,,2025-06-16 12:34:00.000000000,Registered
20770081,INDIAN_OPENCITY_BBMP,20770081,"Khata Services (Registration, Transfer, Bifurcation and Amalgamation) in Kengeri Field inspection assigned to ARO officer.",General Consumer Services,Ramesh Rathod/ARO,Kengeri,,,,,2025-06-18 05:13:00.000000000,Registered
20764075,INDIAN_OPENCITY_BBMP,20764075,Maintenance of SWD in Sudam Nagar Forwarded Task,General Consumer Services,Ranjitha G/AE,Sudam Nagar,,,,,2025-06-13 03:20:00.000000000,Registered
20764142,INDIAN_OPENCITY_BBMP,20764142,"Khata Services (Registration, Transfer, Bifurcation and Amalgamation) in Ulsoor Field inspection assigned to ARO officer.",General Consumer Services,KrishnaMurthy/ARO,Ulsoor,,,,,2025-06-13 03:52:00.000000000,Registered
20769695,INDIAN_OPENCITY_BBMP,20769695,Road cutting in Shakambari Nagar Field inspection assigned to AE officer.,General Consumer Services,AE Ward 179/AE,Shakambari Nagar,,,,,2025-06-18 11:53:00.000000000,Registered
20769388,INDIAN_OPENCITY_BBMP,20769388,Garbage dump in Vijanapura Cleared,General Consumer Services,Marshal Ward No 50/Marshal,Vijanapura,,,,,2025-06-18 09:19:00.000000000,Closed
20769914,INDIAN_OPENCITY_BBMP,20769914,Removal of dead/fallen trees in J.P.Nagar Field inspection assigned to DYRFO officer.,General Consumer Services,B.B Meti/DYRFO,J.P.Nagar,,,,,2025-06-18 02:34:00.000000000,Registered
20770675,INDIAN_OPENCITY_BBMP,20770675,Sweeping not done in Bilekahalli Field inspection assigned to JHI officer.,General Consumer Services,Prakash Y/JHI,Bilekahalli,,,,,2025-06-19 09:50:00.000000000,Registered
20770815,INDIAN_OPENCITY_BBMP,20770815,Others in Jogupalya Field inspection assigned to Customer Support Representative officer.,General Consumer Services,BBMP Whatsapp/Customer Support Representative,Jogupalya,,,,,2025-06-19 11:12:00.000000000,Registered
20768272,INDIAN_OPENCITY_BBMP,20768272,Garbage dump in Byatarayanapura Attend resolved,General Consumer Services,Marshal Ward No 07/Marshal,Byatarayanapura,,,,,2025-06-17 10:24:00.000000000,Closed
20770525,INDIAN_OPENCITY_BBMP,20770525,Burning of Garbage in Open Space in Horamavu Clear sir,General Consumer Services,Marshal Ward No 25/Marshal,Horamavu,,,,,2025-06-19 07:43:00.000000000,Closed
20764349,INDIAN_OPENCITY_BBMP,20764349,Road Infrastructure in Garudacharpalya Field inspection assigned to AE officer.,General Consumer Services,Veeresh Balagnur/AE,Garudacharpalya,,,,,2025-06-13 06:22:00.000000000,Registered
20770403,INDIAN_OPENCITY_BBMP,20770403,Garbage vehicle not arrived in Jalahalli Garbage Collection done,General Consumer Services,Marshal Ward No 16/Marshal,Jalahalli,,,,,2025-06-18 10:18:00.000000000,Closed
20762491,INDIAN_OPENCITY_BBMP,20762491,Removal of dead/fallen trees in Hoysala Nagar 63614 30192,General Consumer Services,Thimmappa/DYRFO,Hoysala Nagar,,,,,2025-06-12 12:29:00.000000000,Closed
20768097,INDIAN_OPENCITY_BBMP,20768097,Garbage vehicle not arrived in Radhakrishna Temple Clear,General Consumer Services,Marshal Ward No 18/Marshal,Radhakrishna Temple,,,,,2025-06-17 08:56:00.000000000,Closed
20766269,INDIAN_OPENCITY_BBMP,20766269,Garbage dump in Varthur We are attend and clear the complaint,General Consumer Services,Marshal Ward No 149/Marshal,Varthur,,,,,2025-06-15 03:48:00.000000000,Closed
20765957,INDIAN_OPENCITY_BBMP,20765957,Footpath in J.P.Nagar Field inspection assigned to AE officer.,General Consumer Services,AE Ward 177/AE,J.P.Nagar,,,,,2025-06-15 10:18:00.000000000,Registered
20766628,INDIAN_OPENCITY_BBMP,20766628,Garbage dump in Padmanabha Nagar Not cleared,General Consumer Services,Rajendra H F/Division Supervisor,Padmanabha Nagar,,,,,2025-06-16 12:33:00.000000000,ReOpen
20769797,INDIAN_OPENCITY_BBMP,20769797,Maintenance of SWD in Hagadooru Field inspection assigned to AE officer.,General Consumer Services,Prashanth/AE,Hagadooru,,,,,2025-06-18 12:57:00.000000000,Registered
20768100,INDIAN_OPENCITY_BBMP,20768100,Garbage dump in Madiwala Clear,General Consumer Services,Marshal Ward No 172/Marshal,Madiwala,,,,,2025-06-17 08:58:00.000000000,Closed
20763083,INDIAN_OPENCITY_BBMP,20763083,Stray dog related complaints in Basavanapura Complaint attended,General Consumer Services,Smt Jahanar Ameer/VI,Basavanapura,,,,,2025-06-12 07:46:00.000000000,Closed
20769839,INDIAN_OPENCITY_BBMP,20769839,Animal birth control/neutering of stray dogs in Peenya Industrial Area Field inspection assigned to VI officer.,General Consumer Services,Dr sunilkumar Havanur/VI,Peenya Industrial Area,,,,,2025-06-18 01:30:00.000000000,Registered
20765477,INDIAN_OPENCITY_BBMP,20765477,Garbage vehicle not arrived in Anjanapur Complaint cleared,General Consumer Services,Marshal Ward No 196/Marshal,Anjanapur,,,,,2025-06-14 05:12:00.000000000,Closed
20764019,INDIAN_OPENCITY_BBMP,20764019,Road Infrastructure in Domlur Forwarded Task,General Consumer Services,Naveen.G/AE,Domlur,,,,,2025-06-13 02:48:00.000000000,Registered
20768181,INDIAN_OPENCITY_BBMP,20768181,Garbage vehicle not arrived in Doddanekkundi Clear,General Consumer Services,Marshal Ward No 85/Marshal,Doddanekkundi,,,,,2025-06-17 09:43:00.000000000,Closed
20766969,INDIAN_OPENCITY_BBMP,20766969,Garbage dump in H.M.T Compliant clear Sir,General Consumer Services,Marshal Ward No 38/Marshal,H.M.T,,,,,2025-06-16 10:39:00.000000000,Closed
20767556,INDIAN_OPENCITY_BBMP,20767556,Garbage dump in Siddapura Cleared,General Consumer Services,Marshal Ward No 144/Marshal,Siddapura,,,,,2025-06-16 04:30:00.000000000,Closed
20762542,INDIAN_OPENCITY_BBMP,20762542,Removal of dead/fallen trees in Koramangala Resolved,General Consumer Services,Harish.H.R/DYRFO,Koramangala,,,,,2025-06-12 12:57:00.000000000,Closed
20762192,INDIAN_OPENCITY_BBMP,20762192,Road Infrastructure in Neelasandra Forwarded Task,General Consumer Services,Naveen.G/AE,Neelasandra,,,,,2025-06-12 10:14:00.000000000,Registered
20766874,INDIAN_OPENCITY_BBMP,20766874,Garbage vehicle not arrived in Byatarayanapura Panchayti limit,General Consumer Services,Marshal Ward No 07/Marshal,Byatarayanapura,,,,,2025-06-16 10:07:00.000000000,Closed
20771021,INDIAN_OPENCITY_BBMP,20771021,"shifting of the street dogs to other places in BTM Layout Dogs cannot be relocated as per the ABC Rule 2023. For barking, crying, chasing - nothing can be done since it is a natural instinct of a dog. Sterilisation and Immunisation of street dogs will be done by BBMP. Chasing a speedy vehicle for a short distance is normal behaviour of the street dogs. They do this for various reasons. Relocation of these dogs is not permissible under the law. Any attempt by an individual or a group of individuals or RWA to relocate the dogs through any means attracts serious punishment.",General Consumer Services,SURESH/VI,BTM Layout,,,,,2025-06-19 12:54:00.000000000,Closed
20766613,INDIAN_OPENCITY_BBMP,20766613,Road Infrastructure in Ramamurthy Nagar Field inspection assigned to AE officer.,General Consumer Services,N.R Suresh/AE,Ramamurthy Nagar,,,,,2025-06-15 11:15:00.000000000,Registered
20767036,INDIAN_OPENCITY_BBMP,20767036,"Khata Services (Registration, Transfer, Bifurcation and Amalgamation) in Thanisandra Please give the fully details to resolve the issue of e Katha",General Consumer Services,ARO ward 5 and 6/ARO,Thanisandra,,,,,2025-06-16 11:07:00.000000000,Closed
20764165,INDIAN_OPENCITY_BBMP,20764165,"Khata Services (Registration, Transfer, Bifurcation and Amalgamation) in Hagadooru The Property ""2477430231"" is in the process of add new property to e-Aasthi (Citizen), Currently this property available in Deputy Commissioner Revenue(dc_mdp_bbmp) forward list.",General Consumer Services,Santhos Kumar/ARO,Hagadooru,,,,,2025-06-13 04:18:00.000000000,Closed
20765329,INDIAN_OPENCITY_BBMP,20765329,Issues Related to Parks/Medians/Circles/Island. in Pattabhiram Nagar resolved complain,General Consumer Services,Channegowda S/HS,Pattabhiram Nagar,,,,,2025-06-14 02:23:00.000000000,Closed
20766718,INDIAN_OPENCITY_BBMP,20766718,"Garbage vehicle not arrived in Singasandra It doesn't belongs bbmp limits, it comes under rayasandra panchayati.",General Consumer Services,Marshal Ward No 191/Marshal,Singasandra,,,,,2025-06-16 08:21:00.000000000,Closed
20766426,INDIAN_OPENCITY_BBMP,20766426,Garbage dump in Aramane Nagar Vacant site in case,General Consumer Services,Marshal Ward No 35/Marshal,Aramane Nagar,,,,,2025-06-15 07:35:00.000000000,Closed
20770426,INDIAN_OPENCITY_BBMP,20770426,water leakage on road in Arakere Field inspection assigned to AE officer.,General Consumer Services,Chethan K M/AE,Arakere,,,,,2025-06-18 10:54:00.000000000,Registered
20769461,INDIAN_OPENCITY_BBMP,20769461,Debris Removal / Construction Material in Vasanth Nagar Field inspection assigned to AE officer.,General Consumer Services,Dharmaraj Naik/AE,Vasanth Nagar,,,,,2025-06-18 10:02:00.000000000,Registered
20766090,INDIAN_OPENCITY_BBMP,20766090,Road cutting in Anjanapur Field inspection assigned to AE officer.,General Consumer Services,Krishnaapa/AE,Anjanapur,,,,,2025-06-15 12:19:00.000000000,Registered
20765156,INDIAN_OPENCITY_BBMP,20765156,new Khata / Ekhata registration / creation in Anjanapur It is Technical eror outomatically It will get Resolved Shortly,General Consumer Services,Dodda Shamachari/ARO,Anjanapur,,,,,2025-06-14 12:15:00.000000000,Closed
20768904,INDIAN_OPENCITY_BBMP,20768904,Dengue positive in HSR Layout It's clear,General Consumer Services,G.Vinod/SHI,HSR Layout,,,,,2025-06-17 06:12:00.000000000,Closed
20771240,INDIAN_OPENCITY_BBMP,20771240,Dengue positive in Thanisandra Field inspection assigned to SHI officer.,General Consumer Services,SHI Ward 006/SHI,Thanisandra,,,,,2025-06-19 03:31:00.000000000,Registered
20762021,INDIAN_OPENCITY_BBMP,20762021,Others in Dodda Bidarkallu Field inspection assigned to Customer Support Representative officer.,General Consumer Services,BBMP Whatsapp/Customer Support Representative,Dodda Bidarkallu,,,,,2025-06-12 08:03:00.000000000,Registered
20771620,INDIAN_OPENCITY_BBMP,20771620,Garbage dumping in vacant sites in Someshwara Field inspection assigned to Marshal officer.,General Consumer Services,Marshal Ward No 03/Marshal,Someshwara,,,,,2025-06-19 09:12:00.000000000,Registered
20769194,INDIAN_OPENCITY_BBMP,20769194,Garbage dump in Lingarajapuram Forwarded Task,General Consumer Services,Marshal Ward No 49/Marshal,Lingarajapuram,,,,,2025-06-17 10:26:00.000000000,Registered
20771523,INDIAN_OPENCITY_BBMP,20771523,Debris Removal / Construction Material in Gali Anjaneya Swamy Temple Ward Field inspection assigned to AE officer.,General Consumer Services,AE Ward 157/AE,Gali Anjaneya Swamy Temple Ward,,,,,2025-06-19 07:36:00.000000000,Registered
20768111,INDIAN_OPENCITY_BBMP,20768111,Removal of dead/fallen trees in Peenya Industrial Area please upload a picture,General Consumer Services,Rajappa/DYRFO,Peenya Industrial Area,,,,,2025-06-17 09:08:00.000000000,Closed
20770297,INDIAN_OPENCITY_BBMP,20770297,Sewerage water left in SWD in Doddanekkundi Field inspection assigned to AE officer.,General Consumer Services,Prashanth/AE,Doddanekkundi,,,,,2025-06-18 08:37:00.000000000,Registered
20769420,INDIAN_OPENCITY_BBMP,20769420,Unable to generate the property tax challan in Bellandur Field inspection assigned to ARO officer.,General Consumer Services,DEEPASHREE M R/ARO,Bellandur,,,,,2025-06-18 09:37:00.000000000,Registered
20766089,INDIAN_OPENCITY_BBMP,20766089,Garbage vehicle not arrived in Bellandur Cleard,General Consumer Services,Marshal Ward No 150/Marshal,Bellandur,,,,,2025-06-15 12:18:00.000000000,Closed
20771638,INDIAN_OPENCITY_BBMP,20771638,Sweeping not done in Yelahanka old Satellite Town Field inspection assigned to JHI officer.,General Consumer Services,JHI Ward 4/JHI,Yelahanka old Satellite Town,,,,,2025-06-19 09:21:00.000000000,Registered
20771342,INDIAN_OPENCITY_BBMP,20771342,Garbage vehicle not arrived in Hemmigepura Field inspection assigned to Marshal officer.,General Consumer Services,Marshal Ward No 198/Marshal,Hemmigepura,,,,,2025-06-19 05:15:00.000000000,Registered
20766879,INDIAN_OPENCITY_BBMP,20766879,Animal Rescue - Not well - Requires attention in Mallasandra attended,General Consumer Services,Dr sunilkumar Havanur/VI,Mallasandra,,,,,2025-06-16 10:08:00.000000000,Closed
20769139,INDIAN_OPENCITY_BBMP,20769139,Garbage dump in Hagadooru Forwarded Task,General Consumer Services,Marshal Ward No 84/Marshal,Hagadooru,,,,,2025-06-17 09:27:00.000000000,Registered
20764066,INDIAN_OPENCITY_BBMP,20764066,Garbage dumping in vacant sites in Peenya Industrial Area Complaint attend,General Consumer Services,Marshal Ward No 41/Marshal,Peenya Industrial Area,,,,,2025-06-13 03:14:00.000000000,Closed
20763178,INDIAN_OPENCITY_BBMP,20763178,Spraying in Shakthiganapathi Nagar Attaunded,General Consumer Services,Govinda raju/SHI,Shakthiganapathi Nagar,,,,,2025-06-12 09:16:00.000000000,Closed
20767203,INDIAN_OPENCITY_BBMP,20767203,Garbage dump in K.R.Market Clear,General Consumer Services,Marshal Ward No 139/Marshal,K.R.Market,,,,,2025-06-16 12:10:00.000000000,Closed
20761693,INDIAN_OPENCITY_BBMP,20761693,Road Infrastructure in Yelahanka old Satellite Town Forwarded Task,General Consumer Services,RI AE Ward 1 to 4/AE,Yelahanka old Satellite Town,,,,,2025-06-11 05:57:00.000000000,Registered
20764930,INDIAN_OPENCITY_BBMP,20764930,"Animal Rescue - Not well - Requires attention in Nagavara As you did not furnish the details of the dog which has to be rescued, your complaint is closed.",General Consumer Services,Chandrashekar/VI,Nagavara,,,,,2025-06-14 10:25:00.000000000,Closed
20769356,INDIAN_OPENCITY_BBMP,20769356,Segregation of waste is not done in Hemmigepura Field inspection assigned to Marshal officer.,General Consumer Services,Marshal Ward No 198/Marshal,Hemmigepura,,,,,2025-06-18 08:58:00.000000000,Registered
20771299,INDIAN_OPENCITY_BBMP,20771299,Garbage dump in Varthur Forwarded Task,General Consumer Services,Marshal Ward No 149/Marshal,Varthur,,,,,2025-06-19 04:12:00.000000000,Registered
20762667,INDIAN_OPENCITY_BBMP,20762667,Garbage dump in Ganga Nagar Compliant Resolved,General Consumer Services,Marshal Ward No 20/Marshal,Ganga Nagar,,,,,2025-06-12 02:22:00.000000000,Closed
20764592,INDIAN_OPENCITY_BBMP,20764592,"Animal Rescue - Not well - Requires attention in Deepanjali Nagar Please contact Dr.D.N Srinath, ADAH, Mobile no:[PHONE]",General Consumer Services,Hanumantha raju/VI,Deepanjali Nagar,,,,,2025-06-13 09:38:00.000000000,Closed
20765314,INDIAN_OPENCITY_BBMP,20765314,Footpath in Vasanthapura .,General Consumer Services,venkat malavaiya /AE,Vasanthapura,,,,,2025-06-14 02:09:00.000000000,Closed
20765186,INDIAN_OPENCITY_BBMP,20765186,Unhygienic premises in Hotel etc in Banaswadi Field inspection assigned to SHI officer.,General Consumer Services,Rayappa/SHI,Banaswadi,,,,,2025-06-14 12:26:00.000000000,Registered
20766446,INDIAN_OPENCITY_BBMP,20766446,Garbage dump in Katriguppe Clear,General Consumer Services,Marshal Ward No 163/Marshal,Katriguppe,,,,,2025-06-15 07:47:00.000000000,Closed
20765881,INDIAN_OPENCITY_BBMP,20765881,Complaint against SW collector/ SWM official for violation of SWM Rules in Shettyhalli Solved,General Consumer Services,Marshal Ward No 12/Marshal,Shettyhalli,,,,,2025-06-15 08:58:00.000000000,Closed
20765915,INDIAN_OPENCITY_BBMP,20765915,Dead animal(s) in Chokkasandra Field inspection assigned to JHI officer.,General Consumer Services,Ramesh/JHI,Chokkasandra,,,,,2025-06-15 09:33:00.000000000,Registered
20770520,INDIAN_OPENCITY_BBMP,20770520,Garbage dump in Maruthi Mandira Ward Cleared,General Consumer Services,Marshal Ward No 126/Marshal,Maruthi Mandira Ward,,,,,2025-06-19 07:36:00.000000000,Closed
20762480,INDIAN_OPENCITY_BBMP,20762480,Removal of dead/fallen trees in Visvesvarapuram Resolved,General Consumer Services,B.B Meti/DYRFO,Visvesvarapuram,,,,,2025-06-12 12:24:00.000000000,Closed
20764055,INDIAN_OPENCITY_BBMP,20764055,Garbage dumping in vacant sites in Thanisandra Forwarded Task,General Consumer Services,Marshal Ward No 06/Marshal,Thanisandra,,,,,2025-06-13 03:09:00.000000000,Registered
20770505,INDIAN_OPENCITY_BBMP,20770505,Garbage dumping in vacant sites in Horamavu Clear sir,General Consumer Services,Marshal Ward No 25/Marshal,Horamavu,,,,,2025-06-19 07:21:00.000000000,Closed
20764085,INDIAN_OPENCITY_BBMP,20764085,Stray dog related complaints in Nagapura Attended but all r neutered,General Consumer Services,Lokesh/VI,Nagapura,,,,,2025-06-13 03:23:00.000000000,Closed
20762316,INDIAN_OPENCITY_BBMP,20762316,Garbage dump in H.M.T Compliant clear this is under 16 ward informed to customer,General Consumer Services,Marshal Ward No 38/Marshal,H.M.T,,,,,2025-06-12 11:09:00.000000000,Closed
20768313,INDIAN_OPENCITY_BBMP,20768313,Flex and banners in Basavanapura Field inspection assigned to ARO officer.,General Consumer Services,Murthi/ARO,Basavanapura,,,,,2025-06-17 10:47:00.000000000,Registered
20769807,INDIAN_OPENCITY_BBMP,20769807,Removal of dead/fallen trees in Ganeshmandira Ward Field inspection assigned to DYRFO officer.,General Consumer Services,Shivanna T.C/DYRFO,Ganeshmandira Ward,,,,,2025-06-18 01:08:00.000000000,Registered
20771319,INDIAN_OPENCITY_BBMP,20771319,Removal of dead/fallen trees in Padmanabha Nagar Field inspection assigned to DYRFO officer.,General Consumer Services,Shivanna T.C/DYRFO,Padmanabha Nagar,,,,,2025-06-19 04:40:00.000000000,Registered
20762789,INDIAN_OPENCITY_BBMP,20762789,water stagnation in Jakkur Forwarded Task,General Consumer Services,Manthesh/AE,Jakkur,,,,,2025-06-12 04:13:00.000000000,Registered
20762408,INDIAN_OPENCITY_BBMP,20762408,Debris Removal / Construction Material in Jeevanbhima Nagar Resolved,General Consumer Services,Shilpa/AE,Jeevanbhima Nagar,,,,,2025-06-12 11:50:00.000000000,Closed
20763940,INDIAN_OPENCITY_BBMP,20763940,Sweeping not done in Mallasandra Forwarded Task,General Consumer Services,Manju Gagan/JHI,Mallasandra,,,,,2025-06-13 01:37:00.000000000,Registered
20768054,INDIAN_OPENCITY_BBMP,20768054,Garbage dump in Hoodi Vehicle arrived in area and collected the garbage cleared,General Consumer Services,Marshal Ward No 54/Marshal,Hoodi,,,,,2025-06-17 08:18:00.000000000,Closed
20762548,INDIAN_OPENCITY_BBMP,20762548,Spraying in Maruthi Mandira Ward Field inspection assigned to SHI officer.,General Consumer Services,Hemavati H.G(Incharge)/SHI,Maruthi Mandira Ward,,,,,2025-06-12 01:01:00.000000000,Registered
20761782,INDIAN_OPENCITY_BBMP,20761782,Road side drains in Hebbal Not drainage work done,General Consumer Services,Madhav rao/AEE,Hebbal,,,,,2025-06-11 07:35:00.000000000,ReOpen
20770353,INDIAN_OPENCITY_BBMP,20770353,Road cutting in Hampi Nagar Field inspection assigned to AE officer.,General Consumer Services,AE Ward 133/AE,Hampi Nagar,,,,,2025-06-18 09:26:00.000000000,Registered
20766127,INDIAN_OPENCITY_BBMP,20766127,Garbage dump in Basavanapura Tho not BBMP,General Consumer Services,Marshal Ward No 53/Marshal,Basavanapura,,,,,2025-06-15 12:48:00.000000000,Closed
20771053,INDIAN_OPENCITY_BBMP,20771053,UnAuthorised Building Constructions in Devasandra Field inspection assigned to ADTP officer.,General Consumer Services,Ram Rao/ADTP,Devasandra,,,,,2025-06-19 01:10:00.000000000,Registered
20767315,INDIAN_OPENCITY_BBMP,20767315,Footpath in Basavanagudi Field inspection assigned to AE officer.,General Consumer Services,AE Ward 154/AE,Basavanagudi,,,,,2025-06-16 01:12:00.000000000,Registered
20771200,INDIAN_OPENCITY_BBMP,20771200,Garbage dump in Kacharakanahalli Field inspection assigned to Marshal officer.,General Consumer Services,Marshal Ward No 29/Marshal,Kacharakanahalli,,,,,2025-06-19 03:03:00.000000000,Registered
20764984,INDIAN_OPENCITY_BBMP,20764984,Garbage dump in Jaraganahalli Clear,General Consumer Services,Marshal Ward No 186/Marshal,Jaraganahalli,,,,,2025-06-14 10:52:00.000000000,Closed
20770632,INDIAN_OPENCITY_BBMP,20770632,Garbage dump in Doddanekkundi Cleared,General Consumer Services,Marshal Ward No 85/Marshal,Doddanekkundi,,,,,2025-06-19 09:19:00.000000000,Closed
20768758,INDIAN_OPENCITY_BBMP,20768758,Maintenance of SWD in Koramangala Field inspection assigned to AEE officer.,General Consumer Services,Santosh kumar B/AEE,Koramangala,,,,,2025-06-17 04:07:00.000000000,Registered
20768604,INDIAN_OPENCITY_BBMP,20768604,Others in Bommanahalli Field inspection assigned to Customer Support Representative officer.,General Consumer Services,BBMP Whatsapp/Customer Support Representative,Bommanahalli,,,,,2025-06-17 01:34:00.000000000,Registered
20767172,INDIAN_OPENCITY_BBMP,20767172,Garbage dump in K.R.Market Close,General Consumer Services,Marshal Ward No 139/Marshal,K.R.Market,,,,,2025-06-16 11:56:00.000000000,Closed
20763784,INDIAN_OPENCITY_BBMP,20763784,Road Infrastructure in Jayamahal Forwarded Task,General Consumer Services,Naveen.G/AE,Jayamahal,,,,,2025-06-13 12:02:00.000000000,Registered
20763926,INDIAN_OPENCITY_BBMP,20763926,UnAuthorised Constructions in Chokkasandra Field inspection assigned to Customer Support Representative officer.,General Consumer Services,BBMP Whatsapp/Customer Support Representative,Chokkasandra,,,,,2025-06-13 01:28:00.000000000,Non Relevant
20771292,INDIAN_OPENCITY_BBMP,20771292,Garbage vehicle not arrived in Dattathreya Temple Field inspection assigned to Marshal officer.,General Consumer Services,Marshal Ward No 77/Marshal,Dattathreya Temple,,,,,2025-06-19 04:04:00.000000000,Registered
20768087,INDIAN_OPENCITY_BBMP,20768087,Potholes in Radhakrishna Temple Field inspection assigned to AE officer.,General Consumer Services,Surendra/AE,Radhakrishna Temple,,,,,2025-06-17 08:48:00.000000000,Registered
20763489,INDIAN_OPENCITY_BBMP,20763489,Dead animal(s) in Kengeri Clear,General Consumer Services,Naveen Kumar R/JHI,Kengeri,,,,,2025-06-13 09:56:00.000000000,Closed
20765797,INDIAN_OPENCITY_BBMP,20765797,Removal of dead/fallen trees in Singasandra Resolved,General Consumer Services,Narendra Babu/RFO,Singasandra,,,,,2025-06-15 06:54:00.000000000,Closed
20768845,INDIAN_OPENCITY_BBMP,20768845,Unhygienic premises in Hotel etc in Newthippasandra Field inspection assigned to SHI officer.,General Consumer Services,Shri. Ramayya/SHI,Newthippasandra,,,,,2025-06-17 05:29:00.000000000,Registered
20763808,INDIAN_OPENCITY_BBMP,20763808,"obstructions Branches / Trees. in Kavalbyrasandra Please provide hard copy photo of the tree, bbmp tax paid, request letter to the 21st floor, Utility building, mayo hall, Bangalore-560 001",General Consumer Services,Thimmappa/DYRFO,Kavalbyrasandra,,,,,2025-06-13 12:15:00.000000000,Closed
20770087,INDIAN_OPENCITY_BBMP,20770087,Removal of dead/fallen trees in Basavanagudi Field inspection assigned to DYRFO officer.,General Consumer Services,Shivanna T.C/DYRFO,Basavanagudi,,,,,2025-06-18 05:25:00.000000000,Registered
20766055,INDIAN_OPENCITY_BBMP,20766055,Garbage dump in Byatarayanapura Garbage clear sir,General Consumer Services,Marshal Ward No 07/Marshal,Byatarayanapura,,,,,2025-06-15 11:44:00.000000000,Closed
20765451,INDIAN_OPENCITY_BBMP,20765451,Garbage dumping in vacant sites in Jalahalli Cleared,General Consumer Services,Marshal Ward No 16/Marshal,Jalahalli,,,,,2025-06-14 04:43:00.000000000,Closed
20770721,INDIAN_OPENCITY_BBMP,20770721,Potholes in Shiva Nagar Field inspection assigned to AE officer.,General Consumer Services,Poojaraapa/AE,Shiva Nagar,,,,,2025-06-19 10:21:00.000000000,Registered
20771107,INDIAN_OPENCITY_BBMP,20771107,Dead animal(s) in Binnipet Field inspection assigned to JHI officer.,General Consumer Services,Govind S/JHI,Binnipet,,,,,2025-06-19 01:48:00.000000000,Registered
20764281,INDIAN_OPENCITY_BBMP,20764281,Garbage dump in Vidyapeetha Garbage clear tree cutting clearing with in two days because of unloading issue,General Consumer Services,Marshal Ward No 164/Marshal,Vidyapeetha,,,,,2025-06-13 05:26:00.000000000,Closed
20770636,INDIAN_OPENCITY_BBMP,20770636,shifting of the street dogs to other places in Thanisandra Field inspection assigned to VI officer.,General Consumer Services,Narayan Reddy/VI,Thanisandra,,,,,2025-06-19 09:22:00.000000000,Registered
20766878,INDIAN_OPENCITY_BBMP,20766878,Stray dog related complaints in Banaswadi Your request for relocation of stray dogs is a punishable Offense under law So relocation cannot be done,General Consumer Services,Chandrashekar/VI,Banaswadi,,,,,2025-06-16 10:08:00.000000000,Closed
20765192,INDIAN_OPENCITY_BBMP,20765192,footpath encroachment in HSR Layout Field inspection assigned to AE officer.,General Consumer Services,Ramegowda/AE,HSR Layout,,,,,2025-06-14 12:28:00.000000000,Registered
20768818,INDIAN_OPENCITY_BBMP,20768818,Air/Noise pollution in Domlur Field inspection assigned to SHI officer.,General Consumer Services,Sagaya Raj/SHI,Domlur,,,,,2025-06-17 05:12:00.000000000,Registered
20768789,INDIAN_OPENCITY_BBMP,20768789,Ekhata missing in online in Ramamurthy Nagar Field inspection assigned to ARO officer.,General Consumer Services,Sheshagiri /ARO,Ramamurthy Nagar,,,,,2025-06-17 04:32:00.000000000,Registered
20769268,INDIAN_OPENCITY_BBMP,20769268,Examination Related Issues in Vidyaranyapura Field inspection assigned to Education Office officer.,General Consumer Services,Harish Kumar /Education Office,Vidyaranyapura,,,,,2025-06-18 07:30:00.000000000,Registered
20764890,INDIAN_OPENCITY_BBMP,20764890,Animal birth control/neutering of stray dogs in Varthur Complaint attended,General Consumer Services,B K Ashwath Narayan/VI,Varthur,,,,,2025-06-14 09:55:00.000000000,Closed
20767410,INDIAN_OPENCITY_BBMP,20767410,Garbage dump in Shivaji Nagar Forwarded Task,General Consumer Services,Marshal Ward No 92/Marshal,Shivaji Nagar,,,,,2025-06-16 02:24:00.000000000,Registered
20769467,INDIAN_OPENCITY_BBMP,20769467,Removal of dead/fallen trees in Arakere Field inspection assigned to RFO officer.,General Consumer Services,Narendra Babu/RFO,Arakere,,,,,2025-06-18 10:06:00.000000000,Registered
20769026,INDIAN_OPENCITY_BBMP,20769026,Potholes in Arakere Field inspection assigned to AE officer.,General Consumer Services,Chethan K M/AE,Arakere,,,,,2025-06-17 07:42:00.000000000,Registered
20766050,INDIAN_OPENCITY_BBMP,20766050,Road side drains in Jogupalya Field inspection assigned to AE officer.,General Consumer Services,Murthi/AE,Jogupalya,,,,,2025-06-15 11:39:00.000000000,Registered
20767737,INDIAN_OPENCITY_BBMP,20767737,Garbage dump in Hoodi This is coming from ward no 26,General Consumer Services,Marshal Ward No 54/Marshal,Hoodi,,,,,2025-06-16 07:11:00.000000000,Closed
20767027,INDIAN_OPENCITY_BBMP,20767027,Dengue positive in Dharmarayaswamy Temple Ward This complaint is cleared,General Consumer Services,SHI Ward 119/SHI,Dharmarayaswamy Temple Ward,,,,,2025-06-16 11:04:00.000000000,Closed
20763574,INDIAN_OPENCITY_BBMP,20763574,Removal of dead/fallen trees in J.P.Nagar Resolved,General Consumer Services,B.B Meti/DYRFO,J.P.Nagar,,,,,2025-06-13 10:36:00.000000000,Closed
20765927,INDIAN_OPENCITY_BBMP,20765927,Road cutting in Hoodi its take action against them,General Consumer Services,Shaik Moyaddin/AE,Hoodi,,,,,2025-06-15 09:51:00.000000000,Closed
20763972,INDIAN_OPENCITY_BBMP,20763972,UnAuthorised Building Constructions in Konanakunte Field inspection assigned to AEE officer.,General Consumer Services,Shwetha/AEE,Konanakunte,,,,,2025-06-13 02:12:00.000000000,Registered
20761851,INDIAN_OPENCITY_BBMP,20761851,Potholes in Kuvempu Nagar Field inspection assigned to AE officer.,General Consumer Services,Amith/AE,Kuvempu Nagar,,,,,2025-06-11 08:53:00.000000000,Registered
20763444,INDIAN_OPENCITY_BBMP,20763444,Construction not done as per approved plan (Building Bye Law Violations) in C.V.Raman Nagar Field inspection assigned to AE officer.,General Consumer Services,Swamylal/AE,C.V.Raman Nagar,,,,,2025-06-13 09:32:00.000000000,Registered
20766739,INDIAN_OPENCITY_BBMP,20766739,footpath encroachment in Jayamahal Field inspection assigned to AE officer.,General Consumer Services,Padma/AE,Jayamahal,,,,,2025-06-16 08:35:00.000000000,Registered
20767509,INDIAN_OPENCITY_BBMP,20767509,Ekhata Other corrections in Doddabommasandra IT IS A TECHNICAL ISSUE. PLEASE SUBMIT ALL THE RELATED DOCUMENTS TO ARO OFFICE. SENDING TO DC REVENUE OFFICE TO RESLOVE THE TECHNICAL ISSUE,General Consumer Services,Anita/ARO,Doddabommasandra,,,,,2025-06-16 03:47:00.000000000,Closed
20767282,INDIAN_OPENCITY_BBMP,20767282,Discrepancy In Khata Certificate and Khata Extract in Shankaramata Field inspection assigned to ARO officer.,General Consumer Services,Adinath Chougala/ARO,Shankaramata,,,,,2025-06-16 12:55:00.000000000,Registered
20770580,INDIAN_OPENCITY_BBMP,20770580,Potholes in Begur Field inspection assigned to AE officer.,General Consumer Services,Cheluvaraju/AE,Begur,,,,,2025-06-19 08:41:00.000000000,Registered
20766747,INDIAN_OPENCITY_BBMP,20766747,Garbage vehicle not arrived in Chokkasandra Pic uploaded with complainter,General Consumer Services,Marshal Ward No 39/Marshal,Chokkasandra,,,,,2025-06-16 08:44:00.000000000,Closed
20767272,INDIAN_OPENCITY_BBMP,20767272,Stray/Rabid dog bite in Dodda Bidarkallu Dog's cought for animals birth control operation and vaccination,General Consumer Services,Ramesh.B/VI,Dodda Bidarkallu,,,,,2025-06-16 12:48:00.000000000,Closed
20766945,INDIAN_OPENCITY_BBMP,20766945,water stagnation in HSR Layout Cleared,General Consumer Services,Ramegowda/AE,HSR Layout,,,,,2025-06-16 10:33:00.000000000,Closed
20765701,INDIAN_OPENCITY_BBMP,20765701,Garbage dump in Shivaji Nagar Garbage clear,General Consumer Services,Marshal Ward No 92/Marshal,Shivaji Nagar,,,,,2025-06-14 09:18:00.000000000,Closed
20764446,INDIAN_OPENCITY_BBMP,20764446,Road Infrastructure in Dr.Rajkumar Ward Foothpath work at progress it will be removed,General Consumer Services,Sri.Ravi C Gudadappanvar/AE,Dr.Rajkumar Ward,,,,,2025-06-13 07:15:00.000000000,Closed
20763296,INDIAN_OPENCITY_BBMP,20763296,Complaint against SW collector/ SWM official for violation of SWM Rules in Marathalli Garbage vehicle arrived,General Consumer Services,Marshal Ward No 86/Marshal,Marathalli,,,,,2025-06-13 07:29:00.000000000,Closed
20764119,INDIAN_OPENCITY_BBMP,20764119,Dengue positive in HAL Airport Field inspection assigned to SHI officer.,General Consumer Services,Ragavendra KV/SHI,HAL Airport,,,,,2025-06-13 03:35:00.000000000,Registered
20765793,INDIAN_OPENCITY_BBMP,20765793,Road Infrastructure in Basavanagudi Field inspection assigned to AE officer.,General Consumer Services,VENKATESH murthy H /AE,Basavanagudi,,,,,2025-06-15 06:37:00.000000000,Registered
20768301,INDIAN_OPENCITY_BBMP,20768301,Potholes in Bilekahalli Field inspection assigned to Customer Support Representative officer.,General Consumer Services,BBMP Whatsapp/Customer Support Representative,Bilekahalli,,,,,2025-06-17 10:41:00.000000000,Non Relevant
20767069,INDIAN_OPENCITY_BBMP,20767069,Dengue positive in Ramamurthy Nagar Field inspection assigned to SHI officer.,General Consumer Services,SHI Ward 26/SHI,Ramamurthy Nagar,,,,,2025-06-16 11:17:00.000000000,Registered
20762028,INDIAN_OPENCITY_BBMP,20762028,Stray dog related complaints in J.P.Park Animal birth control and vaccination of stray dogs scheduled,General Consumer Services,Uma V.H/VI,J.P.Park,,,,,2025-06-12 08:10:00.000000000,Closed
20764618,INDIAN_OPENCITY_BBMP,20764618,"Khata Services (Registration, Transfer, Bifurcation and Amalgamation) in Sunkenahalli kavitha, Caseworker is not working, in this office, hence submitted request letter with document. After verification doucments action will be taken",General Consumer Services,madhuri kottagi/ARO,Sunkenahalli,,,,,2025-06-13 10:02:00.000000000,Closed
20770810,INDIAN_OPENCITY_BBMP,20770810,Burning of Garbage in Open Space in Basavanapura I will see duty and your garbage clear,General Consumer Services,Marshal Ward No 53/Marshal,Basavanapura,,,,,2025-06-19 11:07:00.000000000,Closed
20766012,INDIAN_OPENCITY_BBMP,20766012,UnAuthorised Building Constructions in Hemmigepura Field inspection assigned to ADTP officer.,General Consumer Services,Samandaih/ADTP,Hemmigepura,,,,,2025-06-15 11:11:00.000000000,Registered
20762405,INDIAN_OPENCITY_BBMP,20762405,Garbage vehicle not arrived in Marathalli Segregation problem,General Consumer Services,Marshal Ward No 86/Marshal,Marathalli,,,,,2025-06-12 11:49:00.000000000,Closed
20771671,INDIAN_OPENCITY_BBMP,20771671,Removal of dead/fallen trees in Anjanapur Field inspection assigned to RFO officer.,General Consumer Services,Narendra Babu/RFO,Anjanapur,,,,,2025-06-19 10:11:00.000000000,Registered
20763569,INDIAN_OPENCITY_BBMP,20763569,Ekhata missing in online in Dodda Bidarkallu done,General Consumer Services,Manjula/ARO,Dodda Bidarkallu,,,,,2025-06-13 10:32:00.000000000,Closed
20768149,INDIAN_OPENCITY_BBMP,20768149,Footpath in Hemmigepura Field inspection assigned to AE officer.,General Consumer Services,Thimmaiya /AE,Hemmigepura,,,,,2025-06-17 09:27:00.000000000,Registered
20762933,INDIAN_OPENCITY_BBMP,20762933,Garbage vehicle not arrived in Kadugodi Cler,General Consumer Services,Marshal Ward No 83/Marshal,Kadugodi,,,,,2025-06-12 05:44:00.000000000,Closed
20766494,INDIAN_OPENCITY_BBMP,20766494,Garbage dump in Peenya Industrial Area Complaint person not response in our call,General Consumer Services,Marshal Ward No 41/Marshal,Peenya Industrial Area,,,,,2025-06-15 08:33:00.000000000,Closed
20769806,INDIAN_OPENCITY_BBMP,20769806,Burning of Garbage in Open Space in Rajarajeshwari Nagar Field inspection assigned to Marshal officer.,General Consumer Services,Marshal Ward No 160/Marshal,Rajarajeshwari Nagar,,,,,2025-06-18 01:05:00.000000000,Registered
20771377,INDIAN_OPENCITY_BBMP,20771377,Increase in mosquito density in Attiguppe Field inspection assigned to SHI officer.,General Consumer Services,Maruthi/SHI,Attiguppe,,,,,2025-06-19 05:45:00.000000000,Registered
20771612,INDIAN_OPENCITY_BBMP,20771612,Garbage dump in Horamavu Clear sir today morning,General Consumer Services,Marshal Ward No 25/Marshal,Horamavu,,,,,2025-06-19 09:03:00.000000000,Closed
20767767,INDIAN_OPENCITY_BBMP,20767767,Road Infrastructure in Benniganahalli Field inspection assigned to AE officer.,General Consumer Services,Naveen.G/AE,Benniganahalli,,,,,2025-06-16 07:28:00.000000000,Registered
20766538,INDIAN_OPENCITY_BBMP,20766538,Garbage dump in Basavanagudi Clear,General Consumer Services,Marshal Ward No 154/Marshal,Basavanagudi,,,,,2025-06-15 09:14:00.000000000,Closed
20769235,INDIAN_OPENCITY_BBMP,20769235,Sewerage water left in SWD in Someshwara Field inspection assigned to AE officer.,General Consumer Services,Prashanth/AE,Someshwara,,,,,2025-06-18 12:44:00.000000000,Registered
20767412,INDIAN_OPENCITY_BBMP,20767412,Removal of dead/fallen trees in Banaswadi Cleared,General Consumer Services,P Nagendra /DYRFO,Banaswadi,,,,,2025-06-16 02:26:00.000000000,Closed
20762331,INDIAN_OPENCITY_BBMP,20762331,new Khata / Ekhata registration / creation in J.P.Nagar Applicant request of UDS is mismatch with Deed and Records,General Consumer Services,RAMANJINEYA/ARO,J.P.Nagar,,,,,2025-06-12 11:17:00.000000000,Closed
20765271,INDIAN_OPENCITY_BBMP,20765271,Others in Banashankari Temple Ward Field inspection assigned to Customer Support Representative officer.,General Consumer Services,BBMP Whatsapp/Customer Support Representative,Banashankari Temple Ward,,,,,2025-06-14 01:26:00.000000000,Registered
20765453,INDIAN_OPENCITY_BBMP,20765453,Garbage dump in Lingarajapuram This complaint not related to Lingarajpuram ward,General Consumer Services,Marshal Ward No 49/Marshal,Lingarajapuram,,,,,2025-06-14 04:46:00.000000000,Closed
20769620,INDIAN_OPENCITY_BBMP,20769620,Garbage dump in Chamrajpet Field inspection assigned to Marshal officer.,General Consumer Services,Marshal Ward No 140/Marshal,Chamrajpet,,,,,2025-06-18 11:14:00.000000000,Registered
20762036,INDIAN_OPENCITY_BBMP,20762036,Sweeping not done in Jeevanbhima Nagar Caller,General Consumer Services,Hanumanthappa/JHI,Jeevanbhima Nagar,,,,,2025-06-12 08:17:00.000000000,Closed
20767115,INDIAN_OPENCITY_BBMP,20767115,Stray dog related complaints in Govindraja Nagara Closed,General Consumer Services,Anand G/VI,Govindraja Nagara,,,,,2025-06-16 11:33:00.000000000,Closed
20766023,INDIAN_OPENCITY_BBMP,20766023,UnAuthorised Building Constructions in C.V.Raman Nagar Field inspection assigned to AE officer.,General Consumer Services,Swamylal/AE,C.V.Raman Nagar,,,,,2025-06-15 11:21:00.000000000,Registered
20765863,INDIAN_OPENCITY_BBMP,20765863,Garbage dump in Pattabhiram Nagar Garbeg daily clear,General Consumer Services,Marshal Ward No 168/Marshal,Pattabhiram Nagar,,,,,2025-06-15 08:42:00.000000000,Closed
20763361,INDIAN_OPENCITY_BBMP,20763361,Garbage vehicle not arrived in Ullalu Clear,General Consumer Services,Marshal Ward No 130/Marshal,Ullalu,,,,,2025-06-13 08:37:00.000000000,Closed
20769505,INDIAN_OPENCITY_BBMP,20769505,Road side drains in Nagarabhavi Field inspection assigned to AE officer.,General Consumer Services,Manje Gowda/AE,Nagarabhavi,,,,,2025-06-18 10:30:00.000000000,Registered
20764798,INDIAN_OPENCITY_BBMP,20764798,"Stray/Rabid dog bite in Vishwanathnagenahalli Dog caught and taken to centre for observation. If the dog is normal during the observation period of 7-10 days... The dog will be released in the location where it was caught. As per the Supreme Court guidelines, street dogs cannot be relocated. Relocation of street dogs is a punishable offence.",General Consumer Services,Chandrika B R/VI,Vishwanathnagenahalli,,,,,2025-06-14 08:41:00.000000000,Closed
20764206,INDIAN_OPENCITY_BBMP,20764206,Potholes in Kumaraswamy Layout Pothole filled,General Consumer Services,AE Ward 181/AE,Kumaraswamy Layout,,,,,2025-06-13 04:40:00.000000000,Closed
20770745,INDIAN_OPENCITY_BBMP,20770745,obstructions Branches / Trees. in Giri Nagar Field inspection assigned to DYRFO officer.,General Consumer Services,Shivanna T.C/DYRFO,Giri Nagar,,,,,2025-06-19 10:31:00.000000000,Registered
20764251,INDIAN_OPENCITY_BBMP,20764251,Garbage dump in Bilekahalli Forwarded Task,General Consumer Services,Marshal Ward No 188/Marshal,Bilekahalli,,,,,2025-06-13 05:03:00.000000000,Registered
20761727,INDIAN_OPENCITY_BBMP,20761727,Garbage dumping in vacant sites in Jnanabharathi Ward Clear,General Consumer Services,Marshal Ward No 129/Marshal,Jnanabharathi Ward,,,,,2025-06-11 06:39:00.000000000,Closed
20761716,INDIAN_OPENCITY_BBMP,20761716,Issues Related to Parks/Medians/Circles/Island. in Jayanagar East Park will be open at 5.00 AM to 10.00 PM Resolved complaint,General Consumer Services,Channegowda S/HS,Jayanagar East,,,,,2025-06-11 06:25:00.000000000,Closed
20771463,INDIAN_OPENCITY_BBMP,20771463,Fatally injured - Needs immediate attention in Shettyhalli Field inspection assigned to VI officer.,General Consumer Services,Dr sunilkumar Havanur/VI,Shettyhalli,,,,,2025-06-19 06:48:00.000000000,Registered
20763514,INDIAN_OPENCITY_BBMP,20763514,Stray dog related complaints in Hemmigepura Dog's cought for animals birth control and vaccination,General Consumer Services,Ramesh.B/VI,Hemmigepura,,,,,2025-06-13 10:09:00.000000000,Closed
20768873,INDIAN_OPENCITY_BBMP,20768873,Dengue positive in Bellandur Field inspection assigned to SHI officer.,General Consumer Services,Mahesh Kumar S/SHI,Bellandur,,,,,2025-06-17 05:51:00.000000000,Registered
20769485,INDIAN_OPENCITY_BBMP,20769485,Overhanging cables in H.M.T Field inspection assigned to AE officer.,General Consumer Services,Vasanatha/AE,H.M.T,,,,,2025-06-18 10:19:00.000000000,Registered
20771072,INDIAN_OPENCITY_BBMP,20771072,Garbage transfer not as per norms & area not kept clean in Ulsoor Field inspection assigned to Marshal officer.,General Consumer Services,Marshal Ward No 90/Marshal,Ulsoor,,,,,2025-06-19 01:26:00.000000000,Registered
20763326,INDIAN_OPENCITY_BBMP,20763326,Road Infrastructure in Kumaraswamy Layout Field inspection assigned to AE officer.,General Consumer Services,Ramchandra despande /AE,Kumaraswamy Layout,,,,,2025-06-13 08:02:00.000000000,Registered
20768369,INDIAN_OPENCITY_BBMP,20768369,obstructions Branches / Trees. in Okalipuram Forwarded Task,General Consumer Services,sudarshan/DYRFO,Okalipuram,,,,,2025-06-17 11:14:00.000000000,Registered
20769663,INDIAN_OPENCITY_BBMP,20769663,obstructions Branches / Trees. in Vidyaranyapura Field inspection assigned to DYRFO officer.,General Consumer Services,Mutturaju KP/DYRFO,Vidyaranyapura,,,,,2025-06-18 11:37:00.000000000,Registered
20766180,INDIAN_OPENCITY_BBMP,20766180,Garbage nuisance while transporting in Ganga Nagar Compliant Resolved,General Consumer Services,Marshal Ward No 20/Marshal,Ganga Nagar,,,,,2025-06-15 01:45:00.000000000,Closed
20769717,INDIAN_OPENCITY_BBMP,20769717,Garbage dump in Chikpete This point is Regularly Clrared,General Consumer Services,Marshal Ward No 109/Marshal,Chikpete,,,,,2025-06-18 12:04:00.000000000,Closed
20770019,INDIAN_OPENCITY_BBMP,20770019,Increase in mosquito density in Aramane Nagar Field inspection assigned to SHI officer.,General Consumer Services,Manjunath/SHI,Aramane Nagar,,,,,2025-06-18 04:31:00.000000000,Registered
20767363,INDIAN_OPENCITY_BBMP,20767363,Garbage dump in Hoysala Nagar Given mobile number is wrong,General Consumer Services,Marshal Ward No 80/Marshal,Hoysala Nagar,,,,,2025-06-16 01:47:00.000000000,Closed
20769172,INDIAN_OPENCITY_BBMP,20769172,Garbage dumping in vacant sites in Someshwara This Complaint is Clear,General Consumer Services,Marshal Ward No 03/Marshal,Someshwara,,,,,2025-06-17 10:02:00.000000000,Closed
20766797,INDIAN_OPENCITY_BBMP,20766797,Garbage vehicle not arrived in Devasandra Clear,General Consumer Services,Marshal Ward No 55/Marshal,Devasandra,,,,,2025-06-16 09:37:00.000000000,Closed
20765516,INDIAN_OPENCITY_BBMP,20765516,Debris Removal / Construction Material in Domlur Field inspection assigned to AE officer.,General Consumer Services,Prakash/AE,Domlur,,,,,2025-06-14 05:59:00.000000000,Registered
20768939,INDIAN_OPENCITY_BBMP,20768939,Garbage dumping in vacant sites in Begur This complaint is cleared sir,General Consumer Services,Marshal Ward No 192/Marshal,Begur,,,,,2025-06-17 06:47:00.000000000,Closed
20764843,INDIAN_OPENCITY_BBMP,20764843,Garbage vehicle not arrived in Marathalli New driver,General Consumer Services,Marshal Ward No 86/Marshal,Marathalli,,,,,2025-06-14 09:19:00.000000000,Closed
20761710,INDIAN_OPENCITY_BBMP,20761710,"Khata Services (Registration, Transfer, Bifurcation and Amalgamation) in Hagadooru as inform you submit the letter to aro office whitefield for cancellation",General Consumer Services,Santhos Kumar/ARO,Hagadooru,,,,,2025-06-11 06:11:00.000000000,Closed
20768951,INDIAN_OPENCITY_BBMP,20768951,Road side drains in Basaveshwara Nagar Forwarded Task,General Consumer Services,Pavan/AE,Basaveshwara Nagar,,,,,2025-06-17 07:02:00.000000000,Registered
20761951,INDIAN_OPENCITY_BBMP,20761951,"Road side drains in Shanthi Nagar Drain desilting started at the back gate of BTS depot road, Church road",General Consumer Services,Farzan/AE,Shanthi Nagar,,,,,2025-06-11 11:41:00.000000000,Closed
20762426,INDIAN_OPENCITY_BBMP,20762426,Garbage dump in Byatarayanapura Panchayti complaint,General Consumer Services,Marshal Ward No 07/Marshal,Byatarayanapura,,,,,2025-06-12 11:56:00.000000000,Closed
20763759,INDIAN_OPENCITY_BBMP,20763759,obstructions Branches / Trees. in Ramamurthy Nagar Field inspection assigned to DYRFO officer.,General Consumer Services,Sudharshan/DYRFO,Ramamurthy Nagar,,,,,2025-06-13 11:47:00.000000000,Registered
20762189,INDIAN_OPENCITY_BBMP,20762189,Debris Removal / Construction Material in Vishwanathnagenahalli Not solved the issue or contacted me but the complaint is been closed,General Consumer Services,Eranna/AEE,Vishwanathnagenahalli,,,,,2025-06-12 10:12:00.000000000,ReOpen
20764258,INDIAN_OPENCITY_BBMP,20764258,Public toilet(s) blockage in Gayathri Nagar Close,General Consumer Services,Nagarajaih /JHI,Gayathri Nagar,,,,,2025-06-13 05:07:00.000000000,Closed
20770549,INDIAN_OPENCITY_BBMP,20770549,Dead animal(s) in Kodigehalli Field inspection assigned to JHI officer.,General Consumer Services,JHI Ward 8/JHI,Kodigehalli,,,,,2025-06-19 08:03:00.000000000,Registered
20766541,INDIAN_OPENCITY_BBMP,20766541,Garbage dumping in vacant sites in Kempegowda Ward Resolved,General Consumer Services,Marshal Ward No 01/Marshal,Kempegowda Ward,,,,,2025-06-15 09:17:00.000000000,Closed
20763846,INDIAN_OPENCITY_BBMP,20763846,Garbage dump in Jayangar Cleaned,General Consumer Services,Marshal Ward No 153/Marshal,Jayangar,,,,,2025-06-13 12:39:00.000000000,Closed
20767330,INDIAN_OPENCITY_BBMP,20767330,Garbage dumping in vacant sites in Siddapura The state is as is.,General Consumer Services,Yashwanth H B/Division Supervisor,Siddapura,,,,,2025-06-16 01:23:00.000000000,ReOpen
20769727,INDIAN_OPENCITY_BBMP,20769727,Ekhata - name correction in Horamavu Field inspection assigned to ARO officer.,General Consumer Services,Sheshagiri /ARO,Horamavu,,,,,2025-06-18 12:09:00.000000000,Registered
20766342,INDIAN_OPENCITY_BBMP,20766342,"obstructions Branches / Trees. in Nagapura Please contact Area Supervisor, Naga-[PHONE]",General Consumer Services,sudarshan/DYRFO,Nagapura,,,,,2025-06-15 06:04:00.000000000,Closed
20768372,INDIAN_OPENCITY_BBMP,20768372,Garbage vehicle not arrived in Vishwanathnagenahalli Complaint resolved,General Consumer Services,Marshal Ward No 22/Marshal,Vishwanathnagenahalli,,,,,2025-06-17 11:15:00.000000000,Closed
20768828,INDIAN_OPENCITY_BBMP,20768828,Dengue positive in Basavanapura Field inspection assigned to SHI officer.,General Consumer Services,Raghavendra JN/SHI,Basavanapura,,,,,2025-06-17 05:21:00.000000000,Registered
20768485,INDIAN_OPENCITY_BBMP,20768485,Maintenance of SWD in Yelachenahalli Forwarded Task,General Consumer Services,Sushmashri.S/AE,Yelachenahalli,,,,,2025-06-17 12:12:00.000000000,Registered
20767503,INDIAN_OPENCITY_BBMP,20767503,Garbage vehicle not arrived in T-Dasarahalli Basavaraj Byrathi house road Hanumantharayappa layout ward no 15,General Consumer Services,Marshal Ward No 15/Marshal,T-Dasarahalli,,,,,2025-06-16 03:45:00.000000000,Registered
20766048,INDIAN_OPENCITY_BBMP,20766048,Potholes in Chikpete Field inspection assigned to Customer Support Representative officer.,General Consumer Services,BBMP Whatsapp/Customer Support Representative,Chikpete,,,,,2025-06-15 11:37:00.000000000,Non Relevant
20766722,INDIAN_OPENCITY_BBMP,20766722,Garbage dump in Konena Agrahara Not cleared,General Consumer Services,Anthony James Edwin/Division Supervisor,Konena Agrahara,,,,,2025-06-16 08:25:00.000000000,ReOpen
20764448,INDIAN_OPENCITY_BBMP,20764448,Garbage dump in Hoodi This Not Comes under BBMP Limits it's belongs to Chikka Gubbi Panchayati U can Contact Chikka Gubbi Panchayati office directly,General Consumer Services,Marshal Ward No 54/Marshal,Hoodi,,,,,2025-06-13 07:17:00.000000000,Closed
20768797,INDIAN_OPENCITY_BBMP,20768797,Garbage dumping in vacant sites in Sarakki Field inspection assigned to Marshal officer.,General Consumer Services,Marshal Ward No 178/Marshal,Sarakki,,,,,2025-06-17 04:40:00.000000000,Registered
20765232,INDIAN_OPENCITY_BBMP,20765232,Removal of dead/fallen trees in Sagayapuram +91 90354 49535,General Consumer Services,Thimmappa/DYRFO,Sagayapuram,,,,,2025-06-14 12:59:00.000000000,Closed
20770432,INDIAN_OPENCITY_BBMP,20770432,Garbage transfer not as per norms & area not kept clean in HSR Layout this complaint is clear sir,General Consumer Services,Marshal Ward No 174/Marshal,HSR Layout,,,,,2025-06-18 11:03:00.000000000,Closed
20771210,INDIAN_OPENCITY_BBMP,20771210,Dengue positive in Byatarayanapura Field inspection assigned to SHI officer.,General Consumer Services,Sunandamma/SHI,Byatarayanapura,,,,,2025-06-19 03:13:00.000000000,Registered
20763337,INDIAN_OPENCITY_BBMP,20763337,Others in Subedarapalya Forwarded Task to Major Roads,General Consumer Services,BBMP Whatsapp/Customer Support Representative,Subedarapalya,,,,,2025-06-13 08:15:00.000000000,Registered
20765258,INDIAN_OPENCITY_BBMP,20765258,Ekhata missing in online in Malleshwaram kindly visit office with respective documents,General Consumer Services,Raj Kumar /ARO,Malleshwaram,,,,,2025-06-14 01:17:00.000000000,Closed
20766292,INDIAN_OPENCITY_BBMP,20766292,Garbage vehicle not arrived in Kacharakanahalli Complete resolved,General Consumer Services,Marshal Ward No 29/Marshal,Kacharakanahalli,,,,,2025-06-15 04:34:00.000000000,Closed
20770444,INDIAN_OPENCITY_BBMP,20770444,Garbage dump in HSR Layout this complaint is clear sir,General Consumer Services,Marshal Ward No 174/Marshal,HSR Layout,,,,,2025-06-18 11:33:00.000000000,Closed
20769568,INDIAN_OPENCITY_BBMP,20769568,Technical Issue In Ekhata in Jakkur Field inspection assigned to RI officer.,General Consumer Services,Amar/RI,Jakkur,,,,,2025-06-18 10:57:00.000000000,Registered
20771642,INDIAN_OPENCITY_BBMP,20771642,Garbage dump in HSR Layout Field inspection assigned to Marshal officer.,General Consumer Services,Marshal Ward No 174/Marshal,HSR Layout,,,,,2025-06-19 09:27:00.000000000,Registered
20769569,INDIAN_OPENCITY_BBMP,20769569,Debris Removal / Construction Material in Byatarayanapura Field inspection assigned to AE officer.,General Consumer Services,AE Ward 007/AE,Byatarayanapura,,,,,2025-06-18 10:57:00.000000000,Registered
20763512,INDIAN_OPENCITY_BBMP,20763512,Animal Rescue - Not well - Requires attention in K.R.Puram Complaint attended,General Consumer Services,Smt Jahanar Ameer/VI,K.R.Puram,,,,,2025-06-13 10:07:00.000000000,Closed
20768578,INDIAN_OPENCITY_BBMP,20768578,Removal of dead/fallen trees in Kottigepalya Field inspection assigned to DYRFO officer.,General Consumer Services,Jagadish V/DYRFO,Kottigepalya,,,,,2025-06-17 01:16:00.000000000,Registered
20768958,INDIAN_OPENCITY_BBMP,20768958,Road Infrastructure in Doddabommasandra Field inspection assigned to AE officer.,General Consumer Services,RI AE ward 5 to 11/AE,Doddabommasandra,,,,,2025-06-17 07:08:00.000000000,Registered
20767153,INDIAN_OPENCITY_BBMP,20767153,obstructions Branches / Trees. in Kadugodi Field inspection assigned to DYRFO officer.,General Consumer Services,Sudharshan/DYRFO,Kadugodi,,,,,2025-06-16 11:49:00.000000000,Registered
20764676,INDIAN_OPENCITY_BBMP,20764676,Others in Hombegowda Nagar Forwarded Task,General Consumer Services,BBMP Whatsapp/Customer Support Representative,Hombegowda Nagar,,,,,2025-06-13 11:20:00.000000000,Registered
20764664,INDIAN_OPENCITY_BBMP,20764664,Stray cattle related complaints in Basavanapura Complaint attended,General Consumer Services,Smt Jahanar Ameer/VI,Basavanapura,,,,,2025-06-13 10:48:00.000000000,Closed
20766133,INDIAN_OPENCITY_BBMP,20766133,Dead animal(s) in Jayamahal Resolved,General Consumer Services,Prashanth Nayak R K/JHI,Jayamahal,,,,,2025-06-15 12:54:00.000000000,Closed
20768709,INDIAN_OPENCITY_BBMP,20768709,Road side drains in Gottigere Field inspection assigned to AE officer.,General Consumer Services,AE Ward 194/AE,Gottigere,,,,,2025-06-17 03:15:00.000000000,Registered
20770581,INDIAN_OPENCITY_BBMP,20770581,Garbage dump in Herohalli Burning garbage has stopped sir,General Consumer Services,Marshal Ward No 72/Marshal,Herohalli,,,,,2025-06-19 08:42:00.000000000,Closed
20767724,INDIAN_OPENCITY_BBMP,20767724,Potholes in Chikkalasandra Field inspection assigned to AE officer.,General Consumer Services,AE Ward 183/AE,Chikkalasandra,,,,,2025-06-16 07:02:00.000000000,Registered
20762980,INDIAN_OPENCITY_BBMP,20762980,Footpath in H.M.T Belongs to major road,General Consumer Services,BBMP Whatsapp/Customer Support Representative,H.M.T,,,,,2025-06-12 06:35:00.000000000,Non Relevant
20771649,INDIAN_OPENCITY_BBMP,20771649,Road side drains in Radhakrishna Temple Field inspection assigned to AE officer.,General Consumer Services,Surendra/AE,Radhakrishna Temple,,,,,2025-06-19 09:37:00.000000000,Registered
20766949,INDIAN_OPENCITY_BBMP,20766949,Footpath in Katriguppe Field inspection assigned to Customer Support Representative officer.,General Consumer Services,BBMP Whatsapp/Customer Support Representative,Katriguppe,,,,,2025-06-16 10:34:00.000000000,Non Relevant
20763641,INDIAN_OPENCITY_BBMP,20763641,Unable to generate the property tax challan in Puttenahalli pls contact aro arakere office,General Consumer Services,Somashekar/ARO,Puttenahalli,,,,,2025-06-13 11:03:00.000000000,Closed
20770154,INDIAN_OPENCITY_BBMP,20770154,Street dogs attacking-pet Dogs in Begur Field inspection assigned to VI officer.,General Consumer Services,Krishnaiah/VI,Begur,,,,,2025-06-18 06:36:00.000000000,Registered
20764850,INDIAN_OPENCITY_BBMP,20764850,Garbage dump in Jeevanbhima Nagar Good afternoon sir the complaint that has posted is cleared sir We the Staff will Monitor that spot for regular clearance sir thank you,General Consumer Services,Marshal Ward No 88/Marshal,Jeevanbhima Nagar,,,,,2025-06-14 09:23:00.000000000,Closed
20771646,INDIAN_OPENCITY_BBMP,20771646,Garbage dump in Hagadooru Field inspection assigned to Marshal officer.,General Consumer Services,Marshal Ward No 84/Marshal,Hagadooru,,,,,2025-06-19 09:34:00.000000000,Registered
20766951,INDIAN_OPENCITY_BBMP,20766951,Stray dog related complaints in Manorayanapalya Field inspection assigned to VI officer.,General Consumer Services,Chandrika B R/VI,Manorayanapalya,,,,,2025-06-16 10:35:00.000000000,In Progress
20768032,INDIAN_OPENCITY_BBMP,20768032,Animal birth control/neutering of stray dogs in Vijanapura Field inspection assigned to VI officer.,General Consumer Services,Smt Jahanar Ameer/VI,Vijanapura,,,,,2025-06-17 07:54:00.000000000,Registered
20765852,INDIAN_OPENCITY_BBMP,20765852,Garbage vehicle not arrived in Thanisandra Cleard p,General Consumer Services,Marshal Ward No 06/Marshal,Thanisandra,,,,,2025-06-15 08:24:00.000000000,Closed
20769303,INDIAN_OPENCITY_BBMP,20769303,Garbage vehicle not arrived in K.R.Puram Clear,General Consumer Services,Marshal Ward No 52/Marshal,K.R.Puram,,,,,2025-06-18 08:16:00.000000000,Closed
20770372,INDIAN_OPENCITY_BBMP,20770372,water stagnation in Rajarajeshwari Nagar Field inspection assigned to AE officer.,General Consumer Services,Siddaramaiah/AE,Rajarajeshwari Nagar,,,,,2025-06-18 09:51:00.000000000,Registered
20762651,INDIAN_OPENCITY_BBMP,20762651,Garbage vehicle not arrived in Maruthi Seva Nagar Complent is clear,General Consumer Services,Marshal Ward No 59/Marshal,Maruthi Seva Nagar,,,,,2025-06-12 02:08:00.000000000,Closed
20767113,INDIAN_OPENCITY_BBMP,20767113,Garbage dump in Sunkenahalli Cleared,General Consumer Services,Marshal Ward No 142/Marshal,Sunkenahalli,,,,,2025-06-16 11:32:00.000000000,Closed
20765971,INDIAN_OPENCITY_BBMP,20765971,Garbage vehicle not arrived in Chikkalasandra Clered,General Consumer Services,Marshal Ward No 183/Marshal,Chikkalasandra,,,,,2025-06-15 10:35:00.000000000,Closed
20768619,INDIAN_OPENCITY_BBMP,20768619,Stray dog related complaints in Basaveshwara Nagar Field inspection assigned to VI officer.,General Consumer Services,Lokesh/VI,Basaveshwara Nagar,,,,,2025-06-17 01:47:00.000000000,Registered
20763273,INDIAN_OPENCITY_BBMP,20763273,Potholes in Vasanthapura Not resolved,General Consumer Services,Raghu M/AEE,Vasanthapura,,,,,2025-06-13 05:57:00.000000000,ReOpen
20769859,INDIAN_OPENCITY_BBMP,20769859,Other Khata / ekhata issues in Vidyaranyapura Field inspection assigned to ARO officer.,General Consumer Services,Anita/ARO,Vidyaranyapura,,,,,2025-06-18 01:40:00.000000000,Registered
20770439,INDIAN_OPENCITY_BBMP,20770439,Public toilet(s) cleaning in Gandhi Nagar Field inspection assigned to JHI officer.,General Consumer Services,Ramanathan/JHI,Gandhi Nagar,,,,,2025-06-18 11:22:00.000000000,Registered
20769254,INDIAN_OPENCITY_BBMP,20769254,Removal of dead/fallen trees in Madiwala Field inspection assigned to DYRFO officer.,General Consumer Services,Harish.H.R/DYRFO,Madiwala,,,,,2025-06-18 07:07:00.000000000,Registered
20770217,INDIAN_OPENCITY_BBMP,20770217,Removal of dead/fallen trees in Dattathreya Temple Field inspection assigned to DYRFO officer.,General Consumer Services,sudarshan/DYRFO,Dattathreya Temple,,,,,2025-06-18 07:32:00.000000000,Registered
20764904,INDIAN_OPENCITY_BBMP,20764904,Garbage vehicle not arrived in Sampangiram Nagar Clear,General Consumer Services,Marshal Ward No 110/Marshal,Sampangiram Nagar,,,,,2025-06-14 10:04:00.000000000,Closed
20762806,INDIAN_OPENCITY_BBMP,20762806,Sweeping not done in Bellandur Attended,General Consumer Services,Harish V/JHI,Bellandur,,,,,2025-06-12 04:19:00.000000000,Closed
20769384,INDIAN_OPENCITY_BBMP,20769384,Removal of dead/fallen trees in Jakkur Field inspection assigned to DYRFO officer.,General Consumer Services,Mutturaju KP/DYRFO,Jakkur,,,,,2025-06-18 09:18:00.000000000,Registered
20768824,INDIAN_OPENCITY_BBMP,20768824,Dengue positive in Jogupalya Field inspection assigned to SHI officer.,General Consumer Services,Sagaya Raj/SHI,Jogupalya,,,,,2025-06-17 05:16:00.000000000,Registered
20762805,INDIAN_OPENCITY_BBMP,20762805,Anti Rabies Vaccination of stray dogs in Kadugodi We are vaccinating the dogs ward by ward when we come to your ward we will attend,General Consumer Services,B K Ashwath Narayan/VI,Kadugodi,,,,,2025-06-12 04:18:00.000000000,Closed
20763804,INDIAN_OPENCITY_BBMP,20763804,Garbage dumping in vacant sites in Hombegowda Nagar Clear,General Consumer Services,Marshal Ward No 145/Marshal,Hombegowda Nagar,,,,,2025-06-13 12:14:00.000000000,Closed
20765656,INDIAN_OPENCITY_BBMP,20765656,Others in K.R.Puram Field inspection assigned to Customer Support Representative officer.,General Consumer Services,BBMP Whatsapp/Customer Support Representative,K.R.Puram,,,,,2025-06-14 08:30:00.000000000,Registered
20770044,INDIAN_OPENCITY_BBMP,20770044,Dengue positive in Jnanabharathi Ward Field inspection assigned to SHI officer.,General Consumer Services,Jaykumar/SHI,Jnanabharathi Ward,,,,,2025-06-18 04:47:00.000000000,Registered
20768253,INDIAN_OPENCITY_BBMP,20768253,obstructions Branches / Trees. in Rajamahal Field inspection assigned to DYRFO officer.,General Consumer Services,sudarshan/DYRFO,Rajamahal,,,,,2025-06-17 10:15:00.000000000,Registered
20767438,INDIAN_OPENCITY_BBMP,20767438,Noise during Building Construction in Giri Nagar Field inspection assigned to ADTP officer.,General Consumer Services,pradeep kumar /ADTP,Giri Nagar,,,,,2025-06-16 02:50:00.000000000,Registered
20769370,INDIAN_OPENCITY_BBMP,20769370,water stagnation in Bharathi Nagar Field inspection assigned to AE officer.,General Consumer Services,Praveen M N/AE,Bharathi Nagar,,,,,2025-06-18 09:09:00.000000000,Registered
20763515,INDIAN_OPENCITY_BBMP,20763515,Garbage vehicle not arrived in Shanthala Nagar Garbage vechicle not arrived from past 15 days,General Consumer Services,Bhakthaseelan/Division Supervisor,Shanthala Nagar,,,,,2025-06-13 10:10:00.000000000,ReOpen
20768631,INDIAN_OPENCITY_BBMP,20768631,Garbage vehicle not arrived in Laggere Complaint cleared,General Consumer Services,Marshal Ward No 69/Marshal,Laggere,,,,,2025-06-17 02:00:00.000000000,Closed
20768515,INDIAN_OPENCITY_BBMP,20768515,Khata / Ekhata mutation / transfer in Nayandanahalli CHECKED IN THE E-AASTHI PORTION AND IT IS APPROVED. IF ANY DISCRIPENCY SUBMIT THE DOCUMENTS,General Consumer Services,Janardhan/ARO,Nayandanahalli,,,,,2025-06-17 12:35:00.000000000,Closed
20762366,INDIAN_OPENCITY_BBMP,20762366,Garbage dump in Benniganahalli PLEASE RECEIVE THE CAL,General Consumer Services,Marshal Ward No 50/Marshal,Benniganahalli,,,,,2025-06-12 11:30:00.000000000,Closed
20771416,INDIAN_OPENCITY_BBMP,20771416,Garbage dump in Begur Field inspection assigned to Marshal officer.,General Consumer Services,Marshal Ward No 192/Marshal,Begur,,,,,2025-06-19 06:07:00.000000000,Registered
20766140,INDIAN_OPENCITY_BBMP,20766140,Sweeping not done in Maruthi Seva Nagar Field inspection assigned to JHI officer.,General Consumer Services,JHI Ward 59/JHI,Maruthi Seva Nagar,,,,,2025-06-15 12:58:00.000000000,Registered
20771335,INDIAN_OPENCITY_BBMP,20771335,Garbage vehicle not arrived in HSR Layout Field inspection assigned to Marshal officer.,General Consumer Services,Marshal Ward No 174/Marshal,HSR Layout,,,,,2025-06-19 05:09:00.000000000,Registered
20764241,INDIAN_OPENCITY_BBMP,20764241,Garbage dump in Jayangar Cleared,General Consumer Services,Marshal Ward No 153/Marshal,Jayangar,,,,,2025-06-13 04:58:00.000000000,Closed
20764413,INDIAN_OPENCITY_BBMP,20764413,water stagnation in Vidyaranyapura Forwarded Task,General Consumer Services,Archna/AE,Vidyaranyapura,,,,,2025-06-13 06:59:00.000000000,Registered
20771353,INDIAN_OPENCITY_BBMP,20771353,obstructions Branches / Trees. in Laggere Field inspection assigned to DYRFO officer.,General Consumer Services,Jagadish V/DYRFO,Laggere,,,,,2025-06-19 05:32:00.000000000,Registered
20765737,INDIAN_OPENCITY_BBMP,20765737,Stray dog related complaints in Dodda Bidarkallu Dog's cought for animals birth control and vaccination,General Consumer Services,Ramesh.B/VI,Dodda Bidarkallu,,,,,2025-06-14 10:17:00.000000000,Closed
20762124,INDIAN_OPENCITY_BBMP,20762124,Other Khata / ekhata issues in Koramangala Please contact concern ward accountant,General Consumer Services,bharathi/ARO,Koramangala,,,,,2025-06-12 09:22:00.000000000,Closed
20771194,INDIAN_OPENCITY_BBMP,20771194,water leakage on road in Cottonpet Field inspection assigned to AE officer.,General Consumer Services,Pavan/AE,Cottonpet,,,,,2025-06-19 03:00:00.000000000,Registered
20762325,INDIAN_OPENCITY_BBMP,20762325,Garbage dump in Hoysala Nagar Garbage has been cleared sir... Thank you sir...,General Consumer Services,Marshal Ward No 80/Marshal,Hoysala Nagar,,,,,2025-06-12 11:14:00.000000000,Closed
20762377,INDIAN_OPENCITY_BBMP,20762377,Animal Rescue - Not well - Requires attention in Marathalli Complaint attended,General Consumer Services,B K Ashwath Narayan/VI,Marathalli,,,,,2025-06-12 11:34:00.000000000,Closed
20761724,INDIAN_OPENCITY_BBMP,20761724,Road Infrastructure in Bellandur Ibbalur junction pot hole has been filled,General Consumer Services,Subhash Patil/AE,Bellandur,,,,,2025-06-11 06:31:00.000000000,Closed
20771263,INDIAN_OPENCITY_BBMP,20771263,Dengue positive in Newthippasandra Field inspection assigned to Medical officer officer.,General Consumer Services,Dr Nagaraj /Medical officer,Newthippasandra,,,,,2025-06-19 03:42:00.000000000,Registered
20762707,INDIAN_OPENCITY_BBMP,20762707,Animal birth control/neutering of stray dogs in Hagadooru Field inspection assigned to VI officer.,General Consumer Services,B K Ashwath Narayan/VI,Hagadooru,,,,,2025-06-12 02:49:00.000000000,Registered
20769999,INDIAN_OPENCITY_BBMP,20769999,Stray dog related complaints in Varthur Field inspection assigned to VI officer.,General Consumer Services,B K Ashwath Narayan/VI,Varthur,,,,,2025-06-18 04:05:00.000000000,Registered
20768769,INDIAN_OPENCITY_BBMP,20768769,Garbage vehicle not arrived in Vidyaranyapura Complient resolved,General Consumer Services,Marshal Ward No 09/Marshal,Vidyaranyapura,,,,,2025-06-17 04:16:00.000000000,Closed
20768480,INDIAN_OPENCITY_BBMP,20768480,Unable to generate the property tax challan in C.V.Raman Nagar close,General Consumer Services,Jayashree/ARO,C.V.Raman Nagar,,,,,2025-06-17 12:10:00.000000000,Closed
20764883,INDIAN_OPENCITY_BBMP,20764883,Debris Removal / Construction Material in Singasandra Field inspection assigned to AE officer.,General Consumer Services,Yuva Kumar/AE,Singasandra,,,,,2025-06-14 09:49:00.000000000,Registered
20770681,INDIAN_OPENCITY_BBMP,20770681,Garbage vehicle not arrived in Basavanapura Clear,General Consumer Services,Marshal Ward No 53/Marshal,Basavanapura,,,,,2025-06-19 09:54:00.000000000,Closed
20769711,INDIAN_OPENCITY_BBMP,20769711,Removal of dead/fallen trees in Newthippasandra Field inspection assigned to DYRFO officer.,General Consumer Services,Thimmappa/DYRFO,Newthippasandra,,,,,2025-06-18 12:01:00.000000000,Registered
20766656,INDIAN_OPENCITY_BBMP,20766656,Garbage dump in Varthur Garbage clear,General Consumer Services,Marshal Ward No 149/Marshal,Varthur,,,,,2025-06-16 06:58:00.000000000,Closed
20771029,INDIAN_OPENCITY_BBMP,20771029,Garbage dump in Giri Nagar Field inspection assigned to Marshal officer.,General Consumer Services,Marshal Ward No 162/Marshal,Giri Nagar,,,,,2025-06-19 12:59:00.000000000,Registered
20771316,INDIAN_OPENCITY_BBMP,20771316,Garbage vehicle not arrived in Jayachamarajendra Nagar Field inspection assigned to Marshal officer.,General Consumer Services,Marshal Ward No 46/Marshal,Jayachamarajendra Nagar,,,,,2025-06-19 04:37:00.000000000,Registered
20764833,INDIAN_OPENCITY_BBMP,20764833,Burning of Garbage in Open Space in Banaswadi Cleared,General Consumer Services,Marshal Ward No 27/Marshal,Banaswadi,,,,,2025-06-14 09:13:00.000000000,Closed
20761838,INDIAN_OPENCITY_BBMP,20761838,Others in Ramamurthy Nagar Field inspection assigned to Customer Support Representative officer.,General Consumer Services,BBMP Whatsapp/Customer Support Representative,Ramamurthy Nagar,,,,,2025-06-11 08:31:00.000000000,Registered
20770153,INDIAN_OPENCITY_BBMP,20770153,Garbage vehicle not arrived in Maruthi Seva Nagar Field inspection assigned to Marshal officer.,General Consumer Services,Marshal Ward No 59/Marshal,Maruthi Seva Nagar,,,,,2025-06-18 06:36:00.000000000,Registered
20763688,INDIAN_OPENCITY_BBMP,20763688,Garbage dump in Shiva Nagar Cleared sir,General Consumer Services,Marshal Ward No 107/Marshal,Shiva Nagar,,,,,2025-06-13 11:20:00.000000000,Closed
20764688,INDIAN_OPENCITY_BBMP,20764688,Garbage transfer not as per norms & area not kept clean in Jayangar Clear,General Consumer Services,Marshal Ward No 153/Marshal,Jayangar,,,,,2025-06-14 01:02:00.000000000,Closed
20764751,INDIAN_OPENCITY_BBMP,20764751,Garbage dumping in vacant sites in Hemmigepura Forwarded Task,General Consumer Services,Marshal Ward No 198/Marshal,Hemmigepura,,,,,2025-06-14 07:52:00.000000000,Registered
20771368,INDIAN_OPENCITY_BBMP,20771368,Garbage dump in Attiguppe Field inspection assigned to Marshal officer.,General Consumer Services,Marshal Ward No 132/Marshal,Attiguppe,,,,,2025-06-19 05:42:00.000000000,Registered
20761880,INDIAN_OPENCITY_BBMP,20761880,Road cutting in Marathalli Pls complaint to BWSSB department,General Consumer Services,Raghu/AE,Marathalli,,,,,2025-06-11 09:37:00.000000000,Closed
20765096,INDIAN_OPENCITY_BBMP,20765096,Issues Related to Parks/Medians/Circles/Island. in HAL Airport Field inspection assigned to HS officer.,General Consumer Services,Keshav/HS,HAL Airport,,,,,2025-06-14 11:47:00.000000000,Registered
20771147,INDIAN_OPENCITY_BBMP,20771147,obstructions Branches / Trees. in Nandini Layout Field inspection assigned to DYRFO officer.,General Consumer Services,sudarshan/DYRFO,Nandini Layout,,,,,2025-06-19 02:23:00.000000000,Registered
20763467,INDIAN_OPENCITY_BBMP,20763467,Fatally injured - Needs immediate attention in Rajarajeshwari Nagar Attended,General Consumer Services,Uma V.H/VI,Rajarajeshwari Nagar,,,,,2025-06-13 09:46:00.000000000,Closed
20762027,INDIAN_OPENCITY_BBMP,20762027,Garbage dump in Bellandur This is litigation land,General Consumer Services,Marshal Ward No 150/Marshal,Bellandur,,,,,2025-06-12 08:09:00.000000000,Closed
20771575,INDIAN_OPENCITY_BBMP,20771575,Collect the food available to feed dogs in Basavanagudi Field inspection assigned to VI officer.,General Consumer Services,Hanumantha raju/VI,Basavanagudi,,,,,2025-06-19 08:30:00.000000000,Registered
20765369,INDIAN_OPENCITY_BBMP,20765369,Road side drains in Pattabhiram Nagar Field inspection assigned to Customer Support Representative officer.,General Consumer Services,BBMP Whatsapp/Customer Support Representative,Pattabhiram Nagar,,,,,2025-06-14 03:10:00.000000000,Non Relevant
20768222,INDIAN_OPENCITY_BBMP,20768222,Sweeping not done in Someshwara Resloved,General Consumer Services,JHI Ward 3/JHI,Someshwara,,,,,2025-06-17 10:05:00.000000000,Closed
20771080,INDIAN_OPENCITY_BBMP,20771080,Garbage dump in Devasandra Field inspection assigned to Marshal officer.,General Consumer Services,Marshal Ward No 55/Marshal,Devasandra,,,,,2025-06-19 01:32:00.000000000,Registered
20762702,INDIAN_OPENCITY_BBMP,20762702,Animal birth control/neutering of stray dogs in Hagadooru Complaint attended,General Consumer Services,B K Ashwath Narayan/VI,Hagadooru,,,,,2025-06-12 02:45:00.000000000,Closed
20770725,INDIAN_OPENCITY_BBMP,20770725,Urination in Public/Open Defecation in Kengeri Field inspection assigned to JHI officer.,General Consumer Services,Naveen Kumar R/JHI,Kengeri,,,,,2025-06-19 10:23:00.000000000,Registered
20767396,INDIAN_OPENCITY_BBMP,20767396,Ekhata missing in online in Bellandur pls share katha copy to [EMAIL] to rectify the issue,General Consumer Services,DEEPASHREE M R/ARO,Bellandur,,,,,2025-06-16 02:09:00.000000000,Closed
20767538,INDIAN_OPENCITY_BBMP,20767538,Garbage dump in Ullalu Forwarded Task,General Consumer Services,Marshal Ward No 130/Marshal,Ullalu,,,,,2025-06-16 04:19:00.000000000,Registered
20770178,INDIAN_OPENCITY_BBMP,20770178,"Khata Services (Registration, Transfer, Bifurcation and Amalgamation) in Gali Anjaneya Swamy Temple Ward Field inspection assigned to ARO officer.",General Consumer Services,Venkatesh K/ARO,Gali Anjaneya Swamy Temple Ward,,,,,2025-06-18 07:01:00.000000000,Registered
20770291,INDIAN_OPENCITY_BBMP,20770291,Others in Yeshwanthpur Field inspection assigned to SHI officer.,General Consumer Services,Ramesh/SHI,Yeshwanthpur,,,,,2025-06-18 08:29:00.000000000,Registered
20766044,INDIAN_OPENCITY_BBMP,20766044,"obstructions Branches / Trees. in Shankaramata Please contact Area Supervisor, Naga-[PHONE]",General Consumer Services,sudarshan/DYRFO,Shankaramata,,,,,2025-06-15 11:35:00.000000000,Closed
20770485,INDIAN_OPENCITY_BBMP,20770485,Potholes in Kengeri Field inspection assigned to AE officer.,General Consumer Services,Nataraja N /AE,Kengeri,,,,,2025-06-19 06:53:00.000000000,Registered
20764318,INDIAN_OPENCITY_BBMP,20764318,Garbage dump in Chokkasandra Complaint location not available,General Consumer Services,Marshal Ward No 39/Marshal,Chokkasandra,,,,,2025-06-13 05:57:00.000000000,Closed
20762963,INDIAN_OPENCITY_BBMP,20762963,footpath encroachment in Horamavu Field inspection assigned to AE officer.,General Consumer Services,Ramesh Horamavu/AE,Horamavu,,,,,2025-06-12 06:18:00.000000000,Registered
20763559,INDIAN_OPENCITY_BBMP,20763559,Road Infrastructure in Govindraja Nagara BWSSB WORK at progress it will be rectified,General Consumer Services,Sri.Ravi C Gudadappanvar/AE,Govindraja Nagara,,,,,2025-06-13 10:29:00.000000000,Closed
20770536,INDIAN_OPENCITY_BBMP,20770536,Road side drains in Doddanekkundi Field inspection assigned to AE officer.,General Consumer Services,C Rachipa/AE,Doddanekkundi,,,,,2025-06-19 07:52:00.000000000,Registered
20765760,INDIAN_OPENCITY_BBMP,20765760,Debris Removal / Construction Material in Hongasandra Debris removed,General Consumer Services,Giridhar/AE,Hongasandra,,,,,2025-06-14 11:03:00.000000000,Closed
20765822,INDIAN_OPENCITY_BBMP,20765822,Garbage vehicle not arrived in Kammanahalli Resolved,General Consumer Services,Marshal Ward No 28/Marshal,Kammanahalli,,,,,2025-06-15 07:51:00.000000000,Closed
20771303,INDIAN_OPENCITY_BBMP,20771303,Khata / Ekhata mutation / transfer in Gottigere Field inspection assigned to ARO officer.,General Consumer Services,Dodda Shamachari/ARO,Gottigere,,,,,2025-06-19 04:20:00.000000000,Registered
20763943,INDIAN_OPENCITY_BBMP,20763943,Maintenance of SWD in Chokkasandra Resolved,General Consumer Services,Arun Prasad/AE,Chokkasandra,,,,,2025-06-13 01:41:00.000000000,Closed
20764300,INDIAN_OPENCITY_BBMP,20764300,Road Infrastructure in T-Dasarahalli Field inspection assigned to AE officer.,General Consumer Services,Bheema Naik/AE,T-Dasarahalli,,,,,2025-06-13 05:39:00.000000000,Registered
20765524,INDIAN_OPENCITY_BBMP,20765524,water stagnation in Gandhi Nagar Forwarded Task,General Consumer Services,Rajshekhar Murthy/AE,Gandhi Nagar,,,,,2025-06-14 06:09:00.000000000,Registered
20764588,INDIAN_OPENCITY_BBMP,20764588,Debris Removal / Construction Material in Dr.Rajkumar Ward Field inspection assigned to AE officer.,General Consumer Services,G.ARUN KUMAR/AE,Dr.Rajkumar Ward,,,,,2025-06-13 09:37:00.000000000,In Progress
20766232,INDIAN_OPENCITY_BBMP,20766232,Road Infrastructure in Arakere Field inspection assigned to AE officer.,General Consumer Services,Ramesh/AE,Arakere,,,,,2025-06-15 02:49:00.000000000,Registered
20764721,INDIAN_OPENCITY_BBMP,20764721,Footpath in Giri Nagar Field inspection assigned to AE officer.,General Consumer Services,AE Ward 162/AE,Giri Nagar,,,,,2025-06-14 07:06:00.000000000,Registered
20764459,INDIAN_OPENCITY_BBMP,20764459,Garbage dump in Kamakshipalya Complaint resolved,General Consumer Services,Marshal Ward No 101/Marshal,Kamakshipalya,,,,,2025-06-13 07:22:00.000000000,Closed
20768841,INDIAN_OPENCITY_BBMP,20768841,Garbage dump in Jalahalli It has been clearing,General Consumer Services,Marshal Ward No 16/Marshal,Jalahalli,,,,,2025-06-17 05:27:00.000000000,Closed
20769573,INDIAN_OPENCITY_BBMP,20769573,Garbage transfer not as per norms & area not kept clean in Benniganahalli Field inspection assigned to Marshal officer.,General Consumer Services,Marshal Ward No 50/Marshal,Benniganahalli,,,,,2025-06-18 10:58:00.000000000,Registered
20764381,INDIAN_OPENCITY_BBMP,20764381,Garbage dump in Deepanjali Nagar Clear,General Consumer Services,Marshal Ward No 158/Marshal,Deepanjali Nagar,,,,,2025-06-13 06:42:00.000000000,Closed
20768529,INDIAN_OPENCITY_BBMP,20768529,Garbage vehicle not arrived in Kengeri Complaint clear,General Consumer Services,Marshal Ward No 159/Marshal,Kengeri,,,,,2025-06-17 12:45:00.000000000,Closed
20764796,INDIAN_OPENCITY_BBMP,20764796,Dead animal(s) in HSR Layout Field inspection assigned to JHI officer.,General Consumer Services,Sathyavani M /JHI,HSR Layout,,,,,2025-06-14 08:39:00.000000000,Registered
20762969,INDIAN_OPENCITY_BBMP,20762969,Garbage dump in H.M.T Compliant clear Sir auto is coming,General Consumer Services,Marshal Ward No 38/Marshal,H.M.T,,,,,2025-06-12 06:28:00.000000000,Closed
20768358,INDIAN_OPENCITY_BBMP,20768358,Garbage vehicle not arrived in Byatarayanapura Complaint attend resolved,General Consumer Services,Marshal Ward No 07/Marshal,Byatarayanapura,,,,,2025-06-17 11:10:00.000000000,Closed
20771099,INDIAN_OPENCITY_BBMP,20771099,Garbage dump in Yadiyuru Field inspection assigned to Marshal officer.,General Consumer Services,Marshal Ward No 167/Marshal,Yadiyuru,,,,,2025-06-19 01:42:00.000000000,Registered
20763438,INDIAN_OPENCITY_BBMP,20763438,Removal of dead/fallen trees in Shanthala Nagar plz upload photos,General Consumer Services,Thimmappa/DYRFO,Shanthala Nagar,,,,,2025-06-13 09:28:00.000000000,Closed
20765618,INDIAN_OPENCITY_BBMP,20765618,UnAuthorised Constructions in Kadugodi Forwarded Task,General Consumer Services,Venkatesh/AE,Kadugodi,,,,,2025-06-14 07:45:00.000000000,Registered
20770547,INDIAN_OPENCITY_BBMP,20770547,Garbage dump in Padmanabha Nagar Clear,General Consumer Services,Marshal Ward No 182/Marshal,Padmanabha Nagar,,,,,2025-06-19 08:03:00.000000000,Closed
20770356,INDIAN_OPENCITY_BBMP,20770356,Stray cattle related complaints in Konena Agrahara Field inspection assigned to VI officer.,General Consumer Services,Chandrashekar/VI,Konena Agrahara,,,,,2025-06-18 09:30:00.000000000,Registered
20767571,INDIAN_OPENCITY_BBMP,20767571,Unhygienic premises in Hotel etc in Rajaji Nagar Field inspection assigned to SHI officer.,General Consumer Services,Divya/SHI,Rajaji Nagar,,,,,2025-06-16 04:48:00.000000000,Registered
20764827,INDIAN_OPENCITY_BBMP,20764827,Garbage vehicle not arrived in Hosakerehalli Clear,General Consumer Services,Marshal Ward No 161/Marshal,Hosakerehalli,,,,,2025-06-14 09:06:00.000000000,Closed
20761868,INDIAN_OPENCITY_BBMP,20761868,Garbage dumping in vacant sites in Thanisandra Clear,General Consumer Services,Marshal Ward No 06/Marshal,Thanisandra,,,,,2025-06-11 09:17:00.000000000,Closed
20768320,INDIAN_OPENCITY_BBMP,20768320,footpath encroachment in Ulsoor Field inspection assigned to AE officer.,General Consumer Services,Manoj/AE,Ulsoor,,,,,2025-06-17 10:49:00.000000000,Registered
20763530,INDIAN_OPENCITY_BBMP,20763530,Garbage dumping in vacant sites in Shanthala Nagar Clear,General Consumer Services,Marshal Ward No 111/Marshal,Shanthala Nagar,,,,,2025-06-13 10:16:00.000000000,Closed
20763006,INDIAN_OPENCITY_BBMP,20763006,Burning of Garbage in Open Space in Someshwara Giving to avernes,General Consumer Services,Marshal Ward No 03/Marshal,Someshwara,,,,,2025-06-12 07:01:00.000000000,Closed
20770708,INDIAN_OPENCITY_BBMP,20770708,Dead animal(s) in K.R.Puram Field inspection assigned to JHI officer.,General Consumer Services,Jagadish/JHI,K.R.Puram,,,,,2025-06-19 10:16:00.000000000,Registered
20769471,INDIAN_OPENCITY_BBMP,20769471,Garbage dump in Shakambari Nagar Field inspection assigned to Marshal officer.,General Consumer Services,Marshal Ward No 179/Marshal,Shakambari Nagar,,,,,2025-06-18 10:08:00.000000000,Registered
20767459,INDIAN_OPENCITY_BBMP,20767459,"ekhata approval pending with ARO in Hemmigepura Knowing which circle your ward falls under, we have provided the mobile numbers of the Revenue Inspectors mentioned below so that you can call them and confirm your location without having to wait any longer. 99725 73036 Venu Gopal 93800 79269 Narasimha Murthy 99862 10626 Lingaiah",General Consumer Services,Ramesh Rathod/ARO,Hemmigepura,,,,,2025-06-16 03:05:00.000000000,Closed
20768029,INDIAN_OPENCITY_BBMP,20768029,Sweeping not done in Ullalu Field inspection assigned to Madaapa/JHI officer.,General Consumer Services,Vinay Kumar /Madaapa/JHI,Ullalu,,,,,2025-06-17 07:51:00.000000000,Registered
20768988,INDIAN_OPENCITY_BBMP,20768988,Dead animal(s) in Ejipura Cleared,General Consumer Services,Mutturaju T S /JHI,Ejipura,,,,,2025-06-17 07:27:00.000000000,Closed
20769943,INDIAN_OPENCITY_BBMP,20769943,Garbage dump in Vannarpet Field inspection assigned to Marshal officer.,General Consumer Services,Marshal Ward No 115/Marshal,Vannarpet,,,,,2025-06-18 03:02:00.000000000,Registered
20768556,INDIAN_OPENCITY_BBMP,20768556,Stray/Rabid dog bite in Begur Field inspection assigned to VI officer.,General Consumer Services,Krishnaiah/VI,Begur,,,,,2025-06-17 01:06:00.000000000,Registered
20766156,INDIAN_OPENCITY_BBMP,20766156,Road cutting in Varthur Field inspection assigned to AE officer.,General Consumer Services,Nandish/AE,Varthur,,,,,2025-06-15 01:15:00.000000000,Registered
20769838,INDIAN_OPENCITY_BBMP,20769838,Others in Deepanjali Nagar Field inspection assigned to Customer Support Representative officer.,General Consumer Services,BBMP Whatsapp/Customer Support Representative,Deepanjali Nagar,,,,,2025-06-18 01:29:00.000000000,Registered
20762964,INDIAN_OPENCITY_BBMP,20762964,Garbage dump in Okalipuram Cleared,General Consumer Services,Marshal Ward No 96/Marshal,Okalipuram,,,,,2025-06-12 06:19:00.000000000,Closed
20762395,INDIAN_OPENCITY_BBMP,20762395,Garbage dump in Laggere Complaint cleared,General Consumer Services,Marshal Ward No 69/Marshal,Laggere,,,,,2025-06-12 11:44:00.000000000,Closed
20771287,INDIAN_OPENCITY_BBMP,20771287,Garbage vehicle not arrived in Devasandra Field inspection assigned to Marshal officer.,General Consumer Services,Marshal Ward No 55/Marshal,Devasandra,,,,,2025-06-19 04:01:00.000000000,Registered
20767536,INDIAN_OPENCITY_BBMP,20767536,Animal birth control/neutering of stray dogs in Singasandra Field inspection assigned to VI officer.,General Consumer Services,Krishnaiah/VI,Singasandra,,,,,2025-06-16 04:18:00.000000000,Registered
20762203,INDIAN_OPENCITY_BBMP,20762203,Animal Death Need cremartion support in Kacharakanahalli For Cremation contact : [PHONE],General Consumer Services,Chandrashekar/VI,Kacharakanahalli,,,,,2025-06-12 10:22:00.000000000,Closed
20768487,INDIAN_OPENCITY_BBMP,20768487,Garbage dump in Byrasandra Clear,General Consumer Services,Marshal Ward No 169/Marshal,Byrasandra,,,,,2025-06-17 12:15:00.000000000,Closed
20770227,INDIAN_OPENCITY_BBMP,20770227,Stray dog related complaints in Kadugondanahalli Field inspection assigned to VI officer.,General Consumer Services,Chandrashekar/VI,Kadugondanahalli,,,,,2025-06-18 07:36:00.000000000,Registered
20767147,INDIAN_OPENCITY_BBMP,20767147,obstructions Branches / Trees. in Shettyhalli please upload a picture,General Consumer Services,Rajappa/DYRFO,Shettyhalli,,,,,2025-06-16 11:45:00.000000000,Closed
20766335,INDIAN_OPENCITY_BBMP,20766335,Increase in mosquito density in Arakere Resolved,General Consumer Services,Muni Krishna/SHI,Arakere,,,,,2025-06-15 05:55:00.000000000,Closed
20766002,INDIAN_OPENCITY_BBMP,20766002,Debris Removal / Construction Material in Uttarahalli .,General Consumer Services,Venkat Ramana/AE,Uttarahalli,,,,,2025-06-15 11:00:00.000000000,Closed
20767220,INDIAN_OPENCITY_BBMP,20767220,Increase in mosquito density in Arakere Resloved,General Consumer Services,Muni Krishna/SHI,Arakere,,,,,2025-06-16 12:17:00.000000000,Closed
20764548,INDIAN_OPENCITY_BBMP,20764548,Garbage dump in Vasanthapura Garbage was cleared debris remaining,General Consumer Services,Marshal Ward No 197/Marshal,Vasanthapura,,,,,2025-06-13 08:55:00.000000000,Closed
20770069,INDIAN_OPENCITY_BBMP,20770069,"Dog, cat Poor conditions / Breeding license validation in HAL Airport Field inspection assigned to VI officer.",General Consumer Services,Smt Jahanar Ameer/VI,HAL Airport,,,,,2025-06-18 05:02:00.000000000,Registered
20767635,INDIAN_OPENCITY_BBMP,20767635,Garbage dump in Jagajeevanram Nagar Clear,General Consumer Services,Marshal Ward No 136/Marshal,Jagajeevanram Nagar,,,,,2025-06-16 05:39:00.000000000,Closed
20768897,INDIAN_OPENCITY_BBMP,20768897,Debris Removal / Construction Material in Hagadooru Forwarded Task,General Consumer Services,Basavaraja TakkalakI/AE,Hagadooru,,,,,2025-06-17 06:08:00.000000000,Registered
20765819,INDIAN_OPENCITY_BBMP,20765819,Garbage dump in Bapuji Nagar Cleared,General Consumer Services,Marshal Ward No 134/Marshal,Bapuji Nagar,,,,,2025-06-15 07:48:00.000000000,Closed
20764295,INDIAN_OPENCITY_BBMP,20764295,Garbage dump in Nagapura Clear,General Consumer Services,Marshal Ward No 67/Marshal,Nagapura,,,,,2025-06-13 05:36:00.000000000,Closed
20770928,INDIAN_OPENCITY_BBMP,20770928,Garbage dump in Sri Nagar Clear,General Consumer Services,Marshal Ward No 156/Marshal,Sri Nagar,,,,,2025-06-19 12:05:00.000000000,Closed
20762581,INDIAN_OPENCITY_BBMP,20762581,Garbage dumping in vacant sites in K.R.Market Clear,General Consumer Services,Marshal Ward No 139/Marshal,K.R.Market,,,,,2025-06-12 01:15:00.000000000,Closed
20769594,INDIAN_OPENCITY_BBMP,20769594,Garbage dump in Vishwanathnagenahalli Forwarded Task,General Consumer Services,Marshal Ward No 22/Marshal,Vishwanathnagenahalli,,,,,2025-06-18 11:06:00.000000000,Registered
20762194,INDIAN_OPENCITY_BBMP,20762194,water stagnation in H.M.T Belongs to major road,General Consumer Services,BBMP Whatsapp/Customer Support Representative,H.M.T,,,,,2025-06-12 10:15:00.000000000,Non Relevant
20767452,INDIAN_OPENCITY_BBMP,20767452,Ekhata Area Correction in Gurappanapalya area correction done by CW,General Consumer Services,Jyothi Lakshmi S/ARO,Gurappanapalya,,,,,2025-06-16 03:00:00.000000000,Closed
20767881,INDIAN_OPENCITY_BBMP,20767881,Garbage vehicle not arrived in Doddanekkundi Close,General Consumer Services,Marshal Ward No 85/Marshal,Doddanekkundi,,,,,2025-06-16 09:00:00.000000000,Closed
20769202,INDIAN_OPENCITY_BBMP,20769202,Footpath in Padmanabha Nagar Field inspection assigned to AE officer.,General Consumer Services,AE Ward 182/AE,Padmanabha Nagar,,,,,2025-06-17 10:46:00.000000000,Registered
20769940,INDIAN_OPENCITY_BBMP,20769940,Garbage vehicle not arrived in Jayangar Field inspection assigned to Marshal officer.,General Consumer Services,Marshal Ward No 153/Marshal,Jayangar,,,,,2025-06-18 02:58:00.000000000,Registered
20769255,INDIAN_OPENCITY_BBMP,20769255,Garbage vehicle not arrived in Vignana Nagar Clear,General Consumer Services,Marshal Ward No 80/Marshal,Vignana Nagar,,,,,2025-06-18 07:10:00.000000000,Closed
20769009,INDIAN_OPENCITY_BBMP,20769009,Garbage dump in Jalahalli It has been Already Cleared Mam,General Consumer Services,Marshal Ward No 16/Marshal,Jalahalli,,,,,2025-06-17 07:35:00.000000000,Closed
20770927,INDIAN_OPENCITY_BBMP,20770927,Urination in Public/Open Defecation in Bellandur Field inspection assigned to JHI officer.,General Consumer Services,Harish V/JHI,Bellandur,,,,,2025-06-19 12:05:00.000000000,Registered
20771315,INDIAN_OPENCITY_BBMP,20771315,Potholes in Jnanabharathi Ward Field inspection assigned to AE officer.,General Consumer Services,Venkatesh/AE,Jnanabharathi Ward,,,,,2025-06-19 04:33:00.000000000,Registered
20766236,INDIAN_OPENCITY_BBMP,20766236,Water related issue in Bagalagunte Field inspection assigned to AE officer.,General Consumer Services,Venkatesh/AE,Bagalagunte,,,,,2025-06-15 03:00:00.000000000,Registered
20761857,INDIAN_OPENCITY_BBMP,20761857,water stagnation in Adugodi Field inspection assigned to Customer Support Representative officer.,General Consumer Services,BBMP Whatsapp/Customer Support Representative,Adugodi,,,,,2025-06-11 09:01:00.000000000,Non Relevant
20770133,INDIAN_OPENCITY_BBMP,20770133,UnAuthorised Constructions in Kaveripura Field inspection assigned to AE officer.,General Consumer Services,Vijay Kumar /AE,Kaveripura,,,,,2025-06-18 06:22:00.000000000,Registered
20765954,INDIAN_OPENCITY_BBMP,20765954,Footpath in Begur Field inspection assigned to Customer Support Representative officer.,General Consumer Services,BBMP Whatsapp/Customer Support Representative,Begur,,,,,2025-06-15 10:14:00.000000000,Non Relevant
20761869,INDIAN_OPENCITY_BBMP,20761869,Garbage dump in Aramane Nagar All clear,General Consumer Services,Marshal Ward No 35/Marshal,Aramane Nagar,,,,,2025-06-11 09:17:00.000000000,Closed
20764495,INDIAN_OPENCITY_BBMP,20764495,Footpath in Kottigepalya Cleared,General Consumer Services,Prajwal/AE,Kottigepalya,,,,,2025-06-13 07:54:00.000000000,Closed
20768048,INDIAN_OPENCITY_BBMP,20768048,Debris Removal / Construction Material in Nayandanahalli Field inspection assigned to AE officer.,General Consumer Services,Manje Gowda/AE,Nayandanahalli,,,,,2025-06-17 08:08:00.000000000,Registered
20770540,INDIAN_OPENCITY_BBMP,20770540,Removal of dead/fallen trees in Banaswadi Forwarded Task,General Consumer Services,P Nagendra /DYRFO,Banaswadi,,,,,2025-06-19 07:54:00.000000000,Registered
20765995,INDIAN_OPENCITY_BBMP,20765995,Fatally injured - Needs immediate attention in Jayamahal Please contact rescue department,General Consumer Services,V Srinivas/VI,Jayamahal,,,,,2025-06-15 10:56:00.000000000,Closed
20763181,INDIAN_OPENCITY_BBMP,20763181,Potholes in Jalahalli Tender is in process and we will attend the complaint as soon as possible.,General Consumer Services,Pooja/AE,Jalahalli,,,,,2025-06-12 09:19:00.000000000,Closed
20770495,INDIAN_OPENCITY_BBMP,20770495,Garbage dump in Byrasandra Daily Garbeg clear,General Consumer Services,Marshal Ward No 169/Marshal,Byrasandra,,,,,2025-06-19 07:14:00.000000000,Closed
20769090,INDIAN_OPENCITY_BBMP,20769090,Sweeping not done in Konanakunte Field inspection assigned to JHI officer.,General Consumer Services,Mohan N/JHI,Konanakunte,,,,,2025-06-17 08:38:00.000000000,Registered
20769324,INDIAN_OPENCITY_BBMP,20769324,shifting of the street dogs to other places in Shettyhalli Field inspection assigned to VI officer.,General Consumer Services,Dr sunilkumar Havanur/VI,Shettyhalli,,,,,2025-06-18 08:35:00.000000000,Registered
20761949,INDIAN_OPENCITY_BBMP,20761949,Potholes in Shanthi Nagar Field inspection assigned to AE officer.,General Consumer Services,Farzan/AE,Shanthi Nagar,,,,,2025-06-11 11:37:00.000000000,Registered
20770901,INDIAN_OPENCITY_BBMP,20770901,Garbage vehicle not arrived in Bellandur Attended,General Consumer Services,Marshal Ward No 150/Marshal,Bellandur,,,,,2025-06-19 11:53:00.000000000,Closed
20769487,INDIAN_OPENCITY_BBMP,20769487,Potholes in Visvesvarapuram Field inspection assigned to AEE officer.,General Consumer Services,AE Ward 143/AEE,Visvesvarapuram,,,,,2025-06-18 10:20:00.000000000,Registered
20765839,INDIAN_OPENCITY_BBMP,20765839,Animal Rescue - Not well - Requires attention in Mathikere We do the abc arv combained vaccine programme,General Consumer Services,Nagesh/VI,Mathikere,,,,,2025-06-15 08:06:00.000000000,Closed
20767072,INDIAN_OPENCITY_BBMP,20767072,Dengue positive in K.R.Puram Attended,General Consumer Services,Raghavendra J L/SHI,K.R.Puram,,,,,2025-06-16 11:19:00.000000000,Closed
20766111,INDIAN_OPENCITY_BBMP,20766111,obstructions Branches / Trees. in Kacharakanahalli Please provide request letter tree photos tax paid receipt,General Consumer Services,P Nagendra /DYRFO,Kacharakanahalli,,,,,2025-06-15 12:39:00.000000000,Closed
20763722,INDIAN_OPENCITY_BBMP,20763722,Garbage dump in Nagavara Engineer department,General Consumer Services,Marshal Ward No 23/Marshal,Nagavara,,,,,2025-06-13 11:31:00.000000000,Closed
20762983,INDIAN_OPENCITY_BBMP,20762983,UnAuthorised Building Constructions in Sarakki Forwarded Task,General Consumer Services,Alaganathan .H/ADTP,Sarakki,,,,,2025-06-12 06:40:00.000000000,Registered
20770501,INDIAN_OPENCITY_BBMP,20770501,Removal of dead/fallen trees in Varthur Field inspection assigned to DYRFO officer.,General Consumer Services,Sudharshan/DYRFO,Varthur,,,,,2025-06-19 07:19:00.000000000,Registered
20767549,INDIAN_OPENCITY_BBMP,20767549,Removal of dead/fallen trees in Konena Agrahara Field inspection assigned to DYRFO officer.,General Consumer Services,Thimmappa/DYRFO,Konena Agrahara,,,,,2025-06-16 04:25:00.000000000,Registered
20765089,INDIAN_OPENCITY_BBMP,20765089,Footpath in Jeevanbhima Nagar Resolved,General Consumer Services,Shilpa/AE,Jeevanbhima Nagar,,,,,2025-06-14 11:43:00.000000000,Closed
20767668,INDIAN_OPENCITY_BBMP,20767668,footpath encroachment in Hagadooru Field inspection assigned to AE officer.,General Consumer Services,Basavaraja TakkalakI/AE,Hagadooru,,,,,2025-06-16 06:11:00.000000000,Registered
20764125,INDIAN_OPENCITY_BBMP,20764125,Garbage dumping in vacant sites in Giri Nagar Field inspection assigned to Marshal officer.,General Consumer Services,Marshal Ward No 162/Marshal,Giri Nagar,,,,,2025-06-13 03:40:00.000000000,Registered
20767985,INDIAN_OPENCITY_BBMP,20767985,Garbage vehicle not arrived in Malleshwaram Clear,General Consumer Services,Marshal Ward No 65/Marshal,Malleshwaram,,,,,2025-06-17 01:09:00.000000000,Closed
20767279,INDIAN_OPENCITY_BBMP,20767279,Other Khata / ekhata issues in Banashankari Temple Ward Rejected,General Consumer Services,Jothi Lakshmi/ARO,Banashankari Temple Ward,,,,,2025-06-16 12:51:00.000000000,Closed
20767478,INDIAN_OPENCITY_BBMP,20767478,Debris Removal / Construction Material in Kacharakanahalli Bbmp footpath work in progress it ll be cleared asap,General Consumer Services,Krishna Reddy/AE,Kacharakanahalli,,,,,2025-06-16 03:17:00.000000000,Closed
20769498,INDIAN_OPENCITY_BBMP,20769498,Garbage dump in Chokkasandra Attended,General Consumer Services,Marshal Ward No 39/Marshal,Chokkasandra,,,,,2025-06-18 10:27:00.000000000,Closed
20767343,INDIAN_OPENCITY_BBMP,20767343,Dead animal(s) in Hagadooru Clear,General Consumer Services,Somshekar Reddy D N /JHI,Hagadooru,,,,,2025-06-16 01:32:00.000000000,Closed
20767731,INDIAN_OPENCITY_BBMP,20767731,Dead animal(s) in Uttarahalli Cleared,General Consumer Services,Shashi Kumar/JHI,Uttarahalli,,,,,2025-06-16 07:07:00.000000000,Closed
20768280,INDIAN_OPENCITY_BBMP,20768280,Garbage dump in Bharathi Nagar Garbage cleared,General Consumer Services,Marshal Ward No 91/Marshal,Bharathi Nagar,,,,,2025-06-17 10:30:00.000000000,Closed
20762482,INDIAN_OPENCITY_BBMP,20762482,"obstructions Branches / Trees. in Ganeshmandira Ward Physical Complaint : submitted at the BBMP office, Annexure building. With Book complaint number : 864",General Consumer Services,GOVINDARAJU.V/ACF,Ganeshmandira Ward,,,,,2025-06-12 12:24:00.000000000,ReOpen
20762421,INDIAN_OPENCITY_BBMP,20762421,Fatally injured - Needs immediate attention in K.R.Puram Complaint attended,General Consumer Services,Smt Jahanar Ameer/VI,K.R.Puram,,,,,2025-06-12 11:55:00.000000000,Closed
20764320,INDIAN_OPENCITY_BBMP,20764320,water stagnation in Radhakrishna Temple Field inspection assigned to AE officer.,General Consumer Services,Surendra/AE,Radhakrishna Temple,,,,,2025-06-13 05:58:00.000000000,Registered
20771236,INDIAN_OPENCITY_BBMP,20771236,Dengue positive in Jakkur Field inspection assigned to Medical officer officer.,General Consumer Services,DR Muralidhar /Medical officer,Jakkur,,,,,2025-06-19 03:30:00.000000000,Registered
20763455,INDIAN_OPENCITY_BBMP,20763455,Issues Related to Parks/Medians/Circles/Island. in Anjanapur Field inspection assigned to HS officer.,General Consumer Services,Subramani/HS,Anjanapur,,,,,2025-06-13 09:38:00.000000000,Registered
20762994,INDIAN_OPENCITY_BBMP,20762994,"Dog, cat Poor conditions / Breeding license validation in HBR Layout Dog rescued by Samarpan",General Consumer Services,Chandrashekar/VI,HBR Layout,,,,,2025-06-12 06:48:00.000000000,Closed
20763495,INDIAN_OPENCITY_BBMP,20763495,Garbage dump in Benniganahalli Address not found,General Consumer Services,Marshal Ward No 50/Marshal,Benniganahalli,,,,,2025-06-13 09:59:00.000000000,Closed
20769921,INDIAN_OPENCITY_BBMP,20769921,Burning of Garbage in Open Space in Arakere Field inspection assigned to Marshal officer.,General Consumer Services,Marshal Ward No 193/Marshal,Arakere,,,,,2025-06-18 02:38:00.000000000,Registered
20767312,INDIAN_OPENCITY_BBMP,20767312,water stagnation in Kodigehalli Field inspection assigned to AE officer.,General Consumer Services,Praveen A R/AE,Kodigehalli,,,,,2025-06-16 01:12:00.000000000,Registered
20769269,INDIAN_OPENCITY_BBMP,20769269,Garbage vehicle not arrived in Gottigere Complaint cleared,General Consumer Services,Marshal Ward No 194/Marshal,Gottigere,,,,,2025-06-18 07:32:00.000000000,Closed
20771013,INDIAN_OPENCITY_BBMP,20771013,Garbage dump in Varthur Field inspection assigned to Marshal officer.,General Consumer Services,Marshal Ward No 149/Marshal,Varthur,,,,,2025-06-19 12:47:00.000000000,Registered
20766357,INDIAN_OPENCITY_BBMP,20766357,Garbage vehicle not arrived in Kengeri Please sir contact commercial vendor sir,General Consumer Services,Marshal Ward No 159/Marshal,Kengeri,,,,,2025-06-15 06:36:00.000000000,Closed
20764099,INDIAN_OPENCITY_BBMP,20764099,"Khata Services (Registration, Transfer, Bifurcation and Amalgamation) in Doddanekkundi Clarification given",General Consumer Services,Sridhar/ARO,Doddanekkundi,,,,,2025-06-13 03:26:00.000000000,Closed
20769902,INDIAN_OPENCITY_BBMP,20769902,Removal of dead/fallen trees in Rajarajeshwari Nagar Field inspection assigned to DYRFO officer.,General Consumer Services,Jagadish V/DYRFO,Rajarajeshwari Nagar,,,,,2025-06-18 02:23:00.000000000,Registered
20764352,INDIAN_OPENCITY_BBMP,20764352,water stagnation in Govindraja Nagara Resolved,General Consumer Services,Venkatesh/AE,Govindraja Nagara,,,,,2025-06-13 06:23:00.000000000,Closed
20762400,INDIAN_OPENCITY_BBMP,20762400,Garbage dump in Konanakunte Complaint is gram panchayat limit,General Consumer Services,Marshal Ward No 195/Marshal,Konanakunte,,,,,2025-06-12 11:47:00.000000000,Closed
20767513,INDIAN_OPENCITY_BBMP,20767513,Stray dog related complaints in Gottigere We can't relocate the dog as per bbmp 2024 rules. (Counseling),General Consumer Services,Uday Kulkarni/VI,Gottigere,,,,,2025-06-16 03:53:00.000000000,Closed
20771659,INDIAN_OPENCITY_BBMP,20771659,Anti Rabies Vaccination of stray dogs in Varthur Field inspection assigned to VI officer.,General Consumer Services,B K Ashwath Narayan/VI,Varthur,,,,,2025-06-19 10:02:00.000000000,Registered
20769292,INDIAN_OPENCITY_BBMP,20769292,Public dustbins not cleaned in A.Narayanapura Field inspection assigned to Marshal officer.,General Consumer Services,Marshal Ward No 56/Marshal,A.Narayanapura,,,,,2025-06-18 07:57:00.000000000,Registered
20766113,INDIAN_OPENCITY_BBMP,20766113,Garbage thrown in storm water drain in Doddanekkundi Field inspection assigned to AE officer.,General Consumer Services,Prashanth/AE,Doddanekkundi,,,,,2025-06-15 12:40:00.000000000,Registered
20770756,INDIAN_OPENCITY_BBMP,20770756,Complaint against SW collector/ SWM official for violation of SWM Rules in HSR Layout Field inspection assigned to Marshal officer.,General Consumer Services,Marshal Ward No 174/Marshal,HSR Layout,,,,,2025-06-19 10:36:00.000000000,Registered
20762298,INDIAN_OPENCITY_BBMP,20762298,Garbage dump in Basavanapura Not BBMP this point,General Consumer Services,Marshal Ward No 53/Marshal,Basavanapura,,,,,2025-06-12 11:01:00.000000000,Closed
20765521,INDIAN_OPENCITY_BBMP,20765521,Garbage dump in Jayanagar East Garbage cleared,General Consumer Services,Marshal Ward No 170/Marshal,Jayanagar East,,,,,2025-06-14 06:04:00.000000000,Closed
20769917,INDIAN_OPENCITY_BBMP,20769917,ekhata approval pending with ARO in Someshwara ಅರ್ಜಿದಾರರಿಗೆ ಹಿಂಬರಹದ ಪ್ರತಿಯನ್ನು ಲಗತ್ತಿಸಿ ಮಾಹಿತಿಯನ್ನು ನೀಡಲಾಗಿದೆ,General Consumer Services,Nagaraju/ARO,Someshwara,,,,,2025-06-18 02:36:00.000000000,Closed
20771446,INDIAN_OPENCITY_BBMP,20771446,Stray dog related complaints in Horamavu Field inspection assigned to VI officer.,General Consumer Services,Smt Jahanar Ameer/VI,Horamavu,,,,,2025-06-19 06:37:00.000000000,Registered
20771399,INDIAN_OPENCITY_BBMP,20771399,Garbage dump in Jeevanbhima Nagar Field inspection assigned to Marshal officer.,General Consumer Services,Marshal Ward No 88/Marshal,Jeevanbhima Nagar,,,,,2025-06-19 05:54:00.000000000,Registered
20770558,INDIAN_OPENCITY_BBMP,20770558,Garbage dump in Agrahara Dasarahalli Field inspection assigned to Marshal officer.,General Consumer Services,Marshal Ward No 105/Marshal,Agrahara Dasarahalli,,,,,2025-06-19 08:16:00.000000000,Registered
20763481,INDIAN_OPENCITY_BBMP,20763481,Potholes in Byatarayanapura Field inspection assigned to AE officer.,General Consumer Services,AE Ward 007/AE,Byatarayanapura,,,,,2025-06-13 09:51:00.000000000,Registered
20768269,INDIAN_OPENCITY_BBMP,20768269,"Khata Services (Registration, Transfer, Bifurcation and Amalgamation) in Jaraganahalli this is mutation case approved after notice period",General Consumer Services,Somashekar/ARO,Jaraganahalli,,,,,2025-06-17 10:23:00.000000000,Closed
20768537,INDIAN_OPENCITY_BBMP,20768537,Public toilet(s) blockage in Shakambari Nagar Field inspection assigned to Customer Support Representative officer.,General Consumer Services,BBMP Whatsapp/Customer Support Representative,Shakambari Nagar,,,,,2025-06-17 12:49:00.000000000,Non Relevant
20767586,INDIAN_OPENCITY_BBMP,20767586,Debris Removal / Construction Material in Sunkenahalli Field inspection assigned to Customer Support Representative officer.,General Consumer Services,BBMP Whatsapp/Customer Support Representative,Sunkenahalli,,,,,2025-06-16 05:02:00.000000000,Non Relevant
20766096,INDIAN_OPENCITY_BBMP,20766096,Garbage dumping in vacant sites in Yelachenahalli Cleared,General Consumer Services,Marshal Ward No 185/Marshal,Yelachenahalli,,,,,2025-06-15 12:23:00.000000000,Closed
20762843,INDIAN_OPENCITY_BBMP,20762843,Garbage dump in Kadugondanahalli Cleared.,General Consumer Services,Marshal Ward No 30/Marshal,Kadugondanahalli,,,,,2025-06-12 04:32:00.000000000,Closed
20771070,INDIAN_OPENCITY_BBMP,20771070,Garbage dump in Cottonpet Com,General Consumer Services,Marshal ward no 120/Marshal,Cottonpet,,,,,2025-06-19 01:25:00.000000000,Closed
20770120,INDIAN_OPENCITY_BBMP,20770120,Garbage dumping in vacant sites in Gangenahalli Field inspection assigned to Marshal officer.,General Consumer Services,Marshal Ward No 34/Marshal,Gangenahalli,,,,,2025-06-18 06:01:00.000000000,Registered
20771394,INDIAN_OPENCITY_BBMP,20771394,Garbage vehicle not arrived in Hoysala Nagar Field inspection assigned to Marshal officer.,General Consumer Services,Marshal Ward No 80/Marshal,Hoysala Nagar,,,,,2025-06-19 05:53:00.000000000,Registered
20766592,INDIAN_OPENCITY_BBMP,20766592,Others in Hombegowda Nagar Complaint pertains to major road.already 3 times wrote letter to major roads.to repair culvert,General Consumer Services,BBMP Whatsapp/Customer Support Representative,Hombegowda Nagar,,,,,2025-06-15 10:21:00.000000000,Registered
20767094,INDIAN_OPENCITY_BBMP,20767094,Dengue positive in Jakkur Spraying done and health education given,General Consumer Services,Ward 5 SHI/SHI,Jakkur,,,,,2025-06-16 11:25:00.000000000,Closed
20769325,INDIAN_OPENCITY_BBMP,20769325,Road Infrastructure in Basaveshwara Nagar Field inspection assigned to AE officer.,General Consumer Services,Sri.Ravi C Gudadappanvar/AE,Basaveshwara Nagar,,,,,2025-06-18 08:36:00.000000000,Registered
20764600,INDIAN_OPENCITY_BBMP,20764600,Garbage dump in S.K.Garden Resolved sir,General Consumer Services,Marshal Ward No 61/Marshal,S.K.Garden,,,,,2025-06-13 09:45:00.000000000,Closed
20767840,INDIAN_OPENCITY_BBMP,20767840,Fatally injured - Needs immediate attention in Jayangar Sir Please contact stray dog rescue team officer Dr Shrinath Assistant Director mb [PHONE],General Consumer Services,SURESH/VI,Jayangar,,,,,2025-06-16 08:17:00.000000000,Closed
20762987,INDIAN_OPENCITY_BBMP,20762987,footpath encroachment in Bellandur Footpath drive will be conducted frequently,General Consumer Services,Raghu/AE,Bellandur,,,,,2025-06-12 06:43:00.000000000,Closed
20767704,INDIAN_OPENCITY_BBMP,20767704,Garbage dumping in vacant sites in Ulsoor Tree leaf clear sir,General Consumer Services,Marshal Ward No 90/Marshal,Ulsoor,,,,,2025-06-16 06:45:00.000000000,Closed
20767273,INDIAN_OPENCITY_BBMP,20767273,Road side drains in Kuvempu Nagar Field inspection assigned to AE officer.,General Consumer Services,Amith/AE,Kuvempu Nagar,,,,,2025-06-16 12:49:00.000000000,Registered
20763780,INDIAN_OPENCITY_BBMP,20763780,footpath encroachment in Jayangar Clearance,General Consumer Services,AE Ward 153/AE,Jayangar,,,,,2025-06-13 12:00:00.000000000,Closed
20766501,INDIAN_OPENCITY_BBMP,20766501,Animal Rescue - Not well - Requires attention in Pulikeshi Nagar Please contact rescue department,General Consumer Services,V Srinivas/VI,Pulikeshi Nagar,,,,,2025-06-15 08:36:00.000000000,Closed
20766892,INDIAN_OPENCITY_BBMP,20766892,Stray/Rabid dog bite in HBR Layout Field inspection assigned to VI officer.,General Consumer Services,Chandrashekar/VI,HBR Layout,,,,,2025-06-16 10:13:00.000000000,Registered
20767623,INDIAN_OPENCITY_BBMP,20767623,obstructions Branches / Trees. in Bellandur Forwarded Task,General Consumer Services,Sudharshan/DYRFO,Bellandur,,,,,2025-06-16 05:31:00.000000000,Registered
20769252,INDIAN_OPENCITY_BBMP,20769252,Garbage vehicle not arrived in Kodigehalli Field inspection assigned to Marshal officer.,General Consumer Services,Marshal Ward No 08/Marshal,Kodigehalli,,,,,2025-06-18 06:56:00.000000000,In Progress
20771576,INDIAN_OPENCITY_BBMP,20771576,obstructions Branches / Trees. in Nagarabhavi Field inspection assigned to DYRFO officer.,General Consumer Services,sudarshan/DYRFO,Nagarabhavi,,,,,2025-06-19 08:30:00.000000000,Registered
20762577,INDIAN_OPENCITY_BBMP,20762577,Other Khata / ekhata issues in Kaveripura Resolved,General Consumer Services,Nataraj/ARO,Kaveripura,,,,,2025-06-12 01:13:00.000000000,Closed
20770764,INDIAN_OPENCITY_BBMP,20770764,Animal birth control/neutering of stray dogs in Visvesvarapuram Your request is sent to ABC catching team all un nutured dogs will be caught for ABC & will be vaccinated before release. Other dogs will be vaccinated against rabies & combined vaccine will also be administered.,General Consumer Services,SURESH/VI,Visvesvarapuram,,,,,2025-06-19 10:38:00.000000000,Closed
20765048,INDIAN_OPENCITY_BBMP,20765048,Debris Removal / Construction Material in Doddanekkundi Field inspection assigned to AE officer.,General Consumer Services,C Rachipa/AE,Doddanekkundi,,,,,2025-06-14 11:25:00.000000000,Registered
20767954,INDIAN_OPENCITY_BBMP,20767954,Others in Nayandanahalli Field inspection assigned to Customer Support Representative officer.,General Consumer Services,BBMP Whatsapp/Customer Support Representative,Nayandanahalli,,,,,2025-06-16 10:43:00.000000000,Registered
20770447,INDIAN_OPENCITY_BBMP,20770447,Unhygienic premises in Hotel etc in Hongasandra Field inspection assigned to SHI officer.,General Consumer Services,H.Venkatesh/SHI,Hongasandra,,,,,2025-06-18 11:37:00.000000000,In Progress
20769502,INDIAN_OPENCITY_BBMP,20769502,Garbage vehicle not arrived in Kavalbyrasandra Hope they have made it a habit to close the complains without attending the job hence reopened,General Consumer Services,Shiddlingappa Mali /Division Supervisor,Kavalbyrasandra,,,,,2025-06-18 10:28:00.000000000,ReOpen
20766218,INDIAN_OPENCITY_BBMP,20766218,"Removal of dead/fallen trees in Yelachenahalli Please contact Forest Department, BBMP Head Office",General Consumer Services,Narendra Babu/RFO,Yelachenahalli,,,,,2025-06-15 02:28:00.000000000,Closed
20761922,INDIAN_OPENCITY_BBMP,20761922,Garbage dump in Bapuji Nagar Closed,General Consumer Services,Marshal Ward No 134/Marshal,Bapuji Nagar,,,,,2025-06-11 10:31:00.000000000,Closed
20763490,INDIAN_OPENCITY_BBMP,20763490,Dead animal(s) in Basavanagudi Field inspection assigned to JHI officer.,General Consumer Services,Balakrishna /JHI,Basavanagudi,,,,,2025-06-13 09:57:00.000000000,Registered
20761943,INDIAN_OPENCITY_BBMP,20761943,"Garbage dump in Rajagopala Nagar This is not our zone Complaint this is from shivaji nagar , bharathi nagar please transfer for right place Thank you",General Consumer Services,Marshal Ward No 70/Marshal,Rajagopala Nagar,,,,,2025-06-11 11:16:00.000000000,Closed
20769428,INDIAN_OPENCITY_BBMP,20769428,Garbage dump in Ganeshmandira Ward Forwarded Task,General Consumer Services,Marshal Ward No 165/Marshal,Ganeshmandira Ward,,,,,2025-06-18 09:43:00.000000000,Registered
20762737,INDIAN_OPENCITY_BBMP,20762737,Dengue positive in Sudduguntepalya .,General Consumer Services,N OBALESH/SHI,Sudduguntepalya,,,,,2025-06-12 03:05:00.000000000,Closed
20767931,INDIAN_OPENCITY_BBMP,20767931,Garbage dump in Basavanapura I will see duty,General Consumer Services,Marshal Ward No 53/Marshal,Basavanapura,,,,,2025-06-16 09:58:00.000000000,Closed
20761862,INDIAN_OPENCITY_BBMP,20761862,water leakage on road in Ramamurthy Nagar Forwarded Task,General Consumer Services,Ramesh/AE,Ramamurthy Nagar,,,,,2025-06-11 09:08:00.000000000,Registered
20766271,INDIAN_OPENCITY_BBMP,20766271,obstructions Branches / Trees. in Banashankari Temple Ward Field inspection assigned to DYRFO officer.,General Consumer Services,Shivanna T.C/DYRFO,Banashankari Temple Ward,,,,,2025-06-15 04:00:00.000000000,Registered
20769843,INDIAN_OPENCITY_BBMP,20769843,Potholes in Uttarahalli Field inspection assigned to AE officer.,General Consumer Services,Venkat Ramana/AE,Uttarahalli,,,,,2025-06-18 01:31:00.000000000,Registered
20768481,INDIAN_OPENCITY_BBMP,20768481,Animal birth control/neutering of stray dogs in Rajarajeshwari Nagar Animal birth control and vaccination of stray dogs scheduled,General Consumer Services,Uma V.H/VI,Rajarajeshwari Nagar,,,,,2025-06-17 12:11:00.000000000,Closed
20767512,INDIAN_OPENCITY_BBMP,20767512,UnAuthorised Constructions in J.P.Nagar Field inspection assigned to AE officer.,General Consumer Services,AE Ward 177/AE,J.P.Nagar,,,,,2025-06-16 03:52:00.000000000,Registered
20771061,INDIAN_OPENCITY_BBMP,20771061,Potholes in Jeevanbhima Nagar Field inspection assigned to AE officer.,General Consumer Services,Shilpa/AE,Jeevanbhima Nagar,,,,,2025-06-19 01:16:00.000000000,Registered
20770838,INDIAN_OPENCITY_BBMP,20770838,Road cutting in Horamavu Forwarded Task,General Consumer Services,Ramesh Horamavu/AE,Horamavu,,,,,2025-06-19 11:21:00.000000000,Registered
20771153,INDIAN_OPENCITY_BBMP,20771153,Unhygienic premises in Hotel etc in Doddanekkundi Field inspection assigned to SHI officer.,General Consumer Services,Devaraju M/SHI,Doddanekkundi,,,,,2025-06-19 02:30:00.000000000,Registered
20770661,INDIAN_OPENCITY_BBMP,20770661,Stray dog related complaints in Horamavu No relocation of dogs can be done as per supreme court order,General Consumer Services,Smt Jahanar Ameer/VI,Horamavu,,,,,2025-06-19 09:43:00.000000000,Closed
20770370,INDIAN_OPENCITY_BBMP,20770370,Garbage dump in Newthippasandra Forwarded Task,General Consumer Services,Marshal Ward No 58/Marshal,Newthippasandra,,,,,2025-06-18 09:50:00.000000000,Registered
20769383,INDIAN_OPENCITY_BBMP,20769383,Street dogs attacking-pet Dogs in Rajarajeshwari Nagar Field inspection assigned to VI officer.,General Consumer Services,Uma V.H/VI,Rajarajeshwari Nagar,,,,,2025-06-18 09:18:00.000000000,Registered
20770621,INDIAN_OPENCITY_BBMP,20770621,Complaint against SW collector/ SWM official for violation of SWM Rules in Padmanabha Nagar Forwarded Task,General Consumer Services,Marshal Ward No 182/Marshal,Padmanabha Nagar,,,,,2025-06-19 09:08:00.000000000,Registered
20764263,INDIAN_OPENCITY_BBMP,20764263,Garbage dump in Thanisandra C,General Consumer Services,Marshal Ward No 06/Marshal,Thanisandra,,,,,2025-06-13 05:12:00.000000000,Closed
20765606,INDIAN_OPENCITY_BBMP,20765606,Road side drains in Sudduguntepalya Complaint. Belong. Tow-179,General Consumer Services,BBMP Whatsapp/Customer Support Representative,Sudduguntepalya,,,,,2025-06-14 07:32:00.000000000,Non Relevant
20770561,INDIAN_OPENCITY_BBMP,20770561,Garbage dump in Hagadooru Beautification done sir.,General Consumer Services,Marshal Ward No 84/Marshal,Hagadooru,,,,,2025-06-19 08:20:00.000000000,Closed
20769932,INDIAN_OPENCITY_BBMP,20769932,Issues related Snakes/Birds/Monkeys in Bilekahalli Field inspection assigned to RFO officer.,General Consumer Services,Narendra Babu/RFO,Bilekahalli,,,,,2025-06-18 02:52:00.000000000,Registered
20761919,INDIAN_OPENCITY_BBMP,20761919,Increase in mosquito density in Jogupalya Field inspection assigned to SHI officer.,General Consumer Services,Sagaya Raj/SHI,Jogupalya,,,,,2025-06-11 10:26:00.000000000,Registered
20771666,INDIAN_OPENCITY_BBMP,20771666,Garbage dump in Doddanekkundi Field inspection assigned to Marshal officer.,General Consumer Services,Marshal Ward No 85/Marshal,Doddanekkundi,,,,,2025-06-19 10:09:00.000000000,Registered
20769180,INDIAN_OPENCITY_BBMP,20769180,"obstructions Branches / Trees. in Vasanthapura Please submit application to BBMP, Forest Department",General Consumer Services,Narendra Babu/RFO,Vasanthapura,,,,,2025-06-17 10:12:00.000000000,Closed
20762967,INDIAN_OPENCITY_BBMP,20762967,Garbage dump in Vannarpet Clear black spots,General Consumer Services,Marshal Ward No 115/Marshal,Vannarpet,,,,,2025-06-12 06:25:00.000000000,Closed
20766025,INDIAN_OPENCITY_BBMP,20766025,Garbage vehicle not arrived in Hoodi Vehicle arrived in area and collect the garbage door to door,General Consumer Services,Marshal Ward No 54/Marshal,Hoodi,,,,,2025-06-15 11:23:00.000000000,Closed
20762168,INDIAN_OPENCITY_BBMP,20762168,Road cutting in Shettyhalli Field inspection assigned to AE officer.,General Consumer Services,Krishna murthy/AE,Shettyhalli,,,,,2025-06-12 09:57:00.000000000,Registered
20769195,INDIAN_OPENCITY_BBMP,20769195,Garbage dump in Devarajeevanahalli It's clear sir,General Consumer Services,Marshal Ward No 47/Marshal,Devarajeevanahalli,,,,,2025-06-17 10:29:00.000000000,Closed
20769203,INDIAN_OPENCITY_BBMP,20769203,Road side drains in Bellandur Already completed,General Consumer Services,Raghu/AE,Bellandur,,,,,2025-06-17 10:49:00.000000000,Closed
20764277,INDIAN_OPENCITY_BBMP,20764277,Garbage dump in Jeevanbhima Nagar The complaint is cleared sir thank you,General Consumer Services,Marshal Ward No 88/Marshal,Jeevanbhima Nagar,,,,,2025-06-13 05:20:00.000000000,Closed
20771264,INDIAN_OPENCITY_BBMP,20771264,footpath encroachment in Agrahara Dasarahalli Field inspection assigned to AE officer.,General Consumer Services,Arun Kumar/AE,Agrahara Dasarahalli,,,,,2025-06-19 03:43:00.000000000,In Progress
20770052,INDIAN_OPENCITY_BBMP,20770052,Dengue positive in Adugodi Field inspection assigned to Medical officer officer.,General Consumer Services,Dr Shivdarshan/Medical officer,Adugodi,,,,,2025-06-18 04:53:00.000000000,Registered
20765950,INDIAN_OPENCITY_BBMP,20765950,Gym/Children Play equipment in the parks in Rajarajeshwari Nagar Field inspection assigned to HS officer.,General Consumer Services,Shankar Murthy/HS,Rajarajeshwari Nagar,,,,,2025-06-15 10:11:00.000000000,Registered
20770015,INDIAN_OPENCITY_BBMP,20770015,Animal Rescue - Not well - Requires attention in HBR Layout Field inspection assigned to VI officer.,General Consumer Services,Chandrashekar/VI,HBR Layout,,,,,2025-06-18 04:24:00.000000000,Registered
20771228,INDIAN_OPENCITY_BBMP,20771228,Garbage dump in Hombegowda Nagar Field inspection assigned to Marshal officer.,General Consumer Services,Marshal Ward No 145/Marshal,Hombegowda Nagar,,,,,2025-06-19 03:27:00.000000000,Registered
20763625,INDIAN_OPENCITY_BBMP,20763625,Debris Removal / Construction Material in Banaswadi This complaint comes under SWM East,General Consumer Services,BBMP Whatsapp/Customer Support Representative,Banaswadi,,,,,2025-06-13 10:58:00.000000000,Non Relevant
20769615,INDIAN_OPENCITY_BBMP,20769615,Garbage vehicle not arrived in J.P.Nagar Forwarded Task,General Consumer Services,Marshal Ward No 177/Marshal,J.P.Nagar,,,,,2025-06-18 11:13:00.000000000,Registered
20770402,INDIAN_OPENCITY_BBMP,20770402,Others in Banaswadi Field inspection assigned to Customer Support Representative officer.,General Consumer Services,BBMP Whatsapp/Customer Support Representative,Banaswadi,,,,,2025-06-18 10:16:00.000000000,Registered
20770529,INDIAN_OPENCITY_BBMP,20770529,Sweeping not done in K.R.Puram Field inspection assigned to JHI officer.,General Consumer Services,Jagadish/JHI,K.R.Puram,,,,,2025-06-19 07:45:00.000000000,Registered
20762428,INDIAN_OPENCITY_BBMP,20762428,Road Infrastructure in Bellandur at present in this road road culverts n road side drain work in progress ... after finishing road side drain we will do ..... asphalt,General Consumer Services,Subhash Patil/AE,Bellandur,,,,,2025-06-12 11:57:00.000000000,Closed
20764565,INDIAN_OPENCITY_BBMP,20764565,"Fatally injured - Needs immediate attention in Basavanagudi Please contact Dr.D.N Srinath, ADAH, Mobile no:[PHONE]",General Consumer Services,Hanumantha raju/VI,Basavanagudi,,,,,2025-06-13 09:14:00.000000000,Closed
20766936,INDIAN_OPENCITY_BBMP,20766936,footpath encroachment in HBR Layout Update soon,General Consumer Services,Shivandaiah/AE,HBR Layout,,,,,2025-06-16 10:30:00.000000000,Closed
20762698,INDIAN_OPENCITY_BBMP,20762698,Technical Issue In Ekhata in Rajarajeshwari Nagar THIS AREA IS NOT COMES TO ARO VIDYARANYAPURA OFFICE,General Consumer Services,Anita/ARO,Rajarajeshwari Nagar,,,,,2025-06-12 02:42:00.000000000,Closed
20768495,INDIAN_OPENCITY_BBMP,20768495,ekhata approval pending with ARO in Begur ನಿಯಮಾನುಸಾರ ಕ್ರಮ ವಹಿಸಲಾಗುವುದು,General Consumer Services,Narasimhulu/ARO,Begur,,,,,2025-06-17 12:19:00.000000000,Closed
20762931,INDIAN_OPENCITY_BBMP,20762931,Air/Noise pollution in Katriguppe Field inspection assigned to SHI officer.,General Consumer Services,Umes Rao .R/SHI,Katriguppe,,,,,2025-06-12 05:43:00.000000000,Registered
20767618,INDIAN_OPENCITY_BBMP,20767618,Potholes in Jogupalya Field inspection assigned to AE officer.,General Consumer Services,Murthi/AE,Jogupalya,,,,,2025-06-16 05:27:00.000000000,Registered
20768836,INDIAN_OPENCITY_BBMP,20768836,Dengue positive in Vignana Nagar Field inspection assigned to SHI officer.,General Consumer Services,Ragavendra KV/SHI,Vignana Nagar,,,,,2025-06-17 05:24:00.000000000,Registered
20762237,INDIAN_OPENCITY_BBMP,20762237,Garbage dump in Mangammanapalya Complaint attended the cleared,General Consumer Services,Marshal Ward No 190/Marshal,Mangammanapalya,,,,,2025-06-12 10:36:00.000000000,Closed
20770672,INDIAN_OPENCITY_BBMP,20770672,Garbage dump in Shanthi Nagar Clear,General Consumer Services,Marshal Ward No 117/Marshal,Shanthi Nagar,,,,,2025-06-19 09:47:00.000000000,Closed
20765069,INDIAN_OPENCITY_BBMP,20765069,Stray dog related complaints in Vidyaranyapura Attended ABC operation ARV vaccination will be functioning regularly in this ward.,General Consumer Services,Pushpa B Rao/VI,Vidyaranyapura,,,,,2025-06-14 11:34:00.000000000,Closed
20770258,INDIAN_OPENCITY_BBMP,20770258,Garbage dump in Padarayanapura Field inspection assigned to Marshal officer.,General Consumer Services,Marshal Ward No 135/Marshal,Padarayanapura,,,,,2025-06-18 07:56:00.000000000,Registered
20768583,INDIAN_OPENCITY_BBMP,20768583,Garbage vehicle not arrived in Hongasandra Clear,General Consumer Services,Marshal Ward No 189/Marshal,Hongasandra,,,,,2025-06-17 01:19:00.000000000,Closed
20771034,INDIAN_OPENCITY_BBMP,20771034,Garbage vehicle not arrived in Hombegowda Nagar Clear,General Consumer Services,Marshal Ward No 145/Marshal,Hombegowda Nagar,,,,,2025-06-19 01:02:00.000000000,Closed
20764765,INDIAN_OPENCITY_BBMP,20764765,Sweeping not done in Byrasandra Cleared,General Consumer Services,Ramesh S/JHI,Byrasandra,,,,,2025-06-14 08:07:00.000000000,Closed
20771398,INDIAN_OPENCITY_BBMP,20771398,Garbage vehicle not arrived in HAL Airport Field inspection assigned to Marshal officer.,General Consumer Services,Marshal Ward No 87/Marshal,HAL Airport,,,,,2025-06-19 05:54:00.000000000,Registered
20767110,INDIAN_OPENCITY_BBMP,20767110,Other Khata / ekhata issues in Uttarahalli this property belongs to aro uttarahalli,General Consumer Services,SHIVAPUTRA/ARO,Uttarahalli,,,,,2025-06-16 11:31:00.000000000,Closed
20771375,INDIAN_OPENCITY_BBMP,20771375,footpath encroachment in C.V.Raman Nagar Field inspection assigned to AE officer.,General Consumer Services,Srinivas/AE,C.V.Raman Nagar,,,,,2025-06-19 05:44:00.000000000,Registered
20769089,INDIAN_OPENCITY_BBMP,20769089,Garbage dump in Byatarayanapura Clear black spots,General Consumer Services,Marshal Ward No 07/Marshal,Byatarayanapura,,,,,2025-06-17 08:37:00.000000000,Closed
20765435,INDIAN_OPENCITY_BBMP,20765435,Animal Rescue - Not well - Requires attention in Kadugondanahalli Field inspection assigned to VI officer.,General Consumer Services,Chandrashekar/VI,Kadugondanahalli,,,,,2025-06-14 04:33:00.000000000,Registered
20770409,INDIAN_OPENCITY_BBMP,20770409,Garbage dump in Ejipura Clear,General Consumer Services,Marshal Ward No 148/Marshal,Ejipura,,,,,2025-06-18 10:20:00.000000000,Closed
20763089,INDIAN_OPENCITY_BBMP,20763089,Road cutting in Gurappanapalya Field inspection assigned to Customer Support Representative officer.,General Consumer Services,BBMP Whatsapp/Customer Support Representative,Gurappanapalya,,,,,2025-06-12 07:49:00.000000000,Non Relevant
20763128,INDIAN_OPENCITY_BBMP,20763128,Others in Konanakunte Field inspection assigned to Customer Support Representative officer.,General Consumer Services,BBMP Whatsapp/Customer Support Representative,Konanakunte,,,,,2025-06-12 08:26:00.000000000,Registered
20766683,INDIAN_OPENCITY_BBMP,20766683,Garbage vehicle not arrived in Gurappanapalya It's clear,General Consumer Services,Marshal Ward No 171/Marshal,Gurappanapalya,,,,,2025-06-16 07:40:00.000000000,Closed
20768591,INDIAN_OPENCITY_BBMP,20768591,Animal Rescue - Not well - Requires attention in Hagadooru Field inspection assigned to VI officer.,General Consumer Services,B K Ashwath Narayan/VI,Hagadooru,,,,,2025-06-17 01:21:00.000000000,Registered
20770981,INDIAN_OPENCITY_BBMP,20770981,Garbage vehicle not arrived in Yelachenahalli Cleared,General Consumer Services,Marshal Ward No 185/Marshal,Yelachenahalli,,,,,2025-06-19 12:28:00.000000000,Closed
20770749,INDIAN_OPENCITY_BBMP,20770749,Garbage dump in Varthur Clear,General Consumer Services,Marshal Ward No 149/Marshal,Varthur,,,,,2025-06-19 10:33:00.000000000,Closed
20771076,INDIAN_OPENCITY_BBMP,20771076,Anti Rabies Vaccination of stray dogs in Doddanekkundi We are doing ward by ward when we attend your ward we do it,General Consumer Services,B K Ashwath Narayan/VI,Doddanekkundi,,,,,2025-06-19 01:30:00.000000000,Closed
20767038,INDIAN_OPENCITY_BBMP,20767038,Dengue positive in Kammanahalli Field inspection assigned to SHI officer.,General Consumer Services,Hanumantappa/SHI,Kammanahalli,,,,,2025-06-16 11:07:00.000000000,Registered
20767483,INDIAN_OPENCITY_BBMP,20767483,Issues Related to Parks/Medians/Circles/Island. in Moodalapalya sand in the park and rain water not flow Cleared,General Consumer Services,Mohammad Alli Pirjade/HS,Moodalapalya,,,,,2025-06-16 03:21:00.000000000,Closed
20763719,INDIAN_OPENCITY_BBMP,20763719,Garbage dump in BTM Layout Complaint cleared,General Consumer Services,Marshal Ward No 176/Marshal,BTM Layout,,,,,2025-06-13 11:30:00.000000000,Closed
20771445,INDIAN_OPENCITY_BBMP,20771445,Removal of dead/fallen trees in Gali Anjaneya Swamy Temple Ward Field inspection assigned to DYRFO officer.,General Consumer Services,Shivanna T.C/DYRFO,Gali Anjaneya Swamy Temple Ward,,,,,2025-06-19 06:35:00.000000000,Registered
20762441,INDIAN_OPENCITY_BBMP,20762441,Sewerage water left in SWD in A.Narayanapura Field inspection assigned to AE officer.,General Consumer Services,Prashanth/AE,A.Narayanapura,,,,,2025-06-12 12:03:00.000000000,Registered
20769593,INDIAN_OPENCITY_BBMP,20769593,Garbage dump in Marappana Palya Field inspection assigned to Marshal officer.,General Consumer Services,Marshal Ward No 44/Marshal,Marappana Palya,,,,,2025-06-18 11:05:00.000000000,Registered
20766533,INDIAN_OPENCITY_BBMP,20766533,Dead animal(s) in Kaveripura Field inspection assigned to JHI officer.,General Consumer Services,Dillep R/JHI,Kaveripura,,,,,2025-06-15 09:03:00.000000000,Registered
20763982,INDIAN_OPENCITY_BBMP,20763982,Flex and banners in Chikpete Field inspection assigned to ARO officer.,General Consumer Services,B Rajappa/ARO,Chikpete,,,,,2025-06-13 02:21:00.000000000,Registered
20770713,INDIAN_OPENCITY_BBMP,20770713,Khata / Ekhata mutation / transfer in Hagadooru Field inspection assigned to ARO officer.,General Consumer Services,Santhos Kumar/ARO,Hagadooru,,,,,2025-06-19 10:19:00.000000000,Registered
20761749,INDIAN_OPENCITY_BBMP,20761749,Stray dog related complaints in Uttarahalli We can't relocate the dog as per BBMP 2024 rules.,General Consumer Services,Uday Kulkarni/VI,Uttarahalli,,,,,2025-06-11 07:03:00.000000000,Closed
20771133,INDIAN_OPENCITY_BBMP,20771133,Removal of dead/fallen trees in Mathikere Field inspection assigned to DYRFO officer.,General Consumer Services,sudarshan/DYRFO,Mathikere,,,,,2025-06-19 02:08:00.000000000,Registered
20771293,INDIAN_OPENCITY_BBMP,20771293,Garbage dump in Muneshwara Nagar Field inspection assigned to Marshal officer.,General Consumer Services,Marshal Ward No 48/Marshal,Muneshwara Nagar,,,,,2025-06-19 04:06:00.000000000,Registered
20766679,INDIAN_OPENCITY_BBMP,20766679,Footpath in Ganga Nagar Field inspection assigned to AE officer.,General Consumer Services,Mohan Kumar /AE,Ganga Nagar,,,,,2025-06-16 07:32:00.000000000,Registered
20771679,INDIAN_OPENCITY_BBMP,20771679,Stray dog related complaints in Shankaramata Field inspection assigned to VI officer.,General Consumer Services,Lokesh/VI,Shankaramata,,,,,2025-06-19 10:20:00.000000000,Registered
20767108,INDIAN_OPENCITY_BBMP,20767108,Dengue positive in Nagavara Spraying near the patient's house has been done,General Consumer Services,Rayappa/SHI,Nagavara,,,,,2025-06-16 11:31:00.000000000,Closed
20770503,INDIAN_OPENCITY_BBMP,20770503,Debris Removal / Construction Material in Puttenahalli Field inspection assigned to AE officer.,General Consumer Services,Nandish/AE,Puttenahalli,,,,,2025-06-19 07:19:00.000000000,Registered
20763428,INDIAN_OPENCITY_BBMP,20763428,obstructions Branches / Trees. in Thanisandra Field inspection assigned to DYRFO officer.,General Consumer Services,Mutturaju KP/DYRFO,Thanisandra,,,,,2025-06-13 09:22:00.000000000,Registered
20771258,INDIAN_OPENCITY_BBMP,20771258,Dengue positive in Bellandur Field inspection assigned to Medical officer officer.,General Consumer Services,DR SAMIRA/Medical officer,Bellandur,,,,,2025-06-19 03:40:00.000000000,Registered
20768366,INDIAN_OPENCITY_BBMP,20768366,ekhata approval pending with ARO in Hemmigepura Cleared,General Consumer Services,Ramesh Rathod/ARO,Hemmigepura,,,,,2025-06-17 11:13:00.000000000,Closed
20763790,INDIAN_OPENCITY_BBMP,20763790,obstructions Branches / Trees. in Banaswadi Plz upload photos,General Consumer Services,P Nagendra /DYRFO,Banaswadi,,,,,2025-06-13 12:07:00.000000000,Closed
20767042,INDIAN_OPENCITY_BBMP,20767042,Issues Related to Parks/Medians/Circles/Island. in Benniganahalli Field inspection assigned to HS officer.,General Consumer Services,Om Prakash/HS,Benniganahalli,,,,,2025-06-16 11:09:00.000000000,Registered
20762568,INDIAN_OPENCITY_BBMP,20762568,Garbage dump in Arakere Complaint attended and cleared sir,General Consumer Services,Marshal Ward No 193/Marshal,Arakere,,,,,2025-06-12 01:11:00.000000000,Closed
20770724,INDIAN_OPENCITY_BBMP,20770724,Stray dog related complaints in Hoodi No relocation of dogs can be done as per supreme court order,General Consumer Services,B K Ashwath Narayan/VI,Hoodi,,,,,2025-06-19 10:22:00.000000000,Closed
20762326,INDIAN_OPENCITY_BBMP,20762326,ekhata approval pending with ARO in Hombegowda Nagar ALREADY APPROVAL E KATHA,General Consumer Services,K Narayanaswamy /ARO,Hombegowda Nagar,,,,,2025-06-12 11:15:00.000000000,Closed
20765814,INDIAN_OPENCITY_BBMP,20765814,Stray dog related complaints in Ullalu Dog's cought for animals birth control operation and vaccination,General Consumer Services,Ramesh.B/VI,Ullalu,,,,,2025-06-15 07:40:00.000000000,Closed
20768329,INDIAN_OPENCITY_BBMP,20768329,Garbage vehicle not arrived in Ejipura Clear,General Consumer Services,Marshal Ward No 148/Marshal,Ejipura,,,,,2025-06-17 10:53:00.000000000,Closed
20767039,INDIAN_OPENCITY_BBMP,20767039,Road Infrastructure in Kammanahalli Forwarded Task,General Consumer Services,Naveen.G/AE,Kammanahalli,,,,,2025-06-16 11:07:00.000000000,Registered
20767516,INDIAN_OPENCITY_BBMP,20767516,Garbage vehicle not arrived in Dodda Bidarkallu Complaint cleared,General Consumer Services,Marshal Ward No 40/Marshal,Dodda Bidarkallu,,,,,2025-06-16 04:00:00.000000000,Closed
20770751,INDIAN_OPENCITY_BBMP,20770751,Complaint against SW collector/ SWM official for violation of SWM Rules in Byatarayanapura Attend resolved,General Consumer Services,Marshal Ward No 07/Marshal,Byatarayanapura,,,,,2025-06-19 10:34:00.000000000,Closed
20764283,INDIAN_OPENCITY_BBMP,20764283,Air/Noise pollution in Vrushabhavati Nagar Field inspection assigned to Customer Support Representative officer.,General Consumer Services,BBMP Whatsapp/Customer Support Representative,Vrushabhavati Nagar,,,,,2025-06-13 05:27:00.000000000,Non Relevant
20762781,INDIAN_OPENCITY_BBMP,20762781,Potholes in Shanthala Nagar Field inspection assigned to Customer Support Representative officer.,General Consumer Services,BBMP Whatsapp/Customer Support Representative,Shanthala Nagar,,,,,2025-06-12 04:08:00.000000000,Non Relevant
20768204,INDIAN_OPENCITY_BBMP,20768204,"Ekhata missing in online in Ullalu If you do not have the EPID number of your property, you can visit the Kengeri ARO office after 3 pm, meet the concerned case worker, provide a copy of the katha, and you will get the EPID number.",General Consumer Services,Ramesh Rathod/ARO,Ullalu,,,,,2025-06-17 09:59:00.000000000,Closed
20770705,INDIAN_OPENCITY_BBMP,20770705,Garbage vehicle not arrived in Giri Nagar Clear,General Consumer Services,Marshal Ward No 162/Marshal,Giri Nagar,,,,,2025-06-19 10:13:00.000000000,Closed
20763856,INDIAN_OPENCITY_BBMP,20763856,Footpath in Mahalakshmipuram Field inspection assigned to Customer Support Representative officer.,General Consumer Services,BBMP Whatsapp/Customer Support Representative,Mahalakshmipuram,,,,,2025-06-13 12:43:00.000000000,Non Relevant
20761780,INDIAN_OPENCITY_BBMP,20761780,Potholes in Binnipet Field inspection assigned to AE officer.,General Consumer Services,Chaitra/AE,Binnipet,,,,,2025-06-11 07:34:00.000000000,Registered
20765219,INDIAN_OPENCITY_BBMP,20765219,"Khata Services (Registration, Transfer, Bifurcation and Amalgamation) in Begur ಪೂರಕ ದಾಕಲೆ ಸಲ್ಲಿಸಿ ಮಾಹಿತಿ ಪಡೆಯಬಹುದಾಗಿದೆ",General Consumer Services,Narasimhulu/ARO,Begur,,,,,2025-06-14 12:49:00.000000000,Closed
20763399,INDIAN_OPENCITY_BBMP,20763399,Issues Related to Parks/Medians/Circles/Island. in Ullalu Field inspection assigned to HS officer.,General Consumer Services,Shankar Murthy/HS,Ullalu,,,,,2025-06-13 09:06:00.000000000,Registered
20764696,INDIAN_OPENCITY_BBMP,20764696,Garbage thrown in storm water drain in Singasandra Forwarded Task,General Consumer Services,Sushmashri.S/AE,Singasandra,,,,,2025-06-14 06:32:00.000000000,Registered
20766549,INDIAN_OPENCITY_BBMP,20766549,Garbage dumping in vacant sites in Bellandur Attended,General Consumer Services,Marshal Ward No 150/Marshal,Bellandur,,,,,2025-06-15 09:22:00.000000000,Closed
20763830,INDIAN_OPENCITY_BBMP,20763830,"Khata Services (Registration, Transfer, Bifurcation and Amalgamation) in Begur ನಿಯಮಾನುಸಾರ ಕ್ರಮ ಕೈಗೊಳ್ಳಲಾಗುವುದು",General Consumer Services,Narasimhulu/ARO,Begur,,,,,2025-06-13 12:28:00.000000000,Closed
20762404,INDIAN_OPENCITY_BBMP,20762404,Garbage dump in Gandhi Nagar Not proper adress,General Consumer Services,Marshal Ward No 94/Marshal,Gandhi Nagar,,,,,2025-06-12 11:49:00.000000000,Closed
20762876,INDIAN_OPENCITY_BBMP,20762876,obstructions Branches / Trees. in Sarakki Resolved,General Consumer Services,B.B Meti/DYRFO,Sarakki,,,,,2025-06-12 04:55:00.000000000,Closed
20770535,INDIAN_OPENCITY_BBMP,20770535,UnAuthorised Building Constructions in T-Dasarahalli Field inspection assigned to ADTP officer.,General Consumer Services,Jayashankar/ADTP,T-Dasarahalli,,,,,2025-06-19 07:51:00.000000000,Registered
20764747,INDIAN_OPENCITY_BBMP,20764747,Debris Removal / Construction Material in Byrasandra Field inspection assigned to Customer Support Representative officer.,General Consumer Services,BBMP Whatsapp/Customer Support Representative,Byrasandra,,,,,2025-06-14 07:40:00.000000000,Non Relevant
20769925,INDIAN_OPENCITY_BBMP,20769925,Fatally injured - Needs immediate attention in Jogupalya Field inspection assigned to VI officer.,General Consumer Services,Chandrika B R/VI,Jogupalya,,,,,2025-06-18 02:42:00.000000000,Registered
20768889,INDIAN_OPENCITY_BBMP,20768889,Garbage dump in Kaveripura It's cleared,General Consumer Services,Marshal Ward No 103/Marshal,Kaveripura,,,,,2025-06-17 06:04:00.000000000,Closed
20766230,INDIAN_OPENCITY_BBMP,20766230,"Removal of dead/fallen trees in Begur Please submit application to Forest Department, Head Office",General Consumer Services,Narendra Babu/RFO,Begur,,,,,2025-06-15 02:48:00.000000000,Closed
20765496,INDIAN_OPENCITY_BBMP,20765496,Unhygienic premises in Hotel etc in Bellandur Attended,General Consumer Services,Mahesh Kumar S/SHI,Bellandur,,,,,2025-06-14 05:34:00.000000000,Closed
20764677,INDIAN_OPENCITY_BBMP,20764677,Anti Rabies Vaccination of stray dogs in Hagadooru We are doing ward by ward when we attend your ward we do it,General Consumer Services,B K Ashwath Narayan/VI,Hagadooru,,,,,2025-06-13 11:25:00.000000000,Closed
20769409,INDIAN_OPENCITY_BBMP,20769409,Garbage transfer not as per norms & area not kept clean in Mathikere Complaint clear,General Consumer Services,Marshal Ward No 36/Marshal,Mathikere,,,,,2025-06-18 09:31:00.000000000,Closed
20767090,INDIAN_OPENCITY_BBMP,20767090,Dengue positive in Kempegowda Ward Field inspection assigned to SHI officer.,General Consumer Services,Narayan/SHI,Kempegowda Ward,,,,,2025-06-16 11:24:00.000000000,Registered
20770480,INDIAN_OPENCITY_BBMP,20770480,Garbage dump in Vasanth Nagar Night time public throwing garbage,General Consumer Services,Marshal Ward No 93/Marshal,Vasanth Nagar,,,,,2025-06-19 06:30:00.000000000,Closed
20765370,INDIAN_OPENCITY_BBMP,20765370,Maintenance of SWD in Visvesvarapuram Field inspection assigned to AE officer.,General Consumer Services,Ranjitha G/AE,Visvesvarapuram,,,,,2025-06-14 03:13:00.000000000,Registered
20761728,INDIAN_OPENCITY_BBMP,20761728,Potholes in K.R.Puram Field inspection assigned to AE officer.,General Consumer Services,Jagadeesh/AE,K.R.Puram,,,,,2025-06-11 06:41:00.000000000,Registered
20769187,INDIAN_OPENCITY_BBMP,20769187,Public toilet(s) blockage in Thanisandra Field inspection assigned to JHI officer.,General Consumer Services,JHI Ward 6/JHI,Thanisandra,,,,,2025-06-17 10:18:00.000000000,Registered
20769211,INDIAN_OPENCITY_BBMP,20769211,Animal Rescue - Not well - Requires attention in Rajarajeshwari Nagar Referred to rescue team,General Consumer Services,Uma V.H/VI,Rajarajeshwari Nagar,,,,,2025-06-17 11:16:00.000000000,Closed
20771369,INDIAN_OPENCITY_BBMP,20771369,Animal birth control/neutering of stray dogs in Attiguppe Field inspection assigned to VI officer.,General Consumer Services,Hanumantha raju/VI,Attiguppe,,,,,2025-06-19 05:43:00.000000000,Registered
20764917,INDIAN_OPENCITY_BBMP,20764917,Garbage vehicle not arrived in Vishwanathnagenahalli Cleared,General Consumer Services,Ashok H V/Division Supervisor,Vishwanathnagenahalli,,,,,2025-06-14 10:15:00.000000000,Closed
20764224,INDIAN_OPENCITY_BBMP,20764224,Ekhata - name correction in Dodda Bidarkallu done,General Consumer Services,Manjula/ARO,Dodda Bidarkallu,,,,,2025-06-13 04:50:00.000000000,Closed
20766754,INDIAN_OPENCITY_BBMP,20766754,Garbage dump in Hoysala Nagar Garbage cleared,General Consumer Services,Marshal Ward No 80/Marshal,Hoysala Nagar,,,,,2025-06-16 08:55:00.000000000,Closed
20768331,INDIAN_OPENCITY_BBMP,20768331,Unable to generate the property tax challan in HBR Layout Field inspection assigned to ARO officer.,General Consumer Services,Sunanda/ARO,HBR Layout,,,,,2025-06-17 10:54:00.000000000,Registered
20764355,INDIAN_OPENCITY_BBMP,20764355,Road Infrastructure in Shanthala Nagar Forwarded Task,General Consumer Services,Naveen.G/AE,Shanthala Nagar,,,,,2025-06-13 06:25:00.000000000,Registered
20771150,INDIAN_OPENCITY_BBMP,20771150,Fatally injured - Needs immediate attention in Bagalagunte attended,General Consumer Services,Dr sunilkumar Havanur/VI,Bagalagunte,,,,,2025-06-19 02:26:00.000000000,Closed
20768169,INDIAN_OPENCITY_BBMP,20768169,footpath encroachment in Bharathi Nagar Field inspection assigned to AE officer.,General Consumer Services,Praveen M N/AE,Bharathi Nagar,,,,,2025-06-17 09:37:00.000000000,Registered
20768136,INDIAN_OPENCITY_BBMP,20768136,Stray cattle related complaints in Anjanapur We have separate wing of cattle found your complaint forwarded to Assist director phone number is [PHONE],General Consumer Services,Uday Kulkarni/VI,Anjanapur,,,,,2025-06-17 09:25:00.000000000,Closed
20770766,INDIAN_OPENCITY_BBMP,20770766,Anti Rabies Vaccination of stray dogs in Visvesvarapuram Your request is sent to ABC catching team all un nutured dogs will be caught for ABC & will be vaccinated before release. Other dogs will be vaccinated against rabies & combined vaccine will also be administered.,General Consumer Services,SURESH/VI,Visvesvarapuram,,,,,2025-06-19 10:40:00.000000000,Closed
20762304,INDIAN_OPENCITY_BBMP,20762304,Garbage dump in Dayananda Nagar All cleared,General Consumer Services,Marshal Ward No 97/Marshal,Dayananda Nagar,,,,,2025-06-12 11:04:00.000000000,Closed
20762125,INDIAN_OPENCITY_BBMP,20762125,Other Khata / ekhata issues in Koramangala Please contact concern ward accountnat,General Consumer Services,bharathi/ARO,Koramangala,,,,,2025-06-12 09:22:00.000000000,Closed
20770674,INDIAN_OPENCITY_BBMP,20770674,Garbage vehicle not arrived in Someshwara This Complaint is Clear,General Consumer Services,Marshal Ward No 03/Marshal,Someshwara,,,,,2025-06-19 09:48:00.000000000,Closed
20766655,INDIAN_OPENCITY_BBMP,20766655,Garbage dump in Hoysala Nagar Garbage cleared sir...,General Consumer Services,Marshal Ward No 80/Marshal,Hoysala Nagar,,,,,2025-06-16 06:55:00.000000000,Closed
20763607,INDIAN_OPENCITY_BBMP,20763607,Potholes in Kottigepalya No maintaince work done. Should close all patholes immediately.,General Consumer Services,Hemanth/AEE,Kottigepalya,,,,,2025-06-13 10:52:00.000000000,ReOpen
20766771,INDIAN_OPENCITY_BBMP,20766771,obstructions Branches / Trees. in Banaswadi Please upload photos,General Consumer Services,P Nagendra /DYRFO,Banaswadi,,,,,2025-06-16 09:14:00.000000000,Closed
20769958,INDIAN_OPENCITY_BBMP,20769958,Garbage dump in Laggere Field inspection assigned to Marshal officer.,General Consumer Services,Marshal Ward No 69/Marshal,Laggere,,,,,2025-06-18 03:17:00.000000000,Registered
20767564,INDIAN_OPENCITY_BBMP,20767564,Garbage dump in HSR Layout Forwarded Task,General Consumer Services,Marshal Ward No 174/Marshal,HSR Layout,,,,,2025-06-16 04:40:00.000000000,Registered
20769488,INDIAN_OPENCITY_BBMP,20769488,Animal birth control/neutering of stray dogs in Shettyhalli Field inspection assigned to VI officer.,General Consumer Services,Dr sunilkumar Havanur/VI,Shettyhalli,,,,,2025-06-18 10:21:00.000000000,Registered
20766003,INDIAN_OPENCITY_BBMP,20766003,Garbage vehicle not arrived in Thanisandra Cleard,General Consumer Services,Marshal Ward No 06/Marshal,Thanisandra,,,,,2025-06-15 11:02:00.000000000,Closed
20765274,INDIAN_OPENCITY_BBMP,20765274,Potholes in Nagavara Field inspection assigned to AE officer.,General Consumer Services,Nagraj/AE,Nagavara,,,,,2025-06-14 01:29:00.000000000,Registered
20770909,INDIAN_OPENCITY_BBMP,20770909,Garbage vehicle not arrived in Doddanekkundi Field inspection assigned to Marshal officer.,General Consumer Services,Marshal Ward No 85/Marshal,Doddanekkundi,,,,,2025-06-19 11:58:00.000000000,Registered
20770606,INDIAN_OPENCITY_BBMP,20770606,Sweeping not done in Konena Agrahara Field inspection assigned to JHI officer.,General Consumer Services,Praveen/JHI,Konena Agrahara,,,,,2025-06-19 09:00:00.000000000,Registered
20771420,INDIAN_OPENCITY_BBMP,20771420,Road side drains in Arakere Field inspection assigned to AE officer.,General Consumer Services,Chethan K M/AE,Arakere,,,,,2025-06-19 06:11:00.000000000,Registered
20771594,INDIAN_OPENCITY_BBMP,20771594,Road cutting in Banashankari Temple Ward Field inspection assigned to AE officer.,General Consumer Services,AE Ward 180/AE,Banashankari Temple Ward,,,,,2025-06-19 08:51:00.000000000,Registered
20770062,INDIAN_OPENCITY_BBMP,20770062,Dengue positive in Ramamurthy Nagar Field inspection assigned to Medical officer officer.,General Consumer Services,DR PRIYA/Medical officer,Ramamurthy Nagar,,,,,2025-06-18 04:58:00.000000000,Registered
20764329,INDIAN_OPENCITY_BBMP,20764329,Garbage dump in Adugodi Garbage cleared,General Consumer Services,Marshal Ward No 147/Marshal,Adugodi,,,,,2025-06-13 06:02:00.000000000,Closed
20770027,INDIAN_OPENCITY_BBMP,20770027,Technical Issue In Ekhata in Kaveripura Field inspection assigned to RI officer.,General Consumer Services,Santhosh/RI,Kaveripura,,,,,2025-06-18 04:37:00.000000000,Registered
20771226,INDIAN_OPENCITY_BBMP,20771226,Garbage dump in Jaraganahalli Field inspection assigned to Marshal officer.,General Consumer Services,Marshal Ward No 186/Marshal,Jaraganahalli,,,,,2025-06-19 03:25:00.000000000,Registered
20763268,INDIAN_OPENCITY_BBMP,20763268,Burning of Garbage in Open Space in Bharathi Nagar Garbage clear,General Consumer Services,Marshal Ward No 91/Marshal,Bharathi Nagar,,,,,2025-06-13 05:09:00.000000000,Closed
20763230,INDIAN_OPENCITY_BBMP,20763230,Road side drains in Kottigepalya Close,General Consumer Services,Prajwal/AE,Kottigepalya,,,,,2025-06-12 10:41:00.000000000,Closed
20770584,INDIAN_OPENCITY_BBMP,20770584,Road side drains in Hegganahalli Field inspection assigned to AE officer.,General Consumer Services,Praveen kumar G/AE,Hegganahalli,,,,,2025-06-19 08:44:00.000000000,Registered
20768966,INDIAN_OPENCITY_BBMP,20768966,Garbage dump in Jalahalli Cleared,General Consumer Services,Marshal Ward No 16/Marshal,Jalahalli,,,,,2025-06-17 07:16:00.000000000,Closed
20767669,INDIAN_OPENCITY_BBMP,20767669,Garbage vehicle not arrived in Yelachenahalli Clear,General Consumer Services,Marshal Ward No 185/Marshal,Yelachenahalli,,,,,2025-06-16 06:12:00.000000000,Closed
20763304,INDIAN_OPENCITY_BBMP,20763304,Sweeping not done in Gurappanapalya Close,General Consumer Services,Ashok/JHI,Gurappanapalya,,,,,2025-06-13 07:41:00.000000000,Closed
20769600,INDIAN_OPENCITY_BBMP,20769600,Complaint against SW collector/ SWM official for violation of SWM Rules in Someshwara Field inspection assigned to Marshal officer.,General Consumer Services,Marshal Ward No 03/Marshal,Someshwara,,,,,2025-06-18 11:07:00.000000000,Registered
20771422,INDIAN_OPENCITY_BBMP,20771422,Garbage vehicle not arrived in Basavanapura Field inspection assigned to Marshal officer.,General Consumer Services,Marshal Ward No 53/Marshal,Basavanapura,,,,,2025-06-19 06:14:00.000000000,Registered
20763493,INDIAN_OPENCITY_BBMP,20763493,Sweeping not done in Jeevanbhima Nagar Call,General Consumer Services,Hanumanthappa/JHI,Jeevanbhima Nagar,,,,,2025-06-13 09:58:00.000000000,Closed
20768508,INDIAN_OPENCITY_BBMP,20768508,"obstructions Branches / Trees. in Anjanapur Please submit application to BBMP, Forest Department",General Consumer Services,Narendra Babu/RFO,Anjanapur,,,,,2025-06-17 12:30:00.000000000,Closed
20769341,INDIAN_OPENCITY_BBMP,20769341,Dead animal(s) in Radhakrishna Temple Field inspection assigned to JHI officer.,General Consumer Services,Akshay Kumar/JHI,Radhakrishna Temple,,,,,2025-06-18 08:47:00.000000000,Registered
20771437,INDIAN_OPENCITY_BBMP,20771437,obstructions Branches / Trees. in Sudam Nagar Field inspection assigned to DYRFO officer.,General Consumer Services,B.B Meti/DYRFO,Sudam Nagar,,,,,2025-06-19 06:26:00.000000000,Registered
20768443,INDIAN_OPENCITY_BBMP,20768443,Garbage dump in Mahalakshmipuram Our staff will clear this point daily,General Consumer Services,Marshal Ward No 68/Marshal,Mahalakshmipuram,,,,,2025-06-17 11:48:00.000000000,Closed
20764819,INDIAN_OPENCITY_BBMP,20764819,Dead animal(s) in Visvesvarapuram Field inspection assigned to JHI officer.,General Consumer Services,Narasimha P /JHI,Visvesvarapuram,,,,,2025-06-14 09:03:00.000000000,Registered
20771180,INDIAN_OPENCITY_BBMP,20771180,obstructions Branches / Trees. in Rajarajeshwari Nagar Field inspection assigned to DYRFO officer.,General Consumer Services,Jagadish V/DYRFO,Rajarajeshwari Nagar,,,,,2025-06-19 02:49:00.000000000,Registered
20767678,INDIAN_OPENCITY_BBMP,20767678,Fatally injured - Needs immediate attention in Vasanth Nagar Field inspection assigned to VI officer.,General Consumer Services,V Srinivas/VI,Vasanth Nagar,,,,,2025-06-16 06:20:00.000000000,Registered
20763900,INDIAN_OPENCITY_BBMP,20763900,Garbage vehicle not arrived in Yelachenahalli This location Showing 181 kumarswamy layout,General Consumer Services,Marshal Ward No 185/Marshal,Yelachenahalli,,,,,2025-06-13 01:08:00.000000000,Closed
20766119,INDIAN_OPENCITY_BBMP,20766119,Gym/Children Play equipment in the parks in Giri Nagar resolved complaint,General Consumer Services,Channegowda S/HS,Giri Nagar,,,,,2025-06-15 12:44:00.000000000,Closed
20765348,INDIAN_OPENCITY_BBMP,20765348,Garbage vehicle not arrived in Rajarajeshwari Nagar Clear,General Consumer Services,Marshal Ward No 160/Marshal,Rajarajeshwari Nagar,,,,,2025-06-14 02:41:00.000000000,Closed
20771232,INDIAN_OPENCITY_BBMP,20771232,Dengue positive in Vignana Nagar Field inspection assigned to Medical officer officer.,General Consumer Services,DR USHA VANISHREE/Medical officer,Vignana Nagar,,,,,2025-06-19 03:29:00.000000000,Registered
20770539,INDIAN_OPENCITY_BBMP,20770539,Garbage dump in Garudacharpalya Clear,General Consumer Services,Marshal Ward No 82/Marshal,Garudacharpalya,,,,,2025-06-19 07:53:00.000000000,Closed
20768067,INDIAN_OPENCITY_BBMP,20768067,Increase in mosquito density in Thanisandra Field inspection assigned to SHI officer.,General Consumer Services,SHI Ward 006/SHI,Thanisandra,,,,,2025-06-17 08:32:00.000000000,Registered
20766891,INDIAN_OPENCITY_BBMP,20766891,Issues related Snakes/Birds/Monkeys in Kumaraswamy Layout Field inspection assigned to DYRFO officer.,General Consumer Services,Shivanna T.C/DYRFO,Kumaraswamy Layout,,,,,2025-06-16 10:13:00.000000000,Registered
20764202,INDIAN_OPENCITY_BBMP,20764202,Debris Removal / Construction Material in Sampangiram Nagar Field inspection assigned to AE officer.,General Consumer Services,Chandhan/AE,Sampangiram Nagar,,,,,2025-06-13 04:38:00.000000000,Registered
20768453,INDIAN_OPENCITY_BBMP,20768453,Other Khata / ekhata issues in Ejipura Please contact ward accountant Mrs.Usha Devi,General Consumer Services,bharathi/ARO,Ejipura,,,,,2025-06-17 11:53:00.000000000,Closed
20766759,INDIAN_OPENCITY_BBMP,20766759,Garbage dump in Radhakrishna Temple Clear,General Consumer Services,Marshal Ward No 18/Marshal,Radhakrishna Temple,,,,,2025-06-16 09:03:00.000000000,Closed
20767023,INDIAN_OPENCITY_BBMP,20767023,Use of banned single use plastic in Padmanabha Nagar Field inspection assigned to SHI officer.,General Consumer Services,B.S Shivarudrayya/SHI,Padmanabha Nagar,,,,,2025-06-16 11:02:00.000000000,Registered
20763608,INDIAN_OPENCITY_BBMP,20763608,Sweeping not done in Sudam Nagar Forwarded Task,General Consumer Services,Veerayya/JHI,Sudam Nagar,,,,,2025-06-13 10:52:00.000000000,Registered
20768684,INDIAN_OPENCITY_BBMP,20768684,Garbage vehicle not arrived in Nagavara Clear,General Consumer Services,Marshal Ward No 23/Marshal,Nagavara,,,,,2025-06-17 02:56:00.000000000,Closed
20765310,INDIAN_OPENCITY_BBMP,20765310,"Khata Services (Registration, Transfer, Bifurcation and Amalgamation) in Benniganahalli this property comes not our under jurisdiction",General Consumer Services,Jayashree/ARO,Benniganahalli,,,,,2025-06-14 02:07:00.000000000,Closed
20768385,INDIAN_OPENCITY_BBMP,20768385,Road side drains in Laggere Field inspection assigned to AE officer.,General Consumer Services,Geethanjali /AE,Laggere,,,,,2025-06-17 11:22:00.000000000,Registered
20769475,INDIAN_OPENCITY_BBMP,20769475,Potholes in Jakkur Field inspection assigned to AE officer.,General Consumer Services,Manthesh/AE,Jakkur,,,,,2025-06-18 10:11:00.000000000,Registered
20768128,INDIAN_OPENCITY_BBMP,20768128,Others in Aramane Nagar Forwarded Task Major Roads West,General Consumer Services,BBMP Whatsapp/Customer Support Representative,Aramane Nagar,,,,,2025-06-17 09:21:00.000000000,Registered
20764879,INDIAN_OPENCITY_BBMP,20764879,Garbage dump in Shakambari Nagar It's,General Consumer Services,Marshal Ward No 179/Marshal,Shakambari Nagar,,,,,2025-06-14 09:47:00.000000000,Closed
20768541,INDIAN_OPENCITY_BBMP,20768541,Public toilet(s) blockage in K.R.Puram Field inspection assigned to JHI officer.,General Consumer Services,Jagadish/JHI,K.R.Puram,,,,,2025-06-17 12:54:00.000000000,Registered
20770611,INDIAN_OPENCITY_BBMP,20770611,Garbage dump in Hagadooru Clear,General Consumer Services,Marshal Ward No 84/Marshal,Hagadooru,,,,,2025-06-19 09:02:00.000000000,Closed
20766008,INDIAN_OPENCITY_BBMP,20766008,Aged street dogs please take action in Vidyaranyapura Spoken with the concern person,General Consumer Services,Pushpa B Rao/VI,Vidyaranyapura,,,,,2025-06-15 11:05:00.000000000,Closed
20763219,INDIAN_OPENCITY_BBMP,20763219,Animal Rescue - Not well - Requires attention in Banashankari Temple Ward Sir Please contact stray dog rescue team officer Dr Shrinath Assistant Director mb [PHONE],General Consumer Services,ss doddamani/VI,Banashankari Temple Ward,,,,,2025-06-12 10:11:00.000000000,Closed
20769537,INDIAN_OPENCITY_BBMP,20769537,Garbage vehicle not arrived in Katriguppe Field inspection assigned to Marshal officer.,General Consumer Services,Marshal Ward No 163/Marshal,Katriguppe,,,,,2025-06-18 10:47:00.000000000,Registered
20770518,INDIAN_OPENCITY_BBMP,20770518,Issues Related to Parks/Medians/Circles/Island. in Byrasandra Field inspection assigned to HS officer.,General Consumer Services,Channegowda S/HS,Byrasandra,,,,,2025-06-19 07:36:00.000000000,Registered
20771345,INDIAN_OPENCITY_BBMP,20771345,Garbage dump in Bellandur Field inspection assigned to Marshal officer.,General Consumer Services,Marshal Ward No 150/Marshal,Bellandur,,,,,2025-06-19 05:21:00.000000000,Registered
20763342,INDIAN_OPENCITY_BBMP,20763342,Garbage dump in Jnanabharathi Ward Simply closing ticket without cleaning,General Consumer Services,Smt. Poornima J B/AGM,Jnanabharathi Ward,,,,,2025-06-13 08:22:00.000000000,ReOpen
20768109,INDIAN_OPENCITY_BBMP,20768109,Garbage vehicle not arrived in Ramamurthy Nagar Clear,General Consumer Services,Marshal Ward No 26/Marshal,Ramamurthy Nagar,,,,,2025-06-17 09:07:00.000000000,Closed
20768339,INDIAN_OPENCITY_BBMP,20768339,Other Khata / ekhata issues in Varthur property verification going on plz wait they will clearing,General Consumer Services,Santhos Kumar/ARO,Varthur,,,,,2025-06-17 10:59:00.000000000,Closed
20767485,INDIAN_OPENCITY_BBMP,20767485,Stray/Rabid dog bite in Shettyhalli attended,General Consumer Services,Dr sunilkumar Havanur/VI,Shettyhalli,,,,,2025-06-16 03:23:00.000000000,Closed
20770649,INDIAN_OPENCITY_BBMP,20770649,obstructions Branches / Trees. in Kengeri Field inspection assigned to DYRFO officer.,General Consumer Services,Jagadish V/DYRFO,Kengeri,,,,,2025-06-19 09:35:00.000000000,Registered
20770599,INDIAN_OPENCITY_BBMP,20770599,Garbage dump in Kottigepalya Closed,General Consumer Services,Marshal Ward No 73/Marshal,Kottigepalya,,,,,2025-06-19 08:54:00.000000000,Closed
20763882,INDIAN_OPENCITY_BBMP,20763882,Stray dog related complaints in Hegganahalli attended,General Consumer Services,Dr sunilkumar Havanur/VI,Hegganahalli,,,,,2025-06-13 01:00:00.000000000,Closed
20765164,INDIAN_OPENCITY_BBMP,20765164,Animal Rescue - Not well - Requires attention in Manorayanapalya Field inspection assigned to VI officer.,General Consumer Services,Chandrika B R/VI,Manorayanapalya,,,,,2025-06-14 12:20:00.000000000,In Progress
20764699,INDIAN_OPENCITY_BBMP,20764699,Debris Removal / Construction Material in Shakambari Nagar Kindly upload photo,General Consumer Services,BBMP Whatsapp/Customer Support Representative,Shakambari Nagar,,,,,2025-06-14 06:35:00.000000000,Non Relevant
20769823,INDIAN_OPENCITY_BBMP,20769823,Debris Removal / Construction Material in Sarvagna Nagar Field inspection assigned to AE officer.,General Consumer Services,Shankarappa/AE,Sarvagna Nagar,,,,,2025-06-18 01:23:00.000000000,Registered
20765458,INDIAN_OPENCITY_BBMP,20765458,Garbage dumping in vacant sites in HBR Layout Cleared,General Consumer Services,Marshal Ward No 24/Marshal,HBR Layout,,,,,2025-06-14 04:50:00.000000000,Closed
20767601,INDIAN_OPENCITY_BBMP,20767601,Garbage dump in Maruthi Seva Nagar Cleared,General Consumer Services,Marshal Ward No 59/Marshal,Maruthi Seva Nagar,,,,,2025-06-16 05:19:00.000000000,Closed
20769928,INDIAN_OPENCITY_BBMP,20769928,Stray dog related complaints in Vidyaranyapura Field inspection assigned to VI officer.,General Consumer Services,Pushpa B Rao/VI,Vidyaranyapura,,,,,2025-06-18 02:46:00.000000000,Registered
20770183,INDIAN_OPENCITY_BBMP,20770183,shifting of the street dogs to other places in Vignana Nagar No relocation of dogs can be done as per supreme court order,General Consumer Services,Smt Jahanar Ameer/VI,Vignana Nagar,,,,,2025-06-18 07:08:00.000000000,Closed
20770714,INDIAN_OPENCITY_BBMP,20770714,Garbage dump in Hombegowda Nagar Clear,General Consumer Services,Marshal Ward No 145/Marshal,Hombegowda Nagar,,,,,2025-06-19 10:19:00.000000000,Closed
20765313,INDIAN_OPENCITY_BBMP,20765313,Garbage dump in Kacharakanahalli SWM related cleared,General Consumer Services,Salah Ud Din/Division Supervisor,Kacharakanahalli,,,,,2025-06-14 02:08:00.000000000,Closed
20768180,INDIAN_OPENCITY_BBMP,20768180,shifting of the street dogs to other places in Vidyaranyapura THIS COMPLAINT ATTENDED SEVERAL TIMES ABC OPERATION AND ARV VACCINATION HAS BEEN FUNCTIONING REGULARLY IN THIS WARD STRICTLY NO RELOCATION OF DOGS IT'S AGAINST THE RULE,General Consumer Services,Pushpa B Rao/VI,Vidyaranyapura,,,,,2025-06-17 09:42:00.000000000,Closed
20766122,INDIAN_OPENCITY_BBMP,20766122,Stray/Rabid dog bite in Madiwala Dog bite complaint Attended on Sunday dt 15/06/25 Dog has taken to centre for observation,General Consumer Services,SURESH/VI,Madiwala,,,,,2025-06-15 12:45:00.000000000,Closed
20771393,INDIAN_OPENCITY_BBMP,20771393,Garbage dumping in vacant sites in Kushal Nagar Field inspection assigned to Marshal officer.,General Consumer Services,Marshal Ward No 31/Marshal,Kushal Nagar,,,,,2025-06-19 05:53:00.000000000,Registered
20768323,INDIAN_OPENCITY_BBMP,20768323,Garbage dump in Bilekahalli Clear This One Complaint,General Consumer Services,Marshal Ward No 188/Marshal,Bilekahalli,,,,,2025-06-17 10:50:00.000000000,Closed
20764767,INDIAN_OPENCITY_BBMP,20764767,Road Infrastructure in Chowdeshwari Ward Field inspection assigned to AE officer.,General Consumer Services,RI AE Ward 1 to 4/AE,Chowdeshwari Ward,,,,,2025-06-14 08:15:00.000000000,Registered
20764966,INDIAN_OPENCITY_BBMP,20764966,obstructions Branches / Trees. in Madiwala Field inspection assigned to DYRFO officer.,General Consumer Services,Harish.H.R/DYRFO,Madiwala,,,,,2025-06-14 10:42:00.000000000,Registered
20768422,INDIAN_OPENCITY_BBMP,20768422,Senior Citizen in Begur Forwarded Task,General Consumer Services,Nagabhushan/ARO,Begur,,,,,2025-06-17 11:39:00.000000000,Registered
20767307,INDIAN_OPENCITY_BBMP,20767307,Garbage dump in Kadugondanahalli Cleared,General Consumer Services,Marshal Ward No 30/Marshal,Kadugondanahalli,,,,,2025-06-16 01:10:00.000000000,Closed
20764328,INDIAN_OPENCITY_BBMP,20764328,Garbage vehicle not arrived in Arakere Complaint attend and cleard sir,General Consumer Services,Marshal Ward No 193/Marshal,Arakere,,,,,2025-06-13 06:02:00.000000000,Closed
20762626,INDIAN_OPENCITY_BBMP,20762626,Garbage dumping in vacant sites in Herohalli Garbage vehicle has been sent to door collection,General Consumer Services,Marshal Ward No 72/Marshal,Herohalli,,,,,2025-06-12 01:46:00.000000000,Closed
20767195,INDIAN_OPENCITY_BBMP,20767195,Stray dog related complaints in Begur We cannot relocate the dog's only ABC and combined vaccination done our BBMP side As per schedule.,General Consumer Services,Krishnaiah/VI,Begur,,,,,2025-06-16 12:05:00.000000000,Closed
20763751,INDIAN_OPENCITY_BBMP,20763751,unable to generate property tax challan in Hemmigepura Forwarded Task,General Consumer Services,Ramesh Rathod/ARO,Hemmigepura,,,,,2025-06-13 11:42:00.000000000,Registered
20768045,INDIAN_OPENCITY_BBMP,20768045,Road cutting in Jalahalli Field inspection assigned to Customer Support Representative officer.,General Consumer Services,BBMP Whatsapp/Customer Support Representative,Jalahalli,,,,,2025-06-17 08:05:00.000000000,Non Relevant
20770546,INDIAN_OPENCITY_BBMP,20770546,Garbage vehicle not arrived in C.V.Raman Nagar Forwarded Task,General Consumer Services,Marshal Ward No 57/Marshal,C.V.Raman Nagar,,,,,2025-06-19 08:03:00.000000000,Registered
20762861,INDIAN_OPENCITY_BBMP,20762861,Garbage dump in Hoysala Nagar Garbage clearing everyday sir..,General Consumer Services,Marshal Ward No 80/Marshal,Hoysala Nagar,,,,,2025-06-12 04:45:00.000000000,Closed
20762393,INDIAN_OPENCITY_BBMP,20762393,Road side drains in Sarakki Field inspection assigned to AE officer.,General Consumer Services,AE Ward 178/AE,Sarakki,,,,,2025-06-12 11:43:00.000000000,Registered
20766223,INDIAN_OPENCITY_BBMP,20766223,Animal Rescue - Not well - Requires attention in Ramamurthy Nagar No treatment done in bbmp Call 1962,General Consumer Services,Smt Jahanar Ameer/VI,Ramamurthy Nagar,,,,,2025-06-15 02:35:00.000000000,Closed
20770252,INDIAN_OPENCITY_BBMP,20770252,shifting of the street dogs to other places in Ullalu Field inspection assigned to VI officer.,General Consumer Services,Ramesh.B/VI,Ullalu,,,,,2025-06-18 07:49:00.000000000,Registered
20763316,INDIAN_OPENCITY_BBMP,20763316,Garbage vehicle not arrived in Hoysala Nagar Garbage has been cleared sir... Kindly segregate ur waste into wet waste and dry waste... Without segregation how we should clear the garbage sir.... Make sure your segregating ur waste in a proper manner... Thank you,General Consumer Services,Marshal Ward No 80/Marshal,Hoysala Nagar,,,,,2025-06-13 07:50:00.000000000,Closed
20767811,INDIAN_OPENCITY_BBMP,20767811,Garbage dump in Chikkalasandra Clered,General Consumer Services,Marshal Ward No 183/Marshal,Chikkalasandra,,,,,2025-06-16 07:54:00.000000000,Closed
20768695,INDIAN_OPENCITY_BBMP,20768695,Road side drains in Banaswadi Field inspection assigned to AE officer.,General Consumer Services,Sandeep/AE,Banaswadi,,,,,2025-06-17 03:04:00.000000000,Registered
20768962,INDIAN_OPENCITY_BBMP,20768962,Garbage nuisance while transporting in Jalahalli Cleared,General Consumer Services,Marshal Ward No 16/Marshal,Jalahalli,,,,,2025-06-17 07:12:00.000000000,Closed
20768211,INDIAN_OPENCITY_BBMP,20768211,Sweeping not done in Horamavu Field inspection assigned to JHI officer.,General Consumer Services,Harish Kumar K V /JHI,Horamavu,,,,,2025-06-17 10:02:00.000000000,Registered
20764821,INDIAN_OPENCITY_BBMP,20764821,Garbage vehicle not arrived in Vijay Nagar Clear,General Consumer Services,Marshal Ward No 123/Marshal,Vijay Nagar,,,,,2025-06-14 09:04:00.000000000,Closed
20765545,INDIAN_OPENCITY_BBMP,20765545,Garbage dumping in vacant sites in Hemmigepura Complaint clear,General Consumer Services,Marshal Ward No 198/Marshal,Hemmigepura,,,,,2025-06-14 06:32:00.000000000,Closed
20768380,INDIAN_OPENCITY_BBMP,20768380,Garbage dump in Vishwanathnagenahalli Complaint resolved,General Consumer Services,Marshal Ward No 22/Marshal,Vishwanathnagenahalli,,,,,2025-06-17 11:19:00.000000000,Closed
20770455,INDIAN_OPENCITY_BBMP,20770455,water stagnation in Doddanekkundi Field inspection assigned to AE officer.,General Consumer Services,C Rachipa/AE,Doddanekkundi,,,,,2025-06-18 11:59:00.000000000,Registered
20769397,INDIAN_OPENCITY_BBMP,20769397,Road side drains in Basavanapura Field inspection assigned to AE officer.,General Consumer Services,Vinay/AE,Basavanapura,,,,,2025-06-18 09:24:00.000000000,Registered
20765417,INDIAN_OPENCITY_BBMP,20765417,Road Infrastructure in Rajamahal Field inspection assigned to AE officer.,General Consumer Services,Deepti priya/AE,Rajamahal,,,,,2025-06-14 04:13:00.000000000,Registered
20763453,INDIAN_OPENCITY_BBMP,20763453,Garbage dump in K.R.Puram This undar come to panchayat,General Consumer Services,Marshal Ward No 52/Marshal,K.R.Puram,,,,,2025-06-13 09:38:00.000000000,Closed
20768732,INDIAN_OPENCITY_BBMP,20768732,Removal of dead/fallen trees in Sri Rammandira Field inspection assigned to DYRFO officer.,General Consumer Services,sudarshan/DYRFO,Sri Rammandira,,,,,2025-06-17 03:42:00.000000000,Registered
20768263,INDIAN_OPENCITY_BBMP,20768263,obstructions Branches / Trees. in Yadiyuru Field inspection assigned to DYRFO officer.,General Consumer Services,Shivanna T.C/DYRFO,Yadiyuru,,,,,2025-06-17 10:21:00.000000000,Registered
20770146,INDIAN_OPENCITY_BBMP,20770146,Footpath in Shanthala Nagar Field inspection assigned to AE officer.,General Consumer Services,Nikhil Gowda /AE,Shanthala Nagar,,,,,2025-06-18 06:32:00.000000000,Registered
20770497,INDIAN_OPENCITY_BBMP,20770497,Animal birth control/neutering of stray dogs in Anjanapur Field inspection assigned to VI officer.,General Consumer Services,Uday Kulkarni/VI,Anjanapur,,,,,2025-06-19 07:16:00.000000000,Registered
20769182,INDIAN_OPENCITY_BBMP,20769182,obstructions Branches / Trees. in Jagajeevanram Nagar Field inspection assigned to DYRFO officer.,General Consumer Services,sudarshan/DYRFO,Jagajeevanram Nagar,,,,,2025-06-17 10:13:00.000000000,Registered
20770164,INDIAN_OPENCITY_BBMP,20770164,Urination in Public/Open Defecation in Horamavu Field inspection assigned to JHI officer.,General Consumer Services,Harish Kumar K V /JHI,Horamavu,,,,,2025-06-18 06:45:00.000000000,Registered
20768042,INDIAN_OPENCITY_BBMP,20768042,Garbage dump in Bommanahalli Cleared sir,General Consumer Services,Marshal Ward No 175/Marshal,Bommanahalli,,,,,2025-06-17 08:01:00.000000000,Closed
20763831,INDIAN_OPENCITY_BBMP,20763831,Garbage dump in Laggere Garbage is not clear,General Consumer Services,Chandra Kumar M P/Division Supervisor,Laggere,,,,,2025-06-13 12:29:00.000000000,ReOpen
20764041,INDIAN_OPENCITY_BBMP,20764041,Garbage dump in Muneshwara Nagar Cleared,General Consumer Services,Marshal Ward No 48/Marshal,Muneshwara Nagar,,,,,2025-06-13 03:00:00.000000000,Closed
20761818,INDIAN_OPENCITY_BBMP,20761818,Garbage vehicle not arrived in Chokkasandra Attended,General Consumer Services,Marshal Ward No 39/Marshal,Chokkasandra,,,,,2025-06-11 08:10:00.000000000,Closed
20764787,INDIAN_OPENCITY_BBMP,20764787,Stray/Rabid dog bite in Vishwanathnagenahalli Field inspection assigned to VI officer.,General Consumer Services,Chandrika B R/VI,Vishwanathnagenahalli,,,,,2025-06-14 08:34:00.000000000,Closed
20763671,INDIAN_OPENCITY_BBMP,20763671,Sweeping not done in Kacharakanahalli Resolved,General Consumer Services,JHI Ward 29/JHI,Kacharakanahalli,,,,,2025-06-13 11:17:00.000000000,Closed
20765323,INDIAN_OPENCITY_BBMP,20765323,Play Grounds in Hoysala Nagar Field inspection assigned to HS officer.,General Consumer Services,Om Prakash/HS,Hoysala Nagar,,,,,2025-06-14 02:20:00.000000000,Registered
20771681,INDIAN_OPENCITY_BBMP,20771681,footpath encroachment in Doddanekkundi Field inspection assigned to AE officer.,General Consumer Services,C Rachipa/AE,Doddanekkundi,,,,,2025-06-19 10:22:00.000000000,Registered
20765160,INDIAN_OPENCITY_BBMP,20765160,Garbage dump in Ramamurthy Nagar This is coming under panchayat not on BBMP so please contact Panchi for cleaning activity [PHONE],General Consumer Services,Marshal Ward No 26/Marshal,Ramamurthy Nagar,,,,,2025-06-14 12:17:00.000000000,Closed
20770556,INDIAN_OPENCITY_BBMP,20770556,Others in Garudacharpalya Field inspection assigned to Customer Support Representative officer.,General Consumer Services,BBMP Whatsapp/Customer Support Representative,Garudacharpalya,,,,,2025-06-19 08:13:00.000000000,Registered
20768159,INDIAN_OPENCITY_BBMP,20768159,obstructions Branches / Trees. in Jakkur Field inspection assigned to DYRFO officer.,General Consumer Services,Mutturaju KP/DYRFO,Jakkur,,,,,2025-06-17 09:33:00.000000000,Registered
20767887,INDIAN_OPENCITY_BBMP,20767887,Garbage dump in Byatarayanapura Mobile switch off,General Consumer Services,Marshal Ward No 07/Marshal,Byatarayanapura,,,,,2025-06-16 09:07:00.000000000,Closed
20770929,INDIAN_OPENCITY_BBMP,20770929,Animal Rescue - Not well - Requires attention in HAL Airport Complaint attended,General Consumer Services,Smt Jahanar Ameer/VI,HAL Airport,,,,,2025-06-19 12:06:00.000000000,Closed
20763670,INDIAN_OPENCITY_BBMP,20763670,obstructions Branches / Trees. in Byatarayanapura Forwarded Task,General Consumer Services,Mutturaju KP/DYRFO,Byatarayanapura,,,,,2025-06-13 11:16:00.000000000,Registered
20764186,INDIAN_OPENCITY_BBMP,20764186,footpath encroachment in Domlur Forwarded Task,General Consumer Services,Prakash/AE,Domlur,,,,,2025-06-13 04:28:00.000000000,Registered
20767294,INDIAN_OPENCITY_BBMP,20767294,Animal Rescue - Not well - Requires attention in Mangammanapalya Field inspection assigned to VI officer.,General Consumer Services,Krishnaiah/VI,Mangammanapalya,,,,,2025-06-16 01:04:00.000000000,Registered
20767156,INDIAN_OPENCITY_BBMP,20767156,Road Infrastructure in Gurappanapalya Field inspection assigned to AE officer.,General Consumer Services,Ramchandra despande /AE,Gurappanapalya,,,,,2025-06-16 11:50:00.000000000,Registered
20766650,INDIAN_OPENCITY_BBMP,20766650,Public dustbins not cleaned in Bommanahalli Cleared sir,General Consumer Services,Marshal Ward No 175/Marshal,Bommanahalli,,,,,2025-06-16 06:46:00.000000000,Closed
20770531,INDIAN_OPENCITY_BBMP,20770531,Garbage dump in Kacharakanahalli Complete resolved,General Consumer Services,Marshal Ward No 29/Marshal,Kacharakanahalli,,,,,2025-06-19 07:48:00.000000000,Closed
20770046,INDIAN_OPENCITY_BBMP,20770046,Debris Removal / Construction Material in Hagadooru Field inspection assigned to AE officer.,General Consumer Services,Basavaraja TakkalakI/AE,Hagadooru,,,,,2025-06-18 04:50:00.000000000,Registered
20765611,INDIAN_OPENCITY_BBMP,20765611,Potholes in Jnanabharathi Ward nnn,General Consumer Services,Venkatesh/AE,Jnanabharathi Ward,,,,,2025-06-14 07:34:00.000000000,Closed
20762610,INDIAN_OPENCITY_BBMP,20762610,Ekhata missing in online in Arakere pls come to aro arakere office and submit the documents,General Consumer Services,Somashekar/ARO,Arakere,,,,,2025-06-12 01:36:00.000000000,Closed
20771253,INDIAN_OPENCITY_BBMP,20771253,Dengue positive in Hagadooru Field inspection assigned to SHI officer.,General Consumer Services,Prakash KN/SHI,Hagadooru,,,,,2025-06-19 03:37:00.000000000,Registered
20766680,INDIAN_OPENCITY_BBMP,20766680,Garbage dump in Hoysala Nagar Garbage cleared sir... Thank you,General Consumer Services,Marshal Ward No 80/Marshal,Hoysala Nagar,,,,,2025-06-16 07:33:00.000000000,Closed
20764783,INDIAN_OPENCITY_BBMP,20764783,Animal Rescue - Not well - Requires attention in Mahalakshmipuram Attended,General Consumer Services,Lokesh/VI,Mahalakshmipuram,,,,,2025-06-14 08:30:00.000000000,Closed
20771305,INDIAN_OPENCITY_BBMP,20771305,footpath encroachment in Sri Rammandira Field inspection assigned to AE officer.,General Consumer Services,VM Patil/AE,Sri Rammandira,,,,,2025-06-19 04:23:00.000000000,Registered
20769516,INDIAN_OPENCITY_BBMP,20769516,ekhata approval pending with ARO in Jayangar Field inspection assigned to ARO officer.,General Consumer Services,K Narayanaswamy /ARO,Jayangar,,,,,2025-06-18 10:37:00.000000000,Registered
20770002,INDIAN_OPENCITY_BBMP,20770002,Debris Removal / Construction Material in Chamrajpet Field inspection assigned to AE officer.,General Consumer Services,UMESH/AE,Chamrajpet,,,,,2025-06-18 04:07:00.000000000,Registered
20769430,INDIAN_OPENCITY_BBMP,20769430,Garbage dump in Maruthi Seva Nagar Field inspection assigned to Marshal officer.,General Consumer Services,Marshal Ward No 59/Marshal,Maruthi Seva Nagar,,,,,2025-06-18 09:44:00.000000000,Registered
20761991,INDIAN_OPENCITY_BBMP,20761991,Lake not maintained properly in Begur Field inspection assigned to AE officer.,General Consumer Services,Usha Rani/AE,Begur,,,,,2025-06-12 06:57:00.000000000,Registered
20768756,INDIAN_OPENCITY_BBMP,20768756,water leakage on road in Shanthala Nagar Field inspection assigned to Customer Support Representative officer.,General Consumer Services,BBMP Whatsapp/Customer Support Representative,Shanthala Nagar,,,,,2025-06-17 04:05:00.000000000,Non Relevant
20768644,INDIAN_OPENCITY_BBMP,20768644,ekhata approval pending with ARO in Puttenahalli resolved,General Consumer Services,Somashekar/ARO,Puttenahalli,,,,,2025-06-17 02:17:00.000000000,Closed
20765006,INDIAN_OPENCITY_BBMP,20765006,Ekhata missing in online in K.R.Puram Field inspection assigned to ARO officer.,General Consumer Services,santhosh kumar ljari/ARO,K.R.Puram,,,,,2025-06-14 11:04:00.000000000,Registered
20770559,INDIAN_OPENCITY_BBMP,20770559,Dead animal(s) in Doddanekkundi Field inspection assigned to JHI officer.,General Consumer Services,Ragunandhan/JHI,Doddanekkundi,,,,,2025-06-19 08:18:00.000000000,Registered
20762917,INDIAN_OPENCITY_BBMP,20762917,"Removal of dead/fallen trees in Shankaramata Please contact Area Supervisor, Naga-[PHONE]",General Consumer Services,sudarshan/DYRFO,Shankaramata,,,,,2025-06-12 05:34:00.000000000,Closed
20767998,INDIAN_OPENCITY_BBMP,20767998,Garbage dump in J.P.Nagar Complete clear,General Consumer Services,Marshal Ward No 177/Marshal,J.P.Nagar,,,,,2025-06-17 06:49:00.000000000,Closed
20764021,INDIAN_OPENCITY_BBMP,20764021,Road Infrastructure in Vasanth Nagar Forwarded Task,General Consumer Services,Naveen.G/AE,Vasanth Nagar,,,,,2025-06-13 02:48:00.000000000,Registered
20767476,INDIAN_OPENCITY_BBMP,20767476,Stray dog related complaints in Gottigere We can't relocate the dog as per bbmp rules. (discussion),General Consumer Services,Uday Kulkarni/VI,Gottigere,,,,,2025-06-16 03:17:00.000000000,Closed
20766709,INDIAN_OPENCITY_BBMP,20766709,Potholes in Uttarahalli Pot hole not closed remains in the same condition,General Consumer Services,ROHIT T/AEE,Uttarahalli,,,,,2025-06-16 08:15:00.000000000,ReOpen
20767579,INDIAN_OPENCITY_BBMP,20767579,Garbage dump in Bellandur Cleared,General Consumer Services,Marshal Ward No 150/Marshal,Bellandur,,,,,2025-06-16 04:57:00.000000000,Closed
20764193,INDIAN_OPENCITY_BBMP,20764193,Garbage dump in Mangammanapalya Comes to Grampanchayat limits,General Consumer Services,Marshal Ward No 190/Marshal,Mangammanapalya,,,,,2025-06-13 04:34:00.000000000,Closed
20765934,INDIAN_OPENCITY_BBMP,20765934,Garbage dump in Kammanahalli Resolved,General Consumer Services,Marshal Ward No 28/Marshal,Kammanahalli,,,,,2025-06-15 09:57:00.000000000,Closed
20770144,INDIAN_OPENCITY_BBMP,20770144,Burning of Garbage in Open Space in Benniganahalli Field inspection assigned to Marshal officer.,General Consumer Services,Marshal Ward No 50/Marshal,Benniganahalli,,,,,2025-06-18 06:29:00.000000000,Registered
20762444,INDIAN_OPENCITY_BBMP,20762444,others in Chokkasandra Forwarded Task to bwssb,General Consumer Services,Bhimesh H /Nodal officer,Chokkasandra,,,,,2025-06-12 12:04:00.000000000,Registered
20765655,INDIAN_OPENCITY_BBMP,20765655,Garbage dump in Shivaji Nagar Clear,General Consumer Services,Marshal Ward No 92/Marshal,Shivaji Nagar,,,,,2025-06-14 08:30:00.000000000,Closed
20770508,INDIAN_OPENCITY_BBMP,20770508,Issues Related to Parks/Medians/Circles/Island. in Jnanabharathi Ward Field inspection assigned to HS officer.,General Consumer Services,Shankar Murthy/HS,Jnanabharathi Ward,,,,,2025-06-19 07:27:00.000000000,Registered
20766274,INDIAN_OPENCITY_BBMP,20766274,Fatally injured - Needs immediate attention in Neelasandra Field inspection assigned to VI officer.,General Consumer Services,Chandrika B R/VI,Neelasandra,,,,,2025-06-15 04:07:00.000000000,In Progress
20770111,INDIAN_OPENCITY_BBMP,20770111,Road cutting in Jakkur Field inspection assigned to AE officer.,General Consumer Services,Manthesh/AE,Jakkur,,,,,2025-06-18 05:56:00.000000000,Registered
20764975,INDIAN_OPENCITY_BBMP,20764975,"Stray dog related complaints in Karisandra Spoke to the reporter and arranged for animal birtth control surgery Dogs can't be relocated as per the ABC rules 2023, for barking, crying, chasing, nothing can be done since it is natural instincts of a dog. Sterilization and immunisation of streets Dogs will be done by BBMP madam",General Consumer Services,ss doddamani/VI,Karisandra,,,,,2025-06-14 10:46:00.000000000,Closed
20768507,INDIAN_OPENCITY_BBMP,20768507,Gym/Children Play equipment in the parks in Vidyapeetha Field inspection assigned to HS officer.,General Consumer Services,Channegowda S/HS,Vidyapeetha,,,,,2025-06-17 12:30:00.000000000,Registered
20769288,INDIAN_OPENCITY_BBMP,20769288,Garbage dump in Attiguppe Resolved,General Consumer Services,Marshal Ward No 132/Marshal,Attiguppe,,,,,2025-06-18 07:53:00.000000000,Closed
20763610,INDIAN_OPENCITY_BBMP,20763610,Removal of dead/fallen trees in Hoodi Field inspection assigned to DYRFO officer.,General Consumer Services,Sudharshan/DYRFO,Hoodi,,,,,2025-06-13 10:52:00.000000000,Registered
20770718,INDIAN_OPENCITY_BBMP,20770718,Garbage dump in Cottonpet Complaint cleard sir,General Consumer Services,Marshal ward no 120/Marshal,Cottonpet,,,,,2025-06-19 10:20:00.000000000,Closed
20771004,INDIAN_OPENCITY_BBMP,20771004,Garbage dumping in vacant sites in Kacharakanahalli Field inspection assigned to Marshal officer.,General Consumer Services,Marshal Ward No 29/Marshal,Kacharakanahalli,,,,,2025-06-19 12:43:00.000000000,Registered
20768522,INDIAN_OPENCITY_BBMP,20768522,Garbage dump in Hagadooru Cleaning,General Consumer Services,Marshal Ward No 84/Marshal,Hagadooru,,,,,2025-06-17 12:39:00.000000000,Closed
20766736,INDIAN_OPENCITY_BBMP,20766736,footpath encroachment in Thanisandra Resolved,General Consumer Services,Suresh Devataraju/AE,Thanisandra,,,,,2025-06-16 08:34:00.000000000,Closed
20770778,INDIAN_OPENCITY_BBMP,20770778,Spraying in Herohalli Field inspection assigned to SHI officer.,General Consumer Services,Hanumanthraya/SHI,Herohalli,,,,,2025-06-19 10:48:00.000000000,Registered
20762068,INDIAN_OPENCITY_BBMP,20762068,Garbage vehicle not arrived in Jayangar Cleaned,General Consumer Services,Marshal Ward No 153/Marshal,Jayangar,,,,,2025-06-12 08:40:00.000000000,Closed
20764246,INDIAN_OPENCITY_BBMP,20764246,Garbage dumping in vacant sites in Uttarahalli Closed,General Consumer Services,Marshal Ward No 184/Marshal,Uttarahalli,,,,,2025-06-13 05:00:00.000000000,Closed
20762023,INDIAN_OPENCITY_BBMP,20762023,Garbage dump in Thanisandra Spot got cleared,General Consumer Services,B Ramanjayalu Yadav/Division Supervisor,Thanisandra,,,,,2025-06-12 08:04:00.000000000,Closed
20765824,INDIAN_OPENCITY_BBMP,20765824,UnAuthorised Constructions in Dharmarayaswamy Temple Ward null,General Consumer Services,,Dharmarayaswamy Temple Ward,,,,,2025-06-15 07:51:00.000000000,null
20764260,INDIAN_OPENCITY_BBMP,20764260,Increase in mosquito density in Chalavadipalya Fogging done,General Consumer Services,Ashok/SHI,Chalavadipalya,,,,,2025-06-13 05:10:00.000000000,Closed
20764026,INDIAN_OPENCITY_BBMP,20764026,obstructions Branches / Trees. in Horamavu Forwarded Task,General Consumer Services,Sudharshan/DYRFO,Horamavu,,,,,2025-06-13 02:49:00.000000000,Registered
20768640,INDIAN_OPENCITY_BBMP,20768640,Garbage dump in Bharathi Nagar Field inspection assigned to Marshal officer.,General Consumer Services,Marshal Ward No 91/Marshal,Bharathi Nagar,,,,,2025-06-17 02:15:00.000000000,Registered
20769881,INDIAN_OPENCITY_BBMP,20769881,Debris Removal / Construction Material in HBR Layout Field inspection assigned to AE officer.,General Consumer Services,Shivandaiah/AE,HBR Layout,,,,,2025-06-18 01:54:00.000000000,Registered
20768058,INDIAN_OPENCITY_BBMP,20768058,shifting of the street dogs to other places in Horamavu No relocation of dogs can be done as per supreme court order,General Consumer Services,Smt Jahanar Ameer/VI,Horamavu,,,,,2025-06-17 08:21:00.000000000,Closed
20762382,INDIAN_OPENCITY_BBMP,20762382,Garbage vehicle not arrived in Jeevanbhima Nagar Good morning medam We will rectify ur issue medam and strictly inform the auto driver for collections in daily basis medam thank you,General Consumer Services,Marshal Ward No 88/Marshal,Jeevanbhima Nagar,,,,,2025-06-12 11:36:00.000000000,Closed
20761726,INDIAN_OPENCITY_BBMP,20761726,Road Infrastructure in Kuvempu Nagar Forwarded Task,General Consumer Services,RI AE ward 5 to 11/AE,Kuvempu Nagar,,,,,2025-06-11 06:35:00.000000000,Registered
20769829,INDIAN_OPENCITY_BBMP,20769829,Without permission digging of road in Doddanekkundi Field inspection assigned to AE officer.,General Consumer Services,C Rachipa/AE,Doddanekkundi,,,,,2025-06-18 01:24:00.000000000,Registered
20766749,INDIAN_OPENCITY_BBMP,20766749,Garbage vehicle not arrived in BTM Layout Complaint cleared,General Consumer Services,Marshal Ward No 176/Marshal,BTM Layout,,,,,2025-06-16 08:48:00.000000000,Closed
20770874,INDIAN_OPENCITY_BBMP,20770874,Garbage dump in Sudam Nagar Field inspection assigned to Marshal officer.,General Consumer Services,Marshal ward no 118/Marshal,Sudam Nagar,,,,,2025-06-19 11:36:00.000000000,Registered
20769732,INDIAN_OPENCITY_BBMP,20769732,Potholes in Benniganahalli Field inspection assigned to AE officer.,General Consumer Services,Narasimaiah/AE,Benniganahalli,,,,,2025-06-18 12:11:00.000000000,Registered
20764916,INDIAN_OPENCITY_BBMP,20764916,Garbage nuisance while transporting in Thanisandra Field inspection assigned to Marshal officer.,General Consumer Services,Marshal Ward No 06/Marshal,Thanisandra,,,,,2025-06-14 10:15:00.000000000,In Progress
20771089,INDIAN_OPENCITY_BBMP,20771089,Garbage vehicle not arrived in Vishwanathnagenahalli Field inspection assigned to Marshal officer.,General Consumer Services,Marshal Ward No 22/Marshal,Vishwanathnagenahalli,,,,,2025-06-19 01:36:00.000000000,Registered
20767091,INDIAN_OPENCITY_BBMP,20767091,Debris Removal / Construction Material in Sanjay Nagar Field inspection assigned to AE officer.,General Consumer Services,Santhosh /AE,Sanjay Nagar,,,,,2025-06-16 11:24:00.000000000,Registered
20762046,INDIAN_OPENCITY_BBMP,20762046,Removal of dead/fallen trees in Hampi Nagar Resolved,General Consumer Services,Shivanna T.C/DYRFO,Hampi Nagar,,,,,2025-06-12 08:23:00.000000000,Closed
20766604,INDIAN_OPENCITY_BBMP,20766604,Removal of dead/fallen trees in Bellandur Forwarded Task,General Consumer Services,Sudharshan/DYRFO,Bellandur,,,,,2025-06-15 10:47:00.000000000,Registered
20765445,INDIAN_OPENCITY_BBMP,20765445,Sewerage water left in SWD in Uttarahalli Field inspection assigned to AE officer.,General Consumer Services,Sushmashri.S/AE,Uttarahalli,,,,,2025-06-14 04:38:00.000000000,Registered
20763024,INDIAN_OPENCITY_BBMP,20763024,Spraying in Ramamurthy Nagar Mosquito Spray done,General Consumer Services,SHI Ward 26/SHI,Ramamurthy Nagar,,,,,2025-06-12 07:17:00.000000000,Closed
20766889,INDIAN_OPENCITY_BBMP,20766889,Sweeping not done in Horamavu Solved,General Consumer Services,Harish Kumar K V /JHI,Horamavu,,,,,2025-06-16 10:12:00.000000000,Closed
20767001,INDIAN_OPENCITY_BBMP,20767001,obstructions Branches / Trees. in Garudacharpalya Field inspection assigned to DYRFO officer.,General Consumer Services,Sudharshan/DYRFO,Garudacharpalya,,,,,2025-06-16 10:54:00.000000000,Registered
20764982,INDIAN_OPENCITY_BBMP,20764982,Garbage vehicle not arrived in Prakash Nagar I gone there and cleared that complete,General Consumer Services,Marshal Ward No 98/Marshal,Prakash Nagar,,,,,2025-06-14 10:50:00.000000000,Closed
20764189,INDIAN_OPENCITY_BBMP,20764189,Garbage dump in H.M.T Compliant clear,General Consumer Services,Marshal Ward No 38/Marshal,H.M.T,,,,,2025-06-13 04:31:00.000000000,Closed
20767628,INDIAN_OPENCITY_BBMP,20767628,Potholes in Dodda Bidarkallu Field inspection assigned to AE officer.,General Consumer Services,Nagabhushan/AE,Dodda Bidarkallu,,,,,2025-06-16 05:35:00.000000000,Registered
20771289,INDIAN_OPENCITY_BBMP,20771289,Ekhata missing in online in Nayandanahalli Field inspection assigned to ARO officer.,General Consumer Services,Janardhan/ARO,Nayandanahalli,,,,,2025-06-19 04:02:00.000000000,Registered
20769328,INDIAN_OPENCITY_BBMP,20769328,Others in Vidyaranyapura Field inspection assigned to Customer Support Representative officer.,General Consumer Services,BBMP Whatsapp/Customer Support Representative,Vidyaranyapura,,,,,2025-06-18 08:38:00.000000000,Registered
20763724,INDIAN_OPENCITY_BBMP,20763724,Dead animal(s) in Horamavu Solved,General Consumer Services,Harish Kumar K V /JHI,Horamavu,,,,,2025-06-13 11:31:00.000000000,Closed
20764938,INDIAN_OPENCITY_BBMP,20764938,Sweeping not done in Hagadooru Clear,General Consumer Services,Somshekar Reddy D N /JHI,Hagadooru,,,,,2025-06-14 10:27:00.000000000,Closed
20770746,INDIAN_OPENCITY_BBMP,20770746,ekhata approval pending with ARO in Visvesvarapuram 1655233672 e katha processing to ro login,General Consumer Services,madhuri kottagi/ARO,Visvesvarapuram,,,,,2025-06-19 10:32:00.000000000,Closed
20767430,INDIAN_OPENCITY_BBMP,20767430,ekhata approval pending with ARO in Vignana Nagar Field inspection assigned to ARO officer.,General Consumer Services,Shiva Kumar/ARO,Vignana Nagar,,,,,2025-06-16 02:41:00.000000000,Registered
20770331,INDIAN_OPENCITY_BBMP,20770331,Road side drains in Nandini Layout Field inspection assigned to AE officer.,General Consumer Services,Devarajaiah K B/AE,Nandini Layout,,,,,2025-06-18 09:01:00.000000000,Registered
20771449,INDIAN_OPENCITY_BBMP,20771449,footpath encroachment in A.Narayanapura Field inspection assigned to AE officer.,General Consumer Services,G.D SOMAIAH/AE,A.Narayanapura,,,,,2025-06-19 06:40:00.000000000,Registered
20762858,INDIAN_OPENCITY_BBMP,20762858,Sweeping not done in Vidyaranyapura Close,General Consumer Services,JHI Ward 9/JHI,Vidyaranyapura,,,,,2025-06-12 04:44:00.000000000,Closed
20766484,INDIAN_OPENCITY_BBMP,20766484,Debris Removal / Construction Material in Puttenahalli Forwarded Task,General Consumer Services,Nandish/AE,Puttenahalli,,,,,2025-06-15 08:21:00.000000000,Registered
20765415,INDIAN_OPENCITY_BBMP,20765415,Others in Chokkasandra Field inspection assigned to Customer Support Representative officer.,General Consumer Services,BBMP Whatsapp/Customer Support Representative,Chokkasandra,,,,,2025-06-14 04:06:00.000000000,Registered
20769934,INDIAN_OPENCITY_BBMP,20769934,Dead animal(s) in Ullalu Field inspection assigned to Madaapa/JHI officer.,General Consumer Services,Vinay Kumar /Madaapa/JHI,Ullalu,,,,,2025-06-18 02:52:00.000000000,Registered
20766554,INDIAN_OPENCITY_BBMP,20766554,Garbage dump in Benniganahalli Address not found in this ward,General Consumer Services,Marshal Ward No 50/Marshal,Benniganahalli,,,,,2025-06-15 09:31:00.000000000,Closed
20763353,INDIAN_OPENCITY_BBMP,20763353,Road Infrastructure in Maruthi Mandira Ward Map photo location not available,General Consumer Services,Sri.Ravi C Gudadappanvar/AE,Maruthi Mandira Ward,,,,,2025-06-13 08:33:00.000000000,Closed
20764356,INDIAN_OPENCITY_BBMP,20764356,Animal birth control/neutering of stray dogs in Begur Field inspection assigned to VI officer.,General Consumer Services,Krishnaiah/VI,Begur,,,,,2025-06-13 06:25:00.000000000,Registered
20767064,INDIAN_OPENCITY_BBMP,20767064,Dengue positive in Sagayapuram Field inspection assigned to SHI officer.,General Consumer Services,Muninanjappa (Prabhara)/SHI,Sagayapuram,,,,,2025-06-16 11:16:00.000000000,Registered
20764134,INDIAN_OPENCITY_BBMP,20764134,Other Khata / ekhata issues in Moodalapalya THIS ADDRES DOES NOT COME UNDER OUR JURIDICTION,General Consumer Services,Janardhan/ARO,Moodalapalya,,,,,2025-06-13 03:47:00.000000000,Closed
20767270,INDIAN_OPENCITY_BBMP,20767270,Animal birth control/neutering of stray dogs in Basavanagudi Spoke to the reporter and explain the process of catching of the biting dog. Your request is sent to ABC catching team all un nutured dogs will be caught for ABC & will be vaccinated before release. Other dogs will be vaccinated against rabies & combined vaccine will also be administered.,General Consumer Services,Hanumantha raju/VI,Basavanagudi,,,,,2025-06-16 12:46:00.000000000,Closed
20762061,INDIAN_OPENCITY_BBMP,20762061,Fatally injured - Needs immediate attention in Chamrajpet We give. Complainter 1962. Emergency. Animal ambulances,General Consumer Services,PRAKASH B/VI,Chamrajpet,,,,,2025-06-12 08:35:00.000000000,Closed
20762340,INDIAN_OPENCITY_BBMP,20762340,Fatally injured - Needs immediate attention in Horamavu No treatment done in bbmp Call 1962,General Consumer Services,Smt Jahanar Ameer/VI,Horamavu,,,,,2025-06-12 11:20:00.000000000,Closed
20762569,INDIAN_OPENCITY_BBMP,20762569,Animal Rescue - Not well - Requires attention in Hoodi No relocation of dogs can be done as per supreme court order,General Consumer Services,B K Ashwath Narayan/VI,Hoodi,,,,,2025-06-12 01:11:00.000000000,Closed
20767528,INDIAN_OPENCITY_BBMP,20767528,Ekhata - name correction in Someshwara ಅರ್ಜಿದಾರರಿಗೆ ಹಿಂಬರಹದ ಪ್ರತಿಯನ್ನು ಲಗತ್ತಿಸಿ ಮಾಹಿತಿಯನ್ನು ನೀಡಲಾಗಿದೆ,General Consumer Services,Nagaraju/ARO,Someshwara,,,,,2025-06-16 04:10:00.000000000,Closed
20771064,INDIAN_OPENCITY_BBMP,20771064,Stray/Rabid dog bite in Chikpete Counselling and and give dog caucher mobile no,General Consumer Services,PRAKASH B/VI,Chikpete,,,,,2025-06-19 01:20:00.000000000,Closed
20763465,INDIAN_OPENCITY_BBMP,20763465,Garbage vehicle not arrived in Bellandur Clear,General Consumer Services,Marshal Ward No 150/Marshal,Bellandur,,,,,2025-06-13 09:45:00.000000000,Closed
20762472,INDIAN_OPENCITY_BBMP,20762472,Public dustbins not cleaned in Basavanapura Clear,General Consumer Services,Marshal Ward No 53/Marshal,Basavanapura,,,,,2025-06-12 12:19:00.000000000,Closed
20764736,INDIAN_OPENCITY_BBMP,20764736,Garbage dump in Vidyaranyapura Compliment resolved,General Consumer Services,Marshal Ward No 09/Marshal,Vidyaranyapura,,,,,2025-06-14 07:20:00.000000000,Closed
20770648,INDIAN_OPENCITY_BBMP,20770648,Maintenance of SWD in Banaswadi Field inspection assigned to AE officer.,General Consumer Services,Samatha/AE,Banaswadi,,,,,2025-06-19 09:34:00.000000000,Registered
20765975,INDIAN_OPENCITY_BBMP,20765975,Potholes in Sunkenahalli Attended,General Consumer Services,AE Ward 142/AE,Sunkenahalli,,,,,2025-06-15 10:40:00.000000000,Closed
20762379,INDIAN_OPENCITY_BBMP,20762379,Garbage dump in Kavalbyrasandra Res,General Consumer Services,Marshal Ward No 32/Marshal,Kavalbyrasandra,,,,,2025-06-12 11:35:00.000000000,Closed
20771041,INDIAN_OPENCITY_BBMP,20771041,Sweeping not done in Hombegowda Nagar Field inspection assigned to JHI officer.,General Consumer Services,R Umashankar/JHI,Hombegowda Nagar,,,,,2025-06-19 01:04:00.000000000,Registered
20765042,INDIAN_OPENCITY_BBMP,20765042,Maintenance of SWD in Horamavu Field inspection assigned to AE officer.,General Consumer Services,Prashanth/AE,Horamavu,,,,,2025-06-14 11:23:00.000000000,Registered
20769645,INDIAN_OPENCITY_BBMP,20769645,Garbage dump in Padmanabha Nagar Forwarded Task,General Consumer Services,Marshal Ward No 182/Marshal,Padmanabha Nagar,,,,,2025-06-18 11:27:00.000000000,Registered
20770379,INDIAN_OPENCITY_BBMP,20770379,Potholes in Herohalli Field inspection assigned to AE officer.,General Consumer Services,CHITTAYYA/AE,Herohalli,,,,,2025-06-18 09:55:00.000000000,Registered
20769967,INDIAN_OPENCITY_BBMP,20769967,footpath encroachment in Gottigere Field inspection assigned to AE officer.,General Consumer Services,AE Ward 194/AE,Gottigere,,,,,2025-06-18 03:26:00.000000000,Registered
20763898,INDIAN_OPENCITY_BBMP,20763898,Road Infrastructure in Mangammanapalya Forwarded Task,General Consumer Services,Ramesh/AE,Mangammanapalya,,,,,2025-06-13 01:08:00.000000000,Registered
20771598,INDIAN_OPENCITY_BBMP,20771598,Garbage dump in Hoysala Nagar Field inspection assigned to Marshal officer.,General Consumer Services,Marshal Ward No 80/Marshal,Hoysala Nagar,,,,,2025-06-19 08:56:00.000000000,Registered
20763748,INDIAN_OPENCITY_BBMP,20763748,obstructions Branches / Trees. in Sanjay Nagar Plz upload photos,General Consumer Services,P Nagendra /DYRFO,Sanjay Nagar,,,,,2025-06-13 11:40:00.000000000,Closed
20769294,INDIAN_OPENCITY_BBMP,20769294,Sewerage water left in SWD in Marenahalli Drainage problem,General Consumer Services,Arun Prasad/AE,Marenahalli,,,,,2025-06-18 08:03:00.000000000,Registered
20765614,INDIAN_OPENCITY_BBMP,20765614,Garbage dump in Varthur We are attend and given awareness them it's not repeat,General Consumer Services,Marshal Ward No 149/Marshal,Varthur,,,,,2025-06-14 07:39:00.000000000,Closed
20768812,INDIAN_OPENCITY_BBMP,20768812,obstructions Branches / Trees. in Vignana Nagar Field inspection assigned to DYRFO officer.,General Consumer Services,Sudharshan/DYRFO,Vignana Nagar,,,,,2025-06-17 05:02:00.000000000,Registered
20770687,INDIAN_OPENCITY_BBMP,20770687,Ekhata missing in online in Horamavu Calling to applicant Phone not picking pls enclose bbmp katha copy,General Consumer Services,Sheshagiri /ARO,Horamavu,,,,,2025-06-19 10:00:00.000000000,Closed
20766818,INDIAN_OPENCITY_BBMP,20766818,Sewerage water left in SWD in Herohalli Field inspection assigned to AE officer.,General Consumer Services,Aveesh/AE,Herohalli,,,,,2025-06-16 09:48:00.000000000,Registered
20764835,INDIAN_OPENCITY_BBMP,20764835,Urination in Public/Open Defecation in Katriguppe Field inspection assigned to JHI officer.,General Consumer Services,Harish/JHI,Katriguppe,,,,,2025-06-14 09:13:00.000000000,Registered
20771412,INDIAN_OPENCITY_BBMP,20771412,Garbage vehicle not arrived in Shiva Nagar Field inspection assigned to Marshal officer.,General Consumer Services,Marshal Ward No 107/Marshal,Shiva Nagar,,,,,2025-06-19 06:05:00.000000000,Registered
20770070,INDIAN_OPENCITY_BBMP,20770070,Stray dog related complaints in Shakambari Nagar Field inspection assigned to VI officer.,General Consumer Services,Vijaya laxmi/VI,Shakambari Nagar,,,,,2025-06-18 05:04:00.000000000,Registered
20769637,INDIAN_OPENCITY_BBMP,20769637,Garbage dumping in vacant sites in Kodigehalli Field inspection assigned to Marshal officer.,General Consumer Services,Marshal Ward No 08/Marshal,Kodigehalli,,,,,2025-06-18 11:24:00.000000000,Registered
20771657,INDIAN_OPENCITY_BBMP,20771657,Removal of dead/fallen trees in Uttarahalli Field inspection assigned to RFO officer.,General Consumer Services,Narendra Babu/RFO,Uttarahalli,,,,,2025-06-19 10:00:00.000000000,Registered
20762209,INDIAN_OPENCITY_BBMP,20762209,Removal of dead/fallen trees in Ganga Nagar Field inspection assigned to DYRFO officer.,General Consumer Services,P Nagendra /DYRFO,Ganga Nagar,,,,,2025-06-12 10:23:00.000000000,Registered
20764671,INDIAN_OPENCITY_BBMP,20764671,Public dustbins not cleaned in Varthur Clear,General Consumer Services,Marshal Ward No 149/Marshal,Varthur,,,,,2025-06-13 11:08:00.000000000,Closed
20763666,INDIAN_OPENCITY_BBMP,20763666,ekhata approval pending with ARO in Gottigere it is under notice period after notice period completion it will approve,General Consumer Services,Dodda Shamachari/ARO,Gottigere,,,,,2025-06-13 11:15:00.000000000,Closed
20766576,INDIAN_OPENCITY_BBMP,20766576,Garbage dump in Neelasandra Spot is clear everyday sir,General Consumer Services,Marshal Ward No 116/Marshal,Neelasandra,,,,,2025-06-15 09:56:00.000000000,Closed
20763335,INDIAN_OPENCITY_BBMP,20763335,Others in Someshwara Field inspection assigned to Customer Support Representative officer.,General Consumer Services,BBMP Whatsapp/Customer Support Representative,Someshwara,,,,,2025-06-13 08:13:00.000000000,Registered
20764831,INDIAN_OPENCITY_BBMP,20764831,Removal of dead/fallen trees in Shettyhalli please upload a picture,General Consumer Services,Rajappa/DYRFO,Shettyhalli,,,,,2025-06-14 09:09:00.000000000,Closed
20763687,INDIAN_OPENCITY_BBMP,20763687,Debris Removal / Construction Material in Malleshwaram Forwarded Task,General Consumer Services,Narasimayya/AE,Malleshwaram,,,,,2025-06-13 11:20:00.000000000,Registered
20765884,INDIAN_OPENCITY_BBMP,20765884,Stray dog related complaints in Nagapura Attended dogs not found,General Consumer Services,Lokesh/VI,Nagapura,,,,,2025-06-15 09:02:00.000000000,Closed
20763614,INDIAN_OPENCITY_BBMP,20763614,Potholes in Sri Nagar Field inspection assigned to AE officer.,General Consumer Services,AE Ward 156/AE,Sri Nagar,,,,,2025-06-13 10:54:00.000000000,Registered
20767209,INDIAN_OPENCITY_BBMP,20767209,Ekhata Area Correction in Deepanjali Nagar Field inspection assigned to ARO officer.,General Consumer Services,Venkatesh K/ARO,Deepanjali Nagar,,,,,2025-06-16 12:13:00.000000000,Registered
20767697,INDIAN_OPENCITY_BBMP,20767697,Road Infrastructure in Banaswadi Forwarded Task,General Consumer Services,Naveen.G/AE,Banaswadi,,,,,2025-06-16 06:40:00.000000000,Registered
20764935,INDIAN_OPENCITY_BBMP,20764935,Noise during Building Construction in Rajarajeshwari Nagar Field inspection assigned to ADTP officer.,General Consumer Services,T.Hanumantharaya/ADTP,Rajarajeshwari Nagar,,,,,2025-06-14 10:26:00.000000000,Registered
20768906,INDIAN_OPENCITY_BBMP,20768906,Garbage dump in Radhakrishna Temple Cleared,General Consumer Services,Marshal Ward No 18/Marshal,Radhakrishna Temple,,,,,2025-06-17 06:13:00.000000000,Closed
20770794,INDIAN_OPENCITY_BBMP,20770794,Others in Hemmigepura Field inspection assigned to Customer Support Representative officer.,General Consumer Services,BBMP Whatsapp/Customer Support Representative,Hemmigepura,,,,,2025-06-19 11:01:00.000000000,Registered
20771022,INDIAN_OPENCITY_BBMP,20771022,Others in Devarajeevanahalli Field inspection assigned to Customer Support Representative officer.,General Consumer Services,BBMP Whatsapp/Customer Support Representative,Devarajeevanahalli,,,,,2025-06-19 12:55:00.000000000,Registered
20766954,INDIAN_OPENCITY_BBMP,20766954,Animal Rescue - Not well - Requires attention in Sagayapuram Please contact rescue department,General Consumer Services,V Srinivas/VI,Sagayapuram,,,,,2025-06-16 10:36:00.000000000,Closed
20765367,INDIAN_OPENCITY_BBMP,20765367,"Stray/Rabid dog bite in Hoysala Nagar As you did not furnish the dog bite details, your complaint is closed on your consent.",General Consumer Services,Chandrashekar/VI,Hoysala Nagar,,,,,2025-06-14 03:06:00.000000000,Closed
20762988,INDIAN_OPENCITY_BBMP,20762988,Others in Chikkalasandra Field inspection assigned to Customer Support Representative officer.,General Consumer Services,BBMP Whatsapp/Customer Support Representative,Chikkalasandra,,,,,2025-06-12 06:45:00.000000000,Registered
20765938,INDIAN_OPENCITY_BBMP,20765938,Garbage dump in Mangammanapalya This complaint comes to Grampanchayat limits and spoke to the complaint person,General Consumer Services,Marshal Ward No 190/Marshal,Mangammanapalya,,,,,2025-06-15 10:02:00.000000000,Closed
20770788,INDIAN_OPENCITY_BBMP,20770788,Garbage dump in Dayananda Nagar All cleared sir,General Consumer Services,Marshal Ward No 97/Marshal,Dayananda Nagar,,,,,2025-06-19 10:58:00.000000000,Closed
20765407,INDIAN_OPENCITY_BBMP,20765407,footpath encroachment in Dr.Rajkumar Ward Field inspection assigned to Customer Support Representative officer.,General Consumer Services,BBMP Whatsapp/Customer Support Representative,Dr.Rajkumar Ward,,,,,2025-06-14 03:57:00.000000000,Non Relevant
20771262,INDIAN_OPENCITY_BBMP,20771262,Ekhata missing in online in Yelachenahalli Field inspection assigned to ARO officer.,General Consumer Services,SHIVAPUTRA/ARO,Yelachenahalli,,,,,2025-06-19 03:42:00.000000000,Registered
20762024,INDIAN_OPENCITY_BBMP,20762024,Debris Removal / Construction Material in Hebbal Issue not resolved still. Everything is as it was from months,General Consumer Services,Madhav rao/AEE,Hebbal,,,,,2025-06-12 08:04:00.000000000,ReOpen
20770352,INDIAN_OPENCITY_BBMP,20770352,Road cutting in Jogupalya Field inspection assigned to AE officer.,General Consumer Services,Murthi/AE,Jogupalya,,,,,2025-06-18 09:25:00.000000000,Registered
20761918,INDIAN_OPENCITY_BBMP,20761918,Animal Rescue - Not well - Requires attention in Kempegowda Ward Spoken with the concern person.,General Consumer Services,Narayan Reddy/VI,Kempegowda Ward,,,,,2025-06-11 10:26:00.000000000,Closed
20767600,INDIAN_OPENCITY_BBMP,20767600,Other Khata / ekhata issues in Gottigere Kindly visit ARO office with the Relevant Documents,General Consumer Services,Dodda Shamachari/ARO,Gottigere,,,,,2025-06-16 05:18:00.000000000,Closed
20767743,INDIAN_OPENCITY_BBMP,20767743,Ekhata missing in online in Vignana Nagar Field inspection assigned to ARO officer.,General Consumer Services,Shiva Kumar/ARO,Vignana Nagar,,,,,2025-06-16 07:13:00.000000000,Registered
20763858,INDIAN_OPENCITY_BBMP,20763858,"obstructions Branches / Trees. in Maruthi Mandira Ward Please contact Area Supervisor, Ganesh-[PHONE]",General Consumer Services,sudarshan/DYRFO,Maruthi Mandira Ward,,,,,2025-06-13 12:44:00.000000000,Closed
20766489,INDIAN_OPENCITY_BBMP,20766489,Garbage dumping in vacant sites in C.V.Raman Nagar Complaint cleared,General Consumer Services,Marshal Ward No 57/Marshal,C.V.Raman Nagar,,,,,2025-06-15 08:30:00.000000000,Closed
20765776,INDIAN_OPENCITY_BBMP,20765776,Urination in Public/Open Defecation in Thanisandra Forwarded Task,General Consumer Services,JHI Ward 6/JHI,Thanisandra,,,,,2025-06-14 11:38:00.000000000,Registered
20765979,INDIAN_OPENCITY_BBMP,20765979,Garbage vehicle not arrived in Yelachenahalli Big cutting are not Going our Vehicles,General Consumer Services,Marshal Ward No 185/Marshal,Yelachenahalli,,,,,2025-06-15 10:44:00.000000000,Closed
20770877,INDIAN_OPENCITY_BBMP,20770877,Debris Removal / Construction Material in Shivaji Nagar Field inspection assigned to AE officer.,General Consumer Services,Ranganath/AE,Shivaji Nagar,,,,,2025-06-19 11:37:00.000000000,Registered
20767295,INDIAN_OPENCITY_BBMP,20767295,"ekhata approval pending with ARO in Bellandur Sir, pls contact DC Mahadevapura office to clear the application",General Consumer Services,DEEPASHREE M R/ARO,Bellandur,,,,,2025-06-16 01:04:00.000000000,Closed
20765433,INDIAN_OPENCITY_BBMP,20765433,Ekhata - name correction in Bapuji Nagar e katha correction done by case worker now it is in revenue officer login,General Consumer Services,Chandra K/ARO,Bapuji Nagar,,,,,2025-06-14 04:29:00.000000000,Closed
20765489,INDIAN_OPENCITY_BBMP,20765489,Garbage dump in Yelachenahalli This location Showing jp nagar 3rd Phase,General Consumer Services,Marshal Ward No 185/Marshal,Yelachenahalli,,,,,2025-06-14 05:25:00.000000000,Closed
20762715,INDIAN_OPENCITY_BBMP,20762715,"Stray/Rabid dog bite in Benniganahalli As you did not furnish the details of the dog bite, your complaint is closed",General Consumer Services,Chandrashekar/VI,Benniganahalli,,,,,2025-06-12 02:53:00.000000000,Closed
20765882,INDIAN_OPENCITY_BBMP,20765882,Stray dog related complaints in K.R.Puram We are vaccinating the dogs ward by ward when we attend your ward we do it,General Consumer Services,Smt Jahanar Ameer/VI,K.R.Puram,,,,,2025-06-15 08:58:00.000000000,Closed
20769884,INDIAN_OPENCITY_BBMP,20769884,Fogging in Chikpete Field inspection assigned to SHI officer.,General Consumer Services,Raju/SHI,Chikpete,,,,,2025-06-18 01:55:00.000000000,Registered
20770814,INDIAN_OPENCITY_BBMP,20770814,Public dustbins not cleaned in Sunkenahalli Forwarded Task,General Consumer Services,Marshal Ward No 142/Marshal,Sunkenahalli,,,,,2025-06-19 11:11:00.000000000,Registered
20771382,INDIAN_OPENCITY_BBMP,20771382,Animal Rescue - Not well - Requires attention in Anjanapur Field inspection assigned to VI officer.,General Consumer Services,Uday Kulkarni/VI,Anjanapur,,,,,2025-06-19 05:47:00.000000000,Registered
20765688,INDIAN_OPENCITY_BBMP,20765688,Garbage dump in Ramaswamy Palya Cleared,General Consumer Services,Marshal Ward No 62/Marshal,Ramaswamy Palya,,,,,2025-06-14 09:02:00.000000000,Closed
20770530,INDIAN_OPENCITY_BBMP,20770530,Garbage dump in Subhash Nagar Clear,General Consumer Services,Marshal Ward No 95/Marshal,Subhash Nagar,,,,,2025-06-19 07:46:00.000000000,Closed
20769606,INDIAN_OPENCITY_BBMP,20769606,Animal Cruelty/Ill-Treated / Abused in Nagarabhavi Field inspection assigned to VI officer.,General Consumer Services,Anand G/VI,Nagarabhavi,,,,,2025-06-18 11:10:00.000000000,Registered
20770605,INDIAN_OPENCITY_BBMP,20770605,Dead animal(s) in Mangammanapalya Complete attend,General Consumer Services,Honnur Basha Saheb/JHI,Mangammanapalya,,,,,2025-06-19 08:58:00.000000000,Closed
20770598,INDIAN_OPENCITY_BBMP,20770598,Debris Removal / Construction Material in K.R.Puram Field inspection assigned to AE officer.,General Consumer Services,Jagadeesh/AE,K.R.Puram,,,,,2025-06-19 08:52:00.000000000,Registered
20765275,INDIAN_OPENCITY_BBMP,20765275,Garbage dump in Domlur Complaint is cleared thank you,General Consumer Services,Marshal Ward No 112/Marshal,Domlur,,,,,2025-06-14 01:30:00.000000000,Closed
20765850,INDIAN_OPENCITY_BBMP,20765850,Garbage dump in Banashankari Temple Ward ಯಾವುದೇ ರೀತಿಯಾದ ಆಕ್ಷನ್ ಅನ್ನು ತೆಗೆದುಕೊಂಡಿಲ್ಲ ಇನ್ನೂ ಕಸ ಅಲ್ಲೇ ಬಿದ್ದಿದೆ,General Consumer Services,Rajendra H F/Division Supervisor,Banashankari Temple Ward,,,,,2025-06-15 08:20:00.000000000,ReOpen
20762903,INDIAN_OPENCITY_BBMP,20762903,Animal Rescue - Not well - Requires attention in Peenya Industrial Area attended,General Consumer Services,Dr sunilkumar Havanur/VI,Peenya Industrial Area,,,,,2025-06-12 05:24:00.000000000,Closed
20763360,INDIAN_OPENCITY_BBMP,20763360,Garbage vehicle not arrived in Subedarapalya Complaint clear,General Consumer Services,Marshal Ward No 45/Marshal,Subedarapalya,,,,,2025-06-13 08:36:00.000000000,Closed
20767288,INDIAN_OPENCITY_BBMP,20767288,Footpath in Sri Nagar Field inspection assigned to Customer Support Representative officer.,General Consumer Services,BBMP Whatsapp/Customer Support Representative,Sri Nagar,,,,,2025-06-16 01:00:00.000000000,Non Relevant
20771060,INDIAN_OPENCITY_BBMP,20771060,Garbage dump in Chowdeshwari Ward Field inspection assigned to Marshal officer.,General Consumer Services,Marshal Ward No 02/Marshal,Chowdeshwari Ward,,,,,2025-06-19 01:16:00.000000000,Registered
20765062,INDIAN_OPENCITY_BBMP,20765062,Stray dog related complaints in Kuvempu Nagar Spoken with the concern person,General Consumer Services,Pushpa B Rao/VI,Kuvempu Nagar,,,,,2025-06-14 11:31:00.000000000,Closed
20763899,INDIAN_OPENCITY_BBMP,20763899,Ekhata missing in online in Jnanabharathi Ward ತಮ್ಮ ಎಸ್‌ ಎ ಎಸ್‌ ಅರ್ಜಿಯಂತೆ ಖಾತಾ ಸಂಖ್ಯೆಯನ್ನು ಪರಿಶೀಲಿಸಲಾಗಿ ಖಾತಾ ದಾಖಲೆಯಾಗಿರುವುದು ಕಂಡು ಬಂದಿರುವುದಿಲ್ಲ ಆದ್ದರಿಂದ ಹೊಸ ಇ ಆಸ್ತಿ ತಂತ್ರಾಂಶದಲ್ಲಿ ಅರ್ಜಿ ಸಲ್ಲಿಸಿ ಇ ಆಸ್ತಿಯನ್ನು ಪಡೆಯಬಹುದಾಗಿದೆ,General Consumer Services,S SURESH/ARO,Jnanabharathi Ward,,,,,2025-06-13 01:08:00.000000000,Closed
20763227,INDIAN_OPENCITY_BBMP,20763227,Road side drains in Mangammanapalya Forwarded Task,General Consumer Services,Raj gopal /AE,Mangammanapalya,,,,,2025-06-12 10:25:00.000000000,Registered
20763785,INDIAN_OPENCITY_BBMP,20763785,Debris Removal / Construction Material in Horamavu Field inspection assigned to AE officer.,General Consumer Services,Ramesh Horamavu/AE,Horamavu,,,,,2025-06-13 12:03:00.000000000,Registered
20768775,INDIAN_OPENCITY_BBMP,20768775,Issues related Snakes/Birds/Monkeys in Ullalu Field inspection assigned to DYRFO officer.,General Consumer Services,Jagadish V/DYRFO,Ullalu,,,,,2025-06-17 04:22:00.000000000,Registered
20762699,INDIAN_OPENCITY_BBMP,20762699,Ekhata - name correction in Vidyaranyapura SIR PLEASE SUBMIT EKHATHA PAND CARD COPY TO ARO VIDYARANYAPURA OFFICE,General Consumer Services,Anita/ARO,Vidyaranyapura,,,,,2025-06-12 02:43:00.000000000,Closed
20763695,INDIAN_OPENCITY_BBMP,20763695,Garbage dump in Kumaraswamy Layout Clearnce in progress,General Consumer Services,Marshal Ward No 181/Marshal,Kumaraswamy Layout,,,,,2025-06-13 11:21:00.000000000,Closed
20767786,INDIAN_OPENCITY_BBMP,20767786,Stray dog related complaints in Kodigehalli Spoken with the concern person,General Consumer Services,Pushpa B Rao/VI,Kodigehalli,,,,,2025-06-16 07:37:00.000000000,Closed
20770223,INDIAN_OPENCITY_BBMP,20770223,Public dustbins not cleaned in Horamavu Field inspection assigned to Marshal officer.,General Consumer Services,Marshal Ward No 25/Marshal,Horamavu,,,,,2025-06-18 07:34:00.000000000,Registered
20770102,INDIAN_OPENCITY_BBMP,20770102,Removal of dead/fallen trees in Hemmigepura Field inspection assigned to DYRFO officer.,General Consumer Services,Jagadish V/DYRFO,Hemmigepura,,,,,2025-06-18 05:42:00.000000000,Registered
20770591,INDIAN_OPENCITY_BBMP,20770591,Garbage nuisance while transporting in Hemmigepura Complaint clear,General Consumer Services,Marshal Ward No 198/Marshal,Hemmigepura,,,,,2025-06-19 08:47:00.000000000,Closed
20767202,INDIAN_OPENCITY_BBMP,20767202,Garbage dump in Rajagopala Nagar Complaint Cleared sir,General Consumer Services,Marshal Ward No 70/Marshal,Rajagopala Nagar,,,,,2025-06-16 12:09:00.000000000,Closed
20769641,INDIAN_OPENCITY_BBMP,20769641,Garbage dump in Basavanagudi Garbage clear only debris I informed engineering department,General Consumer Services,Marshal Ward No 154/Marshal,Basavanagudi,,,,,2025-06-18 11:24:00.000000000,Closed
20770030,INDIAN_OPENCITY_BBMP,20770030,Dengue positive in Doddanekkundi Field inspection assigned to Medical officer officer.,General Consumer Services,Dr.PRAMILA/Medical officer,Doddanekkundi,,,,,2025-06-18 04:40:00.000000000,Registered
20771318,INDIAN_OPENCITY_BBMP,20771318,Road side drains in Hagadooru Field inspection assigned to AE officer.,General Consumer Services,Basavaraja TakkalakI/AE,Hagadooru,,,,,2025-06-19 04:38:00.000000000,Registered
20765457,INDIAN_OPENCITY_BBMP,20765457,Removal of dead/fallen trees in Banaswadi 73488 25779,General Consumer Services,P Nagendra /DYRFO,Banaswadi,,,,,2025-06-14 04:49:00.000000000,Closed
20765878,INDIAN_OPENCITY_BBMP,20765878,Garbage dumping in vacant sites in Kempegowda Ward Field inspection assigned to Marshal officer.,General Consumer Services,Marshal Ward No 01/Marshal,Kempegowda Ward,,,,,2025-06-15 08:53:00.000000000,Registered
20767416,INDIAN_OPENCITY_BBMP,20767416,Fatally injured - Needs immediate attention in Azad Nagar We give team mobile no and give veterinary ambulance no,General Consumer Services,PRAKASH B/VI,Azad Nagar,,,,,2025-06-16 02:29:00.000000000,Closed
20771138,INDIAN_OPENCITY_BBMP,20771138,obstructions Branches / Trees. in Nagapura Field inspection assigned to DYRFO officer.,General Consumer Services,sudarshan/DYRFO,Nagapura,,,,,2025-06-19 02:15:00.000000000,Registered
20763895,INDIAN_OPENCITY_BBMP,20763895,ekhata approval pending with ARO in Thanisandra Closed,General Consumer Services,Vijaya Shekar/RO,Thanisandra,,,,,2025-06-13 01:07:00.000000000,Closed
20765052,INDIAN_OPENCITY_BBMP,20765052,Violation of rules by property Leasers in Giri Nagar Field inspection assigned to ARO officer.,General Consumer Services,Sashikala/ARO,Giri Nagar,,,,,2025-06-14 11:27:00.000000000,Registered
20769122,INDIAN_OPENCITY_BBMP,20769122,Debris Removal / Construction Material in Shakambari Nagar Field inspection assigned to AE officer.,General Consumer Services,AE Ward 179/AE,Shakambari Nagar,,,,,2025-06-17 09:10:00.000000000,Registered
20771524,INDIAN_OPENCITY_BBMP,20771524,Sewerage water left in SWD in Ramamurthy Nagar Field inspection assigned to AE officer.,General Consumer Services,Prashanth/AE,Ramamurthy Nagar,,,,,2025-06-19 07:36:00.000000000,Registered
20769856,INDIAN_OPENCITY_BBMP,20769856,Stray dog related complaints in Rajarajeshwari Nagar Field inspection assigned to VI officer.,General Consumer Services,Uma V.H/VI,Rajarajeshwari Nagar,,,,,2025-06-18 01:39:00.000000000,Registered
20767391,INDIAN_OPENCITY_BBMP,20767391,"Ekhata - name correction in Hemmigepura If you want to correction your property, take the relevant documents and contact our BBMP Kengeri office and contact the concerned case worker who will solve your problem.",General Consumer Services,Ramesh Rathod/ARO,Hemmigepura,,,,,2025-06-16 02:06:00.000000000,Closed
20769302,INDIAN_OPENCITY_BBMP,20769302,Debris Removal / Construction Material in Jayangar Field inspection assigned to AE officer.,General Consumer Services,AE Ward 153/AE,Jayangar,,,,,2025-06-18 08:13:00.000000000,Registered
20763769,INDIAN_OPENCITY_BBMP,20763769,Garbage vehicle not arrived in Hoodi Vehicle arrived in the area door to door collection done,General Consumer Services,Marshal Ward No 54/Marshal,Hoodi,,,,,2025-06-13 11:53:00.000000000,Closed
20762490,INDIAN_OPENCITY_BBMP,20762490,obstructions Branches / Trees. in Pattabhiram Nagar Resolved,General Consumer Services,B.B Meti/DYRFO,Pattabhiram Nagar,,,,,2025-06-12 12:28:00.000000000,Closed
20766305,INDIAN_OPENCITY_BBMP,20766305,Stray cattle related complaints in Banashankari Temple Ward This complaint comes under cattle pound wing of stray cattle management sir please contact Dr Shivakumar Assistant Director mb No [PHONE],General Consumer Services,ss doddamani/VI,Banashankari Temple Ward,,,,,2025-06-15 04:55:00.000000000,Closed
20766988,INDIAN_OPENCITY_BBMP,20766988,Sweeping not done in Katriguppe Forwarded Task,General Consumer Services,Harish/JHI,Katriguppe,,,,,2025-06-16 10:48:00.000000000,Registered
20764299,INDIAN_OPENCITY_BBMP,20764299,Ekhata missing in online in Begur ಪೂರಕ ದಾಖಲೆ ಸಲ್ಲಿಸಿ ಮಾಹಿತಿ ಪಡೆಯಬಹುದಾಗಿದ್ದು,General Consumer Services,Narasimhulu/ARO,Begur,,,,,2025-06-13 05:39:00.000000000,Closed
20769522,INDIAN_OPENCITY_BBMP,20769522,Road side drains in Koramangala Field inspection assigned to AE officer.,General Consumer Services,AE Ward 151/AE,Koramangala,,,,,2025-06-18 10:39:00.000000000,Registered
20771337,INDIAN_OPENCITY_BBMP,20771337,Ekhata missing in online in Ramamurthy Nagar Please enclose bbmp katha copy,General Consumer Services,Sheshagiri /ARO,Ramamurthy Nagar,,,,,2025-06-19 05:10:00.000000000,Closed
20766816,INDIAN_OPENCITY_BBMP,20766816,Garbage dump in Singasandra Attended complaint and cleared sir,General Consumer Services,Marshal Ward No 191/Marshal,Singasandra,,,,,2025-06-16 09:46:00.000000000,Closed
20768324,INDIAN_OPENCITY_BBMP,20768324,Senior Citizen in Bilekahalli Forwarded Task,General Consumer Services,Nagabhushan/ARO,Bilekahalli,,,,,2025-06-17 10:50:00.000000000,Registered
20769544,INDIAN_OPENCITY_BBMP,20769544,Garbage vehicle not arrived in Jayanagar East Field inspection assigned to Marshal officer.,General Consumer Services,Marshal Ward No 170/Marshal,Jayanagar East,,,,,2025-06-18 10:50:00.000000000,Registered
20768612,INDIAN_OPENCITY_BBMP,20768612,Sweeping not done in Jnanabharathi Ward Field inspection assigned to JHI officer.,General Consumer Services,Vijaya Raghav/JHI,Jnanabharathi Ward,,,,,2025-06-17 01:43:00.000000000,Registered
20762276,INDIAN_OPENCITY_BBMP,20762276,Fatally injured - Needs immediate attention in Mallasandra ATTENDED,General Consumer Services,Dr sunilkumar Havanur/VI,Mallasandra,,,,,2025-06-12 10:52:00.000000000,Closed
20769339,INDIAN_OPENCITY_BBMP,20769339,Removal of dead/fallen trees in Nandini Layout Field inspection assigned to DYRFO officer.,General Consumer Services,sudarshan/DYRFO,Nandini Layout,,,,,2025-06-18 08:44:00.000000000,Registered
20762513,INDIAN_OPENCITY_BBMP,20762513,Garbage vehicle not arrived in Gurappanapalya Today also done door to door....,General Consumer Services,Marshal Ward No 171/Marshal,Gurappanapalya,,,,,2025-06-12 12:39:00.000000000,Closed
20765276,INDIAN_OPENCITY_BBMP,20765276,Garbage vehicle not arrived in HSR Layout this complaint is clear sir,General Consumer Services,Marshal Ward No 174/Marshal,HSR Layout,,,,,2025-06-14 01:30:00.000000000,Closed
20768562,INDIAN_OPENCITY_BBMP,20768562,Technical Issue In Ekhata in Hegganahalli This is an issue with Kaveri system. The pdf document of the deed document has not been sent by the Kaveri system. The issue has been flagged to the Kaveri support team for the resolution,General Consumer Services,Amar/RI,Hegganahalli,,,,,2025-06-17 01:10:00.000000000,Closed
20769231,INDIAN_OPENCITY_BBMP,20769231,Garbage dumping in vacant sites in Rajarajeshwari Nagar Field inspection assigned to Marshal officer.,General Consumer Services,Marshal Ward No 160/Marshal,Rajarajeshwari Nagar,,,,,2025-06-18 12:11:00.000000000,Registered
20770924,INDIAN_OPENCITY_BBMP,20770924,Segregation of waste is not done in J.P.Nagar Field inspection assigned to Marshal officer.,General Consumer Services,Marshal Ward No 177/Marshal,J.P.Nagar,,,,,2025-06-19 12:04:00.000000000,Registered
20771538,INDIAN_OPENCITY_BBMP,20771538,Garbage dump in Dodda Bidarkallu Field inspection assigned to Marshal officer.,General Consumer Services,Marshal Ward No 40/Marshal,Dodda Bidarkallu,,,,,2025-06-19 07:53:00.000000000,Registered
20763989,INDIAN_OPENCITY_BBMP,20763989,Garbage dump in K.R.Puram as per citizen the complaint is not attended without action they closed the complaint,General Consumer Services,Basavaraj Mannur/Division Supervisor,K.R.Puram,,,,,2025-06-13 02:28:00.000000000,ReOpen
20766378,INDIAN_OPENCITY_BBMP,20766378,obstructions Branches / Trees. in Jayanagar East Field inspection assigned to DYRFO officer.,General Consumer Services,B.B Meti/DYRFO,Jayanagar East,,,,,2025-06-15 06:58:00.000000000,Registered
20767753,INDIAN_OPENCITY_BBMP,20767753,Garbage vehicle not arrived in J.P.Park Cleared,General Consumer Services,Marshal Ward No 17/Marshal,J.P.Park,,,,,2025-06-16 07:21:00.000000000,Closed
20763291,INDIAN_OPENCITY_BBMP,20763291,Mutton/Chicken/fish stall Unhygienic maintenance in Mathikere We do the abc arv combained vaccine programme,General Consumer Services,Nagesh/VI,Mathikere,,,,,2025-06-13 07:17:00.000000000,Closed
20771020,INDIAN_OPENCITY_BBMP,20771020,Street dog Adaptation process details in Chikpete We resque team mobile no,General Consumer Services,PRAKASH B/VI,Chikpete,,,,,2025-06-19 12:53:00.000000000,Closed
20768856,INDIAN_OPENCITY_BBMP,20768856,Trade License in Hagadooru Field inspection assigned to ARO officer.,General Consumer Services,Murthi/ARO,Hagadooru,,,,,2025-06-17 05:38:00.000000000,Registered
20768457,INDIAN_OPENCITY_BBMP,20768457,Potholes in Maruthi Seva Nagar Field inspection assigned to Customer Support Representative officer.,General Consumer Services,BBMP Whatsapp/Customer Support Representative,Maruthi Seva Nagar,,,,,2025-06-17 11:54:00.000000000,Non Relevant
20767104,INDIAN_OPENCITY_BBMP,20767104,Dengue positive in Varthur Attended,General Consumer Services,SRINIVASAPPA/SHI,Varthur,,,,,2025-06-16 11:30:00.000000000,Closed
20767383,INDIAN_OPENCITY_BBMP,20767383,Debris Removal / Construction Material in Vidyaranyapura Field inspection assigned to AE officer.,General Consumer Services,Archna/AE,Vidyaranyapura,,,,,2025-06-16 02:02:00.000000000,Registered
20763998,INDIAN_OPENCITY_BBMP,20763998,ekhata approval pending with ARO in Gottigere Please Re subbmit with the proper documents,General Consumer Services,Dodda Shamachari/ARO,Gottigere,,,,,2025-06-13 02:36:00.000000000,Closed
20771664,INDIAN_OPENCITY_BBMP,20771664,Unhygienic premises in hospital in Hoysala Nagar Field inspection assigned to SHI officer.,General Consumer Services,Smt S. Chitra/SHI,Hoysala Nagar,,,,,2025-06-19 10:07:00.000000000,Registered
20765862,INDIAN_OPENCITY_BBMP,20765862,Stray dog related complaints in Nandini Layout Attended,General Consumer Services,Lokesh/VI,Nandini Layout,,,,,2025-06-15 08:41:00.000000000,Closed
20768154,INDIAN_OPENCITY_BBMP,20768154,Garbage dump in Hebbal Complaint resolved.,General Consumer Services,Marshal Ward No 21/Marshal,Hebbal,,,,,2025-06-17 09:30:00.000000000,Closed
20766282,INDIAN_OPENCITY_BBMP,20766282,"Removal of dead/fallen trees in Govindraja Nagara Please contact Area Supervisor, Ganesh-[PHONE]",General Consumer Services,sudarshan/DYRFO,Govindraja Nagara,,,,,2025-06-15 04:20:00.000000000,Closed
20766229,INDIAN_OPENCITY_BBMP,20766229,Others in Binnipet Forwarded Task,General Consumer Services,BBMP Whatsapp/Customer Support Representative,Binnipet,,,,,2025-06-15 02:43:00.000000000,Registered
20768937,INDIAN_OPENCITY_BBMP,20768937,Removal of dead/fallen trees in Sampangiram Nagar Field inspection assigned to DYRFO officer.,General Consumer Services,P Nagendra /DYRFO,Sampangiram Nagar,,,,,2025-06-17 06:43:00.000000000,Registered
20763677,INDIAN_OPENCITY_BBMP,20763677,Garbage dump in Marappana Palya This complaint cleared,General Consumer Services,Marshal Ward No 44/Marshal,Marappana Palya,,,,,2025-06-13 11:17:00.000000000,Closed
20763619,INDIAN_OPENCITY_BBMP,20763619,Garbage dumping in vacant sites in Lingarajapuram Resolved,General Consumer Services,Marshal Ward No 49/Marshal,Lingarajapuram,,,,,2025-06-13 10:56:00.000000000,Closed
20765227,INDIAN_OPENCITY_BBMP,20765227,Garbage dump in Byrasandra this address not related 169 Ward and complaint person not pick The call so,General Consumer Services,Marshal Ward No 169/Marshal,Byrasandra,,,,,2025-06-14 12:54:00.000000000,Closed
20770459,INDIAN_OPENCITY_BBMP,20770459,water stagnation in Bellandur Field inspection assigned to AE officer.,General Consumer Services,Raghu/AE,Bellandur,,,,,2025-06-19 12:11:00.000000000,Registered
20762160,INDIAN_OPENCITY_BBMP,20762160,Fatally injured - Needs immediate attention in Arakere Field inspection assigned to VI officer.,General Consumer Services,Krishnaiah/VI,Arakere,,,,,2025-06-12 09:53:00.000000000,Registered
20769784,INDIAN_OPENCITY_BBMP,20769784,Garbage dump in Kumaraswamy Layout Forwarded Task,General Consumer Services,Marshal Ward No 181/Marshal,Kumaraswamy Layout,,,,,2025-06-18 12:44:00.000000000,Registered
20769474,INDIAN_OPENCITY_BBMP,20769474,Garbage vehicle not arrived in Doddanekkundi ಗ್ರಿವಂನ್ಸ್ number not reachable,General Consumer Services,Marshal Ward No 85/Marshal,Doddanekkundi,,,,,2025-06-18 10:10:00.000000000,Closed
20766019,INDIAN_OPENCITY_BBMP,20766019,Garbage thrown in storm water drain in Singasandra Field inspection assigned to AE officer.,General Consumer Services,Sushmashri.S/AE,Singasandra,,,,,2025-06-15 11:17:00.000000000,Registered
20763778,INDIAN_OPENCITY_BBMP,20763778,Khata / Ekhata mutation / transfer in Nagavara YOUR REQUEST UNDER PROCESES,General Consumer Services,Sunanda/ARO,Nagavara,,,,,2025-06-13 11:58:00.000000000,Closed
20768107,INDIAN_OPENCITY_BBMP,20768107,Garbage dumping in vacant sites in Varthur Clear,General Consumer Services,Marshal Ward No 149/Marshal,Varthur,,,,,2025-06-17 09:05:00.000000000,Closed
20762288,INDIAN_OPENCITY_BBMP,20762288,Discrepancy In Khata Certificate and Khata Extract in Hagadooru plz visit the aro office whitefield and meet case worker,General Consumer Services,Santhos Kumar/ARO,Hagadooru,,,,,2025-06-12 10:57:00.000000000,Closed
20770625,INDIAN_OPENCITY_BBMP,20770625,shifting of the street dogs to other places in HBR Layout Field inspection assigned to VI officer.,General Consumer Services,Chandrashekar/VI,HBR Layout,,,,,2025-06-19 09:12:00.000000000,Registered
20766233,INDIAN_OPENCITY_BBMP,20766233,"Removal of dead/fallen trees in Malleshwaram Please contact Area Supervisor, Suresh-[PHONE]",General Consumer Services,sudarshan/DYRFO,Malleshwaram,,,,,2025-06-15 02:52:00.000000000,Closed
20767532,INDIAN_OPENCITY_BBMP,20767532,Garbage dumping in vacant sites in S.K.Garden It's clear sir,General Consumer Services,Marshal Ward No 61/Marshal,S.K.Garden,,,,,2025-06-16 04:12:00.000000000,Closed
20769861,INDIAN_OPENCITY_BBMP,20769861,Discrepancy In Khata Certificate and Khata Extract in HBR Layout Field inspection assigned to ARO officer.,General Consumer Services,Sunanda/ARO,HBR Layout,,,,,2025-06-18 01:41:00.000000000,Registered
20767662,INDIAN_OPENCITY_BBMP,20767662,Road side drains in Bommanahalli Duplicate complaint,General Consumer Services,K P Umesh/AE,Bommanahalli,,,,,2025-06-16 06:01:00.000000000,Closed
20762545,INDIAN_OPENCITY_BBMP,20762545,Other Khata / ekhata issues in Kavalbyrasandra Not related to ARO kg halli,General Consumer Services,Niranjan Murthy/ARO,Kavalbyrasandra,,,,,2025-06-12 12:59:00.000000000,Closed
20762476,INDIAN_OPENCITY_BBMP,20762476,Spraying in HBR Layout Close,General Consumer Services,Shri. Umesh/SHI,HBR Layout,,,,,2025-06-12 12:22:00.000000000,Closed
20770800,INDIAN_OPENCITY_BBMP,20770800,Garbage transfer not as per norms & area not kept clean in J.P.Nagar Field inspection assigned to Marshal officer.,General Consumer Services,Marshal Ward No 177/Marshal,J.P.Nagar,,,,,2025-06-19 11:03:00.000000000,Registered
20771280,INDIAN_OPENCITY_BBMP,20771280,"Animal Rescue - Not well - Requires attention in Visvesvarapuram Please contact Dr.D.N Srinath, ADAH, Mobile no:[PHONE]",General Consumer Services,SURESH/VI,Visvesvarapuram,,,,,2025-06-19 03:56:00.000000000,Closed
20766142,INDIAN_OPENCITY_BBMP,20766142,Garbage vehicle not arrived in Ejipura Clear complaint,General Consumer Services,Marshal Ward No 148/Marshal,Ejipura,,,,,2025-06-15 01:03:00.000000000,Closed
20763587,INDIAN_OPENCITY_BBMP,20763587,ekhata approval pending with ARO in Hagadooru APPLICATION SUBMITTED AND THE APPLICATION IS WITH Revenue (dc office),General Consumer Services,Santhos Kumar/ARO,Hagadooru,,,,,2025-06-13 10:40:00.000000000,Closed
20765659,INDIAN_OPENCITY_BBMP,20765659,Road cutting in Hemmigepura Field inspection assigned to AE officer.,General Consumer Services,Thimmaiya /AE,Hemmigepura,,,,,2025-06-14 08:33:00.000000000,Registered
20763012,INDIAN_OPENCITY_BBMP,20763012,Sewerage water left in SWD in Padmanabha Nagar Forwarded Task,General Consumer Services,Aveesh/AE,Padmanabha Nagar,,,,,2025-06-12 07:06:00.000000000,Registered
20771627,INDIAN_OPENCITY_BBMP,20771627,Garbage dump in Byatarayanapura Field inspection assigned to Marshal officer.,General Consumer Services,Marshal Ward No 07/Marshal,Byatarayanapura,,,,,2025-06-19 09:16:00.000000000,Registered
20769680,INDIAN_OPENCITY_BBMP,20769680,Animal Rescue - Not well - Requires attention in Someshwara Field inspection assigned to VI officer.,General Consumer Services,Narayan Reddy/VI,Someshwara,,,,,2025-06-18 11:43:00.000000000,Registered
20763426,INDIAN_OPENCITY_BBMP,20763426,Complaint against SW collector/ SWM official for violation of SWM Rules in Vishwanathnagenahalli We will take a necessary action,General Consumer Services,Marshal Ward No 22/Marshal,Vishwanathnagenahalli,,,,,2025-06-13 09:22:00.000000000,Closed
20769234,INDIAN_OPENCITY_BBMP,20769234,Unhygienic premises in Hotel etc in BTM Layout Field inspection assigned to SHI officer.,General Consumer Services,Mallikarjuna/SHI,BTM Layout,,,,,2025-06-18 12:41:00.000000000,Registered
20771209,INDIAN_OPENCITY_BBMP,20771209,Removal of dead/fallen trees in Herohalli Field inspection assigned to DYRFO officer.,General Consumer Services,Jagadish V/DYRFO,Herohalli,,,,,2025-06-19 03:13:00.000000000,Registered
20765319,INDIAN_OPENCITY_BBMP,20765319,"Khata Services (Registration, Transfer, Bifurcation and Amalgamation) in Jakkur The Issue will be resolved soon",General Consumer Services,ARO ward 5 and 6/ARO,Jakkur,,,,,2025-06-14 02:16:00.000000000,Closed
20771650,INDIAN_OPENCITY_BBMP,20771650,Garbage dump in Shiva Nagar Field inspection assigned to Marshal officer.,General Consumer Services,Marshal Ward No 107/Marshal,Shiva Nagar,,,,,2025-06-19 09:43:00.000000000,Registered
20765058,INDIAN_OPENCITY_BBMP,20765058,Issues Related to Parks/Medians/Circles/Island. in BTM Layout Field inspection assigned to HS officer.,General Consumer Services,Channegowda S/HS,BTM Layout,,,,,2025-06-14 11:29:00.000000000,Registered
20770668,INDIAN_OPENCITY_BBMP,20770668,Garbage dump in Vishwanathnagenahalli Field inspection assigned to Marshal officer.,General Consumer Services,Marshal Ward No 22/Marshal,Vishwanathnagenahalli,,,,,2025-06-19 09:46:00.000000000,Registered
20768209,INDIAN_OPENCITY_BBMP,20768209,Garbage vehicle not arrived in A.Narayanapura Arrived,General Consumer Services,Marshal Ward No 56/Marshal,A.Narayanapura,,,,,2025-06-17 10:01:00.000000000,Closed
20766373,INDIAN_OPENCITY_BBMP,20766373,Garbage thrown in storm water drain in Basavanapura Field inspection assigned to AE officer.,General Consumer Services,Prashanth/AE,Basavanapura,,,,,2025-06-15 06:51:00.000000000,Registered
20761885,INDIAN_OPENCITY_BBMP,20761885,water stagnation in Vignana Nagar Field inspection assigned to JE officer.,General Consumer Services,Keshav Murthy/JE,Vignana Nagar,,,,,2025-06-11 09:44:00.000000000,Registered
20771621,INDIAN_OPENCITY_BBMP,20771621,Road side drains in Bommanahalli Field inspection assigned to AE officer.,General Consumer Services,K P Umesh/AE,Bommanahalli,,,,,2025-06-19 09:14:00.000000000,Registered
20771527,INDIAN_OPENCITY_BBMP,20771527,footpath encroachment in Kadugodi Field inspection assigned to AE officer.,General Consumer Services,Venkatesh/AE,Kadugodi,,,,,2025-06-19 07:39:00.000000000,Registered
20763538,INDIAN_OPENCITY_BBMP,20763538,Technical Issue In Ekhata in Rajarajeshwari Nagar Field inspection assigned to RI officer.,General Consumer Services,Santhosh/RI,Rajarajeshwari Nagar,,,,,2025-06-13 10:20:00.000000000,Registered
20770261,INDIAN_OPENCITY_BBMP,20770261,Garbage vehicle not arrived in Arakere Field inspection assigned to Marshal officer.,General Consumer Services,Marshal Ward No 193/Marshal,Arakere,,,,,2025-06-18 07:58:00.000000000,Registered
20769476,INDIAN_OPENCITY_BBMP,20769476,Debris Removal / Construction Material in Manorayanapalya Field inspection assigned to AE officer.,General Consumer Services,Madhav Rao/AE,Manorayanapalya,,,,,2025-06-18 10:11:00.000000000,Registered
20766760,INDIAN_OPENCITY_BBMP,20766760,Dead animal(s) in Singasandra Field inspection assigned to JHI officer.,General Consumer Services,Mahesh/JHI,Singasandra,,,,,2025-06-16 09:03:00.000000000,Registered
20771019,INDIAN_OPENCITY_BBMP,20771019,Others in Bagalagunte Field inspection assigned to Customer Support Representative officer.,General Consumer Services,BBMP Whatsapp/Customer Support Representative,Bagalagunte,,,,,2025-06-19 12:53:00.000000000,Registered
20771346,INDIAN_OPENCITY_BBMP,20771346,Technical Issue In Ekhata in Sudduguntepalya Field inspection assigned to RI officer.,General Consumer Services,Santhosh/RI,Sudduguntepalya,,,,,2025-06-19 05:22:00.000000000,Registered
20767085,INDIAN_OPENCITY_BBMP,20767085,Debris Removal / Construction Material in Hongasandra Field inspection assigned to AE officer.,General Consumer Services,Giridhar/AE,Hongasandra,,,,,2025-06-16 11:22:00.000000000,Registered
20771341,INDIAN_OPENCITY_BBMP,20771341,Gym/Children Play equipment in the parks in Banaswadi Field inspection assigned to HS officer.,General Consumer Services,Om Prakash/HS,Banaswadi,,,,,2025-06-19 05:15:00.000000000,Registered
20767641,INDIAN_OPENCITY_BBMP,20767641,Removal of dead/fallen trees in Chamrajpet Field inspection assigned to DYRFO officer.,General Consumer Services,sudarshan/DYRFO,Chamrajpet,,,,,2025-06-16 05:45:00.000000000,Registered
20771339,INDIAN_OPENCITY_BBMP,20771339,Animal Rescue - Not well - Requires attention in Shettyhalli attended,General Consumer Services,Dr sunilkumar Havanur/VI,Shettyhalli,,,,,2025-06-19 05:12:00.000000000,Closed
20770886,INDIAN_OPENCITY_BBMP,20770886,Stray/Rabid dog bite in Shanthala Nagar Field inspection assigned to VI officer.,General Consumer Services,Chandrika B R/VI,Shanthala Nagar,,,,,2025-06-19 11:41:00.000000000,In Progress
20764060,INDIAN_OPENCITY_BBMP,20764060,Road cutting in Pulikeshi Nagar Field inspection assigned to AE officer.,General Consumer Services,MRUTHUNJAYA/AE,Pulikeshi Nagar,,,,,2025-06-13 03:12:00.000000000,Registered
20767591,INDIAN_OPENCITY_BBMP,20767591,Increase in mosquito density in Kumaraswamy Layout Field inspection assigned to SHI officer.,General Consumer Services,Manjula/SHI,Kumaraswamy Layout,,,,,2025-06-16 05:04:00.000000000,Registered
20769308,INDIAN_OPENCITY_BBMP,20769308,Sweeping not done in Jayanagar East Field inspection assigned to JHI officer.,General Consumer Services,Gautham Y /JHI,Jayanagar East,,,,,2025-06-18 08:20:00.000000000,Registered
20762637,INDIAN_OPENCITY_BBMP,20762637,Garbage vehicle not arrived in Gali Anjaneya Swamy Temple Ward Door to door done,General Consumer Services,Marshal Ward No 157/Marshal,Gali Anjaneya Swamy Temple Ward,,,,,2025-06-12 01:56:00.000000000,Closed
20767568,INDIAN_OPENCITY_BBMP,20767568,Garbage vehicle not arrived in K.R.Market Close,General Consumer Services,Marshal Ward No 139/Marshal,K.R.Market,,,,,2025-06-16 04:46:00.000000000,Closed
20761947,INDIAN_OPENCITY_BBMP,20761947,Garbage dump in Puttenahalli Site is being cleared,General Consumer Services,Marshal Ward No 187/Marshal,Puttenahalli,,,,,2025-06-11 11:32:00.000000000,Closed
20765342,INDIAN_OPENCITY_BBMP,20765342,Garbage dump in Kottigepalya Forwarded Task,General Consumer Services,Marshal Ward No 73/Marshal,Kottigepalya,,,,,2025-06-14 02:34:00.000000000,Registered
20769642,INDIAN_OPENCITY_BBMP,20769642,Garbage dump in Yeshwanthpur Field inspection assigned to Marshal officer.,General Consumer Services,Marshal Ward No 37/Marshal,Yeshwanthpur,,,,,2025-06-18 11:24:00.000000000,Registered
20767368,INDIAN_OPENCITY_BBMP,20767368,Animal Rescue - Not well - Requires attention in Vidyaranyapura Spoken with the concern person.,General Consumer Services,Pushpa B Rao/VI,Vidyaranyapura,,,,,2025-06-16 01:51:00.000000000,Closed
20764034,INDIAN_OPENCITY_BBMP,20764034,Use of banned single use plastic in Dharmarayaswamy Temple Ward Forwarded Task,General Consumer Services,SHI Ward 119/SHI,Dharmarayaswamy Temple Ward,,,,,2025-06-13 02:52:00.000000000,Registered
20767834,INDIAN_OPENCITY_BBMP,20767834,obstructions Branches / Trees. in Benniganahalli Forwarded Task,General Consumer Services,Thimmappa/DYRFO,Benniganahalli,,,,,2025-06-16 08:12:00.000000000,Registered
20767810,INDIAN_OPENCITY_BBMP,20767810,Garbage dump in Uttarahalli As per citizen not satisfied,General Consumer Services,Malleshappa Ningappa A/Division Supervisor,Uttarahalli,,,,,2025-06-16 07:54:00.000000000,ReOpen
20762173,INDIAN_OPENCITY_BBMP,20762173,Complaint against SW collector/ SWM official for violation of SWM Rules in Ullalu Resolved,General Consumer Services,Marshal Ward No 130/Marshal,Ullalu,,,,,2025-06-12 10:04:00.000000000,Closed
20770853,INDIAN_OPENCITY_BBMP,20770853,Garbage dump in Hongasandra Forwarded Task,General Consumer Services,Marshal Ward No 189/Marshal,Hongasandra,,,,,2025-06-19 11:28:00.000000000,Registered
20761958,INDIAN_OPENCITY_BBMP,20761958,footpath encroachment in Rajarajeshwari Nagar Close,General Consumer Services,Siddaramaiah/AE,Rajarajeshwari Nagar,,,,,2025-06-12 12:22:00.000000000,Closed
20768697,INDIAN_OPENCITY_BBMP,20768697,Garbage dumping in vacant sites in Vishwanathnagenahalli Complaint resolved,General Consumer Services,Marshal Ward No 22/Marshal,Vishwanathnagenahalli,,,,,2025-06-17 03:07:00.000000000,Closed
20769648,INDIAN_OPENCITY_BBMP,20769648,obstructions Branches / Trees. in Basaveshwara Nagar Field inspection assigned to DYRFO officer.,General Consumer Services,sudarshan/DYRFO,Basaveshwara Nagar,,,,,2025-06-18 11:29:00.000000000,Registered
20769533,INDIAN_OPENCITY_BBMP,20769533,Garbage dump in Chikpete This point cleared,General Consumer Services,Marshal Ward No 109/Marshal,Chikpete,,,,,2025-06-18 10:45:00.000000000,Closed
20769408,INDIAN_OPENCITY_BBMP,20769408,UnAuthorised Constructions in Kamakshipalya Field inspection assigned to AE officer.,General Consumer Services,Poojaraapa/AE,Kamakshipalya,,,,,2025-06-18 09:30:00.000000000,Registered
20761925,INDIAN_OPENCITY_BBMP,20761925,Road side drains in BTM Layout Attended,General Consumer Services,AE Ward 176/AE,BTM Layout,,,,,2025-06-11 10:38:00.000000000,Closed
20762675,INDIAN_OPENCITY_BBMP,20762675,"Sweeping not done in Jnanabharathi Ward Sweeping, clear",General Consumer Services,Vijaya Raghav/JHI,Jnanabharathi Ward,,,,,2025-06-12 02:29:00.000000000,Closed
20768129,INDIAN_OPENCITY_BBMP,20768129,Stray/Rabid dog bite in Horamavu Field inspection assigned to VI officer.,General Consumer Services,Smt Jahanar Ameer/VI,Horamavu,,,,,2025-06-17 09:21:00.000000000,Registered
20771121,INDIAN_OPENCITY_BBMP,20771121,ekhata approval pending with ARO in Varthur Field inspection assigned to ARO officer.,General Consumer Services,Santhos Kumar/ARO,Varthur,,,,,2025-06-19 01:59:00.000000000,Registered
20765025,INDIAN_OPENCITY_BBMP,20765025,Road cutting in Ramamurthy Nagar Field inspection assigned to AE officer.,General Consumer Services,Ramesh/AE,Ramamurthy Nagar,,,,,2025-06-14 11:13:00.000000000,Registered
20769790,INDIAN_OPENCITY_BBMP,20769790,Maintenance of SWD in Bagalagunte Field inspection assigned to AE officer.,General Consumer Services,Arun Prasad/AE,Bagalagunte,,,,,2025-06-18 12:50:00.000000000,Registered
20764285,INDIAN_OPENCITY_BBMP,20764285,Stray dog related complaints in Vignana Nagar No relocation of dogs can be done as per supreme court order,General Consumer Services,Smt Jahanar Ameer/VI,Vignana Nagar,,,,,2025-06-13 05:29:00.000000000,Closed
20765858,INDIAN_OPENCITY_BBMP,20765858,Garbage vehicle not arrived in Banaswadi Close,General Consumer Services,Marshal Ward No 27/Marshal,Banaswadi,,,,,2025-06-15 08:32:00.000000000,Closed
20766033,INDIAN_OPENCITY_BBMP,20766033,Sewerage water left in SWD in Bellandur Forwarded Task,General Consumer Services,Prashanth/AE,Bellandur,,,,,2025-06-15 11:29:00.000000000,Registered
20762223,INDIAN_OPENCITY_BBMP,20762223,Removal of dead/fallen trees in Sri Nagar Resolved,General Consumer Services,Shivanna T.C/DYRFO,Sri Nagar,,,,,2025-06-12 10:29:00.000000000,Closed
20770066,INDIAN_OPENCITY_BBMP,20770066,obstructions Branches / Trees. in Bilekahalli Field inspection assigned to RFO officer.,General Consumer Services,Narendra Babu/RFO,Bilekahalli,,,,,2025-06-18 05:01:00.000000000,Registered
20770163,INDIAN_OPENCITY_BBMP,20770163,Garbage dump in Nayandanahalli Field inspection assigned to Marshal officer.,General Consumer Services,Marshal Ward No 131/Marshal,Nayandanahalli,,,,,2025-06-18 06:44:00.000000000,Registered
20767670,INDIAN_OPENCITY_BBMP,20767670,Dead animal(s) in Nagarabhavi Field inspection assigned to JHI officer.,General Consumer Services,Vijay R/JHI,Nagarabhavi,,,,,2025-06-16 06:12:00.000000000,Registered
20764474,INDIAN_OPENCITY_BBMP,20764474,Removal of dead/fallen trees in Vijanapura Field inspection assigned to DYRFO officer.,General Consumer Services,Sudharshan/DYRFO,Vijanapura,,,,,2025-06-13 07:33:00.000000000,Registered
20768189,INDIAN_OPENCITY_BBMP,20768189,Garbage dump in C.V.Raman Nagar Cleared thank you,General Consumer Services,Marshal Ward No 57/Marshal,C.V.Raman Nagar,,,,,2025-06-17 09:50:00.000000000,Closed
20766961,INDIAN_OPENCITY_BBMP,20766961,obstructions Branches / Trees. in Hongasandra Resolved,General Consumer Services,Narendra Babu/RFO,Hongasandra,,,,,2025-06-16 10:37:00.000000000,Closed
20766306,INDIAN_OPENCITY_BBMP,20766306,Dead animal(s) in Doddanekkundi Dead dog was neither removed from that place nor buried in that place. Just poured soil over it. We kindly request to at least bury in the empty land.,General Consumer Services,Jyothi/AEE,Doddanekkundi,,,,,2025-06-15 04:55:00.000000000,ReOpen
20771429,INDIAN_OPENCITY_BBMP,20771429,Dead animal(s) in Hagadooru Field inspection assigned to JHI officer.,General Consumer Services,Somshekar Reddy D N /JHI,Hagadooru,,,,,2025-06-19 06:20:00.000000000,Registered
20764610,INDIAN_OPENCITY_BBMP,20764610,Stray dog related complaints in A.Narayanapura Did not pick up the call No relocation of dogs can be done as per supreme court order,General Consumer Services,Smt Jahanar Ameer/VI,A.Narayanapura,,,,,2025-06-13 09:55:00.000000000,Closed
20767868,INDIAN_OPENCITY_BBMP,20767868,Air/Noise pollution in Bellandur Attended,General Consumer Services,Mahesh Kumar S/SHI,Bellandur,,,,,2025-06-16 08:48:00.000000000,Closed
20770579,INDIAN_OPENCITY_BBMP,20770579,"Stray dog related complaints in Konanakunte As per central government order, dogs cannot be relocated",General Consumer Services,Uday Kulkarni/VI,Konanakunte,,,,,2025-06-19 08:41:00.000000000,Closed
20766123,INDIAN_OPENCITY_BBMP,20766123,"Animal Rescue - Not well - Requires attention in Sunkenahalli Please contact Dr.D.N Srinath, ADAH, Mobile no:[PHONE]",General Consumer Services,SURESH/VI,Sunkenahalli,,,,,2025-06-15 12:45:00.000000000,Closed
20762708,INDIAN_OPENCITY_BBMP,20762708,Anti Rabies Vaccination of stray dogs in Kavalbyrasandra Please wait for your ward vaccination Present running banswadi ward arv drive,General Consumer Services,V Srinivas/VI,Kavalbyrasandra,,,,,2025-06-12 02:49:00.000000000,Closed
20764408,INDIAN_OPENCITY_BBMP,20764408,Road side drains in Bagalagunte Forwarded Task,General Consumer Services,Venkatesh/AE,Bagalagunte,,,,,2025-06-13 06:56:00.000000000,Registered
20768459,INDIAN_OPENCITY_BBMP,20768459,Garbage vehicle not arrived in Kengeri Field inspection assigned to Marshal officer.,General Consumer Services,Marshal Ward No 159/Marshal,Kengeri,,,,,2025-06-17 11:56:00.000000000,Registered
20767447,INDIAN_OPENCITY_BBMP,20767447,"Removal of dead/fallen trees in Maruthi Mandira Ward Please contact Area Supervisor, Ganesh-[PHONE]",General Consumer Services,sudarshan/DYRFO,Maruthi Mandira Ward,,,,,2025-06-16 02:56:00.000000000,Closed
20770615,INDIAN_OPENCITY_BBMP,20770615,Garbage dump in Sanjay Nagar Field inspection assigned to Marshal officer.,General Consumer Services,Marshal Ward No 19/Marshal,Sanjay Nagar,,,,,2025-06-19 09:06:00.000000000,Registered
20763718,INDIAN_OPENCITY_BBMP,20763718,Garbage dump in Gali Anjaneya Swamy Temple Ward Clear,General Consumer Services,Marshal Ward No 157/Marshal,Gali Anjaneya Swamy Temple Ward,,,,,2025-06-13 11:29:00.000000000,Closed
20767341,INDIAN_OPENCITY_BBMP,20767341,Garbage dump in Benniganahalli Addres not found public not responding,General Consumer Services,Marshal Ward No 50/Marshal,Benniganahalli,,,,,2025-06-16 01:31:00.000000000,Closed
20771109,INDIAN_OPENCITY_BBMP,20771109,ekhata approval pending with ARO in Bellandur Field inspection assigned to ARO officer.,General Consumer Services,DEEPASHREE M R/ARO,Bellandur,,,,,2025-06-19 01:48:00.000000000,Registered
20763814,INDIAN_OPENCITY_BBMP,20763814,Play Grounds in Attiguppe resolved complaint,General Consumer Services,Channegowda S/HS,Attiguppe,,,,,2025-06-13 12:18:00.000000000,Closed
20771407,INDIAN_OPENCITY_BBMP,20771407,Stray dog related complaints in Dodda Bidarkallu Field inspection assigned to VI officer.,General Consumer Services,Ramesh.B/VI,Dodda Bidarkallu,,,,,2025-06-19 06:01:00.000000000,Registered
20767162,INDIAN_OPENCITY_BBMP,20767162,"Animal Rescue - Not well - Requires attention in Dharmarayaswamy Temple Ward Please contact Dr.D.N Srinath, ADAH, Mobile no:[PHONE]",General Consumer Services,SURESH/VI,Dharmarayaswamy Temple Ward,,,,,2025-06-16 11:53:00.000000000,Closed
20763781,INDIAN_OPENCITY_BBMP,20763781,Gym/Children Play equipment in the parks in Vidyapeetha resolved complaint,General Consumer Services,Channegowda S/HS,Vidyapeetha,,,,,2025-06-13 12:01:00.000000000,Closed
20763649,INDIAN_OPENCITY_BBMP,20763649,ekhata approval pending with ARO in Doddanekkundi your are application is pending for consideration. After 1 Week login to BBMP E asthi Portal and verify the application,General Consumer Services,Shashikumar/DC,Doddanekkundi,,,,,2025-06-13 11:08:00.000000000,Closed
20770080,INDIAN_OPENCITY_BBMP,20770080,water stagnation in Deepanjali Nagar Field inspection assigned to AE officer.,General Consumer Services,AE Ward 158/AE,Deepanjali Nagar,,,,,2025-06-18 05:13:00.000000000,Registered
20770959,INDIAN_OPENCITY_BBMP,20770959,Removal of dead/fallen trees in Adugodi Field inspection assigned to DYRFO officer.,General Consumer Services,Harish.H.R/DYRFO,Adugodi,,,,,2025-06-19 12:20:00.000000000,Registered
20767787,INDIAN_OPENCITY_BBMP,20767787,Garbage dump in Bilekahalli Daily Clear,General Consumer Services,Marshal Ward No 188/Marshal,Bilekahalli,,,,,2025-06-16 07:37:00.000000000,Closed
20768328,INDIAN_OPENCITY_BBMP,20768328,Garbage vehicle not arrived in Ejipura Cleared,General Consumer Services,Marshal Ward No 148/Marshal,Ejipura,,,,,2025-06-17 10:52:00.000000000,Closed
20771497,INDIAN_OPENCITY_BBMP,20771497,Garbage vehicle not arrived in Jnanabharathi Ward Field inspection assigned to Marshal officer.,General Consumer Services,Marshal Ward No 129/Marshal,Jnanabharathi Ward,,,,,2025-06-19 07:17:00.000000000,Registered
20764394,INDIAN_OPENCITY_BBMP,20764394,Road Infrastructure in Singasandra Forwarded Task,General Consumer Services,Ramesh/AE,Singasandra,,,,,2025-06-13 06:51:00.000000000,Registered
20767544,INDIAN_OPENCITY_BBMP,20767544,Fatally injured - Needs immediate attention in Kottigepalya Attended,General Consumer Services,Uma V.H/VI,Kottigepalya,,,,,2025-06-16 04:23:00.000000000,Closed
20762256,INDIAN_OPENCITY_BBMP,20762256,Complaint against SW collector/ SWM official for violation of SWM Rules in Jakkur Cleard,General Consumer Services,Marshal Ward No 05/Marshal,Jakkur,,,,,2025-06-12 10:43:00.000000000,Closed
20770328,INDIAN_OPENCITY_BBMP,20770328,Fatally injured - Needs immediate attention in Vijanapura Field inspection assigned to VI officer.,General Consumer Services,Smt Jahanar Ameer/VI,Vijanapura,,,,,2025-06-18 08:59:00.000000000,Registered
20765064,INDIAN_OPENCITY_BBMP,20765064,Increase in mosquito density in Shanthala Nagar Field inspection assigned to SHI officer.,General Consumer Services,KRISHNA VARDHAN/SHI,Shanthala Nagar,,,,,2025-06-14 11:32:00.000000000,Registered
20764037,INDIAN_OPENCITY_BBMP,20764037,Garbage vehicle not arrived in Nagarabhavi Resolved,General Consumer Services,Marshal Ward No 128/Marshal,Nagarabhavi,,,,,2025-06-13 02:57:00.000000000,Closed
20771033,INDIAN_OPENCITY_BBMP,20771033,Animal Rescue - Not well - Requires attention in Laggere Referred to rescue team,General Consumer Services,Uma V.H/VI,Laggere,,,,,2025-06-19 01:01:00.000000000,Closed
20766134,INDIAN_OPENCITY_BBMP,20766134,Garbage dump in Agaram Leaves are there it will clear tomorrow,General Consumer Services,Marshal Ward No 114/Marshal,Agaram,,,,,2025-06-15 12:55:00.000000000,Closed
20769531,INDIAN_OPENCITY_BBMP,20769531,Garbage vehicle not arrived in Adugodi Field inspection assigned to Marshal officer.,General Consumer Services,Marshal Ward No 147/Marshal,Adugodi,,,,,2025-06-18 10:44:00.000000000,Registered
20770449,INDIAN_OPENCITY_BBMP,20770449,Animal Cruelty/Relocated in K.R.Puram Field inspection assigned to VI officer.,General Consumer Services,Smt Jahanar Ameer/VI,K.R.Puram,,,,,2025-06-18 11:39:00.000000000,Registered
20763867,INDIAN_OPENCITY_BBMP,20763867,Footpath in K.R.Market Field inspection assigned to AE officer.,General Consumer Services,Arun/AE,K.R.Market,,,,,2025-06-13 12:49:00.000000000,Registered
20767473,INDIAN_OPENCITY_BBMP,20767473,Garbage dump in Mangammanapalya Forwarded Task,General Consumer Services,Marshal Ward No 190/Marshal,Mangammanapalya,,,,,2025-06-16 03:12:00.000000000,Registered
20767693,INDIAN_OPENCITY_BBMP,20767693,Debris Removal / Construction Material in Doddabommasandra Field inspection assigned to Customer Support Representative officer.,General Consumer Services,BBMP Whatsapp/Customer Support Representative,Doddabommasandra,,,,,2025-06-16 06:38:00.000000000,Non Relevant
20766480,INDIAN_OPENCITY_BBMP,20766480,Stray dog related complaints in Konanakunte We can't relocate the dog as per bbmp 2024 rules. (Counseling),General Consumer Services,Uday Kulkarni/VI,Konanakunte,,,,,2025-06-15 08:17:00.000000000,Closed
20764243,INDIAN_OPENCITY_BBMP,20764243,Potholes in Doddanekkundi Forwarded Task,General Consumer Services,C Rachipa/AE,Doddanekkundi,,,,,2025-06-13 04:59:00.000000000,Registered
20764500,INDIAN_OPENCITY_BBMP,20764500,"Stray dog related complaints in Kumaraswamy Layout Spoke to the reporter, Dogs can't be relocated as per the ABC rules 2023, for barking, crying, chasing, nothing can be done since it is natural instincts of a dog. Sterilization and immunisation of streets Dogs will be done by BBMP Sir.",General Consumer Services,ss doddamani/VI,Kumaraswamy Layout,,,,,2025-06-13 07:57:00.000000000,Closed
20767221,INDIAN_OPENCITY_BBMP,20767221,Fatally injured - Needs immediate attention in Pulikeshi Nagar Please contact samarpan foundation [PHONE],General Consumer Services,V Srinivas/VI,Pulikeshi Nagar,,,,,2025-06-16 12:17:00.000000000,Closed
20762483,INDIAN_OPENCITY_BBMP,20762483,Other Khata / ekhata issues in Hagadooru APPLICATION REJECTED AND THE APPLICATION REJECTED BY RO sir he will be clear as soon as possible,General Consumer Services,Santhos Kumar/ARO,Hagadooru,,,,,2025-06-12 12:24:00.000000000,Closed
20770768,INDIAN_OPENCITY_BBMP,20770768,Garbage dump in Domlur Clear,General Consumer Services,Marshal Ward No 112/Marshal,Domlur,,,,,2025-06-19 10:41:00.000000000,Closed
20771243,INDIAN_OPENCITY_BBMP,20771243,Others(Technical or Software Issues) in Sampangiram Nagar Field inspection assigned to System Admin officer.,General Consumer Services,Iranna/System Admin,Sampangiram Nagar,,,,,2025-06-19 03:33:00.000000000,Registered
20770188,INDIAN_OPENCITY_BBMP,20770188,Garbage dump in Sarakki Field inspection assigned to Marshal officer.,General Consumer Services,Marshal Ward No 178/Marshal,Sarakki,,,,,2025-06-18 07:12:00.000000000,Registered
20769520,INDIAN_OPENCITY_BBMP,20769520,Stray/Rabid dog bite in Benniganahalli Field inspection assigned to VI officer.,General Consumer Services,Chandrashekar/VI,Benniganahalli,,,,,2025-06-18 10:38:00.000000000,Registered
20770971,INDIAN_OPENCITY_BBMP,20770971,Sweeping not done in Banaswadi Field inspection assigned to JHI officer.,General Consumer Services,JHI Ward 27/JHI,Banaswadi,,,,,2025-06-19 12:24:00.000000000,Registered
20766895,INDIAN_OPENCITY_BBMP,20766895,Stray dog related complaints in Shanthala Nagar Field inspection assigned to VI officer.,General Consumer Services,Chandrika B R/VI,Shanthala Nagar,,,,,2025-06-16 10:14:00.000000000,In Progress
20771349,INDIAN_OPENCITY_BBMP,20771349,Animal Rescue - Not well - Requires attention in Sampangiram Nagar Field inspection assigned to VI officer.,General Consumer Services,V Srinivas/VI,Sampangiram Nagar,,,,,2025-06-19 05:26:00.000000000,Registered
20762867,INDIAN_OPENCITY_BBMP,20762867,Removal of dead/fallen trees in Sampangiram Nagar Cleared,General Consumer Services,P Nagendra /DYRFO,Sampangiram Nagar,,,,,2025-06-12 04:49:00.000000000,Closed
20769273,INDIAN_OPENCITY_BBMP,20769273,Garbage dump in Kuvempu Nagar Forwarded Task,General Consumer Services,Marshal Ward No 11/Marshal,Kuvempu Nagar,,,,,2025-06-18 07:39:00.000000000,Registered
20766557,INDIAN_OPENCITY_BBMP,20766557,Garbage dump in Basavanapura Clear and I will see duty,General Consumer Services,Marshal Ward No 53/Marshal,Basavanapura,,,,,2025-06-15 09:34:00.000000000,Closed
20761964,INDIAN_OPENCITY_BBMP,20761964,Air/Noise pollution in Kacharakanahalli Non relvent,General Consumer Services,BBMP Whatsapp/Customer Support Representative,Kacharakanahalli,,,,,2025-06-12 12:42:00.000000000,Non Relevant
20769875,INDIAN_OPENCITY_BBMP,20769875,footpath encroachment in Jayachamarajendra Nagar Field inspection assigned to AE officer.,General Consumer Services,Kiran Dodamani/AE,Jayachamarajendra Nagar,,,,,2025-06-18 01:52:00.000000000,Registered
20770653,INDIAN_OPENCITY_BBMP,20770653,obstructions Branches / Trees. in Jnanabharathi Ward Field inspection assigned to DYRFO officer.,General Consumer Services,Jagadish V/DYRFO,Jnanabharathi Ward,,,,,2025-06-19 09:36:00.000000000,Registered
20770165,INDIAN_OPENCITY_BBMP,20770165,Play Grounds in Vidyaranyapura Field inspection assigned to HS officer.,General Consumer Services,Yelahanka HS/HS,Vidyaranyapura,,,,,2025-06-18 06:45:00.000000000,Registered
20770855,INDIAN_OPENCITY_BBMP,20770855,Road cutting in Chamrajpet Field inspection assigned to AE officer.,General Consumer Services,UMESH/AE,Chamrajpet,,,,,2025-06-19 11:28:00.000000000,Registered
20766990,INDIAN_OPENCITY_BBMP,20766990,Garbage dump in Binnipet Clear,General Consumer Services,Marshal Ward No 121/Marshal,Binnipet,,,,,2025-06-16 10:49:00.000000000,Closed
20767433,INDIAN_OPENCITY_BBMP,20767433,Other Khata / ekhata issues in Sri Nagar E pid resolved,General Consumer Services,Suresh/ARO,Sri Nagar,,,,,2025-06-16 02:42:00.000000000,Closed
20770777,INDIAN_OPENCITY_BBMP,20770777,Removal of dead/fallen trees in Aramane Nagar Field inspection assigned to DYRFO officer.,General Consumer Services,sudarshan/DYRFO,Aramane Nagar,,,,,2025-06-19 10:48:00.000000000,Registered
20767965,INDIAN_OPENCITY_BBMP,20767965,obstructions Branches / Trees. in Shakambari Nagar Field inspection assigned to DYRFO officer.,General Consumer Services,B.B Meti/DYRFO,Shakambari Nagar,,,,,2025-06-16 11:03:00.000000000,Registered
20769114,INDIAN_OPENCITY_BBMP,20769114,Garbage dump in HAL Airport Clear,General Consumer Services,Marshal Ward No 87/Marshal,HAL Airport,,,,,2025-06-17 08:59:00.000000000,Closed
20766911,INDIAN_OPENCITY_BBMP,20766911,shifting of the street dogs to other places in Uttarahalli We can't relocate the dog as per bbmp rules,General Consumer Services,Uday Kulkarni/VI,Uttarahalli,,,,,2025-06-16 10:21:00.000000000,Closed
20762928,INDIAN_OPENCITY_BBMP,20762928,Stray dog related complaints in Agaram Field inspection assigned to VI officer.,General Consumer Services,Chandrika B R/VI,Agaram,,,,,2025-06-12 05:40:00.000000000,In Progress
20763648,INDIAN_OPENCITY_BBMP,20763648,Garbage vehicle not arrived in Bapuji Nagar Cleared sir,General Consumer Services,Marshal Ward No 134/Marshal,Bapuji Nagar,,,,,2025-06-13 11:08:00.000000000,Closed
20761967,INDIAN_OPENCITY_BBMP,20761967,"Garbage dumping in vacant sites in Singasandra It doesn't belong to bbmp limits, comes under rayasandra panchayati limit.",General Consumer Services,Marshal Ward No 191/Marshal,Singasandra,,,,,2025-06-12 01:13:00.000000000,Closed
20769347,INDIAN_OPENCITY_BBMP,20769347,obstructions Branches / Trees. in Radhakrishna Temple Field inspection assigned to DYRFO officer.,General Consumer Services,P Nagendra /DYRFO,Radhakrishna Temple,,,,,2025-06-18 08:51:00.000000000,Registered
20767034,INDIAN_OPENCITY_BBMP,20767034,Garbage dump in Ganga Nagar Close,General Consumer Services,Marshal Ward No 20/Marshal,Ganga Nagar,,,,,2025-06-16 11:06:00.000000000,Closed
20766247,INDIAN_OPENCITY_BBMP,20766247,Removal of dead/fallen trees in Visvesvarapuram Field inspection assigned to DYRFO officer.,General Consumer Services,B.B Meti/DYRFO,Visvesvarapuram,,,,,2025-06-15 03:19:00.000000000,Registered
20762156,INDIAN_OPENCITY_BBMP,20762156,Dead animal(s) in Bellandur Attended,General Consumer Services,Harish V/JHI,Bellandur,,,,,2025-06-12 09:50:00.000000000,Closed
20771111,INDIAN_OPENCITY_BBMP,20771111,Potholes in Konanakunte Field inspection assigned to AE officer.,General Consumer Services,Shilpa/AE,Konanakunte,,,,,2025-06-19 01:49:00.000000000,Registered
20771185,INDIAN_OPENCITY_BBMP,20771185,Khata / Ekhata mutation / transfer in Vidyaranyapura THIS IS TECHNICAL ISSUE. WE SENT E-MAIL TO TECHNICAL TEAM TO RESOLVE THE ISSUE.,General Consumer Services,Anita/ARO,Vidyaranyapura,,,,,2025-06-19 02:56:00.000000000,Closed
20770082,INDIAN_OPENCITY_BBMP,20770082,Stray dog related complaints in Kadugodi Field inspection assigned to VI officer.,General Consumer Services,B K Ashwath Narayan/VI,Kadugodi,,,,,2025-06-18 05:17:00.000000000,Registered
20769984,INDIAN_OPENCITY_BBMP,20769984,Removal of dead/fallen trees in Kadugodi Field inspection assigned to DYRFO officer.,General Consumer Services,Sudharshan/DYRFO,Kadugodi,,,,,2025-06-18 03:50:00.000000000,Registered
20766150,INDIAN_OPENCITY_BBMP,20766150,Removal of dead/fallen trees in Horamavu Field inspection assigned to DYRFO officer.,General Consumer Services,Sudharshan/DYRFO,Horamavu,,,,,2025-06-15 01:10:00.000000000,Registered
20768798,INDIAN_OPENCITY_BBMP,20768798,Debris Removal / Construction Material in Jogupalya Field inspection assigned to AE officer.,General Consumer Services,Murthi/AE,Jogupalya,,,,,2025-06-17 04:41:00.000000000,Registered
20766103,INDIAN_OPENCITY_BBMP,20766103,obstructions Branches / Trees. in Anjanapur Repeated complaint,General Consumer Services,Narendra Babu/RFO,Anjanapur,,,,,2025-06-15 12:29:00.000000000,Closed
20770833,INDIAN_OPENCITY_BBMP,20770833,Stray dog related complaints in Bapuji Nagar Spoke to the reporter and explained the legality. Chasing a speedy vehicle for a short distance is normal behaviour of the street dogs. They do this for various reasons. Relocation of these dogs is not permissible under the law. Any attempt by an individual or a group of individuals or RWA to relocate the dogs through any means attracts serious punishment.,General Consumer Services,Hanumantha raju/VI,Bapuji Nagar,,,,,2025-06-19 11:19:00.000000000,Closed
20762780,INDIAN_OPENCITY_BBMP,20762780,Air/Noise pollution in Herohalli Clear,General Consumer Services,Hanumanthraya/SHI,Herohalli,,,,,2025-06-12 04:08:00.000000000,Closed
20767708,INDIAN_OPENCITY_BBMP,20767708,Garbage thrown in storm water drain in Shakambari Nagar Field inspection assigned to AE officer.,General Consumer Services,Ranjitha G/AE,Shakambari Nagar,,,,,2025-06-16 06:49:00.000000000,Registered
20763866,INDIAN_OPENCITY_BBMP,20763866,Garbage dump in Hagadooru Clear and Buildings Construction working On Layout.,General Consumer Services,Marshal Ward No 84/Marshal,Hagadooru,,,,,2025-06-13 12:49:00.000000000,Closed
20768059,INDIAN_OPENCITY_BBMP,20768059,Issues Related to Parks/Medians/Circles/Island. in Horamavu Field inspection assigned to HS officer.,General Consumer Services,Keshav/HS,Horamavu,,,,,2025-06-17 08:23:00.000000000,Registered
20771389,INDIAN_OPENCITY_BBMP,20771389,Garbage dump in Vignana Nagar Field inspection assigned to Marshal officer.,General Consumer Services,Marshal Ward No 80/Marshal,Vignana Nagar,,,,,2025-06-19 05:52:00.000000000,Registered
20762017,INDIAN_OPENCITY_BBMP,20762017,"Issues Related to Parks/Medians/Circles/Island. in Jeevanbhima Nagar This Grievance is Comes Under EE Project, East Zone.",General Consumer Services,BBMP Whatsapp/Customer Support Representative,Jeevanbhima Nagar,,,,,2025-06-12 08:01:00.000000000,Non Relevant
20762532,INDIAN_OPENCITY_BBMP,20762532,water leakage on road in Gandhi Nagar Forwarded Task,General Consumer Services,Rajshekhar Murthy/AE,Gandhi Nagar,,,,,2025-06-12 12:48:00.000000000,Registered
20763837,INDIAN_OPENCITY_BBMP,20763837,Garbage dump in Doddanekkundi Clearl,General Consumer Services,Marshal Ward No 85/Marshal,Doddanekkundi,,,,,2025-06-13 12:33:00.000000000,Closed
20766584,INDIAN_OPENCITY_BBMP,20766584,Burning of Garbage in Open Space in Someshwara This Complaint is not,General Consumer Services,Marshal Ward No 03/Marshal,Someshwara,,,,,2025-06-15 10:09:00.000000000,Closed
20768153,INDIAN_OPENCITY_BBMP,20768153,Removal of dead/fallen trees in Dr.Rajkumar Ward Field inspection assigned to DYRFO officer.,General Consumer Services,sudarshan/DYRFO,Dr.Rajkumar Ward,,,,,2025-06-17 09:30:00.000000000,Registered
20765437,INDIAN_OPENCITY_BBMP,20765437,Removal of dead/fallen trees in Pulikeshi Nagar +91 90354 49535,General Consumer Services,Thimmappa/DYRFO,Pulikeshi Nagar,,,,,2025-06-14 04:35:00.000000000,Closed
20766670,INDIAN_OPENCITY_BBMP,20766670,Removal of dead/fallen trees in Shettyhalli please upload a picture or please contact RFO [PHONE],General Consumer Services,Rajappa/DYRFO,Shettyhalli,,,,,2025-06-16 07:20:00.000000000,Closed
20762370,INDIAN_OPENCITY_BBMP,20762370,Garbage dump in Vasanth Nagar Swm department,General Consumer Services,Marshal Ward No 93/Marshal,Vasanth Nagar,,,,,2025-06-12 11:31:00.000000000,Closed
20769794,INDIAN_OPENCITY_BBMP,20769794,Garbage vehicle not arrived in Kuvempu Nagar Forwarded Task,General Consumer Services,Marshal Ward No 11/Marshal,Kuvempu Nagar,,,,,2025-06-18 12:55:00.000000000,Registered
20769032,INDIAN_OPENCITY_BBMP,20769032,Garbage dumping in vacant sites in Kavalbyrasandra It's clear sir,General Consumer Services,Marshal Ward No 32/Marshal,Kavalbyrasandra,,,,,2025-06-17 07:47:00.000000000,Closed
20766352,INDIAN_OPENCITY_BBMP,20766352,Air/Noise pollution in Singasandra Resolved,General Consumer Services,Suman/SHI,Singasandra,,,,,2025-06-15 06:27:00.000000000,Closed
20763308,INDIAN_OPENCITY_BBMP,20763308,Increase in mosquito density in Garudacharpalya Cleared,General Consumer Services,Mukundappa/SHI,Garudacharpalya,,,,,2025-06-13 07:46:00.000000000,Closed
20763896,INDIAN_OPENCITY_BBMP,20763896,eKhata - name Mismatch in Anjanapur Please Login bbmp.karnataka.gov.in/new khata,General Consumer Services,Dodda Shamachari/ARO,Anjanapur,,,,,2025-06-13 01:07:00.000000000,Closed
20768486,INDIAN_OPENCITY_BBMP,20768486,ekhata approval pending with ARO in Doddanekkundi DC Login pending,General Consumer Services,Sridhar/ARO,Doddanekkundi,,,,,2025-06-17 12:13:00.000000000,Closed
20768462,INDIAN_OPENCITY_BBMP,20768462,Garbage dump in Vasanth Nagar Cleared,General Consumer Services,Marshal Ward No 93/Marshal,Vasanth Nagar,,,,,2025-06-17 11:58:00.000000000,Closed
20771186,INDIAN_OPENCITY_BBMP,20771186,footpath encroachment in Hosahalli Field inspection assigned to AE officer.,General Consumer Services,AE Ward 124/AE,Hosahalli,,,,,2025-06-19 02:56:00.000000000,Registered
20769258,INDIAN_OPENCITY_BBMP,20769258,Garbage dump in Gottigere Complaint cleared,General Consumer Services,Marshal Ward No 194/Marshal,Gottigere,,,,,2025-06-18 07:17:00.000000000,Closed
20766518,INDIAN_OPENCITY_BBMP,20766518,Garbage dump in Vignana Nagar Complaint clear,General Consumer Services,Marshal Ward No 80/Marshal,Vignana Nagar,,,,,2025-06-15 08:55:00.000000000,Closed
20768354,INDIAN_OPENCITY_BBMP,20768354,"shifting of the street dogs to other places in J.P.Nagar Spoke to the reporter and explained the about legality Dogs cannot be relocated as per the ABC Rule 2023. For barking, crying, chasing - nothing can be done since it is a natural instinct of a dog. Sterilisation and Immunisation of street dogs will be done by BBMP.",General Consumer Services,Vijaya laxmi/VI,J.P.Nagar,,,,,2025-06-17 11:08:00.000000000,Closed
20764068,INDIAN_OPENCITY_BBMP,20764068,Discrepancy In Khata Certificate and Khata Extract in Shakambari Nagar Resolved,General Consumer Services,RAMANJINEYA/ARO,Shakambari Nagar,,,,,2025-06-13 03:15:00.000000000,Closed
20764148,INDIAN_OPENCITY_BBMP,20764148,Other Khata / ekhata issues in Rajarajeshwari Nagar ಸದರಿ ಸ್ವತ್ತನ್ನು ಮಾನ್ಯ ವಲಯ ಜಂಟಿ ಆಯುಕ್ತರು ರಾ ರಾ ನಗರ ವಲಯ ರವರ ಕಚೇರಿಯ ಆದೇಶ ಸಂಖ್ಯೆ:ರಾರಾನವ/ವ ಆ/ಪಿಆರ್/45/2023-24 ದಿನಾಂಕ:-11-08-2023ರಂತೆ ಎ ವಹಿಯಿಂದ ಬಿ ವಹಿಗೆ ವಗಾಯಿಸಲಾಗಿದ್ದು ಬಿ ವಹಿಯಲ್ಲಿ ನಕಲು ಪ್ರತಿಯನ್ನು ಪಡೆದುಕೊಳ್ಳಬಹುದಾಗಿದೆ,General Consumer Services,S SURESH/ARO,Rajarajeshwari Nagar,,,,,2025-06-13 03:57:00.000000000,Closed
20767706,INDIAN_OPENCITY_BBMP,20767706,Complaint against SW collector/ SWM official for violation of SWM Rules in Banaswadi Clared,General Consumer Services,Marshal Ward No 27/Marshal,Banaswadi,,,,,2025-06-16 06:46:00.000000000,Closed
20767278,INDIAN_OPENCITY_BBMP,20767278,Road Infrastructure in Padmanabha Nagar Forwarded Task,General Consumer Services,Ramchandra despande /AE,Padmanabha Nagar,,,,,2025-06-16 12:50:00.000000000,Registered
20770448,INDIAN_OPENCITY_BBMP,20770448,Stray dog related complaints in T-Dasarahalli attended,General Consumer Services,Dr sunilkumar Havanur/VI,T-Dasarahalli,,,,,2025-06-18 11:38:00.000000000,Closed
20764171,INDIAN_OPENCITY_BBMP,20764171,ekhata approval pending with ARO in Marenahalli Resolved,General Consumer Services,Nataraj/ARO,Marenahalli,,,,,2025-06-13 04:23:00.000000000,Closed
20769765,INDIAN_OPENCITY_BBMP,20769765,Anti Rabies Vaccination of stray dogs in Konena Agrahara Field inspection assigned to VI officer.,General Consumer Services,Chandrashekar/VI,Konena Agrahara,,,,,2025-06-18 12:29:00.000000000,Registered
20765287,INDIAN_OPENCITY_BBMP,20765287,Road side drains in Rayapuram Cleared,General Consumer Services,Giridhar/AE,Rayapuram,,,,,2025-06-14 01:40:00.000000000,Closed
20766932,INDIAN_OPENCITY_BBMP,20766932,Ekhata Other corrections in Gottigere Correction done please download after RO Login Approval,General Consumer Services,Dodda Shamachari/ARO,Gottigere,,,,,2025-06-16 10:29:00.000000000,Closed
20766757,INDIAN_OPENCITY_BBMP,20766757,water leakage on road in Doddanekkundi Field inspection assigned to AE officer.,General Consumer Services,C Rachipa/AE,Doddanekkundi,,,,,2025-06-16 09:00:00.000000000,Registered
20769491,INDIAN_OPENCITY_BBMP,20769491,Sweeping not done in Giri Nagar Field inspection assigned to JHI officer.,General Consumer Services,Satish R/JHI,Giri Nagar,,,,,2025-06-18 10:23:00.000000000,Registered
20768070,INDIAN_OPENCITY_BBMP,20768070,Road side drains in Jakkur This compliant comes under Major roads,General Consumer Services,BBMP Whatsapp/Customer Support Representative,Jakkur,,,,,2025-06-17 08:37:00.000000000,Non Relevant
20765106,INDIAN_OPENCITY_BBMP,20765106,Garbage vehicle not arrived in Sarakki complaint cleared,General Consumer Services,Marshal Ward No 178/Marshal,Sarakki,,,,,2025-06-14 11:51:00.000000000,Closed
20762184,INDIAN_OPENCITY_BBMP,20762184,Road side drains in Someshwara Field inspection assigned to Customer Support Representative officer.,General Consumer Services,BBMP Whatsapp/Customer Support Representative,Someshwara,,,,,2025-06-12 10:09:00.000000000,Non Relevant
20769635,INDIAN_OPENCITY_BBMP,20769635,Garbage vehicle not arrived in Mahalakshmipuram Field inspection assigned to Marshal officer.,General Consumer Services,Marshal Ward No 68/Marshal,Mahalakshmipuram,,,,,2025-06-18 11:22:00.000000000,Registered
20770711,INDIAN_OPENCITY_BBMP,20770711,Stray dog related complaints in Marathalli No relocation of dogs can be done as per supreme court order,General Consumer Services,B K Ashwath Narayan/VI,Marathalli,,,,,2025-06-19 10:17:00.000000000,Closed
20762275,INDIAN_OPENCITY_BBMP,20762275,Other Khata / ekhata issues in Arakere resolved,General Consumer Services,Somashekar/ARO,Arakere,,,,,2025-06-12 10:52:00.000000000,Closed
20766022,INDIAN_OPENCITY_BBMP,20766022,Increase in mosquito density in Yelachenahalli Field inspection assigned to SHI officer.,General Consumer Services,Mahesh/SHI,Yelachenahalli,,,,,2025-06-15 11:20:00.000000000,In Progress
20770639,INDIAN_OPENCITY_BBMP,20770639,Construction not done as per approved plan (Building Bye Law Violations) in Varthur Field inspection assigned to ADTP officer.,General Consumer Services,Ram Rao/ADTP,Varthur,,,,,2025-06-19 09:25:00.000000000,Registered
20771656,INDIAN_OPENCITY_BBMP,20771656,Road side drains in Varthur Field inspection assigned to AE officer.,General Consumer Services,Nandish/AE,Varthur,,,,,2025-06-19 09:55:00.000000000,Registered
20764350,INDIAN_OPENCITY_BBMP,20764350,Removal of dead/fallen trees in Jayangar Field inspection assigned to DYRFO officer.,General Consumer Services,B.B Meti/DYRFO,Jayangar,,,,,2025-06-13 06:22:00.000000000,Registered
20771178,INDIAN_OPENCITY_BBMP,20771178,Garbage dump in Thanisandra Cleard,General Consumer Services,Marshal Ward No 06/Marshal,Thanisandra,,,,,2025-06-19 02:47:00.000000000,Closed
20763307,INDIAN_OPENCITY_BBMP,20763307,Garbage dump in Hagadooru On location Visited..NO Garbage Is there..it's cleaned,General Consumer Services,Marshal Ward No 84/Marshal,Hagadooru,,,,,2025-06-13 07:46:00.000000000,Closed
20763934,INDIAN_OPENCITY_BBMP,20763934,Removal of dead/fallen trees in Jakkasandra Forwarded Task,General Consumer Services,Harish.H.R/DYRFO,Jakkasandra,,,,,2025-06-13 01:34:00.000000000,Registered
20767627,INDIAN_OPENCITY_BBMP,20767627,Dead animal(s) in Yadiyuru Forwarded Task,General Consumer Services,Parappa Prasad/JHI,Yadiyuru,,,,,2025-06-16 05:34:00.000000000,Registered
20761689,INDIAN_OPENCITY_BBMP,20761689,Dead animal(s) in C.V.Raman Nagar Forwarded Task,General Consumer Services,Kondaiah/SHI,C.V.Raman Nagar,,,,,2025-06-11 05:54:00.000000000,Registered
20764425,INDIAN_OPENCITY_BBMP,20764425,Stray dog related complaints in Aramane Nagar We do the abc arv and combined vaccine programme,General Consumer Services,Nagesh/VI,Aramane Nagar,,,,,2025-06-13 07:05:00.000000000,Closed
20768826,INDIAN_OPENCITY_BBMP,20768826,Footpath in Doddanekkundi Field inspection assigned to AE officer.,General Consumer Services,C Rachipa/AE,Doddanekkundi,,,,,2025-06-17 05:19:00.000000000,Registered
20762578,INDIAN_OPENCITY_BBMP,20762578,Garbage dump in Padarayanapura There's no Garbage,General Consumer Services,Marshal Ward No 135/Marshal,Padarayanapura,,,,,2025-06-12 01:14:00.000000000,Closed
20766265,INDIAN_OPENCITY_BBMP,20766265,Issues Related to Parks/Medians/Circles/Island. in Karisandra Field inspection assigned to HS officer.,General Consumer Services,Channegowda S/HS,Karisandra,,,,,2025-06-15 03:38:00.000000000,Registered
20769889,INDIAN_OPENCITY_BBMP,20769889,Unable to generate the property tax challan in Hoodi Field inspection assigned to ARO officer.,General Consumer Services,Sridhar/ARO,Hoodi,,,,,2025-06-18 02:00:00.000000000,Registered
20768863,INDIAN_OPENCITY_BBMP,20768863,Garbage dump in Jayangar Forwarded Task,General Consumer Services,Marshal Ward No 153/Marshal,Jayangar,,,,,2025-06-17 05:45:00.000000000,Registered
20765043,INDIAN_OPENCITY_BBMP,20765043,Garbage dump in Banaswadi Close,General Consumer Services,Marshal Ward No 27/Marshal,Banaswadi,,,,,2025-06-14 11:23:00.000000000,Closed
20765835,INDIAN_OPENCITY_BBMP,20765835,Indira Canteen in H.M.T Field inspection assigned to SHI officer.,General Consumer Services,Narayana .D.L/SHI,H.M.T,,,,,2025-06-15 08:03:00.000000000,Registered
20768711,INDIAN_OPENCITY_BBMP,20768711,obstructions Branches / Trees. in Someshwara Field inspection assigned to DYRFO officer.,General Consumer Services,Mutturaju KP/DYRFO,Someshwara,,,,,2025-06-17 03:17:00.000000000,Registered
20765179,INDIAN_OPENCITY_BBMP,20765179,Animal birth control/neutering of stray dogs in Hoodi Field inspection assigned to VI officer.,General Consumer Services,B K Ashwath Narayan/VI,Hoodi,,,,,2025-06-14 12:24:00.000000000,Registered
20769105,INDIAN_OPENCITY_BBMP,20769105,"Dog, cat Poor conditions / Breeding license validation in Vidyaranyapura Only ABC operation ARV vaccination and Dog Bite Complaints.",General Consumer Services,Pushpa B Rao/VI,Vidyaranyapura,,,,,2025-06-17 08:51:00.000000000,Closed
20771015,INDIAN_OPENCITY_BBMP,20771015,Road Infrastructure in Shanthala Nagar Field inspection assigned to AE officer.,General Consumer Services,Naveen.G/AE,Shanthala Nagar,,,,,2025-06-19 12:49:00.000000000,Registered
20771037,INDIAN_OPENCITY_BBMP,20771037,Garbage vehicle not arrived in Someshwara Field inspection assigned to Marshal officer.,General Consumer Services,Marshal Ward No 03/Marshal,Someshwara,,,,,2025-06-19 01:03:00.000000000,Registered
20771110,INDIAN_OPENCITY_BBMP,20771110,Garbage dump in Garudacharpalya Field inspection assigned to Marshal officer.,General Consumer Services,Marshal Ward No 82/Marshal,Garudacharpalya,,,,,2025-06-19 01:48:00.000000000,Registered
20764692,INDIAN_OPENCITY_BBMP,20764692,Garbage transfer not as per norms & area not kept clean in Bellandur Cleard,General Consumer Services,Marshal Ward No 150/Marshal,Bellandur,,,,,2025-06-14 04:31:00.000000000,Closed
20765763,INDIAN_OPENCITY_BBMP,20765763,Lake not maintained properly in Herohalli Field inspection assigned to AE officer.,General Consumer Services,SHILPA K (AE)/AE,Herohalli,,,,,2025-06-14 11:06:00.000000000,Registered
20766803,INDIAN_OPENCITY_BBMP,20766803,Road cutting in Konena Agrahara Bwssb,General Consumer Services,BBMP Whatsapp/Customer Support Representative,Konena Agrahara,,,,,2025-06-16 09:40:00.000000000,Non Relevant
20765865,INDIAN_OPENCITY_BBMP,20765865,Anti Rabies Vaccination of stray dogs in Ramamurthy Nagar We are doing vaccination ward by ward when attend your ward we will do,General Consumer Services,Smt Jahanar Ameer/VI,Ramamurthy Nagar,,,,,2025-06-15 08:44:00.000000000,Closed
20764366,INDIAN_OPENCITY_BBMP,20764366,water stagnation in Bellandur Field inspection assigned to Customer Support Representative officer.,General Consumer Services,BBMP Whatsapp/Customer Support Representative,Bellandur,,,,,2025-06-13 06:29:00.000000000,Non Relevant
20763301,INDIAN_OPENCITY_BBMP,20763301,water stagnation in Neelasandra Field inspection assigned to Customer Support Representative officer.,General Consumer Services,BBMP Whatsapp/Customer Support Representative,Neelasandra,,,,,2025-06-13 07:39:00.000000000,Non Relevant
20762031,INDIAN_OPENCITY_BBMP,20762031,footpath encroachment in K.R.Puram Pertains to ward,General Consumer Services,Jagadeesh/AE,K.R.Puram,,,,,2025-06-12 08:11:00.000000000,Registered
20769260,INDIAN_OPENCITY_BBMP,20769260,Air/Noise pollution in Varthur Forwarded Task,General Consumer Services,SRINIVASAPPA/SHI,Varthur,,,,,2025-06-18 07:18:00.000000000,Registered
20763683,INDIAN_OPENCITY_BBMP,20763683,Garbage dump in Doddanekkundi Clear,General Consumer Services,Marshal Ward No 85/Marshal,Doddanekkundi,,,,,2025-06-13 11:19:00.000000000,Closed
20768855,INDIAN_OPENCITY_BBMP,20768855,ekhata approval pending with ARO in Pattabhiram Nagar approval by ARO,General Consumer Services,Jyothi Lakshmi S/ARO,Pattabhiram Nagar,,,,,2025-06-17 05:37:00.000000000,Closed
20768905,INDIAN_OPENCITY_BBMP,20768905,Animal Rescue - Not well - Requires attention in HSR Layout Field inspection assigned to VI officer.,General Consumer Services,Krishnaiah/VI,HSR Layout,,,,,2025-06-17 06:13:00.000000000,Registered
20766693,INDIAN_OPENCITY_BBMP,20766693,Potholes in Vishwanathnagenahalli Related to bwssb department,General Consumer Services,Gurusiddappa C Gokhale/AE,Vishwanathnagenahalli,,,,,2025-06-16 08:00:00.000000000,Closed
20762399,INDIAN_OPENCITY_BBMP,20762399,Garbage dump in Shakthiganapathi Nagar Close,General Consumer Services,Marshal Ward No 74/Marshal,Shakthiganapathi Nagar,,,,,2025-06-12 11:46:00.000000000,Closed
20771485,INDIAN_OPENCITY_BBMP,20771485,Fatally injured - Needs immediate attention in Chamrajpet Field inspection assigned to VI officer.,General Consumer Services,PRAKASH B/VI,Chamrajpet,,,,,2025-06-19 07:11:00.000000000,Registered
20767196,INDIAN_OPENCITY_BBMP,20767196,"Removal of dead/fallen trees in Aramane Nagar Please contact Area Supervisor, Suresh-[PHONE]",General Consumer Services,sudarshan/DYRFO,Aramane Nagar,,,,,2025-06-16 12:07:00.000000000,Closed
20768528,INDIAN_OPENCITY_BBMP,20768528,Garbage vehicle not arrived in Hoodi Cleared,General Consumer Services,Marshal Ward No 54/Marshal,Hoodi,,,,,2025-06-17 12:43:00.000000000,Closed
20767860,INDIAN_OPENCITY_BBMP,20767860,Garbage dump in C.V.Raman Nagar Forwarded Task,General Consumer Services,Marshal Ward No 57/Marshal,C.V.Raman Nagar,,,,,2025-06-16 08:32:00.000000000,Registered
20771467,INDIAN_OPENCITY_BBMP,20771467,Sewerage water left in SWD in Kodigehalli Field inspection assigned to AE officer.,General Consumer Services,Prashanth/AE,Kodigehalli,,,,,2025-06-19 06:51:00.000000000,Registered
20768901,INDIAN_OPENCITY_BBMP,20768901,Dengue positive in Aramane Nagar Close,General Consumer Services,Manjunath/SHI,Aramane Nagar,,,,,2025-06-17 06:10:00.000000000,Closed
20767224,INDIAN_OPENCITY_BBMP,20767224,obstructions Branches / Trees. in Newthippasandra Forwarded Task,General Consumer Services,Thimmappa/DYRFO,Newthippasandra,,,,,2025-06-16 12:19:00.000000000,Registered
20763026,INDIAN_OPENCITY_BBMP,20763026,Others in Jeevanbhima Nagar Field inspection assigned to Customer Support Representative officer.,General Consumer Services,BBMP Whatsapp/Customer Support Representative,Jeevanbhima Nagar,,,,,2025-06-12 07:18:00.000000000,Registered
20767800,INDIAN_OPENCITY_BBMP,20767800,Animal Rescue - Not well - Requires attention in Nandini Layout Attended,General Consumer Services,Lokesh/VI,Nandini Layout,,,,,2025-06-16 07:50:00.000000000,Closed
20768776,INDIAN_OPENCITY_BBMP,20768776,Garbage vehicle not arrived in Banaswadi Clared,General Consumer Services,Marshal Ward No 27/Marshal,Banaswadi,,,,,2025-06-17 04:22:00.000000000,Closed
20770866,INDIAN_OPENCITY_BBMP,20770866,Garbage dump in Dattathreya Temple Field inspection assigned to Marshal officer.,General Consumer Services,Marshal Ward No 77/Marshal,Dattathreya Temple,,,,,2025-06-19 11:33:00.000000000,Registered
20769107,INDIAN_OPENCITY_BBMP,20769107,Garbage dump in Vignana Nagar Forwarded Task,General Consumer Services,Marshal Ward No 80/Marshal,Vignana Nagar,,,,,2025-06-17 08:53:00.000000000,Registered
20765700,INDIAN_OPENCITY_BBMP,20765700,Air/Noise pollution in Uttarahalli Ok,General Consumer Services,Shashi Kumar/SHI,Uttarahalli,,,,,2025-06-14 09:15:00.000000000,Closed
20768158,INDIAN_OPENCITY_BBMP,20768158,Garbage dump in Kadugodi Clear,General Consumer Services,Marshal Ward No 83/Marshal,Kadugodi,,,,,2025-06-17 09:32:00.000000000,Closed
20768913,INDIAN_OPENCITY_BBMP,20768913,Garbage vehicle not arrived in Agrahara Dasarahalli Field inspection assigned to Marshal officer.,General Consumer Services,Marshal Ward No 105/Marshal,Agrahara Dasarahalli,,,,,2025-06-17 06:18:00.000000000,Registered
20766206,INDIAN_OPENCITY_BBMP,20766206,Garbage dump in Ganga Nagar Daily basis Cleared Sir....,General Consumer Services,Marshal Ward No 20/Marshal,Ganga Nagar,,,,,2025-06-15 02:09:00.000000000,Closed
20767779,INDIAN_OPENCITY_BBMP,20767779,Garbage dumping in vacant sites in Jayangar Clear,General Consumer Services,Marshal Ward No 153/Marshal,Jayangar,,,,,2025-06-16 07:34:00.000000000,Closed
20771583,INDIAN_OPENCITY_BBMP,20771583,Garbage vehicle not arrived in Dodda Bidarkallu Field inspection assigned to Marshal officer.,General Consumer Services,Marshal Ward No 40/Marshal,Dodda Bidarkallu,,,,,2025-06-19 08:42:00.000000000,Registered
20767290,INDIAN_OPENCITY_BBMP,20767290,obstructions Branches / Trees. in Hegganahalli complaint will be cleared in two tree working days,General Consumer Services,Rajappa/DYRFO,Hegganahalli,,,,,2025-06-16 01:01:00.000000000,Closed
20769307,INDIAN_OPENCITY_BBMP,20769307,Urination in Public/Open Defecation in H.M.T Field inspection assigned to JHI officer.,General Consumer Services,Tanuja/JHI,H.M.T,,,,,2025-06-18 08:20:00.000000000,Registered
20768473,INDIAN_OPENCITY_BBMP,20768473,obstructions Branches / Trees. in Bapuji Nagar Field inspection assigned to DYRFO officer.,General Consumer Services,Shivanna T.C/DYRFO,Bapuji Nagar,,,,,2025-06-17 12:04:00.000000000,Registered
20768489,INDIAN_OPENCITY_BBMP,20768489,Ekhata Other corrections in Hagadooru as inform to the digitalization work as going on plz wait one or two weeks,General Consumer Services,Santhos Kumar/ARO,Hagadooru,,,,,2025-06-17 12:16:00.000000000,Closed
20769063,INDIAN_OPENCITY_BBMP,20769063,Road Infrastructure in Shakthiganapathi Nagar Field inspection assigned to AE officer.,General Consumer Services,Deepthi Priya/AE,Shakthiganapathi Nagar,,,,,2025-06-17 08:13:00.000000000,Registered
20761978,INDIAN_OPENCITY_BBMP,20761978,UnAuthorised Building Constructions in Moodalapalya Field inspection assigned to ADTP officer.,General Consumer Services,Shankarappa/ADTP,Moodalapalya,,,,,2025-06-12 06:23:00.000000000,Registered
20767450,INDIAN_OPENCITY_BBMP,20767450,Other Khata / ekhata issues in Uttarahalli Incorrect ward,General Consumer Services,Fathima/RO,Uttarahalli,,,,,2025-06-16 02:58:00.000000000,ReOpen
20768019,INDIAN_OPENCITY_BBMP,20768019,Garbage dump in Arakere Complaint attend and cleared sir,General Consumer Services,Marshal Ward No 193/Marshal,Arakere,,,,,2025-06-17 07:37:00.000000000,Closed
20771355,INDIAN_OPENCITY_BBMP,20771355,Issues Related to Parks/Medians/Circles/Island. in Kamakshipalya Field inspection assigned to HS officer.,General Consumer Services,Mohammad Alli Pirjade/HS,Kamakshipalya,,,,,2025-06-19 05:33:00.000000000,Registered
20763848,INDIAN_OPENCITY_BBMP,20763848,Air/Noise pollution in T-Dasarahalli Attend,General Consumer Services,Partha/SHI,T-Dasarahalli,,,,,2025-06-13 12:40:00.000000000,Closed
20771098,INDIAN_OPENCITY_BBMP,20771098,Garbage dumping in vacant sites in Padmanabha Nagar Field inspection assigned to Marshal officer.,General Consumer Services,Marshal Ward No 182/Marshal,Padmanabha Nagar,,,,,2025-06-19 01:41:00.000000000,Registered
20766241,INDIAN_OPENCITY_BBMP,20766241,Others (JC) in Herohalli Forwarded Task,General Consumer Services,JC RR Nagar/JC,Herohalli,,,,,2025-06-15 03:04:00.000000000,Registered
20771634,INDIAN_OPENCITY_BBMP,20771634,Road side drains in Neelasandra Field inspection assigned to AE officer.,General Consumer Services,Harsha/AE,Neelasandra,,,,,2025-06-19 09:18:00.000000000,Registered
20762347,INDIAN_OPENCITY_BBMP,20762347,ekhata approval pending with ARO in Nagapura ITS BEEN ALREADY ONE MONTH ISSUE IS NOT YET RESLOVED,General Consumer Services,M Srinivas/DC,Nagapura,,,,,2025-06-12 11:22:00.000000000,ReOpen
20770633,INDIAN_OPENCITY_BBMP,20770633,Sewerage water left in SWD in Arakere Field inspection assigned to AE officer.,General Consumer Services,Naresh Kumar/AE,Arakere,,,,,2025-06-19 09:19:00.000000000,Registered
20769400,INDIAN_OPENCITY_BBMP,20769400,Garbage dump in Doddanekkundi Forwarded Task,General Consumer Services,Marshal Ward No 85/Marshal,Doddanekkundi,,,,,2025-06-18 09:27:00.000000000,Registered
20763188,INDIAN_OPENCITY_BBMP,20763188,obstructions Branches / Trees. in Sunkenahalli Resolved,General Consumer Services,B.B Meti/DYRFO,Sunkenahalli,,,,,2025-06-12 09:22:00.000000000,Closed
20764076,INDIAN_OPENCITY_BBMP,20764076,Road side drains in Benniganahalli Mention precise location and proper photos,General Consumer Services,BBMP Whatsapp/Customer Support Representative,Benniganahalli,,,,,2025-06-13 03:20:00.000000000,Non Relevant
20762251,INDIAN_OPENCITY_BBMP,20762251,Removal of dead/fallen trees in S.K.Garden cleared,General Consumer Services,Thimmappa/DYRFO,S.K.Garden,,,,,2025-06-12 10:42:00.000000000,Closed
20764146,INDIAN_OPENCITY_BBMP,20764146,Garbage dumping in vacant sites in Dr.Rajkumar Ward Clearad,General Consumer Services,Marshal Ward No 106/Marshal,Dr.Rajkumar Ward,,,,,2025-06-13 03:55:00.000000000,Closed
20763282,INDIAN_OPENCITY_BBMP,20763282,Sweeping not done in Jakkasandra Complaint attend cleared,General Consumer Services,Aravind/JHI,Jakkasandra,,,,,2025-06-13 06:47:00.000000000,Closed
20764072,INDIAN_OPENCITY_BBMP,20764072,Dengue positive in Jakkur Health education given and spraying done,General Consumer Services,Ward 5 SHI/SHI,Jakkur,,,,,2025-06-13 03:18:00.000000000,Closed
20770948,INDIAN_OPENCITY_BBMP,20770948,Garbage vehicle not arrived in Horamavu Clear sir,General Consumer Services,Marshal Ward No 25/Marshal,Horamavu,,,,,2025-06-19 12:15:00.000000000,Closed
20764221,INDIAN_OPENCITY_BBMP,20764221,Garbage vehicle not arrived in Deepanjali Nagar Vehicle arrived,General Consumer Services,Marshal Ward No 158/Marshal,Deepanjali Nagar,,,,,2025-06-13 04:49:00.000000000,Closed
20762079,INDIAN_OPENCITY_BBMP,20762079,Potholes in Uttarahalli Kindly read the below attached file,General Consumer Services,Venkat Ramana/AE,Uttarahalli,,,,,2025-06-12 08:48:00.000000000,Closed
20764334,INDIAN_OPENCITY_BBMP,20764334,Fatally injured - Needs immediate attention in Rajagopala Nagar attended,General Consumer Services,Dr sunilkumar Havanur/VI,Rajagopala Nagar,,,,,2025-06-13 06:08:00.000000000,Closed
20761886,INDIAN_OPENCITY_BBMP,20761886,Anti Rabies Vaccination of stray dogs in HAL Airport We are doing antirabies vaccine ward by ward when we attend your ward we will do,General Consumer Services,Smt Jahanar Ameer/VI,HAL Airport,,,,,2025-06-11 09:44:00.000000000,Closed
20763915,INDIAN_OPENCITY_BBMP,20763915,"obstructions Branches / Trees. in Chikpete Please contact Area Supervisor, Mallaiah-[PHONE]",General Consumer Services,sudarshan/DYRFO,Chikpete,,,,,2025-06-13 01:21:00.000000000,Closed
20764633,INDIAN_OPENCITY_BBMP,20764633,Others in Chowdeshwari Ward Field inspection assigned to Customer Support Representative officer.,General Consumer Services,BBMP Whatsapp/Customer Support Representative,Chowdeshwari Ward,,,,,2025-06-13 10:14:00.000000000,Registered
20770569,INDIAN_OPENCITY_BBMP,20770569,Potholes in Horamavu Field inspection assigned to AE officer.,General Consumer Services,Ramesh Horamavu/AE,Horamavu,,,,,2025-06-19 08:32:00.000000000,Registered
20768051,INDIAN_OPENCITY_BBMP,20768051,Garbage vehicle not arrived in Kavalbyrasandra Not attended the job closed off ask him to call back me,General Consumer Services,Venkatesh /AEE,Kavalbyrasandra,,,,,2025-06-17 08:12:00.000000000,ReOpen
20771468,INDIAN_OPENCITY_BBMP,20771468,Footpath in Benniganahalli Field inspection assigned to AE officer.,General Consumer Services,Narasimaiah/AE,Benniganahalli,,,,,2025-06-19 06:52:00.000000000,Registered
20771654,INDIAN_OPENCITY_BBMP,20771654,Garbage dump in Bommanahalli Field inspection assigned to Marshal officer.,General Consumer Services,Marshal Ward No 175/Marshal,Bommanahalli,,,,,2025-06-19 09:50:00.000000000,Registered
20768651,INDIAN_OPENCITY_BBMP,20768651,Garbage dump in Doddabommasandra Cleared,General Consumer Services,Marshal Ward No 10/Marshal,Doddabommasandra,,,,,2025-06-17 02:23:00.000000000,Closed
20768307,INDIAN_OPENCITY_BBMP,20768307,Garbage dump in Ganeshmandira Ward Clear,General Consumer Services,Marshal Ward No 165/Marshal,Ganeshmandira Ward,,,,,2025-06-17 10:44:00.000000000,Closed
20765026,INDIAN_OPENCITY_BBMP,20765026,Garbage vehicle not arrived in Hoodi Vehicle arrived and collected the garbage,General Consumer Services,Marshal Ward No 54/Marshal,Hoodi,,,,,2025-06-14 11:14:00.000000000,Closed
20769196,INDIAN_OPENCITY_BBMP,20769196,Footpath in Sampangiram Nagar Field inspection assigned to AE officer.,General Consumer Services,Chandhan/AE,Sampangiram Nagar,,,,,2025-06-17 10:33:00.000000000,Registered
20763502,INDIAN_OPENCITY_BBMP,20763502,ekhata approval pending with ARO in Kodigehalli It's approved,General Consumer Services,Guru Prasanna/ARO,Kodigehalli,,,,,2025-06-13 10:03:00.000000000,Closed
20769367,INDIAN_OPENCITY_BBMP,20769367,Removal of dead/fallen trees in Pattabhiram Nagar Field inspection assigned to DYRFO officer.,General Consumer Services,B.B Meti/DYRFO,Pattabhiram Nagar,,,,,2025-06-18 09:06:00.000000000,Registered
20770682,INDIAN_OPENCITY_BBMP,20770682,Garbage vehicle not arrived in Jogupalya Clear,General Consumer Services,Marshal Ward No 89/Marshal,Jogupalya,,,,,2025-06-19 09:55:00.000000000,Closed
20770677,INDIAN_OPENCITY_BBMP,20770677,Garbage dump in Kuvempu Nagar Field inspection assigned to Marshal officer.,General Consumer Services,Marshal Ward No 11/Marshal,Kuvempu Nagar,,,,,2025-06-19 09:52:00.000000000,In Progress
20771143,INDIAN_OPENCITY_BBMP,20771143,Garbage vehicle not arrived in Yelachenahalli Field inspection assigned to Marshal officer.,General Consumer Services,Marshal Ward No 185/Marshal,Yelachenahalli,,,,,2025-06-19 02:19:00.000000000,Registered
20770131,INDIAN_OPENCITY_BBMP,20770131,obstructions Branches / Trees. in Govindraja Nagara Field inspection assigned to DYRFO officer.,General Consumer Services,sudarshan/DYRFO,Govindraja Nagara,,,,,2025-06-18 06:20:00.000000000,Registered
20767101,INDIAN_OPENCITY_BBMP,20767101,Road cutting in Shanthala Nagar Field inspection assigned to Customer Support Representative officer.,General Consumer Services,BBMP Whatsapp/Customer Support Representative,Shanthala Nagar,,,,,2025-06-16 11:28:00.000000000,Non Relevant
20765046,INDIAN_OPENCITY_BBMP,20765046,Sweeping not done in Visvesvarapuram Field inspection assigned to JHI officer.,General Consumer Services,Narasimha P /JHI,Visvesvarapuram,,,,,2025-06-14 11:24:00.000000000,Registered
20768187,INDIAN_OPENCITY_BBMP,20768187,Garbage vehicle not arrived in Kottigepalya Closed,General Consumer Services,Marshal Ward No 73/Marshal,Kottigepalya,,,,,2025-06-17 09:48:00.000000000,Closed
20766228,INDIAN_OPENCITY_BBMP,20766228,obstructions Branches / Trees. in Konena Agrahara Field inspection assigned to DYRFO officer.,General Consumer Services,Thimmappa/DYRFO,Konena Agrahara,,,,,2025-06-15 02:41:00.000000000,Registered
20768801,INDIAN_OPENCITY_BBMP,20768801,obstructions Branches / Trees. in Kodigehalli Field inspection assigned to DYRFO officer.,General Consumer Services,Mutturaju KP/DYRFO,Kodigehalli,,,,,2025-06-17 04:45:00.000000000,Registered
20770988,INDIAN_OPENCITY_BBMP,20770988,Garbage vehicle not arrived in Vidyapeetha This block vehicle repair Tommorow will be cleard,General Consumer Services,Marshal Ward No 164/Marshal,Vidyapeetha,,,,,2025-06-19 12:32:00.000000000,Closed
20764061,INDIAN_OPENCITY_BBMP,20764061,Ekhata Area Correction in Begur ನಿಯಮಾನುಸಾರ ಕ್ರಮಕೈಗೊಳ್ಳಲಾಗುವುದು,General Consumer Services,Narasimhulu/ARO,Begur,,,,,2025-06-13 03:13:00.000000000,Closed
20769743,INDIAN_OPENCITY_BBMP,20769743,Potholes in Chikpete Field inspection assigned to AE officer.,General Consumer Services,Kishan/AE,Chikpete,,,,,2025-06-18 12:17:00.000000000,Registered
20765883,INDIAN_OPENCITY_BBMP,20765883,Construction not done as per approved plan (Building Bye Law Violations) in Thanisandra Field inspection assigned to AE officer.,General Consumer Services,Santhosh Kumar/AE,Thanisandra,,,,,2025-06-15 08:59:00.000000000,Registered
20762072,INDIAN_OPENCITY_BBMP,20762072,Sweeping not done in Shakambari Nagar Clearee,General Consumer Services,Hemanth kumar/JHI,Shakambari Nagar,,,,,2025-06-12 08:44:00.000000000,Closed
20763359,INDIAN_OPENCITY_BBMP,20763359,Road side drains in Hoodi its clear soon,General Consumer Services,Shaik Moyaddin/AE,Hoodi,,,,,2025-06-13 08:35:00.000000000,Closed
20771187,INDIAN_OPENCITY_BBMP,20771187,Garbage dump in Nagapura Field inspection assigned to Marshal officer.,General Consumer Services,Marshal Ward No 67/Marshal,Nagapura,,,,,2025-06-19 02:57:00.000000000,Registered
20769611,INDIAN_OPENCITY_BBMP,20769611,Garbage dump in Lakkasandra Field inspection assigned to Marshal officer.,General Consumer Services,Marshal Ward No 146/Marshal,Lakkasandra,,,,,2025-06-18 11:12:00.000000000,Registered
20767919,INDIAN_OPENCITY_BBMP,20767919,Potholes in Hanumantha Nagar Field inspection assigned to AE officer.,General Consumer Services,AE Ward 155/AE,Hanumantha Nagar,,,,,2025-06-16 09:46:00.000000000,Registered
20768910,INDIAN_OPENCITY_BBMP,20768910,Garbage dump in Uttarahalli Closed,General Consumer Services,Marshal Ward No 184/Marshal,Uttarahalli,,,,,2025-06-17 06:16:00.000000000,Closed
20768535,INDIAN_OPENCITY_BBMP,20768535,Potholes in HSR Layout Field inspection assigned to AE officer.,General Consumer Services,Ramegowda/AE,HSR Layout,,,,,2025-06-17 12:46:00.000000000,Registered
20762688,INDIAN_OPENCITY_BBMP,20762688,Garbage dumping in vacant sites in Ganeshmandira Ward Clear,General Consumer Services,Marshal Ward No 165/Marshal,Ganeshmandira Ward,,,,,2025-06-12 02:36:00.000000000,Closed
20764358,INDIAN_OPENCITY_BBMP,20764358,Dead animal(s) in Newthippasandra Forwarded Task,General Consumer Services,Husenappa/JHI,Newthippasandra,,,,,2025-06-13 06:26:00.000000000,Registered
20765122,INDIAN_OPENCITY_BBMP,20765122,Garbage dumping in vacant sites in Jeevanbhima Nagar Good morning sir the complaint u have posted is fully of debris and it has to be cleared by owner itself thank you,General Consumer Services,Marshal Ward No 88/Marshal,Jeevanbhima Nagar,,,,,2025-06-14 11:59:00.000000000,Closed
20770305,INDIAN_OPENCITY_BBMP,20770305,Others in Lakkasandra Field inspection assigned to SHI officer.,General Consumer Services,Roopa/SHI,Lakkasandra,,,,,2025-06-18 08:43:00.000000000,Registered
20769759,INDIAN_OPENCITY_BBMP,20769759,Sweeping not done in Shanthi Nagar Field inspection assigned to JHI officer.,General Consumer Services,Tippe Swami/JHI,Shanthi Nagar,,,,,2025-06-18 12:28:00.000000000,Registered
20766716,INDIAN_OPENCITY_BBMP,20766716,Flex and banners in Hosakerehalli Forwarded Task,General Consumer Services,B RUDRESH/ARO,Hosakerehalli,,,,,2025-06-16 08:20:00.000000000,Registered
20763563,INDIAN_OPENCITY_BBMP,20763563,Debris Removal / Construction Material in Jayanagar East Kindly upload photo,General Consumer Services,BBMP Whatsapp/Customer Support Representative,Jayanagar East,,,,,2025-06-13 10:30:00.000000000,Non Relevant
20768747,INDIAN_OPENCITY_BBMP,20768747,Garbage vehicle not arrived in BTM Layout Cleared sir,General Consumer Services,Marshal Ward No 176/Marshal,BTM Layout,,,,,2025-06-17 03:58:00.000000000,Closed
20768065,INDIAN_OPENCITY_BBMP,20768065,shifting of the street dogs to other places in Ullalu Dog's cought for animals birth control operation and vaccination,General Consumer Services,Ramesh.B/VI,Ullalu,,,,,2025-06-17 08:28:00.000000000,Closed
20771128,INDIAN_OPENCITY_BBMP,20771128,Garbage dump in HBR Layout Cleared,General Consumer Services,Marshal Ward No 24/Marshal,HBR Layout,,,,,2025-06-19 02:05:00.000000000,Closed
20770957,INDIAN_OPENCITY_BBMP,20770957,Garbage dump in Chikpete This point is Regularly Cleared,General Consumer Services,Marshal Ward No 109/Marshal,Chikpete,,,,,2025-06-19 12:18:00.000000000,Closed
20770053,INDIAN_OPENCITY_BBMP,20770053,Animal Rescue - Not well - Requires attention in Horamavu Field inspection assigned to VI officer.,General Consumer Services,Smt Jahanar Ameer/VI,Horamavu,,,,,2025-06-18 04:53:00.000000000,Registered
20764039,INDIAN_OPENCITY_BBMP,20764039,ekhata approval pending with ARO in HBR Layout MUTATION FILE UNDER PROCESS,General Consumer Services,Sunanda/ARO,HBR Layout,,,,,2025-06-13 02:58:00.000000000,Closed
20768682,INDIAN_OPENCITY_BBMP,20768682,Garbage vehicle not arrived in Banaswadi Cleared,General Consumer Services,Marshal Ward No 27/Marshal,Banaswadi,,,,,2025-06-17 02:55:00.000000000,Closed
20769817,INDIAN_OPENCITY_BBMP,20769817,Fatally injured - Needs immediate attention in Byatarayanapura Field inspection assigned to VI officer.,General Consumer Services,Narayan Reddy/VI,Byatarayanapura,,,,,2025-06-18 01:17:00.000000000,Registered
20769751,INDIAN_OPENCITY_BBMP,20769751,Garbage dump in Jogupalya Field inspection assigned to Marshal officer.,General Consumer Services,Marshal Ward No 89/Marshal,Jogupalya,,,,,2025-06-18 12:23:00.000000000,Registered
20766751,INDIAN_OPENCITY_BBMP,20766751,Complaint against SW collector/ SWM official for violation of SWM Rules in BTM Layout Garbage cleared,General Consumer Services,Marshal Ward No 176/Marshal,BTM Layout,,,,,2025-06-16 08:50:00.000000000,Closed
20770246,INDIAN_OPENCITY_BBMP,20770246,obstructions Branches / Trees. in Dodda Bidarkallu Field inspection assigned to DYRFO officer.,General Consumer Services,Jagadish V/DYRFO,Dodda Bidarkallu,,,,,2025-06-18 07:46:00.000000000,Registered
20771171,INDIAN_OPENCITY_BBMP,20771171,Garbage dump in Bellandur Attended,General Consumer Services,Marshal Ward No 150/Marshal,Bellandur,,,,,2025-06-19 02:41:00.000000000,Closed
20769655,INDIAN_OPENCITY_BBMP,20769655,Removal of dead/fallen trees in Kempegowda Ward Field inspection assigned to DYRFO officer.,General Consumer Services,Mutturaju KP/DYRFO,Kempegowda Ward,,,,,2025-06-18 11:30:00.000000000,Registered
20770658,INDIAN_OPENCITY_BBMP,20770658,Garbage vehicle not arrived in Vasanthapura Cleared,General Consumer Services,Marshal Ward No 197/Marshal,Vasanthapura,,,,,2025-06-19 09:39:00.000000000,Closed
20763272,INDIAN_OPENCITY_BBMP,20763272,UnAuthorised Constructions in Doddanekkundi Complaint forwarded as per the chief commissioner order dated 18/10/2024 for necessary action,General Consumer Services,C Rachipa/AE,Doddanekkundi,,,,,2025-06-13 05:55:00.000000000,Registered
20770801,INDIAN_OPENCITY_BBMP,20770801,Garbage vehicle not arrived in Devarajeevanahalli Field inspection assigned to Marshal officer.,General Consumer Services,Marshal Ward No 47/Marshal,Devarajeevanahalli,,,,,2025-06-19 11:04:00.000000000,Registered
20766750,INDIAN_OPENCITY_BBMP,20766750,Garbage vehicle not arrived in Hoysala Nagar Garbage cleared,General Consumer Services,Marshal Ward No 80/Marshal,Hoysala Nagar,,,,,2025-06-16 08:49:00.000000000,Closed
20768876,INDIAN_OPENCITY_BBMP,20768876,Potholes in Hoodi Field inspection assigned to AE officer.,General Consumer Services,Shaik Moyaddin/AE,Hoodi,,,,,2025-06-17 05:55:00.000000000,Registered
20768112,INDIAN_OPENCITY_BBMP,20768112,Garbage dump in Chikpete ಈ ಪಾಯಿಂಟ್ ದಿನವೂ ಕ್ಲಿಯರ್ ಆಗುತ್ತೆ ಮತ್ತೆ ಮತ್ತೆ ಕಸ ಬೀಳುತ್ತಿದೆ,General Consumer Services,Marshal Ward No 109/Marshal,Chikpete,,,,,2025-06-17 09:08:00.000000000,Closed
20763584,INDIAN_OPENCITY_BBMP,20763584,Animal Rescue - Not well - Requires attention in Ullalu Dog's cought for animals birth control and vaccination,General Consumer Services,Ramesh.B/VI,Ullalu,,,,,2025-06-13 10:40:00.000000000,Closed
20769493,INDIAN_OPENCITY_BBMP,20769493,shifting of the street dogs to other places in Rajarajeshwari Nagar Field inspection assigned to VI officer.,General Consumer Services,Uma V.H/VI,Rajarajeshwari Nagar,,,,,2025-06-18 10:24:00.000000000,Registered
20764589,INDIAN_OPENCITY_BBMP,20764589,Potholes in Thanisandra Field inspection assigned to AE officer.,General Consumer Services,Suresh Devataraju/AE,Thanisandra,,,,,2025-06-13 09:38:00.000000000,Registered
20763294,INDIAN_OPENCITY_BBMP,20763294,"Issues related Snakes/Birds/Monkeys in Arakere Please contact Aranya Bhavan, 18th cross, Malleshwaram",General Consumer Services,Narendra Babu/RFO,Arakere,,,,,2025-06-13 07:23:00.000000000,Closed
20766270,INDIAN_OPENCITY_BBMP,20766270,Removal of dead/fallen trees in Jayamahal Field inspection assigned to DYRFO officer.,General Consumer Services,P Nagendra /DYRFO,Jayamahal,,,,,2025-06-15 03:49:00.000000000,Registered
20766059,INDIAN_OPENCITY_BBMP,20766059,Increase in mosquito density in Thanisandra Spraying done,General Consumer Services,SHI Ward 006/SHI,Thanisandra,,,,,2025-06-15 11:47:00.000000000,Closed
20764017,INDIAN_OPENCITY_BBMP,20764017,Garbage dump in Chalavadipalya Bakrit Festival Anima waste and Garbage,General Consumer Services,Marshal Ward No 138/Marshal,Chalavadipalya,,,,,2025-06-13 02:47:00.000000000,Closed
20764317,INDIAN_OPENCITY_BBMP,20764317,Garbage dump in Byrasandra this complete was BWSSB related (debris),General Consumer Services,Marshal Ward No 169/Marshal,Byrasandra,,,,,2025-06-13 05:56:00.000000000,Closed
20768719,INDIAN_OPENCITY_BBMP,20768719,Ekhata missing in online in Herohalli Field inspection assigned to ARO officer.,General Consumer Services,Manjula/ARO,Herohalli,,,,,2025-06-17 03:27:00.000000000,Registered
20769954,INDIAN_OPENCITY_BBMP,20769954,Burning of Garbage in Open Space in Hagadooru Field inspection assigned to Marshal officer.,General Consumer Services,Marshal Ward No 84/Marshal,Hagadooru,,,,,2025-06-18 03:12:00.000000000,Registered
20766280,INDIAN_OPENCITY_BBMP,20766280,Removal of dead/fallen trees in Anjanapur Resolved,General Consumer Services,Narendra Babu/RFO,Anjanapur,,,,,2025-06-15 04:19:00.000000000,Closed
20762705,INDIAN_OPENCITY_BBMP,20762705,Garbage dump in Byrasandra complaint attended and cleared sir,General Consumer Services,Marshal Ward No 169/Marshal,Byrasandra,,,,,2025-06-12 02:48:00.000000000,Closed
20767983,INDIAN_OPENCITY_BBMP,20767983,Garbage vehicle not arrived in Hoodi Forwarded Task,General Consumer Services,Marshal Ward No 54/Marshal,Hoodi,,,,,2025-06-17 12:42:00.000000000,Registered
20769590,INDIAN_OPENCITY_BBMP,20769590,Debris Removal / Construction Material in Arakere Field inspection assigned to AE officer.,General Consumer Services,Chethan K M/AE,Arakere,,,,,2025-06-18 11:04:00.000000000,Registered
20766669,INDIAN_OPENCITY_BBMP,20766669,Animal Rescue - Not well - Requires attention in Chikkalasandra Madam Please contact stray dog rescue team officer Dr Shrinath Assistant Director mb [PHONE],General Consumer Services,ss doddamani/VI,Chikkalasandra,,,,,2025-06-16 07:17:00.000000000,Closed
20766139,INDIAN_OPENCITY_BBMP,20766139,Dog bite pet dog in Marathalli Complaint attended,General Consumer Services,B K Ashwath Narayan/VI,Marathalli,,,,,2025-06-15 12:58:00.000000000,Closed
20767012,INDIAN_OPENCITY_BBMP,20767012,Debris Removal / Construction Material in Chikpete Field inspection assigned to AE officer.,General Consumer Services,Kishan/AE,Chikpete,,,,,2025-06-16 10:59:00.000000000,Registered
20769401,INDIAN_OPENCITY_BBMP,20769401,Stray dog related complaints in Hoodi Field inspection assigned to VI officer.,General Consumer Services,B K Ashwath Narayan/VI,Hoodi,,,,,2025-06-18 09:27:00.000000000,Registered
20769477,INDIAN_OPENCITY_BBMP,20769477,Road Infrastructure in Maruthi Seva Nagar Forwarded Task,General Consumer Services,Naveen.G/AE,Maruthi Seva Nagar,,,,,2025-06-18 10:13:00.000000000,Registered
20762639,INDIAN_OPENCITY_BBMP,20762639,water leakage on road in Bellandur Field inspection assigned to AE officer.,General Consumer Services,Raghu/AE,Bellandur,,,,,2025-06-12 02:00:00.000000000,Registered
20770622,INDIAN_OPENCITY_BBMP,20770622,Garbage dump in Kottigepalya Cleared,General Consumer Services,Marshal Ward No 73/Marshal,Kottigepalya,,,,,2025-06-19 09:09:00.000000000,Closed
20770105,INDIAN_OPENCITY_BBMP,20770105,water stagnation in Laggere Field inspection assigned to AE officer.,General Consumer Services,Geethanjali /AE,Laggere,,,,,2025-06-18 05:48:00.000000000,Registered
20762520,INDIAN_OPENCITY_BBMP,20762520,"obstructions Branches / Trees. in Vasanthapura Please submit application to Forest Department, Head Office",General Consumer Services,Narendra Babu/RFO,Vasanthapura,,,,,2025-06-12 12:43:00.000000000,Closed
20768130,INDIAN_OPENCITY_BBMP,20768130,shifting of the street dogs to other places in Vasanthapura We can't relocate the dog as per bbmp 2024 rules. (Counseling),General Consumer Services,Uday Kulkarni/VI,Vasanthapura,,,,,2025-06-17 09:22:00.000000000,Closed
20767356,INDIAN_OPENCITY_BBMP,20767356,Technical Issue In Ekhata in Jakkasandra Field inspection assigned to RI officer.,General Consumer Services,Santhosh/RI,Jakkasandra,,,,,2025-06-16 01:40:00.000000000,Registered
20769232,INDIAN_OPENCITY_BBMP,20769232,Air/Noise pollution in Jakkur Field inspection assigned to SHI officer.,General Consumer Services,Ward 5 SHI/SHI,Jakkur,,,,,2025-06-18 12:13:00.000000000,Registered
20763854,INDIAN_OPENCITY_BBMP,20763854,"Flex and banners in BTM Layout as per commissioner order flex and banner comes to engineer section, so please contact further details and this grevience is forwarded to btm layout engineer,",General Consumer Services,Purushottam/ARO,BTM Layout,,,,,2025-06-13 12:43:00.000000000,Closed
20771360,INDIAN_OPENCITY_BBMP,20771360,Discrepancy In Khata Certificate and Khata Extract in A.Narayanapura Field inspection assigned to ARO officer.,General Consumer Services,Shiva Kumar/ARO,A.Narayanapura,,,,,2025-06-19 05:35:00.000000000,Registered
20767648,INDIAN_OPENCITY_BBMP,20767648,Garbage dump in Peenya Industrial Area Complaint attend,General Consumer Services,Marshal Ward No 41/Marshal,Peenya Industrial Area,,,,,2025-06-16 05:50:00.000000000,Closed
20767381,INDIAN_OPENCITY_BBMP,20767381,Potholes in Begur Action initiated,General Consumer Services,Cheluvaraju/AE,Begur,,,,,2025-06-16 02:01:00.000000000,Closed
20769320,INDIAN_OPENCITY_BBMP,20769320,Garbage dump in Jaraganahalli Complaint clear,General Consumer Services,Marshal Ward No 186/Marshal,Jaraganahalli,,,,,2025-06-18 08:32:00.000000000,Closed
20770683,INDIAN_OPENCITY_BBMP,20770683,Garbage vehicle not arrived in Ganeshmandira Ward clear,General Consumer Services,Marshal Ward No 165/Marshal,Ganeshmandira Ward,,,,,2025-06-19 09:56:00.000000000,Closed
20769871,INDIAN_OPENCITY_BBMP,20769871,obstructions Branches / Trees. in Kamakshipalya Field inspection assigned to DYRFO officer.,General Consumer Services,sudarshan/DYRFO,Kamakshipalya,,,,,2025-06-18 01:47:00.000000000,Registered
20771396,INDIAN_OPENCITY_BBMP,20771396,Garbage dumping in vacant sites in Vignana Nagar Field inspection assigned to Marshal officer.,General Consumer Services,Marshal Ward No 80/Marshal,Vignana Nagar,,,,,2025-06-19 05:54:00.000000000,Registered
20766668,INDIAN_OPENCITY_BBMP,20766668,Footpath in Vignana Nagar Field inspection assigned to JE officer.,General Consumer Services,Keshav Murthy/JE,Vignana Nagar,,,,,2025-06-16 07:16:00.000000000,Registered
20767664,INDIAN_OPENCITY_BBMP,20767664,Garbage vehicle not arrived in Sagayapuram It's clear sir,General Consumer Services,Marshal Ward No 60/Marshal,Sagayapuram,,,,,2025-06-16 06:04:00.000000000,Closed
20768431,INDIAN_OPENCITY_BBMP,20768431,Illegal pet shop / Animal cruelty / license check in Rajaji Nagar Field inspection assigned to VI officer.,General Consumer Services,Lokesh/VI,Rajaji Nagar,,,,,2025-06-17 11:42:00.000000000,Registered
20766762,INDIAN_OPENCITY_BBMP,20766762,Road cutting in Horamavu Field inspection assigned to AE officer.,General Consumer Services,Ramesh Horamavu/AE,Horamavu,,,,,2025-06-16 09:06:00.000000000,Registered
20771304,INDIAN_OPENCITY_BBMP,20771304,Public toilet(s) blockage in Sanjay Nagar Field inspection assigned to JHI officer.,General Consumer Services,Ganesh/JHI,Sanjay Nagar,,,,,2025-06-19 04:22:00.000000000,Registered
20763660,INDIAN_OPENCITY_BBMP,20763660,Technical Issue In Ekhata in Nagapura Field inspection assigned to RI officer.,General Consumer Services,Santhosh/RI,Nagapura,,,,,2025-06-13 11:13:00.000000000,Registered
20770628,INDIAN_OPENCITY_BBMP,20770628,Garbage vehicle not arrived in Varthur Clear,General Consumer Services,Marshal Ward No 149/Marshal,Varthur,,,,,2025-06-19 09:13:00.000000000,Closed
20770170,INDIAN_OPENCITY_BBMP,20770170,Garbage dumping in vacant sites in Shanthala Nagar Field inspection assigned to Marshal officer.,General Consumer Services,Marshal Ward No 111/Marshal,Shanthala Nagar,,,,,2025-06-18 06:50:00.000000000,Registered
20768419,INDIAN_OPENCITY_BBMP,20768419,Dead animal(s) in Kuvempu Nagar Field inspection assigned to JHI officer.,General Consumer Services,JHI Ward 11/JHI,Kuvempu Nagar,,,,,2025-06-17 11:38:00.000000000,Registered
20763240,INDIAN_OPENCITY_BBMP,20763240,Garbage dump in Benniganahalli Complaint resolved,General Consumer Services,Marshal Ward No 50/Marshal,Benniganahalli,,,,,2025-06-12 11:11:00.000000000,Closed
20762873,INDIAN_OPENCITY_BBMP,20762873,obstructions Branches / Trees. in Chamrajpet Please contact Area Supervisor Mallaiah-[PHONE],General Consumer Services,sudarshan/DYRFO,Chamrajpet,,,,,2025-06-12 04:52:00.000000000,Closed
20771078,INDIAN_OPENCITY_BBMP,20771078,Flex and banners in Jnanabharathi Ward Field inspection assigned to ARO officer.,General Consumer Services,Venkatappa D/ARO,Jnanabharathi Ward,,,,,2025-06-19 01:30:00.000000000,Registered
20766645,INDIAN_OPENCITY_BBMP,20766645,Garbage vehicle not arrived in Kushal Nagar Male,General Consumer Services,Marshal Ward No 31/Marshal,Kushal Nagar,,,,,2025-06-16 06:35:00.000000000,Closed
20763874,INDIAN_OPENCITY_BBMP,20763874,Technical Issue In Ekhata in Rajagopala Nagar The application has been rejected. It is requested the citizen to re-apply.,General Consumer Services,Amar/RI,Rajagopala Nagar,,,,,2025-06-13 12:55:00.000000000,Closed
20770753,INDIAN_OPENCITY_BBMP,20770753,Garbage dump in Aramane Nagar Cler,General Consumer Services,Marshal Ward No 35/Marshal,Aramane Nagar,,,,,2025-06-19 10:34:00.000000000,Closed
20770870,INDIAN_OPENCITY_BBMP,20770870,Ekhata missing in online in Mathikere Field inspection assigned to ARO officer.,General Consumer Services,Krishna/ARO,Mathikere,,,,,2025-06-19 11:35:00.000000000,Registered
20768493,INDIAN_OPENCITY_BBMP,20768493,Garbage dumping in vacant sites in Jakkasandra Garbage cleared,General Consumer Services,Marshal Ward No 173/Marshal,Jakkasandra,,,,,2025-06-17 12:18:00.000000000,Closed
20764006,INDIAN_OPENCITY_BBMP,20764006,ekhata approval pending with ARO in Kempegowda Ward The application is in notice period,General Consumer Services,Srinivasalu/ARO,Kempegowda Ward,,,,,2025-06-13 02:41:00.000000000,Closed
20761828,INDIAN_OPENCITY_BBMP,20761828,Spraying in Shanthala Nagar Attended,General Consumer Services,KRISHNA VARDHAN/SHI,Shanthala Nagar,,,,,2025-06-11 08:17:00.000000000,Closed
20764001,INDIAN_OPENCITY_BBMP,20764001,Stray dog related complaints in Kengeri Dog's cought for animals birth control and vaccination,General Consumer Services,Ramesh.B/VI,Kengeri,,,,,2025-06-13 02:38:00.000000000,Closed
20764998,INDIAN_OPENCITY_BBMP,20764998,Garbage dump in Vasanthapura Swm,General Consumer Services,Marshal Ward No 197/Marshal,Vasanthapura,,,,,2025-06-14 11:00:00.000000000,Closed
20771165,INDIAN_OPENCITY_BBMP,20771165,Garbage dump in Jayangar Field inspection assigned to Marshal officer.,General Consumer Services,Marshal Ward No 153/Marshal,Jayangar,,,,,2025-06-19 02:39:00.000000000,Registered
20766032,INDIAN_OPENCITY_BBMP,20766032,footpath encroachment in Shivaji Nagar Field inspection assigned to AE officer.,General Consumer Services,Ranganath/AE,Shivaji Nagar,,,,,2025-06-15 11:28:00.000000000,Registered
20770234,INDIAN_OPENCITY_BBMP,20770234,Footpath in Vasanth Nagar Field inspection assigned to AE officer.,General Consumer Services,Dharmaraj Naik/AE,Vasanth Nagar,,,,,2025-06-18 07:41:00.000000000,Registered
20762318,INDIAN_OPENCITY_BBMP,20762318,Ekhata - name correction in Marathalli Pl submit request application to correct the name spelling.,General Consumer Services,DEEPASHREE M R/ARO,Marathalli,,,,,2025-06-12 11:09:00.000000000,Closed
20771255,INDIAN_OPENCITY_BBMP,20771255,Garbage dump in Puttenahalli Field inspection assigned to Marshal officer.,General Consumer Services,Marshal Ward No 187/Marshal,Puttenahalli,,,,,2025-06-19 03:39:00.000000000,Registered
20767369,INDIAN_OPENCITY_BBMP,20767369,"obstructions Branches / Trees. in Nagarabhavi Please contact Area Supervisor, Ganesh-[PHONE]",General Consumer Services,sudarshan/DYRFO,Nagarabhavi,,,,,2025-06-16 01:52:00.000000000,Closed
20766105,INDIAN_OPENCITY_BBMP,20766105,Garbage dumping in vacant sites in HSR Layout this complaint is clear sir,General Consumer Services,Marshal Ward No 174/Marshal,HSR Layout,,,,,2025-06-15 12:32:00.000000000,Closed
20767602,INDIAN_OPENCITY_BBMP,20767602,Potholes in Begur Field inspection assigned to Customer Support Representative officer.,General Consumer Services,BBMP Whatsapp/Customer Support Representative,Begur,,,,,2025-06-16 05:19:00.000000000,Non Relevant
20771012,INDIAN_OPENCITY_BBMP,20771012,Road Infrastructure in Shakambari Nagar Field inspection assigned to AE officer.,General Consumer Services,Ramchandra despande /AE,Shakambari Nagar,,,,,2025-06-19 12:47:00.000000000,Registered
20766188,INDIAN_OPENCITY_BBMP,20766188,Garbage dump in Ramamurthy Nagar Night petroling morning duty attend,General Consumer Services,Marshal Ward No 26/Marshal,Ramamurthy Nagar,,,,,2025-06-15 01:55:00.000000000,Closed
20770451,INDIAN_OPENCITY_BBMP,20770451,Footpath in A.Narayanapura Field inspection assigned to AE officer.,General Consumer Services,G.D SOMAIAH/AE,A.Narayanapura,,,,,2025-06-18 11:49:00.000000000,Registered
20762500,INDIAN_OPENCITY_BBMP,20762500,Garbage dump in Dr.Rajkumar Ward Cleared,General Consumer Services,Marshal Ward No 106/Marshal,Dr.Rajkumar Ward,,,,,2025-06-12 12:35:00.000000000,Closed
20766926,INDIAN_OPENCITY_BBMP,20766926,Stray/Rabid dog bite in Konanakunte As per discussion held you sir,General Consumer Services,Uday Kulkarni/VI,Konanakunte,,,,,2025-06-16 10:27:00.000000000,Closed
20763817,INDIAN_OPENCITY_BBMP,20763817,Stray dog related complaints in Bellandur No relocation of dogs can be done as per supreme court order,General Consumer Services,B K Ashwath Narayan/VI,Bellandur,,,,,2025-06-13 12:21:00.000000000,Closed
20767610,INDIAN_OPENCITY_BBMP,20767610,"Ekhata Other corrections in Hemmigepura If you want to correction your property, take the relevant documents and contact our BBMP Kengeri office and contact the concerned case worker who will solve your problem.",General Consumer Services,Ramesh Rathod/ARO,Hemmigepura,,,,,2025-06-16 05:22:00.000000000,Closed
20765891,INDIAN_OPENCITY_BBMP,20765891,Garbage vehicle not arrived in Jakkur Closed,General Consumer Services,Marshal Ward No 05/Marshal,Jakkur,,,,,2025-06-15 09:11:00.000000000,Closed
20764094,INDIAN_OPENCITY_BBMP,20764094,Garbage dump in Herohalli Garbage dumped in vacant site has been cleared,General Consumer Services,Marshal Ward No 72/Marshal,Herohalli,,,,,2025-06-13 03:25:00.000000000,Closed
20765306,INDIAN_OPENCITY_BBMP,20765306,"obstructions Branches / Trees. in Marenahalli Please contact Area Supervisor, Ganesh-[PHONE]",General Consumer Services,sudarshan/DYRFO,Marenahalli,,,,,2025-06-14 02:00:00.000000000,Closed
20771622,INDIAN_OPENCITY_BBMP,20771622,Garbage transfer not as per norms & area not kept clean in Thanisandra Field inspection assigned to Marshal officer.,General Consumer Services,Marshal Ward No 06/Marshal,Thanisandra,,,,,2025-06-19 09:15:00.000000000,Registered
20770891,INDIAN_OPENCITY_BBMP,20770891,Garbage dump in Chokkasandra Attended Please mention the proper adress and land mark to finde point,General Consumer Services,Marshal Ward No 39/Marshal,Chokkasandra,,,,,2025-06-19 11:43:00.000000000,Closed
20771063,INDIAN_OPENCITY_BBMP,20771063,Garbage dump in Jagajeevanram Nagar Field inspection assigned to Marshal officer.,General Consumer Services,Marshal Ward No 136/Marshal,Jagajeevanram Nagar,,,,,2025-06-19 01:18:00.000000000,In Progress
20765514,INDIAN_OPENCITY_BBMP,20765514,Anti Rabies Vaccination of stray dogs in Hemmigepura Dog's cought for animals birth control operation and vaccination,General Consumer Services,Ramesh.B/VI,Hemmigepura,,,,,2025-06-14 05:57:00.000000000,Closed
20762512,INDIAN_OPENCITY_BBMP,20762512,Garbage dump in Hombegowda Nagar Daily basis we cleared sir,General Consumer Services,Marshal Ward No 145/Marshal,Hombegowda Nagar,,,,,2025-06-12 12:39:00.000000000,Closed
20764179,INDIAN_OPENCITY_BBMP,20764179,Technical Issue In Ekhata in Singasandra Field inspection assigned to RI officer.,General Consumer Services,Santhosh/RI,Singasandra,,,,,2025-06-13 04:26:00.000000000,Registered
20770594,INDIAN_OPENCITY_BBMP,20770594,obstructions Branches / Trees. in Shettyhalli please upload a picture of the tree,General Consumer Services,Rajappa/DYRFO,Shettyhalli,,,,,2025-06-19 08:48:00.000000000,Closed
20766169,INDIAN_OPENCITY_BBMP,20766169,"Fatally injured - Needs immediate attention in Jayanagar East Spoke to the reporter, Sir Please contact stray dog rescue team officer Dr Shrinath Assistant Director mb [PHONE]",General Consumer Services,Vijaya laxmi/VI,Jayanagar East,,,,,2025-06-15 01:29:00.000000000,Closed
20770542,INDIAN_OPENCITY_BBMP,20770542,Garbage dump in Banaswadi Cleared,General Consumer Services,Marshal Ward No 27/Marshal,Banaswadi,,,,,2025-06-19 07:56:00.000000000,Closed
20771383,INDIAN_OPENCITY_BBMP,20771383,Others in Attiguppe Field inspection assigned to Customer Support Representative officer.,General Consumer Services,BBMP Whatsapp/Customer Support Representative,Attiguppe,,,,,2025-06-19 05:47:00.000000000,Registered
20763920,INDIAN_OPENCITY_BBMP,20763920,Animal birth control/neutering of stray dogs in Vannarpet Field inspection assigned to VI officer.,General Consumer Services,Chandrika B R/VI,Vannarpet,,,,,2025-06-13 01:23:00.000000000,Closed
20770803,INDIAN_OPENCITY_BBMP,20770803,Stray dog related complaints in Basavanapura No relocation of dogs can be done as per supreme court order,General Consumer Services,Smt Jahanar Ameer/VI,Basavanapura,,,,,2025-06-19 11:05:00.000000000,Closed
20762571,INDIAN_OPENCITY_BBMP,20762571,Garbage vehicle not arrived in Jayanagar East Garbage vehicle arrived,General Consumer Services,Marshal Ward No 170/Marshal,Jayanagar East,,,,,2025-06-12 01:12:00.000000000,Closed
20768920,INDIAN_OPENCITY_BBMP,20768920,Removal of dead/fallen trees in Byatarayanapura Field inspection assigned to DYRFO officer.,General Consumer Services,Mutturaju KP/DYRFO,Byatarayanapura,,,,,2025-06-17 06:25:00.000000000,Registered
20765444,INDIAN_OPENCITY_BBMP,20765444,Garbage dump in Sagayapuram Clear sir,General Consumer Services,Marshal Ward No 60/Marshal,Sagayapuram,,,,,2025-06-14 04:38:00.000000000,Closed
20762249,INDIAN_OPENCITY_BBMP,20762249,Others in Manorayanapalya Field inspection assigned to Customer Support Representative officer.,General Consumer Services,BBMP Whatsapp/Customer Support Representative,Manorayanapalya,,,,,2025-06-12 10:41:00.000000000,Registered
20763841,INDIAN_OPENCITY_BBMP,20763841,Sweeping not done in Anjanapur Complint cliyar,General Consumer Services,Yogesh/JHI,Anjanapur,,,,,2025-06-13 12:36:00.000000000,Closed
20771054,INDIAN_OPENCITY_BBMP,20771054,obstructions Branches / Trees. in Sarakki Field inspection assigned to DYRFO officer.,General Consumer Services,B.B Meti/DYRFO,Sarakki,,,,,2025-06-19 01:13:00.000000000,Registered
20767939,INDIAN_OPENCITY_BBMP,20767939,Garbage dump in Govindraja Nagara Forwarded Task,General Consumer Services,Marshal Ward No 104/Marshal,Govindraja Nagara,,,,,2025-06-16 10:11:00.000000000,Registered
20768056,INDIAN_OPENCITY_BBMP,20768056,Others in Horamavu Field inspection assigned to Customer Support Representative officer.,General Consumer Services,BBMP Whatsapp/Customer Support Representative,Horamavu,,,,,2025-06-17 08:21:00.000000000,Registered
20767346,INDIAN_OPENCITY_BBMP,20767346,Garbage dumping in vacant sites in Kuvempu Nagar Complaint resolved,General Consumer Services,Marshal Ward No 11/Marshal,Kuvempu Nagar,,,,,2025-06-16 01:32:00.000000000,Closed
20770610,INDIAN_OPENCITY_BBMP,20770610,Encroachment in Arakere Field inspection assigned to ARO officer.,General Consumer Services,Indrajith Lamaani/ARO,Arakere,,,,,2025-06-19 09:01:00.000000000,Registered
20767102,INDIAN_OPENCITY_BBMP,20767102,Flex and banners in K.R.Puram Removed,General Consumer Services,Murthi/ARO,K.R.Puram,,,,,2025-06-16 11:28:00.000000000,Closed
20767949,INDIAN_OPENCITY_BBMP,20767949,Removal of dead/fallen trees in Banaswadi [PHONE],General Consumer Services,P Nagendra /DYRFO,Banaswadi,,,,,2025-06-16 10:28:00.000000000,Closed
20768296,INDIAN_OPENCITY_BBMP,20768296,Garbage dump in Hosahalli Closed,General Consumer Services,Marshal Ward No 124/Marshal,Hosahalli,,,,,2025-06-17 10:37:00.000000000,Closed
20768118,INDIAN_OPENCITY_BBMP,20768118,Garbage vehicle not arrived in Uttarahalli Clear,General Consumer Services,Marshal Ward No 184/Marshal,Uttarahalli,,,,,2025-06-17 09:11:00.000000000,Closed
20770612,INDIAN_OPENCITY_BBMP,20770612,Increase in mosquito density in Gottigere Field inspection assigned to SHI officer.,General Consumer Services,Ramesh Chimmalagi/SHI,Gottigere,,,,,2025-06-19 09:02:00.000000000,In Progress
20771038,INDIAN_OPENCITY_BBMP,20771038,Garbage dump in BTM Layout Field inspection assigned to Marshal officer.,General Consumer Services,Marshal Ward No 176/Marshal,BTM Layout,,,,,2025-06-19 01:03:00.000000000,Registered
20769819,INDIAN_OPENCITY_BBMP,20769819,TEC in Bellandur Field inspection assigned to AE officer.,General Consumer Services,Mohammed Liyaqut ali/AE,Bellandur,,,,,2025-06-18 01:19:00.000000000,Registered
20762323,INDIAN_OPENCITY_BBMP,20762323,Road side drains in Jakkur Field inspection assigned to AE officer.,General Consumer Services,Manthesh/AE,Jakkur,,,,,2025-06-12 11:11:00.000000000,Registered
20763825,INDIAN_OPENCITY_BBMP,20763825,Burning of Garbage in Open Space in Vasanthapura Cleared,General Consumer Services,Marshal Ward No 197/Marshal,Vasanthapura,,,,,2025-06-13 12:25:00.000000000,Closed
20770299,INDIAN_OPENCITY_BBMP,20770299,Removal of dead/fallen trees in Kacharakanahalli Field inspection assigned to DYRFO officer.,General Consumer Services,P Nagendra /DYRFO,Kacharakanahalli,,,,,2025-06-18 08:38:00.000000000,Registered
20763847,INDIAN_OPENCITY_BBMP,20763847,Dead animal(s) in Lingarajapuram Clear,General Consumer Services,JHI Ward 49/JHI,Lingarajapuram,,,,,2025-06-13 12:40:00.000000000,Closed
20765921,INDIAN_OPENCITY_BBMP,20765921,Animal Rescue - Not well - Requires attention in Ramamurthy Nagar Complaint attended,General Consumer Services,Smt Jahanar Ameer/VI,Ramamurthy Nagar,,,,,2025-06-15 09:42:00.000000000,Closed
20769657,INDIAN_OPENCITY_BBMP,20769657,Road side drains in Sampangiram Nagar Field inspection assigned to AE officer.,General Consumer Services,Chandhan/AE,Sampangiram Nagar,,,,,2025-06-18 11:31:00.000000000,Registered
20768594,INDIAN_OPENCITY_BBMP,20768594,Garbage dump in Devasandra Clear,General Consumer Services,Marshal Ward No 55/Marshal,Devasandra,,,,,2025-06-17 01:25:00.000000000,Closed
20768138,INDIAN_OPENCITY_BBMP,20768138,Garbage vehicle not arrived in Hoodi Vehicle arrived in the area and collected the garbage,General Consumer Services,Marshal Ward No 54/Marshal,Hoodi,,,,,2025-06-17 09:25:00.000000000,Closed
20765531,INDIAN_OPENCITY_BBMP,20765531,Flex and banners in Aramane Nagar Field inspection assigned to ARO officer.,General Consumer Services,ARO/ARO,Aramane Nagar,,,,,2025-06-14 06:21:00.000000000,Registered
20767902,INDIAN_OPENCITY_BBMP,20767902,Stray dog related complaints in Vannarpet Field inspection assigned to VI officer.,General Consumer Services,Chandrika B R/VI,Vannarpet,,,,,2025-06-16 09:24:00.000000000,In Progress
20763860,INDIAN_OPENCITY_BBMP,20763860,Other Khata / ekhata issues in Begur ನಿಯಮಾನುಸಾರ ಕ್ರಮ ಕೈಗೊಳ್ಳಲಾಗುವುದು,General Consumer Services,Narasimhulu/ARO,Begur,,,,,2025-06-13 12:45:00.000000000,Closed
20766684,INDIAN_OPENCITY_BBMP,20766684,Garbage transfer not as per norms & area not kept clean in Giri Nagar Forwarded Task,General Consumer Services,Marshal Ward No 162/Marshal,Giri Nagar,,,,,2025-06-16 07:43:00.000000000,Registered
20768038,INDIAN_OPENCITY_BBMP,20768038,Stray/Rabid dog bite in A.Narayanapura Field inspection assigned to VI officer.,General Consumer Services,Smt Jahanar Ameer/VI,A.Narayanapura,,,,,2025-06-17 07:59:00.000000000,Registered
20764152,INDIAN_OPENCITY_BBMP,20764152,"Khata Services (Registration, Transfer, Bifurcation and Amalgamation) in Bellandur Application is verified and updated",General Consumer Services,DEEPASHREE M R/ARO,Bellandur,,,,,2025-06-13 04:02:00.000000000,Closed
20763573,INDIAN_OPENCITY_BBMP,20763573,Removal of dead/fallen trees in Arakere Resolved,General Consumer Services,Narendra Babu/RFO,Arakere,,,,,2025-06-13 10:35:00.000000000,Closed
20771351,INDIAN_OPENCITY_BBMP,20771351,Garbage vehicle not arrived in Maruthi Mandira Ward Field inspection assigned to Marshal officer.,General Consumer Services,Marshal Ward No 126/Marshal,Maruthi Mandira Ward,,,,,2025-06-19 05:27:00.000000000,Registered
20764067,INDIAN_OPENCITY_BBMP,20764067,Dengue positive in Hemmigepura Field inspection assigned to SHI officer.,General Consumer Services,Ravichandrachari T.K/SHI,Hemmigepura,,,,,2025-06-13 03:14:00.000000000,Registered
20764015,INDIAN_OPENCITY_BBMP,20764015,"Potholes in Rajarajeshwari Nagar It's not a pothole, work done by bwssb department,",General Consumer Services,Siddaramaiah/AE,Rajarajeshwari Nagar,,,,,2025-06-13 02:47:00.000000000,Closed
20762668,INDIAN_OPENCITY_BBMP,20762668,Garbage thrown in storm water drain in Yeshwanthpur Forwarded Task,General Consumer Services,Aveesh/AE,Yeshwanthpur,,,,,2025-06-12 02:23:00.000000000,Registered
20765641,INDIAN_OPENCITY_BBMP,20765641,Potholes in Jaraganahalli Field inspection assigned to AE officer.,General Consumer Services,Narasimha Murthy/AE,Jaraganahalli,,,,,2025-06-14 08:11:00.000000000,Registered
20765087,INDIAN_OPENCITY_BBMP,20765087,Debris Removal / Construction Material in Vasanthapura .,General Consumer Services,venkat malavaiya /AE,Vasanthapura,,,,,2025-06-14 11:42:00.000000000,Closed
20768568,INDIAN_OPENCITY_BBMP,20768568,Unsafe Hoardings in Rajarajeshwari Nagar Field inspection assigned to ARO officer.,General Consumer Services,Venkatappa D/ARO,Rajarajeshwari Nagar,,,,,2025-06-17 01:12:00.000000000,Registered
20771390,INDIAN_OPENCITY_BBMP,20771390,obstructions Branches / Trees. in Jayangar Field inspection assigned to DYRFO officer.,General Consumer Services,B.B Meti/DYRFO,Jayangar,,,,,2025-06-19 05:52:00.000000000,Registered
20771190,INDIAN_OPENCITY_BBMP,20771190,Garbage vehicle not arrived in Jakkur Field inspection assigned to Marshal officer.,General Consumer Services,Marshal Ward No 05/Marshal,Jakkur,,,,,2025-06-19 02:58:00.000000000,In Progress
20766213,INDIAN_OPENCITY_BBMP,20766213,Garbage dump in Sudduguntepalya Cleared,General Consumer Services,Marshal Ward No 152/Marshal,Sudduguntepalya,,,,,2025-06-15 02:20:00.000000000,Closed
20763347,INDIAN_OPENCITY_BBMP,20763347,Removal of dead/fallen trees in Domlur [PHONE],General Consumer Services,Thimmappa/DYRFO,Domlur,,,,,2025-06-13 08:26:00.000000000,Closed
20770119,INDIAN_OPENCITY_BBMP,20770119,Garbage vehicle not arrived in Hampi Nagar Field inspection assigned to Marshal officer.,General Consumer Services,Marshal Ward No 133/Marshal,Hampi Nagar,,,,,2025-06-18 06:00:00.000000000,Registered
20762739,INDIAN_OPENCITY_BBMP,20762739,Road Infrastructure in Bellandur AS WE ARE DOING MILLING OF EXISTING ROAD SURFACE BECAUSE OF RAIN WEATHER WE ARE AWAITING ... SHORTLY WE WILL LAY DBM ASPHALT IN THIS REACH SERVICE ROAD FROM DB HALLI TO BELLANDUR,General Consumer Services,Subhash Patil/AE,Bellandur,,,,,2025-06-12 03:06:00.000000000,Closed
20765917,INDIAN_OPENCITY_BBMP,20765917,Animal Cruelty/Ill-Treated / Abused in Bellandur Complaint attended,General Consumer Services,B K Ashwath Narayan/VI,Bellandur,,,,,2025-06-15 09:35:00.000000000,Closed
20769278,INDIAN_OPENCITY_BBMP,20769278,Debris Removal / Construction Material in Rajaji Nagar Field inspection assigned to AE officer.,General Consumer Services,Subash Patel/AE,Rajaji Nagar,,,,,2025-06-18 07:46:00.000000000,Registered
20762261,INDIAN_OPENCITY_BBMP,20762261,Road side drains in Doddanekkundi Forwarded Task,General Consumer Services,C Rachipa/AE,Doddanekkundi,,,,,2025-06-12 10:46:00.000000000,Registered
20766239,INDIAN_OPENCITY_BBMP,20766239,Garbage transfer not as per norms & area not kept clean in Hemmigepura Field inspection assigned to Marshal officer.,General Consumer Services,Marshal Ward No 198/Marshal,Hemmigepura,,,,,2025-06-15 03:03:00.000000000,Registered
20767956,INDIAN_OPENCITY_BBMP,20767956,shifting of the street dogs to other places in Bilekahalli We can't relocate the dog as per bbmp 2024 rules. (Counseling),General Consumer Services,Uday Kulkarni/VI,Bilekahalli,,,,,2025-06-16 10:46:00.000000000,Closed
20767040,INDIAN_OPENCITY_BBMP,20767040,Mutton/Chicken/fish stall Unhygienic maintenance in Sagayapuram Field inspection assigned to VI officer.,General Consumer Services,V Srinivas/VI,Sagayapuram,,,,,2025-06-16 11:09:00.000000000,Registered
20767314,INDIAN_OPENCITY_BBMP,20767314,Other Khata / ekhata issues in Hoodi Clarification given,General Consumer Services,Sridhar/ARO,Hoodi,,,,,2025-06-16 01:12:00.000000000,Closed
20766910,INDIAN_OPENCITY_BBMP,20766910,Garbage dump in Hosakerehalli Clear,General Consumer Services,Marshal Ward No 161/Marshal,Hosakerehalli,,,,,2025-06-16 10:21:00.000000000,Closed
20769963,INDIAN_OPENCITY_BBMP,20769963,obstructions Branches / Trees. in Shettyhalli Field inspection assigned to DYRFO officer.,General Consumer Services,Rajappa/DYRFO,Shettyhalli,,,,,2025-06-18 03:23:00.000000000,Registered
20764632,INDIAN_OPENCITY_BBMP,20764632,Garbage dump in Kacharakanahalli Debris clearance need to be done from engineering department and forest,General Consumer Services,Salah Ud Din/Division Supervisor,Kacharakanahalli,,,,,2025-06-13 10:14:00.000000000,Closed
20762145,INDIAN_OPENCITY_BBMP,20762145,Potholes in Sagayapuram Cleared,General Consumer Services,Basavaraj/AE,Sagayapuram,,,,,2025-06-12 09:43:00.000000000,Closed
20768611,INDIAN_OPENCITY_BBMP,20768611,Potholes in Someshwara Field inspection assigned to Customer Support Representative officer.,General Consumer Services,BBMP Whatsapp/Customer Support Representative,Someshwara,,,,,2025-06-17 01:43:00.000000000,Non Relevant
20769289,INDIAN_OPENCITY_BBMP,20769289,Garbage vehicle not arrived in Garudacharpalya Field inspection assigned to Marshal officer.,General Consumer Services,Marshal Ward No 82/Marshal,Garudacharpalya,,,,,2025-06-18 07:54:00.000000000,Registered
20768368,INDIAN_OPENCITY_BBMP,20768368,Garbage vehicle not arrived in Kadugondanahalli No one came and Still there is garbage dump in the street. And number is not reachable too,General Consumer Services,Salah Ud Din/Division Supervisor,Kadugondanahalli,,,,,2025-06-17 11:13:00.000000000,ReOpen
20770770,INDIAN_OPENCITY_BBMP,20770770,Animal birth control/neutering of stray dogs in HBR Layout Field inspection assigned to VI officer.,General Consumer Services,Chandrashekar/VI,HBR Layout,,,,,2025-06-19 10:43:00.000000000,Registered
20771312,INDIAN_OPENCITY_BBMP,20771312,"Khata Services (Registration, Transfer, Bifurcation and Amalgamation) in Malleshwaram Field inspection assigned to ARO officer.",General Consumer Services,Raj Kumar /ARO,Malleshwaram,,,,,2025-06-19 04:30:00.000000000,Registered
20762844,INDIAN_OPENCITY_BBMP,20762844,Garbage dumping in vacant sites in Jakkur Cleard,General Consumer Services,Marshal Ward No 05/Marshal,Jakkur,,,,,2025-06-12 04:32:00.000000000,Closed
20765941,INDIAN_OPENCITY_BBMP,20765941,UnAuthorised Constructions in Garudacharpalya Complaint forwarded as per the chief commissioner order dated 18/10/2024 for necessary action,General Consumer Services,Muniyappa/AE,Garudacharpalya,,,,,2025-06-15 10:05:00.000000000,Registered
20770167,INDIAN_OPENCITY_BBMP,20770167,Stray dog related complaints in Thanisandra Field inspection assigned to VI officer.,General Consumer Services,Narayan Reddy/VI,Thanisandra,,,,,2025-06-18 06:45:00.000000000,Registered
20766904,INDIAN_OPENCITY_BBMP,20766904,Garbage dump in J.P.Park Cleared,General Consumer Services,Marshal Ward No 17/Marshal,J.P.Park,,,,,2025-06-16 10:19:00.000000000,Closed
20767357,INDIAN_OPENCITY_BBMP,20767357,Garbage dump in Mahalakshmipuram From now on they'll won't dump it in front your house sir,General Consumer Services,Marshal Ward No 68/Marshal,Mahalakshmipuram,,,,,2025-06-16 01:40:00.000000000,Closed
20764631,INDIAN_OPENCITY_BBMP,20764631,Garbage dumping in vacant sites in C.V.Raman Nagar Cleared thank you,General Consumer Services,Marshal Ward No 57/Marshal,C.V.Raman Nagar,,,,,2025-06-13 10:13:00.000000000,Closed
20769342,INDIAN_OPENCITY_BBMP,20769342,Garbage vehicle not arrived in C.V.Raman Nagar Cleared thank you,General Consumer Services,Marshal Ward No 57/Marshal,C.V.Raman Nagar,,,,,2025-06-18 08:48:00.000000000,Closed
20767297,INDIAN_OPENCITY_BBMP,20767297,Encroachment in Doddanekkundi Field inspection assigned to ARO officer.,General Consumer Services,Lalitha/ARO,Doddanekkundi,,,,,2025-06-16 01:05:00.000000000,Registered
20770780,INDIAN_OPENCITY_BBMP,20770780,Garbage dumping in vacant sites in Sunkenahalli Field inspection assigned to Marshal officer.,General Consumer Services,Marshal Ward No 142/Marshal,Sunkenahalli,,,,,2025-06-19 10:50:00.000000000,Registered
20767907,INDIAN_OPENCITY_BBMP,20767907,TEC in Benniganahalli Field inspection assigned to AE officer.,General Consumer Services,Mohammed Liyaqut ali/AE,Benniganahalli,,,,,2025-06-16 09:33:00.000000000,Registered
20767555,INDIAN_OPENCITY_BBMP,20767555,"Ekhata missing in online in Jakkasandra Please contact 173 ward accountant Mrs. Madalambike, SDC",General Consumer Services,bharathi/ARO,Jakkasandra,,,,,2025-06-16 04:27:00.000000000,Closed
20769157,INDIAN_OPENCITY_BBMP,20769157,Garbage dump in Kushal Nagar Forwarded Task,General Consumer Services,Marshal Ward No 31/Marshal,Kushal Nagar,,,,,2025-06-17 09:45:00.000000000,Registered
20765431,INDIAN_OPENCITY_BBMP,20765431,obstructions Branches / Trees. in Hanumantha Nagar Field inspection assigned to DYRFO officer.,General Consumer Services,Shivanna T.C/DYRFO,Hanumantha Nagar,,,,,2025-06-14 04:26:00.000000000,Registered
20770151,INDIAN_OPENCITY_BBMP,20770151,Potholes in Hosahalli Field inspection assigned to AE officer.,General Consumer Services,AE Ward 124/AE,Hosahalli,,,,,2025-06-18 06:34:00.000000000,Registered
20771494,INDIAN_OPENCITY_BBMP,20771494,Removal of dead/fallen trees in Pulikeshi Nagar Field inspection assigned to DYRFO officer.,General Consumer Services,Thimmappa/DYRFO,Pulikeshi Nagar,,,,,2025-06-19 07:16:00.000000000,Registered
20764988,INDIAN_OPENCITY_BBMP,20764988,Garbage dump in Benniganahalli Complaint got cleared,General Consumer Services,Marshal Ward No 50/Marshal,Benniganahalli,,,,,2025-06-14 10:52:00.000000000,Closed
20765504,INDIAN_OPENCITY_BBMP,20765504,obstructions Branches / Trees. in Ganga Nagar Forwarded Task,General Consumer Services,P Nagendra /DYRFO,Ganga Nagar,,,,,2025-06-14 05:43:00.000000000,Registered
20769404,INDIAN_OPENCITY_BBMP,20769404,Garbage vehicle not arrived in Vannarpet Field inspection assigned to Marshal officer.,General Consumer Services,Marshal Ward No 115/Marshal,Vannarpet,,,,,2025-06-18 09:28:00.000000000,Registered
20762307,INDIAN_OPENCITY_BBMP,20762307,Technical Issue In Ekhata in Basavanapura For the said KRSID the ePID No. is 2505982792. The endorsement on the same can be downloaded from the citizen login.,General Consumer Services,Amar/RI,Basavanapura,,,,,2025-06-12 11:05:00.000000000,Closed
20770699,INDIAN_OPENCITY_BBMP,20770699,Garbage dumping in vacant sites in Thanisandra Cleard,General Consumer Services,Marshal Ward No 06/Marshal,Thanisandra,,,,,2025-06-19 10:08:00.000000000,Closed
20768310,INDIAN_OPENCITY_BBMP,20768310,Garbage vehicle not arrived in Mathikere Complaint clear,General Consumer Services,Marshal Ward No 36/Marshal,Mathikere,,,,,2025-06-17 10:45:00.000000000,Closed
20770722,INDIAN_OPENCITY_BBMP,20770722,Animal birth control/neutering of stray dogs in Vignana Nagar Field inspection assigned to VI officer.,General Consumer Services,Smt Jahanar Ameer/VI,Vignana Nagar,,,,,2025-06-19 10:21:00.000000000,Registered
20762232,INDIAN_OPENCITY_BBMP,20762232,Maintenance of SWD in Kadugondanahalli Field inspection assigned to AE officer.,General Consumer Services,Samatha/AE,Kadugondanahalli,,,,,2025-06-12 10:34:00.000000000,Registered
20763605,INDIAN_OPENCITY_BBMP,20763605,Debris Removal / Construction Material in HBR Layout Update soon,General Consumer Services,Shivandaiah/AE,HBR Layout,,,,,2025-06-13 10:51:00.000000000,Closed
20768255,INDIAN_OPENCITY_BBMP,20768255,Dead animal(s) in Gali Anjaneya Swamy Temple Ward Field inspection assigned to JHI officer.,General Consumer Services,Muniraju/JHI,Gali Anjaneya Swamy Temple Ward,,,,,2025-06-17 10:16:00.000000000,Registered
20770856,INDIAN_OPENCITY_BBMP,20770856,Garbage dump in Azad Nagar Complainant cleared,General Consumer Services,Marshal Ward No 141/Marshal,Azad Nagar,,,,,2025-06-19 11:29:00.000000000,Closed
20762108,INDIAN_OPENCITY_BBMP,20762108,Dead animal(s) in K.R.Puram Attend,General Consumer Services,Jagadish/JHI,K.R.Puram,,,,,2025-06-12 09:13:00.000000000,Closed
20761976,INDIAN_OPENCITY_BBMP,20761976,Burning of Garbage in Open Space in K.R.Market Close,General Consumer Services,Marshal Ward No 139/Marshal,K.R.Market,,,,,2025-06-12 06:11:00.000000000,Closed
20764643,INDIAN_OPENCITY_BBMP,20764643,Garbage dump in Sagayapuram Clera sir,General Consumer Services,Marshal Ward No 60/Marshal,Sagayapuram,,,,,2025-06-13 10:23:00.000000000,Closed
20764717,INDIAN_OPENCITY_BBMP,20764717,obstructions Branches / Trees. in Hegganahalli it is not considered,General Consumer Services,Rajappa/DYRFO,Hegganahalli,,,,,2025-06-14 07:01:00.000000000,Closed
20763736,INDIAN_OPENCITY_BBMP,20763736,Garbage dump in Nagarabhavi Cleared,General Consumer Services,Marshal Ward No 128/Marshal,Nagarabhavi,,,,,2025-06-13 11:36:00.000000000,Closed
20768949,INDIAN_OPENCITY_BBMP,20768949,Garbage dump in Dodda Bidarkallu Complaint cleared,General Consumer Services,Marshal Ward No 40/Marshal,Dodda Bidarkallu,,,,,2025-06-17 06:57:00.000000000,Closed
20764990,INDIAN_OPENCITY_BBMP,20764990,Sweeping not done in Hampi Nagar Field inspection assigned to JHI officer.,General Consumer Services,Kavitha/JHI,Hampi Nagar,,,,,2025-06-14 10:54:00.000000000,Registered
20770361,INDIAN_OPENCITY_BBMP,20770361,Animal birth control/neutering of stray dogs in Varthur Field inspection assigned to VI officer.,General Consumer Services,B K Ashwath Narayan/VI,Varthur,,,,,2025-06-18 09:37:00.000000000,Registered
20762101,INDIAN_OPENCITY_BBMP,20762101,Removal of dead/fallen trees in Benniganahalli 73488 25779,General Consumer Services,Thimmappa/DYRFO,Benniganahalli,,,,,2025-06-12 09:06:00.000000000,Closed
20768724,INDIAN_OPENCITY_BBMP,20768724,Road Infrastructure in Kadugodi Field inspection assigned to AE officer.,General Consumer Services,Veeresh Balagnur/AE,Kadugodi,,,,,2025-06-17 03:32:00.000000000,Registered
20768031,INDIAN_OPENCITY_BBMP,20768031,Animal Rescue - Not well - Requires attention in Garudacharpalya Complaint attended,General Consumer Services,B K Ashwath Narayan/VI,Garudacharpalya,,,,,2025-06-17 07:53:00.000000000,Closed
20768456,INDIAN_OPENCITY_BBMP,20768456,Garbage vehicle not arrived in Kadugondanahalli Cleared,General Consumer Services,Marshal Ward No 30/Marshal,Kadugondanahalli,,,,,2025-06-17 11:54:00.000000000,Closed
20763691,INDIAN_OPENCITY_BBMP,20763691,Maintenance of SWD in Dodda Bidarkallu Field inspection assigned to AE officer.,General Consumer Services,Aveesh/AE,Dodda Bidarkallu,,,,,2025-06-13 11:21:00.000000000,Registered
20765826,INDIAN_OPENCITY_BBMP,20765826,Fatally injured - Needs immediate attention in Ramamurthy Nagar Complaint attended,General Consumer Services,Smt Jahanar Ameer/VI,Ramamurthy Nagar,,,,,2025-06-15 07:51:00.000000000,Closed
20764568,INDIAN_OPENCITY_BBMP,20764568,Garbage dump in Benniganahalli .,General Consumer Services,Marshal Ward No 50/Marshal,Benniganahalli,,,,,2025-06-13 09:18:00.000000000,Closed
20771257,INDIAN_OPENCITY_BBMP,20771257,Garbage dumping in vacant sites in Hagadooru Clear,General Consumer Services,Marshal Ward No 84/Marshal,Hagadooru,,,,,2025-06-19 03:40:00.000000000,Closed
20762188,INDIAN_OPENCITY_BBMP,20762188,Potholes in Singasandra Field inspection assigned to Customer Support Representative officer.,General Consumer Services,BBMP Whatsapp/Customer Support Representative,Singasandra,,,,,2025-06-12 10:10:00.000000000,Non Relevant
20764546,INDIAN_OPENCITY_BBMP,20764546,Garbage dump in Kottigepalya Cley,General Consumer Services,Marshal Ward No 73/Marshal,Kottigepalya,,,,,2025-06-13 08:53:00.000000000,Closed
20762623,INDIAN_OPENCITY_BBMP,20762623,Anti Rabies Vaccination of stray dogs in Bellandur We are doing vaccination ward by ward when we come to your ward we will do it,General Consumer Services,B K Ashwath Narayan/VI,Bellandur,,,,,2025-06-12 01:43:00.000000000,Closed
20768768,INDIAN_OPENCITY_BBMP,20768768,Garbage dump in Vasanth Nagar Pks collected garbage,General Consumer Services,Marshal Ward No 93/Marshal,Vasanth Nagar,,,,,2025-06-17 04:15:00.000000000,Closed
20770571,INDIAN_OPENCITY_BBMP,20770571,Garbage dump in Hagadooru Cleared,General Consumer Services,Marshal Ward No 84/Marshal,Hagadooru,,,,,2025-06-19 08:33:00.000000000,Closed
20771100,INDIAN_OPENCITY_BBMP,20771100,Garbage vehicle not arrived in Herohalli Garbage vehicle has been sent to door collection,General Consumer Services,Marshal Ward No 72/Marshal,Herohalli,,,,,2025-06-19 01:42:00.000000000,Closed
20769362,INDIAN_OPENCITY_BBMP,20769362,Footpath in Giri Nagar Resolved,General Consumer Services,AE Ward 162/AE,Giri Nagar,,,,,2025-06-18 09:03:00.000000000,Closed
20770710,INDIAN_OPENCITY_BBMP,20770710,Road side drains in Thanisandra Field inspection assigned to AE officer.,General Consumer Services,Suresh Devataraju/AE,Thanisandra,,,,,2025-06-19 10:17:00.000000000,Registered
20770765,INDIAN_OPENCITY_BBMP,20770765,Garbage dump in Yelahanka old Satellite Town Complaint attended,General Consumer Services,Marshal Ward No 04/Marshal,Yelahanka old Satellite Town,,,,,2025-06-19 10:39:00.000000000,Closed
20765851,INDIAN_OPENCITY_BBMP,20765851,Lake fencing damaged in Jakkur Field inspection assigned to AE officer.,General Consumer Services,Latif miyan/AE,Jakkur,,,,,2025-06-15 08:22:00.000000000,Registered
20765889,INDIAN_OPENCITY_BBMP,20765889,Public dustbins not cleaned in Kadugodi Clear,General Consumer Services,Marshal Ward No 83/Marshal,Kadugodi,,,,,2025-06-15 09:06:00.000000000,Closed
20765333,INDIAN_OPENCITY_BBMP,20765333,Stray dog related complaints in Doddanekkundi No reloction of dogs can be done as per supreme court order,General Consumer Services,B K Ashwath Narayan/VI,Doddanekkundi,,,,,2025-06-14 02:26:00.000000000,Closed
20767234,INDIAN_OPENCITY_BBMP,20767234,Sweeping not done in Yelachenahalli Field inspection assigned to JHI officer.,General Consumer Services,Santhos/JHI,Yelachenahalli,,,,,2025-06-16 12:24:00.000000000,Registered
20770527,INDIAN_OPENCITY_BBMP,20770527,obstructions Branches / Trees. in Hampi Nagar Field inspection assigned to DYRFO officer.,General Consumer Services,Shivanna T.C/DYRFO,Hampi Nagar,,,,,2025-06-19 07:43:00.000000000,Registered
20769781,INDIAN_OPENCITY_BBMP,20769781,Maintenance of SWD in Kadugodi Field inspection assigned to AE officer.,General Consumer Services,Prashanth/AE,Kadugodi,,,,,2025-06-18 12:42:00.000000000,Registered
20764626,INDIAN_OPENCITY_BBMP,20764626,Garbage dump in Pattabhiram Nagar Cleqr,General Consumer Services,Marshal Ward No 168/Marshal,Pattabhiram Nagar,,,,,2025-06-13 10:08:00.000000000,Closed
20765427,INDIAN_OPENCITY_BBMP,20765427,Garbage dumping in vacant sites in J.P.Park Cleared,General Consumer Services,Marshal Ward No 17/Marshal,J.P.Park,,,,,2025-06-14 04:24:00.000000000,Closed
20767785,INDIAN_OPENCITY_BBMP,20767785,Stray dog related complaints in Mangammanapalya Field inspection assigned to VI officer.,General Consumer Services,Krishnaiah/VI,Mangammanapalya,,,,,2025-06-16 07:36:00.000000000,Registered
20770747,INDIAN_OPENCITY_BBMP,20770747,Stray dog related complaints in HBR Layout Field inspection assigned to VI officer.,General Consumer Services,Chandrashekar/VI,HBR Layout,,,,,2025-06-19 10:32:00.000000000,Registered
20770482,INDIAN_OPENCITY_BBMP,20770482,water leakage on road in Giri Nagar Field inspection assigned to AE officer.,General Consumer Services,AE Ward 162/AE,Giri Nagar,,,,,2025-06-19 06:39:00.000000000,Registered
20764728,INDIAN_OPENCITY_BBMP,20764728,Garbage vehicle not arrived in Kadugodi Clear,General Consumer Services,Marshal Ward No 83/Marshal,Kadugodi,,,,,2025-06-14 07:12:00.000000000,Closed
20764908,INDIAN_OPENCITY_BBMP,20764908,Removal of dead/fallen trees in Sampangiram Nagar +91 90354 49535,General Consumer Services,P Nagendra /DYRFO,Sampangiram Nagar,,,,,2025-06-14 10:05:00.000000000,Closed
20770829,INDIAN_OPENCITY_BBMP,20770829,shifting of the street dogs to other places in Puttenahalli We can't relocate the dog as per bbmp 2024 rules.,General Consumer Services,Uday Kulkarni/VI,Puttenahalli,,,,,2025-06-19 11:17:00.000000000,Closed
20766677,INDIAN_OPENCITY_BBMP,20766677,Removal of dead/fallen trees in Jayachamarajendra Nagar Field inspection assigned to DYRFO officer.,General Consumer Services,P Nagendra /DYRFO,Jayachamarajendra Nagar,,,,,2025-06-16 07:31:00.000000000,Registered
20767543,INDIAN_OPENCITY_BBMP,20767543,"Khata Services (Registration, Transfer, Bifurcation and Amalgamation) in Kadugodi this file under process or meet ward 83 revenue inspector",General Consumer Services,Santhos Kumar/ARO,Kadugodi,,,,,2025-06-16 04:22:00.000000000,Closed
20762785,INDIAN_OPENCITY_BBMP,20762785,Removal of dead/fallen trees in Vasanth Nagar Field inspection assigned to DYRFO officer.,General Consumer Services,P Nagendra /DYRFO,Vasanth Nagar,,,,,2025-06-12 04:10:00.000000000,Registered
20762224,INDIAN_OPENCITY_BBMP,20762224,Potholes in Hongasandra Work in progress,General Consumer Services,Giridhar/AE,Hongasandra,,,,,2025-06-12 10:30:00.000000000,Closed
20765963,INDIAN_OPENCITY_BBMP,20765963,Debris Removal / Construction Material in Rajamahal Forwarded Task,General Consumer Services,Naveen/AE,Rajamahal,,,,,2025-06-15 10:25:00.000000000,Registered
20771397,INDIAN_OPENCITY_BBMP,20771397,Use of banned single use plastic in Rajarajeshwari Nagar Field inspection assigned to SHI officer.,General Consumer Services,Manjunath/SHI,Rajarajeshwari Nagar,,,,,2025-06-19 05:54:00.000000000,Registered
20768874,INDIAN_OPENCITY_BBMP,20768874,Others in Hagadooru Forwarded Task,General Consumer Services,BBMP Whatsapp/Customer Support Representative,Hagadooru,,,,,2025-06-17 05:51:00.000000000,Registered
20762635,INDIAN_OPENCITY_BBMP,20762635,Issues Related to Parks/Medians/Circles/Island. in Banaswadi Field inspection assigned to HS officer.,General Consumer Services,Om Prakash/HS,Banaswadi,,,,,2025-06-12 01:56:00.000000000,Registered
20765570,INDIAN_OPENCITY_BBMP,20765570,Garbage vehicle not arrived in Visvesvarapuram Clear,General Consumer Services,Marshal Ward No 143/Marshal,Visvesvarapuram,,,,,2025-06-14 06:55:00.000000000,Closed
20762753,INDIAN_OPENCITY_BBMP,20762753,Road cutting in Sudduguntepalya Complaint. Attend,General Consumer Services,AE Ward 152/AE,Sudduguntepalya,,,,,2025-06-12 03:14:00.000000000,Closed
20762908,INDIAN_OPENCITY_BBMP,20762908,Others in Rajarajeshwari Nagar Forwarded Task,General Consumer Services,BBMP Whatsapp/Customer Support Representative,Rajarajeshwari Nagar,,,,,2025-06-12 05:24:00.000000000,Registered
20763392,INDIAN_OPENCITY_BBMP,20763392,Potholes in Singasandra Action initiated,General Consumer Services,Yuva Kumar/AE,Singasandra,,,,,2025-06-13 09:00:00.000000000,Closed
20762595,INDIAN_OPENCITY_BBMP,20762595,Ekhata missing in online in Jnanabharathi Ward ಅರ್ಜಿದಾರರಿಗೆ ದೂರವಾಣಿ ಮೂಲಕ ತಮ್ಮ ದಾಖಲೆಗಳಿಗೆ ಸಂಬಂಧಿಸಿದಂತೆ ಮ್ಯಾನುಯಲ್‌ ಖಾತೆ ಪಡೆದಿರುವ ಬಗ್ಗೆ ದಾಖಲೆಗಳನ್ನು ಕಚೇರಿಯಲ್ಲಿ ಬಂದು ಪರಿಶೀಲಿಸಿಕೊಳ್ಳಲು ತಿಳಿಸಲಾಗಿದೆ,General Consumer Services,S SURESH/ARO,Jnanabharathi Ward,,,,,2025-06-12 01:26:00.000000000,Closed
20768185,INDIAN_OPENCITY_BBMP,20768185,Stray dog related complaints in Agrahara Dasarahalli Counselling Done,General Consumer Services,Anand G/VI,Agrahara Dasarahalli,,,,,2025-06-17 09:47:00.000000000,Closed
20763290,INDIAN_OPENCITY_BBMP,20763290,"Fatally injured - Needs immediate attention in Hampi Nagar Please contact Dr.D.N Srinath, ADAH, Mobile no:[PHONE]",General Consumer Services,Hanumantha raju/VI,Hampi Nagar,,,,,2025-06-13 07:15:00.000000000,Closed
20768765,INDIAN_OPENCITY_BBMP,20768765,Garbage dump in Nandini Layout Resolved this complaint,General Consumer Services,Marshal Ward No 43/Marshal,Nandini Layout,,,,,2025-06-17 04:12:00.000000000,Closed
20770141,INDIAN_OPENCITY_BBMP,20770141,Garbage dump in Pulikeshi Nagar Field inspection assigned to Marshal officer.,General Consumer Services,Marshal Ward No 78/Marshal,Pulikeshi Nagar,,,,,2025-06-18 06:26:00.000000000,Registered
20765912,INDIAN_OPENCITY_BBMP,20765912,"Removal of dead/fallen trees in Subedarapalya Please contact Area Supervisor, Suresh-[PHONE]",General Consumer Services,sudarshan/DYRFO,Subedarapalya,,,,,2025-06-15 09:31:00.000000000,Closed
20766953,INDIAN_OPENCITY_BBMP,20766953,Burning of Garbage in Open Space in Bellandur Attended,General Consumer Services,Marshal Ward No 150/Marshal,Bellandur,,,,,2025-06-16 10:35:00.000000000,Closed
20767578,INDIAN_OPENCITY_BBMP,20767578,obstructions Branches / Trees. in Sarvagna Nagar Field inspection assigned to DYRFO officer.,General Consumer Services,Thimmappa/DYRFO,Sarvagna Nagar,,,,,2025-06-16 04:51:00.000000000,Registered
20766307,INDIAN_OPENCITY_BBMP,20766307,Road Infrastructure in Jeevanbhima Nagar Field inspection assigned to AE officer.,General Consumer Services,Naveen.G/AE,Jeevanbhima Nagar,,,,,2025-06-15 04:56:00.000000000,Registered
20768016,INDIAN_OPENCITY_BBMP,20768016,Road side drains in Nandini Layout Field inspection assigned to Customer Support Representative officer.,General Consumer Services,BBMP Whatsapp/Customer Support Representative,Nandini Layout,,,,,2025-06-17 07:33:00.000000000,Non Relevant
20766170,INDIAN_OPENCITY_BBMP,20766170,Garbage dump in Begur This complaint belongs to engineering department,General Consumer Services,Marshal Ward No 192/Marshal,Begur,,,,,2025-06-15 01:29:00.000000000,Closed
20764153,INDIAN_OPENCITY_BBMP,20764153,Debris Removal / Construction Material in Laggere Field inspection assigned to AE officer.,General Consumer Services,Geethanjali /AE,Laggere,,,,,2025-06-13 04:02:00.000000000,Registered
20769556,INDIAN_OPENCITY_BBMP,20769556,Garbage dumping in vacant sites in Jayangar Field inspection assigned to Marshal officer.,General Consumer Services,Marshal Ward No 153/Marshal,Jayangar,,,,,2025-06-18 10:53:00.000000000,Registered
20762632,INDIAN_OPENCITY_BBMP,20762632,Ekhata Other corrections in Hagadooru as discuss with applicant he says that the issue raised to Revenue office,General Consumer Services,Santhos Kumar/ARO,Hagadooru,,,,,2025-06-12 01:53:00.000000000,Closed
20763853,INDIAN_OPENCITY_BBMP,20763853,Sweeping not done in Aramane Nagar Complaint is been resolved,General Consumer Services,Naveen Kumar/JHI,Aramane Nagar,,,,,2025-06-13 12:42:00.000000000,Closed
20766013,INDIAN_OPENCITY_BBMP,20766013,Awareness session / Request for a session in Madiwala Field inspection assigned to VI officer.,General Consumer Services,SURESH/VI,Madiwala,,,,,2025-06-15 11:13:00.000000000,Registered
20768330,INDIAN_OPENCITY_BBMP,20768330,Garbage dump in Marenahalli Cleared,General Consumer Services,Marshal Ward No 125/Marshal,Marenahalli,,,,,2025-06-17 10:53:00.000000000,Closed
20766068,INDIAN_OPENCITY_BBMP,20766068,Garbage dump in Agrahara Dasarahalli Cleared,General Consumer Services,Marshal Ward No 105/Marshal,Agrahara Dasarahalli,,,,,2025-06-15 11:58:00.000000000,Closed
20765753,INDIAN_OPENCITY_BBMP,20765753,Debris Removal / Construction Material in HSR Layout Debris removed,General Consumer Services,Ramegowda/AE,HSR Layout,,,,,2025-06-14 10:47:00.000000000,Closed
20770585,INDIAN_OPENCITY_BBMP,20770585,Potholes in Vignana Nagar Field inspection assigned to JE officer.,General Consumer Services,Keshav Murthy/JE,Vignana Nagar,,,,,2025-06-19 08:45:00.000000000,Registered
20771193,INDIAN_OPENCITY_BBMP,20771193,Garbage vehicle not arrived in Giri Nagar Field inspection assigned to Marshal officer.,General Consumer Services,Marshal Ward No 162/Marshal,Giri Nagar,,,,,2025-06-19 02:59:00.000000000,Registered
20769290,INDIAN_OPENCITY_BBMP,20769290,Garbage dump in Jnanabharathi Ward Clear,General Consumer Services,Marshal Ward No 129/Marshal,Jnanabharathi Ward,,,,,2025-06-18 07:57:00.000000000,Closed
20769832,INDIAN_OPENCITY_BBMP,20769832,Road side drains in Hemmigepura Field inspection assigned to AE officer.,General Consumer Services,Thimmaiya /AE,Hemmigepura,,,,,2025-06-18 01:27:00.000000000,Registered
20769718,INDIAN_OPENCITY_BBMP,20769718,Removal of dead/fallen trees in Banaswadi Field inspection assigned to DYRFO officer.,General Consumer Services,P Nagendra /DYRFO,Banaswadi,,,,,2025-06-18 12:05:00.000000000,Registered
20762993,INDIAN_OPENCITY_BBMP,20762993,Animal birth control/neutering of stray dogs in Marenahalli Complaint Closed,General Consumer Services,Anand G/VI,Marenahalli,,,,,2025-06-12 06:48:00.000000000,Closed
20767190,INDIAN_OPENCITY_BBMP,20767190,Road side drains in Vidyaranyapura Field inspection assigned to AE officer.,General Consumer Services,Archna/AE,Vidyaranyapura,,,,,2025-06-16 12:04:00.000000000,Registered
20771246,INDIAN_OPENCITY_BBMP,20771246,Dengue positive in Someshwara Field inspection assigned to Medical officer officer.,General Consumer Services,Dr Kavyashree M S /Medical officer,Someshwara,,,,,2025-06-19 03:34:00.000000000,Registered
20771665,INDIAN_OPENCITY_BBMP,20771665,Removal of dead/fallen trees in Gottigere Field inspection assigned to RFO officer.,General Consumer Services,Narendra Babu/RFO,Gottigere,,,,,2025-06-19 10:08:00.000000000,Registered
20767402,INDIAN_OPENCITY_BBMP,20767402,Garbage dump in Jayanagar East Cleared,General Consumer Services,Marshal Ward No 170/Marshal,Jayanagar East,,,,,2025-06-16 02:13:00.000000000,Closed
20763888,INDIAN_OPENCITY_BBMP,20763888,Garbage dump in HAL Airport Complaint clear,General Consumer Services,Marshal Ward No 87/Marshal,HAL Airport,,,,,2025-06-13 01:04:00.000000000,Closed
20765930,INDIAN_OPENCITY_BBMP,20765930,Removal of dead/fallen trees in Doddabommasandra Field inspection assigned to DYRFO officer.,General Consumer Services,Mutturaju KP/DYRFO,Doddabommasandra,,,,,2025-06-15 09:55:00.000000000,Registered
20762001,INDIAN_OPENCITY_BBMP,20762001,Garbage dump in Sarvagna Nagar Complaints cleared Sir,General Consumer Services,Marshal Ward No 79/Marshal,Sarvagna Nagar,,,,,2025-06-12 07:35:00.000000000,Closed
20766906,INDIAN_OPENCITY_BBMP,20766906,Debris Removal / Construction Material in Yelahanka old Satellite Town Field inspection assigned to AE officer.,General Consumer Services,AE Ward 004/AE,Yelahanka old Satellite Town,,,,,2025-06-16 10:20:00.000000000,Registered
20768613,INDIAN_OPENCITY_BBMP,20768613,Garbage vehicle not arrived in Hegganahalli Complaint clear sir,General Consumer Services,Marshal Ward No 71/Marshal,Hegganahalli,,,,,2025-06-17 01:44:00.000000000,Closed
20770562,INDIAN_OPENCITY_BBMP,20770562,water stagnation in C.V.Raman Nagar Field inspection assigned to AE officer.,General Consumer Services,Srinivas/AE,C.V.Raman Nagar,,,,,2025-06-19 08:20:00.000000000,Registered
20767035,INDIAN_OPENCITY_BBMP,20767035,Increase in mosquito density in Kammanahalli Field inspection assigned to SHI officer.,General Consumer Services,Hanumantappa/SHI,Kammanahalli,,,,,2025-06-16 11:07:00.000000000,Registered
20770818,INDIAN_OPENCITY_BBMP,20770818,Others in Ullalu Field inspection assigned to Customer Support Representative officer.,General Consumer Services,BBMP Whatsapp/Customer Support Representative,Ullalu,,,,,2025-06-19 11:13:00.000000000,Registered
20767125,INDIAN_OPENCITY_BBMP,20767125,Garbage vehicle not arrived in Hemmigepura Complete clear,General Consumer Services,Marshal Ward No 198/Marshal,Hemmigepura,,,,,2025-06-16 11:36:00.000000000,Closed
20765796,INDIAN_OPENCITY_BBMP,20765796,Public dustbins not cleaned in K.R.Market Close,General Consumer Services,Marshal Ward No 139/Marshal,K.R.Market,,,,,2025-06-15 06:54:00.000000000,Closed
20762647,INDIAN_OPENCITY_BBMP,20762647,Garbage vehicle not arrived in Hemmigepura as per citizen the complaint is not attended,General Consumer Services,Manohara H M/Division Supervisor,Hemmigepura,,,,,2025-06-12 02:05:00.000000000,ReOpen
20769853,INDIAN_OPENCITY_BBMP,20769853,Removal of dead/fallen trees in Hoysala Nagar Field inspection assigned to DYRFO officer.,General Consumer Services,Thimmappa/DYRFO,Hoysala Nagar,,,,,2025-06-18 01:36:00.000000000,Registered
20761974,INDIAN_OPENCITY_BBMP,20761974,Road Infrastructure in Jakkur Field inspection assigned to AE officer.,General Consumer Services,RI AE ward 5 to 11/AE,Jakkur,,,,,2025-06-12 05:29:00.000000000,Registered
20771317,INDIAN_OPENCITY_BBMP,20771317,Ekhata - name correction in Devasandra Field inspection assigned to ARO officer.,General Consumer Services,santhosh kumar ljari/ARO,Devasandra,,,,,2025-06-19 04:37:00.000000000,Registered
20762264,INDIAN_OPENCITY_BBMP,20762264,Removal of dead/fallen trees in Sanjay Nagar Field inspection assigned to DYRFO officer.,General Consumer Services,P Nagendra /DYRFO,Sanjay Nagar,,,,,2025-06-12 10:46:00.000000000,Registered
20766811,INDIAN_OPENCITY_BBMP,20766811,Garbage vehicle not arrived in Mahalakshmipuram We already sorted out this issue,General Consumer Services,Udas Gopal Thakarkar/Division Supervisor,Mahalakshmipuram,,,,,2025-06-16 09:44:00.000000000,Closed
20762579,INDIAN_OPENCITY_BBMP,20762579,Other Khata / ekhata issues in Arakere pls submit khta related documents,General Consumer Services,Somashekar/ARO,Arakere,,,,,2025-06-12 01:14:00.000000000,Closed
20766214,INDIAN_OPENCITY_BBMP,20766214,Debris Removal / Construction Material in Ganga Nagar Forwarded Task,General Consumer Services,Mohan Kumar /AE,Ganga Nagar,,,,,2025-06-15 02:21:00.000000000,Registered
20769381,INDIAN_OPENCITY_BBMP,20769381,Garbage vehicle not arrived in Peenya Industrial Area Forwarded Task,General Consumer Services,Marshal Ward No 41/Marshal,Peenya Industrial Area,,,,,2025-06-18 09:16:00.000000000,Registered
20770868,INDIAN_OPENCITY_BBMP,20770868,Others in Bellandur Field inspection assigned to Customer Support Representative officer.,General Consumer Services,BBMP Whatsapp/Customer Support Representative,Bellandur,,,,,2025-06-19 11:34:00.000000000,Registered
20766610,INDIAN_OPENCITY_BBMP,20766610,Footpath in Sanjay Nagar Field inspection assigned to AE officer.,General Consumer Services,Santhosh /AE,Sanjay Nagar,,,,,2025-06-15 11:02:00.000000000,Registered
20763418,INDIAN_OPENCITY_BBMP,20763418,Removal of dead/fallen trees in Shanthala Nagar cleared,General Consumer Services,Thimmappa/DYRFO,Shanthala Nagar,,,,,2025-06-13 09:19:00.000000000,Closed
20769709,INDIAN_OPENCITY_BBMP,20769709,Garbage dump in Sampangiram Nagar Field inspection assigned to Marshal officer.,General Consumer Services,Marshal Ward No 110/Marshal,Sampangiram Nagar,,,,,2025-06-18 12:00:00.000000000,Registered
20767141,INDIAN_OPENCITY_BBMP,20767141,Dengue positive in Hagadooru Attended,General Consumer Services,Prakash KN/SHI,Hagadooru,,,,,2025-06-16 11:40:00.000000000,Closed
20767803,INDIAN_OPENCITY_BBMP,20767803,Maintenance of SWD in Domlur Field inspection assigned to AE officer.,General Consumer Services,Vikranth/AE,Domlur,,,,,2025-06-16 07:50:00.000000000,Registered
20768040,INDIAN_OPENCITY_BBMP,20768040,Road side drains in Begur Field inspection assigned to Customer Support Representative officer.,General Consumer Services,BBMP Whatsapp/Customer Support Representative,Begur,,,,,2025-06-17 07:59:00.000000000,Non Relevant
20770871,INDIAN_OPENCITY_BBMP,20770871,Garbage dump in Arakere Forwarded Task,General Consumer Services,Marshal Ward No 193/Marshal,Arakere,,,,,2025-06-19 11:35:00.000000000,Registered
20768548,INDIAN_OPENCITY_BBMP,20768548,Other Khata / ekhata issues in Kadugodi as inform to you you have re submit the online application,General Consumer Services,Santhos Kumar/ARO,Kadugodi,,,,,2025-06-17 12:58:00.000000000,Closed
20771453,INDIAN_OPENCITY_BBMP,20771453,Dead animal(s) in Bellandur Field inspection assigned to JHI officer.,General Consumer Services,Harish V/JHI,Bellandur,,,,,2025-06-19 06:43:00.000000000,Registered
20765021,INDIAN_OPENCITY_BBMP,20765021,"Garbage dump in Shanthi Nagar Clear, debris related",General Consumer Services,Marshal Ward No 117/Marshal,Shanthi Nagar,,,,,2025-06-14 11:10:00.000000000,Closed
20763509,INDIAN_OPENCITY_BBMP,20763509,Garbage vehicle not arrived in Nagapura Close,General Consumer Services,Marshal Ward No 67/Marshal,Nagapura,,,,,2025-06-13 10:06:00.000000000,Closed
20764388,INDIAN_OPENCITY_BBMP,20764388,Animal Rescue - Not well - Requires attention in C.V.Raman Nagar Field inspection assigned to VI officer.,General Consumer Services,Chandrashekar/VI,C.V.Raman Nagar,,,,,2025-06-13 06:46:00.000000000,Registered
20765577,INDIAN_OPENCITY_BBMP,20765577,Noise during Building Construction in Vidyaranyapura Field inspection assigned to AE officer.,General Consumer Services,Srinivas BS/AE,Vidyaranyapura,,,,,2025-06-14 06:59:00.000000000,Registered
20764298,INDIAN_OPENCITY_BBMP,20764298,Road Infrastructure in Dr.Rajkumar Ward Foothpath work at progress it will be rectified,General Consumer Services,Sri.Ravi C Gudadappanvar/AE,Dr.Rajkumar Ward,,,,,2025-06-13 05:38:00.000000000,Closed
20761785,INDIAN_OPENCITY_BBMP,20761785,Others in Hebbal Field inspection assigned to Customer Support Representative officer.,General Consumer Services,BBMP Whatsapp/Customer Support Representative,Hebbal,,,,,2025-06-11 07:37:00.000000000,Registered
20762386,INDIAN_OPENCITY_BBMP,20762386,Garbage dumping in vacant sites in Dharmarayaswamy Temple Ward Clear,General Consumer Services,Marshal ward no 119/Marshal,Dharmarayaswamy Temple Ward,,,,,2025-06-12 11:39:00.000000000,Closed
20766777,INDIAN_OPENCITY_BBMP,20766777,Sweeping not done in Yelahanka old Satellite Town Complaint attended,General Consumer Services,JHI Ward 4/JHI,Yelahanka old Satellite Town,,,,,2025-06-16 09:21:00.000000000,Closed
20770085,INDIAN_OPENCITY_BBMP,20770085,Road side drains in Ullalu Field inspection assigned to AE officer.,General Consumer Services,Jagadeesh/AE,Ullalu,,,,,2025-06-18 05:22:00.000000000,Registered
20769602,INDIAN_OPENCITY_BBMP,20769602,Overhanging cables in Rajaji Nagar Field inspection assigned to AE officer.,General Consumer Services,Subash Patel/AE,Rajaji Nagar,,,,,2025-06-18 11:08:00.000000000,Registered
20765706,INDIAN_OPENCITY_BBMP,20765706,Potholes in Chikkalasandra Forwarded Task,General Consumer Services,AE Ward 183/AE,Chikkalasandra,,,,,2025-06-14 09:24:00.000000000,Registered
20770938,INDIAN_OPENCITY_BBMP,20770938,Garbage nuisance while transporting in J.P.Nagar Field inspection assigned to Marshal officer.,General Consumer Services,Marshal Ward No 177/Marshal,J.P.Nagar,,,,,2025-06-19 12:08:00.000000000,Registered
20765340,INDIAN_OPENCITY_BBMP,20765340,Road side drains in Cottonpet Field inspection assigned to AE officer.,General Consumer Services,Pavan/AE,Cottonpet,,,,,2025-06-14 02:32:00.000000000,Registered
20763153,INDIAN_OPENCITY_BBMP,20763153,Garbage dump in Giri Nagar Location not found,General Consumer Services,Marshal Ward No 162/Marshal,Giri Nagar,,,,,2025-06-12 08:56:00.000000000,Closed
20770484,INDIAN_OPENCITY_BBMP,20770484,Garbage dump in Shanthala Nagar Clear,General Consumer Services,Marshal Ward No 111/Marshal,Shanthala Nagar,,,,,2025-06-19 06:46:00.000000000,Closed
20769058,INDIAN_OPENCITY_BBMP,20769058,obstructions Branches / Trees. in Gottigere Field inspection assigned to RFO officer.,General Consumer Services,Narendra Babu/RFO,Gottigere,,,,,2025-06-17 08:12:00.000000000,Registered
20763246,INDIAN_OPENCITY_BBMP,20763246,Animal Cruelty/Relocated in Jakkur Spoken with the concern person.,General Consumer Services,Narayan Reddy/VI,Jakkur,,,,,2025-06-12 11:31:00.000000000,Closed
20768035,INDIAN_OPENCITY_BBMP,20768035,Sweeping not done in Doddabommasandra Clear,General Consumer Services,JHI Ward 10/JHI,Doddabommasandra,,,,,2025-06-17 07:57:00.000000000,Closed
20764433,INDIAN_OPENCITY_BBMP,20764433,Fatally injured - Needs immediate attention in Newthippasandra Field inspection assigned to VI officer.,General Consumer Services,Chandrashekar/VI,Newthippasandra,,,,,2025-06-13 07:08:00.000000000,Registered
20765253,INDIAN_OPENCITY_BBMP,20765253,Stray/Rabid dog bite in Dodda Bidarkallu Dog's cought for animals birth control and vaccination,General Consumer Services,Ramesh.B/VI,Dodda Bidarkallu,,,,,2025-06-14 01:14:00.000000000,Closed
20766999,INDIAN_OPENCITY_BBMP,20766999,Garbage dump in Neelasandra Clear everyday morning Frist hour sir,General Consumer Services,Marshal Ward No 116/Marshal,Neelasandra,,,,,2025-06-16 10:53:00.000000000,Closed
20769245,INDIAN_OPENCITY_BBMP,20769245,Potholes in Mangammanapalya Field inspection assigned to AE officer.,General Consumer Services,Raj gopal /AE,Mangammanapalya,,,,,2025-06-18 06:28:00.000000000,Registered
20770077,INDIAN_OPENCITY_BBMP,20770077,Sweeping not done in Giri Nagar Forwarded Task,General Consumer Services,Satish R/JHI,Giri Nagar,,,,,2025-06-18 05:09:00.000000000,Registered
20767088,INDIAN_OPENCITY_BBMP,20767088,Fatally injured - Needs immediate attention in Begur Please call Ambulance service 1962,General Consumer Services,Krishnaiah/VI,Begur,,,,,2025-06-16 11:23:00.000000000,Closed
20767261,INDIAN_OPENCITY_BBMP,20767261,Garbage vehicle not arrived in Shanthala Nagar Clear,General Consumer Services,Marshal Ward No 111/Marshal,Shanthala Nagar,,,,,2025-06-16 12:40:00.000000000,Closed
20765239,INDIAN_OPENCITY_BBMP,20765239,Stray/Rabid dog bite in Hebbal Field inspection assigned to VI officer.,General Consumer Services,Chandrika B R/VI,Hebbal,,,,,2025-06-14 01:03:00.000000000,In Progress
20762695,INDIAN_OPENCITY_BBMP,20762695,Potholes in A.Narayanapura Field inspection assigned to AE officer.,General Consumer Services,G.D SOMAIAH/AE,A.Narayanapura,,,,,2025-06-12 02:42:00.000000000,Registered
20762355,INDIAN_OPENCITY_BBMP,20762355,Potholes in Ullalu Field inspection assigned to AE officer.,General Consumer Services,Jagadeesh/AE,Ullalu,,,,,2025-06-12 11:27:00.000000000,Registered
20768104,INDIAN_OPENCITY_BBMP,20768104,water stagnation in HSR Layout Field inspection assigned to AE officer.,General Consumer Services,Ramegowda/AE,HSR Layout,,,,,2025-06-17 09:01:00.000000000,Registered
20763740,INDIAN_OPENCITY_BBMP,20763740,Other Khata / ekhata issues in Jayamahal APPLY FOR NEEDFUL DOCUMENTS,General Consumer Services,Gururaj Poojari/ARO,Jayamahal,,,,,2025-06-13 11:37:00.000000000,Closed
20762374,INDIAN_OPENCITY_BBMP,20762374,Garbage vehicle not arrived in Pulikeshi Nagar Door to door collection done,General Consumer Services,Shiddlingappa Mali /Division Supervisor,Pulikeshi Nagar,,,,,2025-06-12 11:33:00.000000000,Closed
20770458,INDIAN_OPENCITY_BBMP,20770458,Garbage dump in Yelachenahalli Clear,General Consumer Services,Marshal Ward No 185/Marshal,Yelachenahalli,,,,,2025-06-19 12:10:00.000000000,Closed
20768840,INDIAN_OPENCITY_BBMP,20768840,Garbage dump in Nandini Layout Forwarded Task,General Consumer Services,Marshal Ward No 43/Marshal,Nandini Layout,,,,,2025-06-17 05:25:00.000000000,Registered
20771152,INDIAN_OPENCITY_BBMP,20771152,Others in Padmanabha Nagar Field inspection assigned to Customer Support Representative officer.,General Consumer Services,BBMP Whatsapp/Customer Support Representative,Padmanabha Nagar,,,,,2025-06-19 02:28:00.000000000,Registered
20766428,INDIAN_OPENCITY_BBMP,20766428,Removal of dead/fallen trees in Benniganahalli Field inspection assigned to DYRFO officer.,General Consumer Services,Thimmappa/DYRFO,Benniganahalli,,,,,2025-06-15 07:36:00.000000000,Registered
20770893,INDIAN_OPENCITY_BBMP,20770893,Garbage dump in Kadugodi Engineering department,General Consumer Services,Marshal Ward No 83/Marshal,Kadugodi,,,,,2025-06-19 11:45:00.000000000,Closed
20766081,INDIAN_OPENCITY_BBMP,20766081,Animal Rescue - Not well - Requires attention in Vrushabhavati Nagar Already shifted,General Consumer Services,Lokesh/VI,Vrushabhavati Nagar,,,,,2025-06-15 12:10:00.000000000,Closed
20771413,INDIAN_OPENCITY_BBMP,20771413,Increase in mosquito density in Maruthi Seva Nagar Field inspection assigned to SHI officer.,General Consumer Services,Mani shankar/SHI,Maruthi Seva Nagar,,,,,2025-06-19 06:07:00.000000000,Registered
20767055,INDIAN_OPENCITY_BBMP,20767055,Dengue positive in Hoodi Field inspection assigned to SHI officer.,General Consumer Services,V Nagaraju/SHI,Hoodi,,,,,2025-06-16 11:12:00.000000000,Registered
20766551,INDIAN_OPENCITY_BBMP,20766551,obstructions Branches / Trees. in Bellandur Field inspection assigned to DYRFO officer.,General Consumer Services,Sudharshan/DYRFO,Bellandur,,,,,2025-06-15 09:23:00.000000000,Registered
20771584,INDIAN_OPENCITY_BBMP,20771584,Garbage dumping in vacant sites in Kadugodi Field inspection assigned to Marshal officer.,General Consumer Services,Marshal Ward No 83/Marshal,Kadugodi,,,,,2025-06-19 08:43:00.000000000,Registered
20768435,INDIAN_OPENCITY_BBMP,20768435,Road cutting in Jayanagar East Kindly contact traffic police,General Consumer Services,AE Ward 170/AE,Jayanagar East,,,,,2025-06-17 11:45:00.000000000,Closed
20762141,INDIAN_OPENCITY_BBMP,20762141,Construction not done as per approved plan (Building Bye Law Violations) in Doddabommasandra Kindly provide us PRJ or Khata No we are not able to trace the details,General Consumer Services,Srinivas BS/AE,Doddabommasandra,,,,,2025-06-12 09:38:00.000000000,Closed
20763581,INDIAN_OPENCITY_BBMP,20763581,Road side drains in HBR Layout Upadte,General Consumer Services,Shivandaiah/AE,HBR Layout,,,,,2025-06-13 10:38:00.000000000,Closed
20769136,INDIAN_OPENCITY_BBMP,20769136,Removal of dead/fallen trees in Gurappanapalya Field inspection assigned to DYRFO officer.,General Consumer Services,B.B Meti/DYRFO,Gurappanapalya,,,,,2025-06-17 09:25:00.000000000,Registered
20769553,INDIAN_OPENCITY_BBMP,20769553,Increase in mosquito density in Jnanabharathi Ward Forwarded Task,General Consumer Services,Jaykumar/SHI,Jnanabharathi Ward,,,,,2025-06-18 10:52:00.000000000,Registered
20771134,INDIAN_OPENCITY_BBMP,20771134,Flex and banners in Madiwala Field inspection assigned to ARO officer.,General Consumer Services,Purushottam/ARO,Madiwala,,,,,2025-06-19 02:13:00.000000000,Registered
20769323,INDIAN_OPENCITY_BBMP,20769323,Garbage vehicle not arrived in Shakthiganapathi Nagar Close,General Consumer Services,Marshal Ward No 74/Marshal,Shakthiganapathi Nagar,,,,,2025-06-18 08:34:00.000000000,Closed
20761755,INDIAN_OPENCITY_BBMP,20761755,Sweeping not done in Subramanya Nagar Cleared,General Consumer Services,RaghuRama/JHI,Subramanya Nagar,,,,,2025-06-11 07:10:00.000000000,Closed
20766182,INDIAN_OPENCITY_BBMP,20766182,Animal birth control/neutering of stray dogs in Shivaji Nagar Field inspection assigned to VI officer.,General Consumer Services,V Srinivas/VI,Shivaji Nagar,,,,,2025-06-15 01:49:00.000000000,Registered
20766069,INDIAN_OPENCITY_BBMP,20766069,Garbage dump in Konena Agrahara Forwarded Task,General Consumer Services,Marshal Ward No 113/Marshal,Konena Agrahara,,,,,2025-06-15 11:59:00.000000000,Registered
20769547,INDIAN_OPENCITY_BBMP,20769547,Potholes in Shakambari Nagar Field inspection assigned to AE officer.,General Consumer Services,AE Ward 179/AE,Shakambari Nagar,,,,,2025-06-18 10:50:00.000000000,Registered
20769179,INDIAN_OPENCITY_BBMP,20769179,obstructions Branches / Trees. in Deepanjali Nagar Field inspection assigned to DYRFO officer.,General Consumer Services,Shivanna T.C/DYRFO,Deepanjali Nagar,,,,,2025-06-17 10:11:00.000000000,Registered
20763987,INDIAN_OPENCITY_BBMP,20763987,Ekhata Other corrections in Uttarahalli this property belongs aro uttarahalli,General Consumer Services,SHIVAPUTRA/ARO,Uttarahalli,,,,,2025-06-13 02:26:00.000000000,Closed
20768842,INDIAN_OPENCITY_BBMP,20768842,Garbage dump in Basavanapura Forwarded Task,General Consumer Services,Marshal Ward No 53/Marshal,Basavanapura,,,,,2025-06-17 05:27:00.000000000,Registered
20765177,INDIAN_OPENCITY_BBMP,20765177,Sweeping not done in Singasandra Resolved,General Consumer Services,Mahesh/JHI,Singasandra,,,,,2025-06-14 12:23:00.000000000,Closed
20762074,INDIAN_OPENCITY_BBMP,20762074,Garbage vehicle not arrived in Pulikeshi Nagar Clear sir,General Consumer Services,Marshal Ward No 78/Marshal,Pulikeshi Nagar,,,,,2025-06-12 08:44:00.000000000,Closed
20767124,INDIAN_OPENCITY_BBMP,20767124,Flex and banners in Bellandur Field inspection assigned to ARO officer.,General Consumer Services,Murthi/ARO,Bellandur,,,,,2025-06-16 11:36:00.000000000,Registered
20764663,INDIAN_OPENCITY_BBMP,20764663,Increase in mosquito density in Hoodi Forwarded Task,General Consumer Services,V Nagaraju/SHI,Hoodi,,,,,2025-06-13 10:48:00.000000000,Registered
20770608,INDIAN_OPENCITY_BBMP,20770608,obstructions Branches / Trees. in Shettyhalli please give an request letter to bbmp forest department office in bagalagunte Bangalore,General Consumer Services,Rajappa/DYRFO,Shettyhalli,,,,,2025-06-19 09:01:00.000000000,Closed
20771266,INDIAN_OPENCITY_BBMP,20771266,Removal of dead/fallen trees in Singasandra Field inspection assigned to RFO officer.,General Consumer Services,Narendra Babu/RFO,Singasandra,,,,,2025-06-19 03:44:00.000000000,Registered
20766365,INDIAN_OPENCITY_BBMP,20766365,Garbage dump in Moodalapalya Field inspection assigned to Marshal officer.,General Consumer Services,Marshal Ward No 127/Marshal,Moodalapalya,,,,,2025-06-15 06:47:00.000000000,In Progress
20766177,INDIAN_OPENCITY_BBMP,20766177,Sewerage water left in SWD in Begur Field inspection assigned to AE officer.,General Consumer Services,Sushmashri.S/AE,Begur,,,,,2025-06-15 01:38:00.000000000,Registered
20768563,INDIAN_OPENCITY_BBMP,20768563,UnAuthorised Building Constructions in Chikpete Field inspection assigned to ADTP officer.,General Consumer Services,Chandarashekhar/ADTP,Chikpete,,,,,2025-06-17 01:10:00.000000000,Registered
20769992,INDIAN_OPENCITY_BBMP,20769992,Garbage nuisance while transporting in Hagadooru Field inspection assigned to Marshal officer.,General Consumer Services,Marshal Ward No 84/Marshal,Hagadooru,,,,,2025-06-18 04:01:00.000000000,Registered
20767624,INDIAN_OPENCITY_BBMP,20767624,Ekhata - name correction in Gurappanapalya Name correction done,General Consumer Services,Jyothi Lakshmi S/ARO,Gurappanapalya,,,,,2025-06-16 05:31:00.000000000,Closed
20770655,INDIAN_OPENCITY_BBMP,20770655,Garbage dump in Kengeri Field inspection assigned to Marshal officer.,General Consumer Services,Marshal Ward No 159/Marshal,Kengeri,,,,,2025-06-19 09:37:00.000000000,Registered
20764400,INDIAN_OPENCITY_BBMP,20764400,water stagnation in Ganga Nagar Field inspection assigned to AE officer.,General Consumer Services,Mohan Kumar /AE,Ganga Nagar,,,,,2025-06-13 06:53:00.000000000,Registered
20767990,INDIAN_OPENCITY_BBMP,20767990,Garbage dump in Vishwanathnagenahalli Complaint has been resolved,General Consumer Services,Marshal Ward No 22/Marshal,Vishwanathnagenahalli,,,,,2025-06-17 05:12:00.000000000,Closed
20770757,INDIAN_OPENCITY_BBMP,20770757,Garbage nuisance while transporting in Deepanjali Nagar Field inspection assigned to Marshal officer.,General Consumer Services,Marshal Ward No 158/Marshal,Deepanjali Nagar,,,,,2025-06-19 10:36:00.000000000,Registered
20770109,INDIAN_OPENCITY_BBMP,20770109,water stagnation in Thanisandra Field inspection assigned to AE officer.,General Consumer Services,Suresh Devataraju/AE,Thanisandra,,,,,2025-06-18 05:54:00.000000000,Registered
20765779,INDIAN_OPENCITY_BBMP,20765779,Garbage dump in Rajarajeshwari Nagar Forwarded Task,General Consumer Services,Marshal Ward No 160/Marshal,Rajarajeshwari Nagar,,,,,2025-06-14 11:55:00.000000000,Registered
20768770,INDIAN_OPENCITY_BBMP,20768770,Fatally injured - Needs immediate attention in Gottigere Field inspection assigned to VI officer.,General Consumer Services,Uday Kulkarni/VI,Gottigere,,,,,2025-06-17 04:16:00.000000000,Registered
20769563,INDIAN_OPENCITY_BBMP,20769563,Garbage vehicle not arrived in Shakambari Nagar Field inspection assigned to Marshal officer.,General Consumer Services,Marshal Ward No 179/Marshal,Shakambari Nagar,,,,,2025-06-18 10:55:00.000000000,Registered
20770955,INDIAN_OPENCITY_BBMP,20770955,Garbage dump in Jayangar Cleard,General Consumer Services,Marshal Ward No 153/Marshal,Jayangar,,,,,2025-06-19 12:17:00.000000000,Closed
20770663,INDIAN_OPENCITY_BBMP,20770663,"Other Khata / ekhata issues in Begur New khata Temporary epid number : 2152467807 D.O.A : 28/02/2025 Citizen applied for new khata ,but still it is pending with RO. And spot inspection also has not been done . Citizen wants to know the reason for delay in the process",General Consumer Services,D.K. Babu/DC,Begur,,,,,2025-06-19 09:44:00.000000000,ReOpen
20768979,INDIAN_OPENCITY_BBMP,20768979,Road side drains in Pattabhiram Nagar Field inspection assigned to AE officer.,General Consumer Services,AE Ward 168/AE,Pattabhiram Nagar,,,,,2025-06-17 07:23:00.000000000,Registered
20769747,INDIAN_OPENCITY_BBMP,20769747,"Khata Services (Registration, Transfer, Bifurcation and Amalgamation) in HAL Airport Field inspection assigned to ARO officer.",General Consumer Services,Shiva Kumar/ARO,HAL Airport,,,,,2025-06-18 12:20:00.000000000,Registered
20769904,INDIAN_OPENCITY_BBMP,20769904,Unavailability of staff in Jogupalya Field inspection assigned to SHI officer.,General Consumer Services,Sagaya Raj/SHI,Jogupalya,,,,,2025-06-18 02:24:00.000000000,Registered
20762452,INDIAN_OPENCITY_BBMP,20762452,water stagnation in Kadugodi Field inspection assigned to AE officer.,General Consumer Services,Venkatesh/AE,Kadugodi,,,,,2025-06-12 12:10:00.000000000,Registered
20768395,INDIAN_OPENCITY_BBMP,20768395,Garbage vehicle not arrived in Garudacharpalya Clear,General Consumer Services,Marshal Ward No 82/Marshal,Garudacharpalya,,,,,2025-06-17 11:28:00.000000000,Closed
20766493,INDIAN_OPENCITY_BBMP,20766493,Removal of dead/fallen trees in Bellandur Field inspection assigned to DYRFO officer.,General Consumer Services,Sudharshan/DYRFO,Bellandur,,,,,2025-06-15 08:33:00.000000000,Registered
20762878,INDIAN_OPENCITY_BBMP,20762878,Debris Removal / Construction Material in Govindraja Nagara Resolved,General Consumer Services,Venkatesh/AE,Govindraja Nagara,,,,,2025-06-12 04:56:00.000000000,Closed
20767149,INDIAN_OPENCITY_BBMP,20767149,Garbage dump in BTM Layout Garbage cleared,General Consumer Services,Marshal Ward No 176/Marshal,BTM Layout,,,,,2025-06-16 11:46:00.000000000,Closed
20769197,INDIAN_OPENCITY_BBMP,20769197,Garbage dump in BTM Layout Cleared sir,General Consumer Services,Marshal Ward No 176/Marshal,BTM Layout,,,,,2025-06-17 10:33:00.000000000,Closed
20762730,INDIAN_OPENCITY_BBMP,20762730,Garbage dumping in vacant sites in Jayangar Cleaned,General Consumer Services,Marshal Ward No 153/Marshal,Jayangar,,,,,2025-06-12 03:01:00.000000000,Closed
20769310,INDIAN_OPENCITY_BBMP,20769310,Sweeping not done in Kuvempu Nagar Field inspection assigned to JHI officer.,General Consumer Services,JHI Ward 11/JHI,Kuvempu Nagar,,,,,2025-06-18 08:22:00.000000000,Registered
20762541,INDIAN_OPENCITY_BBMP,20762541,water stagnation in Devarajeevanahalli Field inspection assigned to AE officer.,General Consumer Services,Madhu/AE,Devarajeevanahalli,,,,,2025-06-12 12:57:00.000000000,Registered
20767529,INDIAN_OPENCITY_BBMP,20767529,Garbage dump in K.R.Puram We will give notice in site owner,General Consumer Services,Marshal Ward No 52/Marshal,K.R.Puram,,,,,2025-06-16 04:10:00.000000000,Closed
20770268,INDIAN_OPENCITY_BBMP,20770268,Garbage dump in Bapuji Nagar Field inspection assigned to Marshal officer.,General Consumer Services,Marshal Ward No 134/Marshal,Bapuji Nagar,,,,,2025-06-18 08:08:00.000000000,Registered
20766535,INDIAN_OPENCITY_BBMP,20766535,Garbage dump in Ramamurthy Nagar Tomorrow morning clear,General Consumer Services,Marshal Ward No 26/Marshal,Ramamurthy Nagar,,,,,2025-06-15 09:04:00.000000000,In Progress
20765010,INDIAN_OPENCITY_BBMP,20765010,Garbage dump in Varthur We are daily cleaning this spot,General Consumer Services,Marshal Ward No 149/Marshal,Varthur,,,,,2025-06-14 11:06:00.000000000,Closed
20768248,INDIAN_OPENCITY_BBMP,20768248,Potholes in Shankaramata Forwarded Task,General Consumer Services,Venkatesh/AE,Shankaramata,,,,,2025-06-17 10:14:00.000000000,Registered
20767107,INDIAN_OPENCITY_BBMP,20767107,Fogging in Basavanagudi citizen unsatisified,General Consumer Services,DR devika Rani/MOH,Basavanagudi,,,,,2025-06-16 11:31:00.000000000,ReOpen
20765790,INDIAN_OPENCITY_BBMP,20765790,Potholes in Kempegowda Ward Field inspection assigned to AE officer.,General Consumer Services,AE Ward 001/AE,Kempegowda Ward,,,,,2025-06-15 06:04:00.000000000,Registered
20762859,INDIAN_OPENCITY_BBMP,20762859,UnAuthorised Constructions in Kacharakanahalli Field inspection assigned to AE officer.,General Consumer Services,Krishna Reddy/AE,Kacharakanahalli,,,,,2025-06-12 04:44:00.000000000,Registered
20770132,INDIAN_OPENCITY_BBMP,20770132,Garbage dump in K.R.Puram Clear,General Consumer Services,Marshal Ward No 52/Marshal,K.R.Puram,,,,,2025-06-18 06:22:00.000000000,Closed
20766834,INDIAN_OPENCITY_BBMP,20766834,Debris Removal / Construction Material in Vignana Nagar Field inspection assigned to JE officer.,General Consumer Services,Keshav Murthy/JE,Vignana Nagar,,,,,2025-06-16 09:56:00.000000000,Registered
20771434,INDIAN_OPENCITY_BBMP,20771434,Stray dog related complaints in Rajarajeshwari Nagar Animal birth control and vaccination of stray dogs scheduled,General Consumer Services,Uma V.H/VI,Rajarajeshwari Nagar,,,,,2025-06-19 06:24:00.000000000,Closed
20766064,INDIAN_OPENCITY_BBMP,20766064,Garbage dump in Shanthala Nagar The Garbage dump is still not cleared but the compliant is closed why,General Consumer Services,Bhakthaseelan/Division Supervisor,Shanthala Nagar,,,,,2025-06-15 11:53:00.000000000,ReOpen
20766996,INDIAN_OPENCITY_BBMP,20766996,Issues Related to Parks/Medians/Circles/Island. in Karisandra resolved complaint,General Consumer Services,Channegowda S/HS,Karisandra,,,,,2025-06-16 10:51:00.000000000,Closed
20764689,INDIAN_OPENCITY_BBMP,20764689,water leakage on road in Madiwala Resolved,General Consumer Services,AE Ward 172/AE,Madiwala,,,,,2025-06-14 02:01:00.000000000,Closed
20771142,INDIAN_OPENCITY_BBMP,20771142,obstructions Branches / Trees. in Sunkenahalli Field inspection assigned to DYRFO officer.,General Consumer Services,B.B Meti/DYRFO,Sunkenahalli,,,,,2025-06-19 02:18:00.000000000,Registered
20767135,INDIAN_OPENCITY_BBMP,20767135,Garbage vehicle not arrived in K.R.Market Forwarded Task,General Consumer Services,Marshal Ward No 139/Marshal,K.R.Market,,,,,2025-06-16 11:39:00.000000000,Registered
20764427,INDIAN_OPENCITY_BBMP,20764427,Road Infrastructure in Sudduguntepalya Field inspection assigned to AE officer.,General Consumer Services,Ramchandra despande /AE,Sudduguntepalya,,,,,2025-06-13 07:05:00.000000000,Registered
20769948,INDIAN_OPENCITY_BBMP,20769948,obstructions Branches / Trees. in HBR Layout Field inspection assigned to DYRFO officer.,General Consumer Services,P Nagendra /DYRFO,HBR Layout,,,,,2025-06-18 03:08:00.000000000,Registered
20768598,INDIAN_OPENCITY_BBMP,20768598,shifting of the street dogs to other places in Rajaji Nagar Field inspection assigned to VI officer.,General Consumer Services,Lokesh/VI,Rajaji Nagar,,,,,2025-06-17 01:26:00.000000000,Registered
20767136,INDIAN_OPENCITY_BBMP,20767136,Sweeping not done in Newthippasandra Field inspection assigned to JHI officer.,General Consumer Services,Husenappa/JHI,Newthippasandra,,,,,2025-06-16 11:39:00.000000000,Registered
20770731,INDIAN_OPENCITY_BBMP,20770731,Technical Issue In Ekhata in Someshwara There is no issue in eKYC part. Kindly share the screen shot of the issue if occurred.,General Consumer Services,Amar/RI,Someshwara,,,,,2025-06-19 10:25:00.000000000,Closed
20771241,INDIAN_OPENCITY_BBMP,20771241,Technical Issue In Ekhata in Hagadooru Field inspection assigned to ARO officer.,General Consumer Services,Santhos Kumar/ARO,Hagadooru,,,,,2025-06-19 03:31:00.000000000,Registered
20765472,INDIAN_OPENCITY_BBMP,20765472,Removal of dead/fallen trees in Gottigere Resolved,General Consumer Services,Narendra Babu/RFO,Gottigere,,,,,2025-06-14 05:07:00.000000000,Closed
20768195,INDIAN_OPENCITY_BBMP,20768195,Other Khata / ekhata issues in Konanakunte clear,General Consumer Services,SHIVAPUTRA/ARO,Konanakunte,,,,,2025-06-17 09:53:00.000000000,Closed
20768565,INDIAN_OPENCITY_BBMP,20768565,"Other Khata / ekhata issues in Bellandur Sir, pl submit application to rectify the 2% fee",General Consumer Services,DEEPASHREE M R/ARO,Bellandur,,,,,2025-06-17 01:11:00.000000000,Closed
20769791,INDIAN_OPENCITY_BBMP,20769791,Animal birth control/neutering of stray dogs in Shanthi Nagar Field inspection assigned to VI officer.,General Consumer Services,Chandrika B R/VI,Shanthi Nagar,,,,,2025-06-18 12:51:00.000000000,Registered
20771682,INDIAN_OPENCITY_BBMP,20771682,Garbage dump in Uttarahalli Field inspection assigned to Marshal officer.,General Consumer Services,Marshal Ward No 184/Marshal,Uttarahalli,,,,,2025-06-19 10:24:00.000000000,Registered
20763364,INDIAN_OPENCITY_BBMP,20763364,Garbage vehicle not arrived in Arakere Complaint attended and cleared sir,General Consumer Services,Marshal Ward No 193/Marshal,Arakere,,,,,2025-06-13 08:40:00.000000000,Closed
20762521,INDIAN_OPENCITY_BBMP,20762521,Garbage dumping in vacant sites in Padmanabha Nagar Clear,General Consumer Services,Marshal Ward No 182/Marshal,Padmanabha Nagar,,,,,2025-06-12 12:44:00.000000000,Closed
20763662,INDIAN_OPENCITY_BBMP,20763662,Garbage vehicle not arrived in Nagarabhavi Cleared,General Consumer Services,Marshal Ward No 128/Marshal,Nagarabhavi,,,,,2025-06-13 11:13:00.000000000,Closed
20770479,INDIAN_OPENCITY_BBMP,20770479,Garbage dump in Nandini Layout Clear,General Consumer Services,Marshal Ward No 43/Marshal,Nandini Layout,,,,,2025-06-19 06:24:00.000000000,Closed
20771285,INDIAN_OPENCITY_BBMP,20771285,Road Infrastructure in Hemmigepura Field inspection assigned to AE officer.,General Consumer Services,Chandrashekhar/AE,Hemmigepura,,,,,2025-06-19 04:01:00.000000000,Registered
20762598,INDIAN_OPENCITY_BBMP,20762598,Removal of dead/fallen trees in Okalipuram citizen not satified,General Consumer Services,sudarshan/RFO,Okalipuram,,,,,2025-06-12 01:27:00.000000000,ReOpen
20768476,INDIAN_OPENCITY_BBMP,20768476,Garbage vehicle not arrived in Jakkur Forwarded Task,General Consumer Services,Marshal Ward No 05/Marshal,Jakkur,,,,,2025-06-17 12:08:00.000000000,Registered
20767703,INDIAN_OPENCITY_BBMP,20767703,Play Grounds in Sunkenahalli resolved complaint,General Consumer Services,Channegowda S/HS,Sunkenahalli,,,,,2025-06-16 06:45:00.000000000,Closed
20769929,INDIAN_OPENCITY_BBMP,20769929,Sweeping not done in Vignana Nagar Field inspection assigned to JHI officer.,General Consumer Services,Amith B C/JHI,Vignana Nagar,,,,,2025-06-18 02:46:00.000000000,Registered
20767105,INDIAN_OPENCITY_BBMP,20767105,Debris Removal / Construction Material in Marathalli Forwarded Task,General Consumer Services,Raghu/AE,Marathalli,,,,,2025-06-16 11:30:00.000000000,Registered
20766877,INDIAN_OPENCITY_BBMP,20766877,"Khata Services (Registration, Transfer, Bifurcation and Amalgamation) in Nayandanahalli IF KHATA IS AVAILABLE SUBMIT THE DOCUMENT FOR SEARCHING THE E-PID OTHERWISE APPLY IN BBMP NEW KHATA FOR REGISTRATION",General Consumer Services,Janardhan/ARO,Nayandanahalli,,,,,2025-06-16 10:07:00.000000000,Closed
20767575,INDIAN_OPENCITY_BBMP,20767575,Sewerage water left in SWD in Hemmigepura Forwarded Task,General Consumer Services,Aveesh/AE,Hemmigepura,,,,,2025-06-16 04:49:00.000000000,Registered
20771074,INDIAN_OPENCITY_BBMP,20771074,Garbage dump in Katriguppe Field inspection assigned to Marshal officer.,General Consumer Services,Marshal Ward No 163/Marshal,Katriguppe,,,,,2025-06-19 01:29:00.000000000,Registered
20769979,INDIAN_OPENCITY_BBMP,20769979,Garbage transfer not as per norms & area not kept clean in Ganeshmandira Ward Field inspection assigned to Marshal officer.,General Consumer Services,Marshal Ward No 165/Marshal,Ganeshmandira Ward,,,,,2025-06-18 03:45:00.000000000,Registered
20767386,INDIAN_OPENCITY_BBMP,20767386,Ekhata Area Correction in Subramanya Nagar kindly visit office with respective documents,General Consumer Services,Raj Kumar /ARO,Subramanya Nagar,,,,,2025-06-16 02:03:00.000000000,Closed
20769894,INDIAN_OPENCITY_BBMP,20769894,Garbage dump in Konena Agrahara Field inspection assigned to Marshal officer.,General Consumer Services,Marshal Ward No 113/Marshal,Konena Agrahara,,,,,2025-06-18 02:11:00.000000000,Registered
20770197,INDIAN_OPENCITY_BBMP,20770197,Garbage dumping in vacant sites in Banaswadi Field inspection assigned to Marshal officer.,General Consumer Services,Marshal Ward No 27/Marshal,Banaswadi,,,,,2025-06-18 07:18:00.000000000,Registered
20771541,INDIAN_OPENCITY_BBMP,20771541,Animal Rescue - Not well - Requires attention in Uttarahalli Field inspection assigned to VI officer.,General Consumer Services,Uday Kulkarni/VI,Uttarahalli,,,,,2025-06-19 07:58:00.000000000,Registered
20769722,INDIAN_OPENCITY_BBMP,20769722,Garbage dump in Horamavu Forwarded Task,General Consumer Services,Marshal Ward No 25/Marshal,Horamavu,,,,,2025-06-18 12:07:00.000000000,Registered
20767947,INDIAN_OPENCITY_BBMP,20767947,Garbage dump in Deepanjali Nagar Forwarded Task,General Consumer Services,Marshal Ward No 158/Marshal,Deepanjali Nagar,,,,,2025-06-16 10:25:00.000000000,Registered
20767338,INDIAN_OPENCITY_BBMP,20767338,"obstructions Branches / Trees. in Shiva Nagar Please contact Area Supervisor, Maruthi-[PHONE]",General Consumer Services,sudarshan/DYRFO,Shiva Nagar,,,,,2025-06-16 01:30:00.000000000,Closed
20763086,INDIAN_OPENCITY_BBMP,20763086,"Khata Services (Registration, Transfer, Bifurcation and Amalgamation) in Mangammanapalya sent to subristrar",General Consumer Services,Ramesh N/ARO,Mangammanapalya,,,,,2025-06-12 07:48:00.000000000,Closed
20768043,INDIAN_OPENCITY_BBMP,20768043,Garbage dump in Uttarahalli Cleared,General Consumer Services,Marshal Ward No 184/Marshal,Uttarahalli,,,,,2025-06-17 08:01:00.000000000,Closed
20771327,INDIAN_OPENCITY_BBMP,20771327,Garbage vehicle not arrived in Manorayanapalya Field inspection assigned to Marshal officer.,General Consumer Services,Marshal Ward No 33/Marshal,Manorayanapalya,,,,,2025-06-19 04:50:00.000000000,Registered
20767301,INDIAN_OPENCITY_BBMP,20767301,Animal Rescue - Not well - Requires attention in Yelachenahalli Contact 1962,General Consumer Services,Uday Kulkarni/VI,Yelachenahalli,,,,,2025-06-16 01:06:00.000000000,Closed
20769740,INDIAN_OPENCITY_BBMP,20769740,Garbage dump in K.R.Puram Forwarded Task,General Consumer Services,Marshal Ward No 52/Marshal,K.R.Puram,,,,,2025-06-18 12:14:00.000000000,Registered
20771300,INDIAN_OPENCITY_BBMP,20771300,"Khata Services (Registration, Transfer, Bifurcation and Amalgamation) in Vidyaranyapura Closed",General Consumer Services,Vijaya Shekar/RO,Vidyaranyapura,,,,,2025-06-19 04:13:00.000000000,Closed
20763245,INDIAN_OPENCITY_BBMP,20763245,Dead animal(s) in Jakkur Closef,General Consumer Services,JHI Ward 5/JHI,Jakkur,,,,,2025-06-12 11:29:00.000000000,Closed
20768909,INDIAN_OPENCITY_BBMP,20768909,Garbage dump in Kadugondanahalli Forwarded Task,General Consumer Services,Marshal Ward No 30/Marshal,Kadugondanahalli,,,,,2025-06-17 06:16:00.000000000,Registered
20767068,INDIAN_OPENCITY_BBMP,20767068,Dengue positive in Attiguppe Attended,General Consumer Services,Maruthi/SHI,Attiguppe,,,,,2025-06-16 11:17:00.000000000,Closed
20763373,INDIAN_OPENCITY_BBMP,20763373,Complaint against SW collector/ SWM official for violation of SWM Rules in Kavalbyrasandra Resolved,General Consumer Services,Marshal Ward No 32/Marshal,Kavalbyrasandra,,,,,2025-06-13 08:48:00.000000000,Closed
20762373,INDIAN_OPENCITY_BBMP,20762373,Garbage dumping in vacant sites in Visvesvarapuram Clear,General Consumer Services,Marshal Ward No 143/Marshal,Visvesvarapuram,,,,,2025-06-12 11:32:00.000000000,Closed
20770789,INDIAN_OPENCITY_BBMP,20770789,Garbage vehicle not arrived in Siddapura Field inspection assigned to Marshal officer.,General Consumer Services,Marshal Ward No 144/Marshal,Siddapura,,,,,2025-06-19 10:59:00.000000000,Registered
20763907,INDIAN_OPENCITY_BBMP,20763907,Ekhata missing in online in Konanakunte closed,General Consumer Services,SHIVAPUTRA/ARO,Konanakunte,,,,,2025-06-13 01:13:00.000000000,Closed
20761942,INDIAN_OPENCITY_BBMP,20761942,Garbage dump in Yeshwanthpur Complaint cleared,General Consumer Services,Marshal Ward No 37/Marshal,Yeshwanthpur,,,,,2025-06-11 11:09:00.000000000,Closed
20765922,INDIAN_OPENCITY_BBMP,20765922,Fatally injured - Needs immediate attention in Dodda Bidarkallu Dog's cought for animals birth control operation and vaccination,General Consumer Services,Ramesh.B/VI,Dodda Bidarkallu,,,,,2025-06-15 09:42:00.000000000,Closed
20771106,INDIAN_OPENCITY_BBMP,20771106,Garbage dump in Shettyhalli Field inspection assigned to Marshal officer.,General Consumer Services,Marshal Ward No 12/Marshal,Shettyhalli,,,,,2025-06-19 01:47:00.000000000,Registered
20766254,INDIAN_OPENCITY_BBMP,20766254,Footpath in Horamavu Field inspection assigned to AE officer.,General Consumer Services,Ramesh Horamavu/AE,Horamavu,,,,,2025-06-15 03:28:00.000000000,Registered
20771001,INDIAN_OPENCITY_BBMP,20771001,Garbage dump in Nagarabhavi Forwarded Task,General Consumer Services,Marshal Ward No 128/Marshal,Nagarabhavi,,,,,2025-06-19 12:40:00.000000000,Registered
20763443,INDIAN_OPENCITY_BBMP,20763443,obstructions Branches / Trees. in Ulsoor Plz upload photos,General Consumer Services,P Nagendra /DYRFO,Ulsoor,,,,,2025-06-13 09:31:00.000000000,Closed
20769352,INDIAN_OPENCITY_BBMP,20769352,obstructions Branches / Trees. in Arakere Field inspection assigned to RFO officer.,General Consumer Services,Narendra Babu/RFO,Arakere,,,,,2025-06-18 08:55:00.000000000,Registered
20763117,INDIAN_OPENCITY_BBMP,20763117,Sewerage water left in SWD in Bellandur Field inspection assigned to AE officer.,General Consumer Services,Prashanth/AE,Bellandur,,,,,2025-06-12 08:14:00.000000000,Registered
20763908,INDIAN_OPENCITY_BBMP,20763908,Sweeping not done in A.Narayanapura Field inspection assigned to JHI officer.,General Consumer Services,JHI Ward 56/JHI,A.Narayanapura,,,,,2025-06-13 01:14:00.000000000,Registered
20768689,INDIAN_OPENCITY_BBMP,20768689,Garbage dumping in vacant sites in Hoysala Nagar Garbage cleared sir... Thank you,General Consumer Services,Marshal Ward No 80/Marshal,Hoysala Nagar,,,,,2025-06-17 03:00:00.000000000,Closed
20771565,INDIAN_OPENCITY_BBMP,20771565,Stray dog related complaints in J.P.Nagar Field inspection assigned to VI officer.,General Consumer Services,Vijaya laxmi/VI,J.P.Nagar,,,,,2025-06-19 08:25:00.000000000,Registered
20763422,INDIAN_OPENCITY_BBMP,20763422,Potholes in Konanakunte Complaints is repeated,General Consumer Services,Shilpa/AE,Konanakunte,,,,,2025-06-13 09:20:00.000000000,Closed
20769151,INDIAN_OPENCITY_BBMP,20769151,Garbage dump in Hemmigepura Complete clear,General Consumer Services,Marshal Ward No 198/Marshal,Hemmigepura,,,,,2025-06-17 09:40:00.000000000,Closed
20770207,INDIAN_OPENCITY_BBMP,20770207,Increase in mosquito density in Horamavu Field inspection assigned to SHI officer.,General Consumer Services,SHI Ward 25/SHI,Horamavu,,,,,2025-06-18 07:24:00.000000000,Registered
20761713,INDIAN_OPENCITY_BBMP,20761713,Construction not done as per approved plan (Building Bye Law Violations) in Marenahalli Field inspection assigned to ADTP officer.,General Consumer Services,Shankarappa/ADTP,Marenahalli,,,,,2025-06-11 06:17:00.000000000,Registered
20770382,INDIAN_OPENCITY_BBMP,20770382,Garbage dumping in vacant sites in Gangenahalli Clear,General Consumer Services,Marshal Ward No 34/Marshal,Gangenahalli,,,,,2025-06-18 09:56:00.000000000,Closed
20768884,INDIAN_OPENCITY_BBMP,20768884,Maintenance of SWD in Someshwara Field inspection assigned to AE officer.,General Consumer Services,Prashanth/AE,Someshwara,,,,,2025-06-17 06:00:00.000000000,Registered
20764735,INDIAN_OPENCITY_BBMP,20764735,Road cutting in Banaswadi Complaint attended and resolved,General Consumer Services,Sandeep/AE,Banaswadi,,,,,2025-06-14 07:20:00.000000000,Closed
20764443,INDIAN_OPENCITY_BBMP,20764443,Garbage dumping in vacant sites in Muneshwara Nagar Male,General Consumer Services,Marshal Ward No 48/Marshal,Muneshwara Nagar,,,,,2025-06-13 07:14:00.000000000,Closed
20764333,INDIAN_OPENCITY_BBMP,20764333,Garbage dump in Mathikere This complaint belongs to bwssb,General Consumer Services,Marshal Ward No 36/Marshal,Mathikere,,,,,2025-06-13 06:06:00.000000000,Closed
20769985,INDIAN_OPENCITY_BBMP,20769985,Fatally injured - Needs immediate attention in Deepanjali Nagar Field inspection assigned to VI officer.,General Consumer Services,Hanumantha raju/VI,Deepanjali Nagar,,,,,2025-06-18 03:50:00.000000000,Registered
20764306,INDIAN_OPENCITY_BBMP,20764306,Road Infrastructure in Dr.Rajkumar Ward Work is under progress,General Consumer Services,Sri.Ravi C Gudadappanvar/AE,Dr.Rajkumar Ward,,,,,2025-06-13 05:42:00.000000000,Closed
20771181,INDIAN_OPENCITY_BBMP,20771181,Potholes in Shanthala Nagar Field inspection assigned to AE officer.,General Consumer Services,Nikhil Gowda /AE,Shanthala Nagar,,,,,2025-06-19 02:52:00.000000000,Registered
20764867,INDIAN_OPENCITY_BBMP,20764867,"obstructions Branches / Trees. in Aramane Nagar Please contact Area Supervisor, Suresh-[PHONE]",General Consumer Services,sudarshan/DYRFO,Aramane Nagar,,,,,2025-06-14 09:36:00.000000000,Closed
20770715,INDIAN_OPENCITY_BBMP,20770715,Fatally injured - Needs immediate attention in A.Narayanapura Complaint attended,General Consumer Services,Smt Jahanar Ameer/VI,A.Narayanapura,,,,,2025-06-19 10:20:00.000000000,Closed
20771007,INDIAN_OPENCITY_BBMP,20771007,Garbage dump in Sunkenahalli Forwarded Task,General Consumer Services,Marshal Ward No 142/Marshal,Sunkenahalli,,,,,2025-06-19 12:44:00.000000000,Registered
20762007,INDIAN_OPENCITY_BBMP,20762007,Garbage vehicle not arrived in Shankaramata Clear,General Consumer Services,Marshal Ward No 75/Marshal,Shankaramata,,,,,2025-06-12 07:42:00.000000000,Closed
20769785,INDIAN_OPENCITY_BBMP,20769785,Maintenance of SWD in Varthur Field inspection assigned to AE officer.,General Consumer Services,Prashanth/AE,Varthur,,,,,2025-06-18 12:46:00.000000000,Registered
20762824,INDIAN_OPENCITY_BBMP,20762824,Dengue positive in Vannarpet Attended,General Consumer Services,Sagaya Raj/SHI,Vannarpet,,,,,2025-06-12 04:23:00.000000000,Closed
20768580,INDIAN_OPENCITY_BBMP,20768580,Dead animal(s) in K.R.Market Field inspection assigned to JHI officer.,General Consumer Services,Umesh/JHI,K.R.Market,,,,,2025-06-17 01:17:00.000000000,Registered
20763327,INDIAN_OPENCITY_BBMP,20763327,Debris Removal / Construction Material in Sarvagna Nagar work completed,General Consumer Services,Shankarappa/AE,Sarvagna Nagar,,,,,2025-06-13 08:03:00.000000000,Closed
20770936,INDIAN_OPENCITY_BBMP,20770936,Overhanging cables in Arakere Field inspection assigned to AE officer.,General Consumer Services,Chethan K M/AE,Arakere,,,,,2025-06-19 12:08:00.000000000,Registered
20765277,INDIAN_OPENCITY_BBMP,20765277,Others in Puttenahalli Forwarded Task,General Consumer Services,BBMP Whatsapp/Customer Support Representative,Puttenahalli,,,,,2025-06-14 01:31:00.000000000,Registered
20766817,INDIAN_OPENCITY_BBMP,20766817,Footpath in Byatarayanapura Field inspection assigned to AE officer.,General Consumer Services,AE Ward 007/AE,Byatarayanapura,,,,,2025-06-16 09:47:00.000000000,Registered
20771044,INDIAN_OPENCITY_BBMP,20771044,Sweeping not done in Someshwara Field inspection assigned to JHI officer.,General Consumer Services,JHI Ward 3/JHI,Someshwara,,,,,2025-06-19 01:05:00.000000000,Registered
20766258,INDIAN_OPENCITY_BBMP,20766258,Garbage dump in Madiwala Cleared,General Consumer Services,Marshal Ward No 172/Marshal,Madiwala,,,,,2025-06-15 03:33:00.000000000,Closed
20769417,INDIAN_OPENCITY_BBMP,20769417,Road side drains in HAL Airport CLOSE,General Consumer Services,G.D SOMAIAH/AE,HAL Airport,,,,,2025-06-18 09:36:00.000000000,Closed
20766364,INDIAN_OPENCITY_BBMP,20766364,Garbage dump in Pulikeshi Nagar Forwarded Task,General Consumer Services,Marshal Ward No 78/Marshal,Pulikeshi Nagar,,,,,2025-06-15 06:45:00.000000000,Registered
20769483,INDIAN_OPENCITY_BBMP,20769483,Garbage vehicle not arrived in Shettyhalli Solved,General Consumer Services,Marshal Ward No 12/Marshal,Shettyhalli,,,,,2025-06-18 10:15:00.000000000,Closed
20766302,INDIAN_OPENCITY_BBMP,20766302,Garbage dump in Ramamurthy Nagar Daily point clear,General Consumer Services,Marshal Ward No 26/Marshal,Ramamurthy Nagar,,,,,2025-06-15 04:51:00.000000000,Closed
20764771,INDIAN_OPENCITY_BBMP,20764771,Potholes in Jnanabharathi Ward gggg,General Consumer Services,Venkatesh/AE,Jnanabharathi Ward,,,,,2025-06-14 08:20:00.000000000,Closed
20767275,INDIAN_OPENCITY_BBMP,20767275,obstructions Branches / Trees. in Ganeshmandira Ward Field inspection assigned to DYRFO officer.,General Consumer Services,Shivanna T.C/DYRFO,Ganeshmandira Ward,,,,,2025-06-16 12:49:00.000000000,Registered
20767268,INDIAN_OPENCITY_BBMP,20767268,Garbage dump in Sudam Nagar Clear,General Consumer Services,Marshal ward no 118/Marshal,Sudam Nagar,,,,,2025-06-16 12:44:00.000000000,Closed
20764462,INDIAN_OPENCITY_BBMP,20764462,Potholes in Govindraja Nagara Resolved,General Consumer Services,Venkatesh/AE,Govindraja Nagara,,,,,2025-06-13 07:25:00.000000000,Closed
20769874,INDIAN_OPENCITY_BBMP,20769874,obstructions Branches / Trees. in Kempapura Agrahara Field inspection assigned to DYRFO officer.,General Consumer Services,Shivanna T.C/DYRFO,Kempapura Agrahara,,,,,2025-06-18 01:51:00.000000000,Registered
20762163,INDIAN_OPENCITY_BBMP,20762163,Complaint against SW collector/ SWM official for violation of SWM Rules in Basavanapura Already inform Karthi gowda so pls contact,General Consumer Services,Marshal Ward No 53/Marshal,Basavanapura,,,,,2025-06-12 09:54:00.000000000,Closed
20769780,INDIAN_OPENCITY_BBMP,20769780,Stray/Rabid dog bite in Bellandur Field inspection assigned to VI officer.,General Consumer Services,B K Ashwath Narayan/VI,Bellandur,,,,,2025-06-18 12:42:00.000000000,Registered
20769201,INDIAN_OPENCITY_BBMP,20769201,Stray dog related complaints in HSR Layout Field inspection assigned to VI officer.,General Consumer Services,Krishnaiah/VI,HSR Layout,,,,,2025-06-17 10:43:00.000000000,Registered
20767695,INDIAN_OPENCITY_BBMP,20767695,Others in Domlur Field inspection assigned to Customer Support Representative officer.,General Consumer Services,BBMP Whatsapp/Customer Support Representative,Domlur,,,,,2025-06-16 06:39:00.000000000,Registered
20762912,INDIAN_OPENCITY_BBMP,20762912,water stagnation in Doddanekkundi Forwarded Task,General Consumer Services,C Rachipa/AE,Doddanekkundi,,,,,2025-06-12 05:29:00.000000000,Registered
20769125,INDIAN_OPENCITY_BBMP,20769125,Stray pig related complaints in Kengeri Field inspection assigned to VI officer.,General Consumer Services,Ramesh.B/VI,Kengeri,,,,,2025-06-17 09:11:00.000000000,Registered
20769141,INDIAN_OPENCITY_BBMP,20769141,Burning of Garbage in Open Space in Byatarayanapura Attend resolved,General Consumer Services,Marshal Ward No 07/Marshal,Byatarayanapura,,,,,2025-06-17 09:29:00.000000000,Closed
20770169,INDIAN_OPENCITY_BBMP,20770169,Garbage dumping in vacant sites in Attiguppe Field inspection assigned to Marshal officer.,General Consumer Services,Marshal Ward No 132/Marshal,Attiguppe,,,,,2025-06-18 06:48:00.000000000,Registered
20770160,INDIAN_OPENCITY_BBMP,20770160,Garbage vehicle not arrived in Laggere Field inspection assigned to Marshal officer.,General Consumer Services,Marshal Ward No 69/Marshal,Laggere,,,,,2025-06-18 06:42:00.000000000,Registered
20766450,INDIAN_OPENCITY_BBMP,20766450,Garbage dump in S.K.Garden It's clear sir,General Consumer Services,Marshal Ward No 61/Marshal,S.K.Garden,,,,,2025-06-15 07:49:00.000000000,Closed
20769672,INDIAN_OPENCITY_BBMP,20769672,Others in Jakkur Field inspection assigned to Customer Support Representative officer.,General Consumer Services,BBMP Whatsapp/Customer Support Representative,Jakkur,,,,,2025-06-18 11:40:00.000000000,Registered
20766710,INDIAN_OPENCITY_BBMP,20766710,Removal of dead/fallen trees in Jayanagar East Field inspection assigned to DYRFO officer.,General Consumer Services,B.B Meti/DYRFO,Jayanagar East,,,,,2025-06-16 08:15:00.000000000,Registered
20770031,INDIAN_OPENCITY_BBMP,20770031,Potholes in Hemmigepura Field inspection assigned to AE officer.,General Consumer Services,Thimmaiya /AE,Hemmigepura,,,,,2025-06-18 04:40:00.000000000,Registered
20768274,INDIAN_OPENCITY_BBMP,20768274,Garbage dump in Chamrajpet Complete clear,General Consumer Services,Marshal Ward No 140/Marshal,Chamrajpet,,,,,2025-06-17 10:26:00.000000000,Closed
20771296,INDIAN_OPENCITY_BBMP,20771296,obstructions Branches / Trees. in Kacharakanahalli Field inspection assigned to DYRFO officer.,General Consumer Services,P Nagendra /DYRFO,Kacharakanahalli,,,,,2025-06-19 04:09:00.000000000,Registered
20762891,INDIAN_OPENCITY_BBMP,20762891,Fatally injured - Needs immediate attention in Hebbal Field inspection assigned to VI officer.,General Consumer Services,Chandrika B R/VI,Hebbal,,,,,2025-06-12 05:08:00.000000000,In Progress
20763267,INDIAN_OPENCITY_BBMP,20763267,Burning of Garbage in Open Space in Bharathi Nagar Garbage cleared,General Consumer Services,Marshal Ward No 91/Marshal,Bharathi Nagar,,,,,2025-06-13 05:09:00.000000000,Closed
20767729,INDIAN_OPENCITY_BBMP,20767729,Garbage dump in K.R.Puram Field inspection assigned to Marshal officer.,General Consumer Services,Marshal Ward No 52/Marshal,K.R.Puram,,,,,2025-06-16 07:05:00.000000000,Registered
20765638,INDIAN_OPENCITY_BBMP,20765638,Potholes in Gurappanapalya Field inspection assigned to Customer Support Representative officer.,General Consumer Services,BBMP Whatsapp/Customer Support Representative,Gurappanapalya,,,,,2025-06-14 08:08:00.000000000,Non Relevant
20762218,INDIAN_OPENCITY_BBMP,20762218,Road Infrastructure in Shanthi Nagar Forwarded Task,General Consumer Services,Naveen.G/AE,Shanthi Nagar,,,,,2025-06-12 10:27:00.000000000,Registered
20762308,INDIAN_OPENCITY_BBMP,20762308,Fatally injured - Needs immediate attention in Jnanabharathi Ward Attended,General Consumer Services,Uma V.H/VI,Jnanabharathi Ward,,,,,2025-06-12 11:05:00.000000000,Closed
20763554,INDIAN_OPENCITY_BBMP,20763554,Removal of dead/fallen trees in Sri Nagar Field inspection assigned to DYRFO officer.,General Consumer Services,Shivanna T.C/DYRFO,Sri Nagar,,,,,2025-06-13 10:26:00.000000000,Registered
20763270,INDIAN_OPENCITY_BBMP,20763270,Garbage dumping in vacant sites in Bharathi Nagar Garbage clear,General Consumer Services,Marshal Ward No 91/Marshal,Bharathi Nagar,,,,,2025-06-13 05:23:00.000000000,Closed
20771517,INDIAN_OPENCITY_BBMP,20771517,Garbage vehicle not arrived in Thanisandra Field inspection assigned to Marshal officer.,General Consumer Services,Marshal Ward No 06/Marshal,Thanisandra,,,,,2025-06-19 07:29:00.000000000,Registered
20768753,INDIAN_OPENCITY_BBMP,20768753,obstructions Branches / Trees. in Chokkasandra Field inspection assigned to DYRFO officer.,General Consumer Services,Rajappa/DYRFO,Chokkasandra,,,,,2025-06-17 04:03:00.000000000,Registered
20767440,INDIAN_OPENCITY_BBMP,20767440,Garbage dump in Vannarpet No location,General Consumer Services,Marshal Ward No 115/Marshal,Vannarpet,,,,,2025-06-16 02:51:00.000000000,Closed
20762492,INDIAN_OPENCITY_BBMP,20762492,Removal of dead/fallen trees in Giri Nagar Resolved,General Consumer Services,Shivanna T.C/DYRFO,Giri Nagar,,,,,2025-06-12 12:29:00.000000000,Closed
20764572,INDIAN_OPENCITY_BBMP,20764572,Garbage dumping in vacant sites in Banaswadi Cleared,General Consumer Services,Marshal Ward No 27/Marshal,Banaswadi,,,,,2025-06-13 09:22:00.000000000,Closed
20765965,INDIAN_OPENCITY_BBMP,20765965,Road cutting in Uttarahalli .,General Consumer Services,Venkat Ramana/AE,Uttarahalli,,,,,2025-06-15 10:28:00.000000000,Closed
20771340,INDIAN_OPENCITY_BBMP,20771340,Garbage vehicle not arrived in Gottigere Field inspection assigned to Marshal officer.,General Consumer Services,Marshal Ward No 194/Marshal,Gottigere,,,,,2025-06-19 05:13:00.000000000,Registered
20771688,INDIAN_OPENCITY_BBMP,20771688,Garbage dump in Banaswadi Field inspection assigned to Marshal officer.,General Consumer Services,Marshal Ward No 27/Marshal,Banaswadi,,,,,2025-06-19 10:35:00.000000000,Registered
20767510,INDIAN_OPENCITY_BBMP,20767510,Aged street dogs please take action in BTM Layout Sir Please contact stray dog rescue team officer Dr Shrinath Assistant Director mb [PHONE],General Consumer Services,SURESH/VI,BTM Layout,,,,,2025-06-16 03:48:00.000000000,Closed
20764744,INDIAN_OPENCITY_BBMP,20764744,Garbage dump in Binnipet Work progressing,General Consumer Services,Marshal Ward No 121/Marshal,Binnipet,,,,,2025-06-14 07:34:00.000000000,Closed
20763055,INDIAN_OPENCITY_BBMP,20763055,UnAuthorised Building Constructions in Nagavara Field inspection assigned to AE officer.,General Consumer Services,Swamylal/AE,Nagavara,,,,,2025-06-12 07:36:00.000000000,Registered
20766477,INDIAN_OPENCITY_BBMP,20766477,Animal Rescue - Not well - Requires attention in Bellandur Complaint attended,General Consumer Services,B K Ashwath Narayan/VI,Bellandur,,,,,2025-06-15 08:15:00.000000000,Closed
20766616,INDIAN_OPENCITY_BBMP,20766616,Potholes in Doddanekkundi Field inspection assigned to AE officer.,General Consumer Services,C Rachipa/AE,Doddanekkundi,,,,,2025-06-15 11:23:00.000000000,Registered
20765092,INDIAN_OPENCITY_BBMP,20765092,Removal of dead/fallen trees in Jeevanbhima Nagar NOT CLEARED PLEASE UPLOAD PHOTOS,General Consumer Services,Prakash AD/ACF,Jeevanbhima Nagar,,,,,2025-06-14 11:44:00.000000000,ReOpen
20766391,INDIAN_OPENCITY_BBMP,20766391,Garbage dump in A.Narayanapura Safety Wall construction is process wait few days,General Consumer Services,Marshal Ward No 56/Marshal,A.Narayanapura,,,,,2025-06-15 07:08:00.000000000,Closed
20769480,INDIAN_OPENCITY_BBMP,20769480,Potholes in Garudacharpalya Field inspection assigned to AE officer.,General Consumer Services,Muniyappa/AE,Garudacharpalya,,,,,2025-06-18 10:15:00.000000000,Registered
20763346,INDIAN_OPENCITY_BBMP,20763346,Garbage dump in Kadugodi Engineering department medam,General Consumer Services,Marshal Ward No 83/Marshal,Kadugodi,,,,,2025-06-13 08:25:00.000000000,Closed
20768267,INDIAN_OPENCITY_BBMP,20768267,Garbage dump in Ramaswamy Palya Complete clear,General Consumer Services,Marshal Ward No 62/Marshal,Ramaswamy Palya,,,,,2025-06-17 10:22:00.000000000,Closed
20769431,INDIAN_OPENCITY_BBMP,20769431,Complaint against SW collector/ SWM official for violation of SWM Rules in Jnanabharathi Ward Clear,General Consumer Services,Marshal Ward No 129/Marshal,Jnanabharathi Ward,,,,,2025-06-18 09:44:00.000000000,Closed
20770944,INDIAN_OPENCITY_BBMP,20770944,Garbage dump in Horamavu Clear sir,General Consumer Services,Marshal Ward No 25/Marshal,Horamavu,,,,,2025-06-19 12:14:00.000000000,Closed
20766767,INDIAN_OPENCITY_BBMP,20766767,Potholes in Varthur Field inspection assigned to AE officer.,General Consumer Services,Nandish/AE,Varthur,,,,,2025-06-16 09:13:00.000000000,Registered
20769923,INDIAN_OPENCITY_BBMP,20769923,Removal of dead/fallen trees in Shiva Nagar Field inspection assigned to DYRFO officer.,General Consumer Services,sudarshan/DYRFO,Shiva Nagar,,,,,2025-06-18 02:39:00.000000000,Registered
20768637,INDIAN_OPENCITY_BBMP,20768637,Air/Noise pollution in Byatarayanapura Field inspection assigned to SHI officer.,General Consumer Services,Sunandamma/SHI,Byatarayanapura,,,,,2025-06-17 02:07:00.000000000,Registered
20768466,INDIAN_OPENCITY_BBMP,20768466,Garbage dump in Kodigehalli Complaint cleared,General Consumer Services,Marshal Ward No 08/Marshal,Kodigehalli,,,,,2025-06-17 12:00:00.000000000,Closed
20766812,INDIAN_OPENCITY_BBMP,20766812,UnAuthorised Constructions in C.V.Raman Nagar Mention precise location and proper photos,General Consumer Services,BBMP Whatsapp/Customer Support Representative,C.V.Raman Nagar,,,,,2025-06-16 09:46:00.000000000,Non Relevant
20769506,INDIAN_OPENCITY_BBMP,20769506,Garbage dump in C.V.Raman Nagar Field inspection assigned to Marshal officer.,General Consumer Services,Marshal Ward No 57/Marshal,C.V.Raman Nagar,,,,,2025-06-18 10:31:00.000000000,Registered
20763560,INDIAN_OPENCITY_BBMP,20763560,Road Infrastructure in Govindraja Nagara It's BWSSB WORK at progress it will be rectified,General Consumer Services,Sri.Ravi C Gudadappanvar/AE,Govindraja Nagara,,,,,2025-06-13 10:29:00.000000000,Closed
20770691,INDIAN_OPENCITY_BBMP,20770691,Spraying in Doddanekkundi Field inspection assigned to SHI officer.,General Consumer Services,Devaraju M/SHI,Doddanekkundi,,,,,2025-06-19 10:04:00.000000000,Registered
20767481,INDIAN_OPENCITY_BBMP,20767481,Garbage dump in Sudam Nagar Forwarded Task,General Consumer Services,Marshal ward no 118/Marshal,Sudam Nagar,,,,,2025-06-16 03:20:00.000000000,Registered
20763258,INDIAN_OPENCITY_BBMP,20763258,Unable to generate the property tax challan in Gottigere Please login https://bbmp.karnataka.gov.in/newkhata/ Applay New khata and new Tax,General Consumer Services,Dodda Shamachari/ARO,Gottigere,,,,,2025-06-13 01:49:00.000000000,Closed
20766062,INDIAN_OPENCITY_BBMP,20766062,Removal of dead/fallen trees in Jayamahal +91 90354 49535,General Consumer Services,P Nagendra /DYRFO,Jayamahal,,,,,2025-06-15 11:52:00.000000000,Closed
20770408,INDIAN_OPENCITY_BBMP,20770408,Garbage dumping in vacant sites in Manorayanapalya Cleared,General Consumer Services,Marshal Ward No 33/Marshal,Manorayanapalya,,,,,2025-06-18 10:20:00.000000000,Closed
20767622,INDIAN_OPENCITY_BBMP,20767622,Garbage dump in Devarajeevanahalli It's clear sir madam,General Consumer Services,Marshal Ward No 47/Marshal,Devarajeevanahalli,,,,,2025-06-16 05:30:00.000000000,Closed
20765034,INDIAN_OPENCITY_BBMP,20765034,Road side drains in Arakere Forwarded Task,General Consumer Services,Chethan K M/AE,Arakere,,,,,2025-06-14 11:18:00.000000000,Registered
20763818,INDIAN_OPENCITY_BBMP,20763818,"Other Khata / ekhata issues in Kadugodi The Property ""3236960790"" is in the process of PROPERTY CORRECTION, Currently this property available in Revenue Officer(ro_mdp_bbmp) forward list.",General Consumer Services,Santhos Kumar/ARO,Kadugodi,,,,,2025-06-13 12:22:00.000000000,Closed
20765245,INDIAN_OPENCITY_BBMP,20765245,Animal Rescue - Not well - Requires attention in J.P.Nagar Sir Please contact stray dog rescue team officer Dr Shrinath Assistant Director mb [PHONE],General Consumer Services,Vijaya laxmi/VI,J.P.Nagar,,,,,2025-06-14 01:11:00.000000000,Closed
20767904,INDIAN_OPENCITY_BBMP,20767904,Stray dog related complaints in Dodda Bidarkallu Dog's cought for animals birth control operation and vaccination,General Consumer Services,Ramesh.B/VI,Dodda Bidarkallu,,,,,2025-06-16 09:25:00.000000000,Closed
20770637,INDIAN_OPENCITY_BBMP,20770637,Road side drains in HSR Layout Field inspection assigned to AE officer.,General Consumer Services,Ramegowda/AE,HSR Layout,,,,,2025-06-19 09:22:00.000000000,Registered
20766341,INDIAN_OPENCITY_BBMP,20766341,Garbage dump in Vasanth Nagar Sweeping done,General Consumer Services,Marshal Ward No 93/Marshal,Vasanth Nagar,,,,,2025-06-15 06:01:00.000000000,Closed
20771414,INDIAN_OPENCITY_BBMP,20771414,Sewerage water left in SWD in Kuvempu Nagar Field inspection assigned to AE officer.,General Consumer Services,Prashanth/AE,Kuvempu Nagar,,,,,2025-06-19 06:07:00.000000000,Registered
20771096,INDIAN_OPENCITY_BBMP,20771096,Public dustbins not cleaned in Rajarajeshwari Nagar Field inspection assigned to Marshal officer.,General Consumer Services,Marshal Ward No 160/Marshal,Rajarajeshwari Nagar,,,,,2025-06-19 01:40:00.000000000,Registered
20764253,INDIAN_OPENCITY_BBMP,20764253,Garbage dump in Sarakki complaint cleared sir,General Consumer Services,Marshal Ward No 178/Marshal,Sarakki,,,,,2025-06-13 05:05:00.000000000,Closed
20763928,INDIAN_OPENCITY_BBMP,20763928,Dead animal(s) in Sudam Nagar Field inspection assigned to JHI officer.,General Consumer Services,Veerayya/JHI,Sudam Nagar,,,,,2025-06-13 01:30:00.000000000,Registered
20769174,INDIAN_OPENCITY_BBMP,20769174,Garbage dump in Vignana Nagar Clear,General Consumer Services,Marshal Ward No 80/Marshal,Vignana Nagar,,,,,2025-06-17 10:05:00.000000000,Closed
20770016,INDIAN_OPENCITY_BBMP,20770016,ekhata approval pending with ARO in Begur Field inspection assigned to ARO officer.,General Consumer Services,Narasimhulu/ARO,Begur,,,,,2025-06-18 04:25:00.000000000,Registered
20765474,INDIAN_OPENCITY_BBMP,20765474,Garbage dump in Chikpete ಇಲ್ಲಿ ಏನು ಕಸದ ಸನಸ್ಯೆ ಇಲ್ಲ,General Consumer Services,Marshal Ward No 109/Marshal,Chikpete,,,,,2025-06-14 05:10:00.000000000,Closed
20762809,INDIAN_OPENCITY_BBMP,20762809,Footpath in Shanthala Nagar Resolved,General Consumer Services,Nikhil Gowda /AE,Shanthala Nagar,,,,,2025-06-12 04:19:00.000000000,Closed
20763439,INDIAN_OPENCITY_BBMP,20763439,Sweeping not done in Chamrajpet Cleared,General Consumer Services,Vijay Kumar K/JHI,Chamrajpet,,,,,2025-06-13 09:28:00.000000000,Closed
20771426,INDIAN_OPENCITY_BBMP,20771426,water stagnation in Byrasandra Field inspection assigned to AE officer.,General Consumer Services,AE Ward 169/AE,Byrasandra,,,,,2025-06-19 06:16:00.000000000,Registered
20762170,INDIAN_OPENCITY_BBMP,20762170,Garbage vehicle not arrived in Madiwala Cleared,General Consumer Services,Marshal Ward No 172/Marshal,Madiwala,,,,,2025-06-12 09:58:00.000000000,Closed
20767233,INDIAN_OPENCITY_BBMP,20767233,Increase in mosquito density in Radhakrishna Temple Fogging done,General Consumer Services,MAMATHA/SHI,Radhakrishna Temple,,,,,2025-06-16 12:24:00.000000000,Closed
20765711,INDIAN_OPENCITY_BBMP,20765711,Violation of rules by Shop rent / Leaser in Ejipura Above matter pertains to MOH (Medical Officer Health) Koramangala,General Consumer Services,9480683380/ARO,Ejipura,,,,,2025-06-14 09:28:00.000000000,Closed
20762241,INDIAN_OPENCITY_BBMP,20762241,Garbage dump in Basavanapura Ok I will see duty,General Consumer Services,Marshal Ward No 53/Marshal,Basavanapura,,,,,2025-06-12 10:40:00.000000000,Closed
20771068,INDIAN_OPENCITY_BBMP,20771068,Garbage vehicle not arrived in Byrasandra Field inspection assigned to Marshal officer.,General Consumer Services,Marshal Ward No 169/Marshal,Byrasandra,,,,,2025-06-19 01:23:00.000000000,Registered
20763504,INDIAN_OPENCITY_BBMP,20763504,Complaint against SW collector/ SWM official for violation of SWM Rules in HBR Layout Cleared,General Consumer Services,Marshal Ward No 24/Marshal,HBR Layout,,,,,2025-06-13 10:04:00.000000000,Closed
20764964,INDIAN_OPENCITY_BBMP,20764964,Garbage dump in Hoysala Nagar Garbage cleared sir.. Thank you,General Consumer Services,Marshal Ward No 80/Marshal,Hoysala Nagar,,,,,2025-06-14 10:42:00.000000000,Closed
20770557,INDIAN_OPENCITY_BBMP,20770557,Stray/Rabid dog bite in Jakkur Field inspection assigned to VI officer.,General Consumer Services,Narayan Reddy/VI,Jakkur,,,,,2025-06-19 08:15:00.000000000,Registered
20764518,INDIAN_OPENCITY_BBMP,20764518,Fatally injured - Needs immediate attention in Hoodi Complaint attended,General Consumer Services,B K Ashwath Narayan/VI,Hoodi,,,,,2025-06-13 08:17:00.000000000,Closed
20766198,INDIAN_OPENCITY_BBMP,20766198,obstructions Branches / Trees. in Byatarayanapura Field inspection assigned to DYRFO officer.,General Consumer Services,Mutturaju KP/DYRFO,Byatarayanapura,,,,,2025-06-15 02:04:00.000000000,Registered
20771132,INDIAN_OPENCITY_BBMP,20771132,Removal of dead/fallen trees in Vidyapeetha Field inspection assigned to DYRFO officer.,General Consumer Services,Shivanna T.C/DYRFO,Vidyapeetha,,,,,2025-06-19 02:07:00.000000000,Registered
20765368,INDIAN_OPENCITY_BBMP,20765368,ekhata approval pending with ARO in Kushal Nagar Not related to ARO kg halli,General Consumer Services,Niranjan Murthy/ARO,Kushal Nagar,,,,,2025-06-14 03:08:00.000000000,Closed
20767792,INDIAN_OPENCITY_BBMP,20767792,Garbage dump in Bilekahalli This one Complaint Also Clear,General Consumer Services,Marshal Ward No 188/Marshal,Bilekahalli,,,,,2025-06-16 07:44:00.000000000,Closed
20762343,INDIAN_OPENCITY_BBMP,20762343,Sewerage water left in SWD in Rajarajeshwari Nagar Field inspection assigned to AE officer.,General Consumer Services,Aveesh/AE,Rajarajeshwari Nagar,,,,,2025-06-12 11:21:00.000000000,Registered
20771663,INDIAN_OPENCITY_BBMP,20771663,Others in Singasandra Field inspection assigned to Customer Support Representative officer.,General Consumer Services,BBMP Whatsapp/Customer Support Representative,Singasandra,,,,,2025-06-19 10:06:00.000000000,Registered
20761814,INDIAN_OPENCITY_BBMP,20761814,Road side drains in Kavalbyrasandra Field inspection assigned to AE officer.,General Consumer Services,Basavaraj/AE,Kavalbyrasandra,,,,,2025-06-11 08:06:00.000000000,Registered
20771093,INDIAN_OPENCITY_BBMP,20771093,Dead animal(s) in Gandhi Nagar Field inspection assigned to JHI officer.,General Consumer Services,Ramanathan/JHI,Gandhi Nagar,,,,,2025-06-19 01:40:00.000000000,Registered
20770821,INDIAN_OPENCITY_BBMP,20770821,Removal of dead/fallen trees in Moodalapalya Field inspection assigned to DYRFO officer.,General Consumer Services,sudarshan/DYRFO,Moodalapalya,,,,,2025-06-19 11:14:00.000000000,Registered
20762015,INDIAN_OPENCITY_BBMP,20762015,"Removal of dead/fallen trees in Nagarabhavi Please contact Area Supervisor, Ganesh-[PHONE]",General Consumer Services,sudarshan/DYRFO,Nagarabhavi,,,,,2025-06-12 08:00:00.000000000,Closed
20765476,INDIAN_OPENCITY_BBMP,20765476,Road side drains in Hagadooru Forwarded Task,General Consumer Services,Basavaraja TakkalakI/AE,Hagadooru,,,,,2025-06-14 05:11:00.000000000,Registered
20770507,INDIAN_OPENCITY_BBMP,20770507,Fatally injured - Needs immediate attention in Uttarahalli Contact 1962 (counseling),General Consumer Services,Uday Kulkarni/VI,Uttarahalli,,,,,2025-06-19 07:25:00.000000000,Closed
20768646,INDIAN_OPENCITY_BBMP,20768646,Stray dog related complaints in Hampi Nagar Field inspection assigned to VI officer.,General Consumer Services,Hanumantha raju/VI,Hampi Nagar,,,,,2025-06-17 02:17:00.000000000,Registered
20771566,INDIAN_OPENCITY_BBMP,20771566,Garbage vehicle not arrived in Ramamurthy Nagar Field inspection assigned to Marshal officer.,General Consumer Services,Marshal Ward No 26/Marshal,Ramamurthy Nagar,,,,,2025-06-19 08:25:00.000000000,Registered
20768999,INDIAN_OPENCITY_BBMP,20768999,Potholes in Yelachenahalli .,General Consumer Services,Narendra kumar/AE,Yelachenahalli,,,,,2025-06-17 07:30:00.000000000,Closed
20766624,INDIAN_OPENCITY_BBMP,20766624,Stray dog related complaints in Kuvempu Nagar Call not received. ABC operation ARV vaccination will be functioning regularly in this ward. STRICTLY NO RELOCATION OF DOGS IT'S AGAINST THE RULE.,General Consumer Services,Pushpa B Rao/VI,Kuvempu Nagar,,,,,2025-06-15 11:55:00.000000000,Closed
20764784,INDIAN_OPENCITY_BBMP,20764784,Food Quantity in Pattabhiram Nagar Field inspection assigned to SHI officer.,General Consumer Services,Ramachandra .C/SHI,Pattabhiram Nagar,,,,,2025-06-14 08:30:00.000000000,Registered
20770367,INDIAN_OPENCITY_BBMP,20770367,Garbage dumping in vacant sites in Pattabhiram Nagar Clear,General Consumer Services,Marshal Ward No 168/Marshal,Pattabhiram Nagar,,,,,2025-06-18 09:45:00.000000000,Closed
20767631,INDIAN_OPENCITY_BBMP,20767631,Garbage dump in Banaswadi Clareed,General Consumer Services,Marshal Ward No 27/Marshal,Banaswadi,,,,,2025-06-16 05:37:00.000000000,Closed
20766658,INDIAN_OPENCITY_BBMP,20766658,Public dustbins not cleaned in Manorayanapalya Cleaned,General Consumer Services,Marshal Ward No 33/Marshal,Manorayanapalya,,,,,2025-06-16 07:05:00.000000000,Closed
20770441,INDIAN_OPENCITY_BBMP,20770441,Stray dog related complaints in K.R.Puram Field inspection assigned to VI officer.,General Consumer Services,Smt Jahanar Ameer/VI,K.R.Puram,,,,,2025-06-18 11:31:00.000000000,Registered
20765590,INDIAN_OPENCITY_BBMP,20765590,Stray dog related complaints in Kengeri Field inspection assigned to Customer Support Representative officer.,General Consumer Services,BBMP Whatsapp/Customer Support Representative,Kengeri,,,,,2025-06-14 07:11:00.000000000,Non Relevant
20769890,INDIAN_OPENCITY_BBMP,20769890,"Dog, cat Poor conditions / Breeding license validation in Marappana Palya Field inspection assigned to VI officer.",General Consumer Services,Lokesh/VI,Marappana Palya,,,,,2025-06-18 02:00:00.000000000,Registered
20764953,INDIAN_OPENCITY_BBMP,20764953,Debris Removal / Construction Material in J.P.Nagar Field inspection assigned to AE officer.,General Consumer Services,AE Ward 177/AE,J.P.Nagar,,,,,2025-06-14 10:36:00.000000000,Registered
20767089,INDIAN_OPENCITY_BBMP,20767089,Garbage dumping in vacant sites in Kamakshipalya Complaint resolved,General Consumer Services,Marshal Ward No 101/Marshal,Kamakshipalya,,,,,2025-06-16 11:24:00.000000000,Closed
20765537,INDIAN_OPENCITY_BBMP,20765537,obstructions Branches / Trees. in Benniganahalli 63614 30192,General Consumer Services,Thimmappa/DYRFO,Benniganahalli,,,,,2025-06-14 06:25:00.000000000,Closed
20771615,INDIAN_OPENCITY_BBMP,20771615,Garbage vehicle not arrived in Banashankari Temple Ward Field inspection assigned to Marshal officer.,General Consumer Services,Marshal Ward No 180/Marshal,Banashankari Temple Ward,,,,,2025-06-19 09:05:00.000000000,Registered
20770475,INDIAN_OPENCITY_BBMP,20770475,Public dustbins not cleaned in K.R.Market Field inspection assigned to Marshal officer.,General Consumer Services,Marshal Ward No 139/Marshal,K.R.Market,,,,,2025-06-19 06:09:00.000000000,Registered
20762601,INDIAN_OPENCITY_BBMP,20762601,Other Khata / ekhata issues in Konanakunte close,General Consumer Services,SHIVAPUTRA/ARO,Konanakunte,,,,,2025-06-12 01:28:00.000000000,Closed
20771260,INDIAN_OPENCITY_BBMP,20771260,Stray dog related complaints in Ganeshmandira Ward Field inspection assigned to VI officer.,General Consumer Services,ss doddamani/VI,Ganeshmandira Ward,,,,,2025-06-19 03:41:00.000000000,Registered
20768344,INDIAN_OPENCITY_BBMP,20768344,Garbage vehicle not arrived in Kadugondanahalli Still not cleared.,General Consumer Services,Salah Ud Din/Division Supervisor,Kadugondanahalli,,,,,2025-06-17 11:02:00.000000000,ReOpen
20765392,INDIAN_OPENCITY_BBMP,20765392,Garbage dump in Kengeri This vehicle number send the my iruthurity,General Consumer Services,Marshal Ward No 159/Marshal,Kengeri,,,,,2025-06-14 03:39:00.000000000,Closed
20767445,INDIAN_OPENCITY_BBMP,20767445,Garbage vehicle not arrived in Singasandra Attended complaint and cleared,General Consumer Services,Marshal Ward No 191/Marshal,Singasandra,,,,,2025-06-16 02:56:00.000000000,Closed
20770804,INDIAN_OPENCITY_BBMP,20770804,footpath encroachment in Attiguppe Field inspection assigned to AE officer.,General Consumer Services,AE Ward 132/AE,Attiguppe,,,,,2025-06-19 11:05:00.000000000,Registered
20765012,INDIAN_OPENCITY_BBMP,20765012,Other Khata / ekhata issues in Dodda Bidarkallu done,General Consumer Services,Manjula/ARO,Dodda Bidarkallu,,,,,2025-06-14 11:06:00.000000000,Closed
20767399,INDIAN_OPENCITY_BBMP,20767399,Road Infrastructure in Doddanekkundi Field inspection assigned to AE officer.,General Consumer Services,Veeresh Balagnur/AE,Doddanekkundi,,,,,2025-06-16 02:10:00.000000000,Registered
20764995,INDIAN_OPENCITY_BBMP,20764995,Garbage dump in Yadiyuru Clear,General Consumer Services,Marshal Ward No 167/Marshal,Yadiyuru,,,,,2025-06-14 10:57:00.000000000,Closed
20767415,INDIAN_OPENCITY_BBMP,20767415,footpath encroachment in Gandhi Nagar Forwarded Task,General Consumer Services,Rajshekhar Murthy/AE,Gandhi Nagar,,,,,2025-06-16 02:29:00.000000000,Registered
20764730,INDIAN_OPENCITY_BBMP,20764730,Stray dog related complaints in Ullalu Dog's cought for animals birth control and vaccination,General Consumer Services,Ramesh.B/VI,Ullalu,,,,,2025-06-14 07:15:00.000000000,Closed
20763596,INDIAN_OPENCITY_BBMP,20763596,Road cutting in HBR Layout Update soon,General Consumer Services,Shivandaiah/AE,HBR Layout,,,,,2025-06-13 10:46:00.000000000,Closed
20768742,INDIAN_OPENCITY_BBMP,20768742,Garbage dump in Chikpete Cleared,General Consumer Services,Marshal Ward No 109/Marshal,Chikpete,,,,,2025-06-17 03:53:00.000000000,Closed
20767806,INDIAN_OPENCITY_BBMP,20767806,Stray dog related complaints in HBR Layout Your request for relocation of stray dogs is a punishable Offense under law. So Relocation cannot be done.,General Consumer Services,Chandrashekar/VI,HBR Layout,,,,,2025-06-16 07:51:00.000000000,Closed
20771196,INDIAN_OPENCITY_BBMP,20771196,TEC in Benniganahalli ORR and service road pertains to East,General Consumer Services,Mohammed Liyaqut ali/AE,Benniganahalli,,,,,2025-06-19 03:01:00.000000000,Registered
20770629,INDIAN_OPENCITY_BBMP,20770629,"Khata Services (Registration, Transfer, Bifurcation and Amalgamation) in Vidyaranyapura PHONE NO UPDATED IN THE TAX PAID RECEIPT",General Consumer Services,Anita/ARO,Vidyaranyapura,,,,,2025-06-19 09:13:00.000000000,Closed
20762661,INDIAN_OPENCITY_BBMP,20762661,Dead animal(s) in Varthur Reslov,General Consumer Services,Balaji S /JHI,Varthur,,,,,2025-06-12 02:14:00.000000000,Closed
20769330,INDIAN_OPENCITY_BBMP,20769330,Fatally injured - Needs immediate attention in HAL Airport Field inspection assigned to VI officer.,General Consumer Services,Smt Jahanar Ameer/VI,HAL Airport,,,,,2025-06-18 08:40:00.000000000,Registered
20763871,INDIAN_OPENCITY_BBMP,20763871,Removal of dead/fallen trees in Kengeri Field inspection assigned to DYRFO officer.,General Consumer Services,Jagadish V/DYRFO,Kengeri,,,,,2025-06-13 12:54:00.000000000,Registered
20763984,INDIAN_OPENCITY_BBMP,20763984,Animal Cruelty/Ill-Treated / Abused in Uttarahalli Field inspection assigned to VI officer.,General Consumer Services,Uday Kulkarni/VI,Uttarahalli,,,,,2025-06-13 02:23:00.000000000,Registered
20771157,INDIAN_OPENCITY_BBMP,20771157,Increase in mosquito density in Sri Rammandira Field inspection assigned to SHI officer.,General Consumer Services,Subramaniya N Padaki/SHI,Sri Rammandira,,,,,2025-06-19 02:31:00.000000000,Registered
20766983,INDIAN_OPENCITY_BBMP,20766983,Footpath in Nayandanahalli Field inspection assigned to AE officer.,General Consumer Services,Manje Gowda/AE,Nayandanahalli,,,,,2025-06-16 10:46:00.000000000,Registered
20770574,INDIAN_OPENCITY_BBMP,20770574,Garbage dump in Banaswadi Clared,General Consumer Services,Marshal Ward No 27/Marshal,Banaswadi,,,,,2025-06-19 08:34:00.000000000,Closed
20771307,INDIAN_OPENCITY_BBMP,20771307,Garbage vehicle not arrived in Horamavu Field inspection assigned to Marshal officer.,General Consumer Services,Marshal Ward No 25/Marshal,Horamavu,,,,,2025-06-19 04:24:00.000000000,Registered
20763623,INDIAN_OPENCITY_BBMP,20763623,Ekhata Area Correction in Horamavu Field inspection assigned to ARO officer.,General Consumer Services,Sheshagiri /ARO,Horamavu,,,,,2025-06-13 10:58:00.000000000,Registered
20767142,INDIAN_OPENCITY_BBMP,20767142,Dengue positive in Hoodi Attend,General Consumer Services,V Nagaraju/SHI,Hoodi,,,,,2025-06-16 11:41:00.000000000,Closed
20766540,INDIAN_OPENCITY_BBMP,20766540,obstructions Branches / Trees. in Yelachenahalli Repeated complaint,General Consumer Services,Narendra Babu/RFO,Yelachenahalli,,,,,2025-06-15 09:15:00.000000000,Closed
20766255,INDIAN_OPENCITY_BBMP,20766255,Removal of dead/fallen trees in Manorayanapalya Field inspection assigned to DYRFO officer.,General Consumer Services,P Nagendra /DYRFO,Manorayanapalya,,,,,2025-06-15 03:28:00.000000000,Registered
20765455,INDIAN_OPENCITY_BBMP,20765455,Garbage dumping in vacant sites in Kumaraswamy Layout Clear,General Consumer Services,Marshal Ward No 181/Marshal,Kumaraswamy Layout,,,,,2025-06-14 04:47:00.000000000,Closed
20771378,INDIAN_OPENCITY_BBMP,20771378,Garbage dump in HBR Layout Field inspection assigned to Marshal officer.,General Consumer Services,Marshal Ward No 24/Marshal,HBR Layout,,,,,2025-06-19 05:45:00.000000000,Registered
20771386,INDIAN_OPENCITY_BBMP,20771386,Removal of dead/fallen trees in Rajamahal Field inspection assigned to DYRFO officer.,General Consumer Services,sudarshan/DYRFO,Rajamahal,,,,,2025-06-19 05:48:00.000000000,Registered
20762314,INDIAN_OPENCITY_BBMP,20762314,Dead animal(s) in Attiguppe Field inspection assigned to JHI officer.,General Consumer Services,Sandeep Kumar K/JHI,Attiguppe,,,,,2025-06-12 11:08:00.000000000,Registered
20769229,INDIAN_OPENCITY_BBMP,20769229,Debris Removal / Construction Material in Kadugondanahalli Forwarded Task,General Consumer Services,Harshith/AE,Kadugondanahalli,,,,,2025-06-18 12:07:00.000000000,Registered
20770759,INDIAN_OPENCITY_BBMP,20770759,Maintenance of SWD in Sanjay Nagar Field inspection assigned to AE officer.,General Consumer Services,Samatha/AE,Sanjay Nagar,,,,,2025-06-19 10:36:00.000000000,Registered
20770993,INDIAN_OPENCITY_BBMP,20770993,Garbage dump in Arakere Field inspection assigned to Marshal officer.,General Consumer Services,Marshal Ward No 193/Marshal,Arakere,,,,,2025-06-19 12:34:00.000000000,Registered
20767269,INDIAN_OPENCITY_BBMP,20767269,Animal Rescue - Not well - Requires attention in Vidyaranyapura Spoken with the concern person,General Consumer Services,Pushpa B Rao/VI,Vidyaranyapura,,,,,2025-06-16 12:44:00.000000000,Closed
20768916,INDIAN_OPENCITY_BBMP,20768916,Fatally injured - Needs immediate attention in Mathikere We do the abc arv combained vaccine programme,General Consumer Services,Nagesh/VI,Mathikere,,,,,2025-06-17 06:21:00.000000000,Closed
20771049,INDIAN_OPENCITY_BBMP,20771049,Air/Noise pollution in Newthippasandra Field inspection assigned to SHI officer.,General Consumer Services,Shri. Ramayya/SHI,Newthippasandra,,,,,2025-06-19 01:07:00.000000000,Registered
20767165,INDIAN_OPENCITY_BBMP,20767165,Other Khata / ekhata issues in Singasandra ನಿಯಮಾನುಸಾರ ಕ್ರಮ ಕೈಗೊಳ್ಳಲಾಗಿದೆ,General Consumer Services,Narasimhulu/ARO,Singasandra,,,,,2025-06-16 11:53:00.000000000,Closed
20762812,INDIAN_OPENCITY_BBMP,20762812,footpath encroachment in Rajaji Nagar Forwarded Task,General Consumer Services,Subash Patel/AE,Rajaji Nagar,,,,,2025-06-12 04:20:00.000000000,Registered
20770042,INDIAN_OPENCITY_BBMP,20770042,Fatally injured - Needs immediate attention in Kuvempu Nagar Field inspection assigned to VI officer.,General Consumer Services,Pushpa B Rao/VI,Kuvempu Nagar,,,,,2025-06-18 04:45:00.000000000,Registered
20765391,INDIAN_OPENCITY_BBMP,20765391,Gym/Children Play equipment in the parks in Vignana Nagar Field inspection assigned to HS officer.,General Consumer Services,Keshav/HS,Vignana Nagar,,,,,2025-06-14 03:39:00.000000000,Registered
20764755,INDIAN_OPENCITY_BBMP,20764755,Footpath in Gandhi Nagar Forwarded Task,General Consumer Services,Rajshekhar Murthy/AE,Gandhi Nagar,,,,,2025-06-14 07:55:00.000000000,Registered
20770884,INDIAN_OPENCITY_BBMP,20770884,Garbage dump in Jagajeevanram Nagar Forwarded Task,General Consumer Services,Marshal Ward No 136/Marshal,Jagajeevanram Nagar,,,,,2025-06-19 11:40:00.000000000,Registered
20770684,INDIAN_OPENCITY_BBMP,20770684,ekhata approval pending with ARO in Hemmigepura Field inspection assigned to ARO officer.,General Consumer Services,Ramesh Rathod/ARO,Hemmigepura,,,,,2025-06-19 09:56:00.000000000,Registered
20768309,INDIAN_OPENCITY_BBMP,20768309,Potholes in Bommanahalli Field inspection assigned to Customer Support Representative officer.,General Consumer Services,BBMP Whatsapp/Customer Support Representative,Bommanahalli,,,,,2025-06-17 10:45:00.000000000,Non Relevant
20767673,INDIAN_OPENCITY_BBMP,20767673,Road side drains in Shakambari Nagar Field inspection assigned to AE officer.,General Consumer Services,AE Ward 179/AE,Shakambari Nagar,,,,,2025-06-16 06:15:00.000000000,Registered
20765842,INDIAN_OPENCITY_BBMP,20765842,Road Infrastructure in Visvesvarapuram Forwarded Task,General Consumer Services,VENKATESH murthy H /AE,Visvesvarapuram,,,,,2025-06-15 08:12:00.000000000,Registered
20771436,INDIAN_OPENCITY_BBMP,20771436,Garbage dump in Lingarajapuram Field inspection assigned to Marshal officer.,General Consumer Services,Marshal Ward No 49/Marshal,Lingarajapuram,,,,,2025-06-19 06:25:00.000000000,Registered
20768237,INDIAN_OPENCITY_BBMP,20768237,"Khata Services (Registration, Transfer, Bifurcation and Amalgamation) in Begur ನಿಯಮಾನುಸಾರ ಕ್ರಮ ವಹಿಸಲಾಗುವುದು",General Consumer Services,Narasimhulu/ARO,Begur,,,,,2025-06-17 10:10:00.000000000,Closed
20765970,INDIAN_OPENCITY_BBMP,20765970,Animal birth control/neutering of stray dogs in Konanakunte Field inspection assigned to VI officer.,General Consumer Services,Uday Kulkarni/VI,Konanakunte,,,,,2025-06-15 10:34:00.000000000,Registered
20770888,INDIAN_OPENCITY_BBMP,20770888,Removal of dead/fallen trees in Vidyaranyapura Field inspection assigned to DYRFO officer.,General Consumer Services,Mutturaju KP/DYRFO,Vidyaranyapura,,,,,2025-06-19 11:41:00.000000000,Registered
20766813,INDIAN_OPENCITY_BBMP,20766813,Sweeping not done in Sri Rammandira Field inspection assigned to JHI officer.,General Consumer Services,Vinay M/JHI,Sri Rammandira,,,,,2025-06-16 09:46:00.000000000,Registered
20766061,INDIAN_OPENCITY_BBMP,20766061,"Stray/Rabid dog bite in Madiwala Dog bite complaint Attended on Sunday Dt. 15/06/25, Dog has taken to centre for observation",General Consumer Services,SURESH/VI,Madiwala,,,,,2025-06-15 11:50:00.000000000,Closed
20771172,INDIAN_OPENCITY_BBMP,20771172,Other Khata / ekhata issues in Doddanekkundi Field inspection assigned to ARO officer.,General Consumer Services,Sridhar/ARO,Doddanekkundi,,,,,2025-06-19 02:42:00.000000000,Registered
20767492,INDIAN_OPENCITY_BBMP,20767492,Garbage dump in Sarakki complaint cleared,General Consumer Services,Marshal Ward No 178/Marshal,Sarakki,,,,,2025-06-16 03:31:00.000000000,Closed
20762611,INDIAN_OPENCITY_BBMP,20762611,Animal Rescue - Not well - Requires attention in Kottigepalya Referred to rescue team,General Consumer Services,Uma V.H/VI,Kottigepalya,,,,,2025-06-12 01:37:00.000000000,Closed
20763729,INDIAN_OPENCITY_BBMP,20763729,Removal of dead/fallen trees in Vasanth Nagar [PHONE],General Consumer Services,P Nagendra /DYRFO,Vasanth Nagar,,,,,2025-06-13 11:33:00.000000000,Closed
20766957,INDIAN_OPENCITY_BBMP,20766957,Garbage dump in Doddanekkundi Nothing is cleaned. All black spots are as is,General Consumer Services,K Suresh/Division Supervisor,Doddanekkundi,,,,,2025-06-16 10:36:00.000000000,ReOpen
20763609,INDIAN_OPENCITY_BBMP,20763609,Fatally injured - Needs immediate attention in Ejipura Sir Please contact stray dog rescue team officer Dr Shrinath Assistant Director mb [PHONE],General Consumer Services,SURESH/VI,Ejipura,,,,,2025-06-13 10:52:00.000000000,Closed
20761924,INDIAN_OPENCITY_BBMP,20761924,Animal Rescue - Not well - Requires attention in Horamavu Complaint at5ended,General Consumer Services,Smt Jahanar Ameer/VI,Horamavu,,,,,2025-06-11 10:36:00.000000000,Closed
20767374,INDIAN_OPENCITY_BBMP,20767374,Road side drains in Singasandra Forwarded Task,General Consumer Services,Yuva Kumar/AE,Singasandra,,,,,2025-06-16 01:56:00.000000000,Registered
20768142,INDIAN_OPENCITY_BBMP,20768142,Garbage vehicle not arrived in Vannarpet Auto driver is absent Tom onwards he will attend,General Consumer Services,Marshal Ward No 115/Marshal,Vannarpet,,,,,2025-06-17 09:26:00.000000000,Closed
20762923,INDIAN_OPENCITY_BBMP,20762923,Garbage dump in Puttenahalli Grbge cleared medam Plz call me,General Consumer Services,Marshal Ward No 187/Marshal,Puttenahalli,,,,,2025-06-12 05:38:00.000000000,Closed
20767225,INDIAN_OPENCITY_BBMP,20767225,Spraying in Domlur Attended,General Consumer Services,Sagaya Raj/SHI,Domlur,,,,,2025-06-16 12:20:00.000000000,Closed
20769626,INDIAN_OPENCITY_BBMP,20769626,Stray dog related complaints in HAL Airport Field inspection assigned to VI officer.,General Consumer Services,Smt Jahanar Ameer/VI,HAL Airport,,,,,2025-06-18 11:16:00.000000000,Registered
20766004,INDIAN_OPENCITY_BBMP,20766004,Issues Related to Parks/Medians/Circles/Island. in Pattabhiram Nagar Field inspection assigned to HS officer.,General Consumer Services,Channegowda S/HS,Pattabhiram Nagar,,,,,2025-06-15 11:02:00.000000000,Registered
20768813,INDIAN_OPENCITY_BBMP,20768813,Garbage dump in Kuvempu Nagar Complaint resolved,General Consumer Services,Marshal Ward No 11/Marshal,Kuvempu Nagar,,,,,2025-06-17 05:03:00.000000000,Closed
20767910,INDIAN_OPENCITY_BBMP,20767910,Garbage dumping in vacant sites in Vidyapeetha I am call this number he Tell already clear,General Consumer Services,Marshal Ward No 164/Marshal,Vidyapeetha,,,,,2025-06-16 09:40:00.000000000,Closed
20770613,INDIAN_OPENCITY_BBMP,20770613,Garbage vehicle not arrived in Jakkur Cleard,General Consumer Services,Marshal Ward No 05/Marshal,Jakkur,,,,,2025-06-19 09:03:00.000000000,Closed
20762216,INDIAN_OPENCITY_BBMP,20762216,Increase in mosquito density in Kammanahalli Spraying done,General Consumer Services,Hanumantappa/SHI,Kammanahalli,,,,,2025-06-12 10:27:00.000000000,Closed
20767772,INDIAN_OPENCITY_BBMP,20767772,Debris Removal / Construction Material in Yelachenahalli .,General Consumer Services,Narendra kumar/AE,Yelachenahalli,,,,,2025-06-16 07:31:00.000000000,Closed
20763699,INDIAN_OPENCITY_BBMP,20763699,Footpath in Pulikeshi Nagar Field inspection assigned to AE officer.,General Consumer Services,MRUTHUNJAYA/AE,Pulikeshi Nagar,,,,,2025-06-13 11:23:00.000000000,Registered
20766676,INDIAN_OPENCITY_BBMP,20766676,Noise during Building Construction in Jakkur Field inspection assigned to AE officer.,General Consumer Services,Santhosh Kumar/AE,Jakkur,,,,,2025-06-16 07:31:00.000000000,Registered
20766620,INDIAN_OPENCITY_BBMP,20766620,Garbage dump in Begur This complaint is belongs to panchayat limit,General Consumer Services,Marshal Ward No 192/Marshal,Begur,,,,,2025-06-15 11:41:00.000000000,Closed
20771075,INDIAN_OPENCITY_BBMP,20771075,Removal of dead/fallen trees in Katriguppe Field inspection assigned to DYRFO officer.,General Consumer Services,Shivanna T.C/DYRFO,Katriguppe,,,,,2025-06-19 01:29:00.000000000,Registered
20765853,INDIAN_OPENCITY_BBMP,20765853,Garbage dump in Ullalu Clear,General Consumer Services,Marshal Ward No 130/Marshal,Ullalu,,,,,2025-06-15 08:25:00.000000000,Closed
20762286,INDIAN_OPENCITY_BBMP,20762286,Ekhata Area Correction in Kottigepalya Guided to applicant submit the application for correction with all documents,General Consumer Services,SUGUNA/ARO,Kottigepalya,,,,,2025-06-12 10:57:00.000000000,Closed
20766963,INDIAN_OPENCITY_BBMP,20766963,Sweeping not done in H.M.T Field inspection assigned to JHI officer.,General Consumer Services,Tanuja/JHI,H.M.T,,,,,2025-06-16 10:37:00.000000000,Registered
20769436,INDIAN_OPENCITY_BBMP,20769436,Garbage vehicle not arrived in Basavanapura Forwarded Task,General Consumer Services,Marshal Ward No 53/Marshal,Basavanapura,,,,,2025-06-18 09:47:00.000000000,Registered
20770522,INDIAN_OPENCITY_BBMP,20770522,Debris Removal / Construction Material in Byrasandra Field inspection assigned to AE officer.,General Consumer Services,AE Ward 169/AE,Byrasandra,,,,,2025-06-19 07:40:00.000000000,Registered
20768614,INDIAN_OPENCITY_BBMP,20768614,Potholes in Basavanagudi Field inspection assigned to AE officer.,General Consumer Services,AE Ward 154/AE,Basavanagudi,,,,,2025-06-17 01:45:00.000000000,Registered
20764808,INDIAN_OPENCITY_BBMP,20764808,Issues Related to Parks/Medians/Circles/Island. in Ganga Nagar Field inspection assigned to HS officer.,General Consumer Services,Om Prakash/HS,Ganga Nagar,,,,,2025-06-14 08:52:00.000000000,Registered
20764095,INDIAN_OPENCITY_BBMP,20764095,"ekhata approval pending with ARO in Hagadooru The Property ""2459294414"" is in the process of add new property to e-Aasthi (Citizen), Currently this property available in Deputy Commissioner Revenue(dc_mdp_bbmp) forward list.",General Consumer Services,Santhos Kumar/ARO,Hagadooru,,,,,2025-06-13 03:25:00.000000000,Closed
20765897,INDIAN_OPENCITY_BBMP,20765897,"Garbage dump in Moodalapalya Cleared, thank you",General Consumer Services,Marshal Ward No 127/Marshal,Moodalapalya,,,,,2025-06-15 09:18:00.000000000,Closed
20771686,INDIAN_OPENCITY_BBMP,20771686,Garbage dump in Kumaraswamy Layout Field inspection assigned to Marshal officer.,General Consumer Services,Marshal Ward No 181/Marshal,Kumaraswamy Layout,,,,,2025-06-19 10:34:00.000000000,Registered
20766570,INDIAN_OPENCITY_BBMP,20766570,Garbage dump in Padmanabha Nagar Clear all garbage clear,General Consumer Services,Marshal Ward No 182/Marshal,Padmanabha Nagar,,,,,2025-06-15 09:49:00.000000000,Closed
20770774,INDIAN_OPENCITY_BBMP,20770774,Air/Noise pollution in Ejipura Field inspection assigned to SHI officer.,General Consumer Services,Kumar Velu/SHI,Ejipura,,,,,2025-06-19 10:47:00.000000000,Registered
20771051,INDIAN_OPENCITY_BBMP,20771051,Garbage vehicle not arrived in Kumaraswamy Layout Not resolved,General Consumer Services,Rajendra H F/Division Supervisor,Kumaraswamy Layout,,,,,2025-06-19 01:09:00.000000000,ReOpen
20766006,INDIAN_OPENCITY_BBMP,20766006,Potholes in Kadugodi Field inspection assigned to AE officer.,General Consumer Services,Venkatesh/AE,Kadugodi,,,,,2025-06-15 11:03:00.000000000,Registered
20766125,INDIAN_OPENCITY_BBMP,20766125,Garbage dump in Byrasandra complaint attended and cleared madam,General Consumer Services,Marshal Ward No 169/Marshal,Byrasandra,,,,,2025-06-15 12:47:00.000000000,Closed
20769640,INDIAN_OPENCITY_BBMP,20769640,Other Khata / ekhata issues in Hanumantha Nagar Field inspection assigned to ARO officer.,General Consumer Services,Shylaja/ARO,Hanumantha Nagar,,,,,2025-06-18 11:24:00.000000000,Registered
20768284,INDIAN_OPENCITY_BBMP,20768284,Garbage vehicle not arrived in Yelahanka old Satellite Town Complaint attended,General Consumer Services,Marshal Ward No 04/Marshal,Yelahanka old Satellite Town,,,,,2025-06-17 10:33:00.000000000,Closed
20767289,INDIAN_OPENCITY_BBMP,20767289,UnAuthorised Building Constructions in Domlur Field inspection assigned to AE officer.,General Consumer Services,Suresh/AE,Domlur,,,,,2025-06-16 01:00:00.000000000,Registered
20763664,INDIAN_OPENCITY_BBMP,20763664,Garbage dump in Rajarajeshwari Nagar Only cleaning of the waste done. No solution provided for future,General Consumer Services,Smt. Poornima J B/AGM,Rajarajeshwari Nagar,,,,,2025-06-13 11:14:00.000000000,ReOpen
20767696,INDIAN_OPENCITY_BBMP,20767696,Garbage dump in Hebbal Complaint resolved,General Consumer Services,Marshal Ward No 21/Marshal,Hebbal,,,,,2025-06-16 06:39:00.000000000,Closed
20770483,INDIAN_OPENCITY_BBMP,20770483,footpath encroachment in Kavalbyrasandra Field inspection assigned to AE officer.,General Consumer Services,Basavaraj/AE,Kavalbyrasandra,,,,,2025-06-19 06:40:00.000000000,Registered
20769344,INDIAN_OPENCITY_BBMP,20769344,Fatally injured - Needs immediate attention in Kodigehalli Field inspection assigned to VI officer.,General Consumer Services,Pushpa B Rao/VI,Kodigehalli,,,,,2025-06-18 08:50:00.000000000,Registered
20771245,INDIAN_OPENCITY_BBMP,20771245,Dengue positive in Garudacharpalya Field inspection assigned to Medical officer officer.,General Consumer Services,Dr.GOWTHAMI/Medical officer,Garudacharpalya,,,,,2025-06-19 03:34:00.000000000,Registered
20769449,INDIAN_OPENCITY_BBMP,20769449,Garbage vehicle not arrived in Dodda Bidarkallu Complaint attended,General Consumer Services,Marshal Ward No 40/Marshal,Dodda Bidarkallu,,,,,2025-06-18 09:53:00.000000000,Closed
20770816,INDIAN_OPENCITY_BBMP,20770816,Garbage dumping in vacant sites in Yelachenahalli Field inspection assigned to Marshal officer.,General Consumer Services,Marshal Ward No 185/Marshal,Yelachenahalli,,,,,2025-06-19 11:12:00.000000000,Registered
20765176,INDIAN_OPENCITY_BBMP,20765176,Garbage dump in Domlur Clearing sir,General Consumer Services,Marshal Ward No 112/Marshal,Domlur,,,,,2025-06-14 12:23:00.000000000,Closed
20771242,INDIAN_OPENCITY_BBMP,20771242,Dengue positive in Jayangar Field inspection assigned to Medical officer officer.,General Consumer Services,Dr promod N/Medical officer,Jayangar,,,,,2025-06-19 03:31:00.000000000,Registered
20766070,INDIAN_OPENCITY_BBMP,20766070,Garbage vehicle not arrived in Newthippasandra Cleared,General Consumer Services,Marshal Ward No 58/Marshal,Newthippasandra,,,,,2025-06-15 12:00:00.000000000,Closed
20770404,INDIAN_OPENCITY_BBMP,20770404,"shifting of the street dogs to other places in Hampi Nagar Spoke to the reporter and explained the legality. Dogs cannot be relocated as per the ABC Rule 2023. For barking, crying, chasing - nothing can be done since it is a natural instinct of a dog. Sterilisation and Immunisation of street dogs will be done by BBMP. Chasing a speedy vehicle for a short distance is normal behaviour of the street dogs. They do this for various reasons. Relocation of these dogs is not permissible under the law. Any attempt by an individual or a group of individuals or RWA to relocate the dogs through any means attracts serious punishment.",General Consumer Services,Hanumantha raju/VI,Hampi Nagar,,,,,2025-06-18 10:18:00.000000000,Closed
20769767,INDIAN_OPENCITY_BBMP,20769767,obstructions Branches / Trees. in Hosakerehalli Field inspection assigned to DYRFO officer.,General Consumer Services,Shivanna T.C/DYRFO,Hosakerehalli,,,,,2025-06-18 12:32:00.000000000,Registered
20762564,INDIAN_OPENCITY_BBMP,20762564,Garbage vehicle not arrived in Shakambari Nagar It's,General Consumer Services,Marshal Ward No 179/Marshal,Shakambari Nagar,,,,,2025-06-12 01:08:00.000000000,Closed
20763503,INDIAN_OPENCITY_BBMP,20763503,ekhata approval pending with ARO in Kodigehalli It's approved by RO,General Consumer Services,Guru Prasanna/ARO,Kodigehalli,,,,,2025-06-13 10:04:00.000000000,Closed
20767996,INDIAN_OPENCITY_BBMP,20767996,"Khata Services (Registration, Transfer, Bifurcation and Amalgamation) in Vasanthapura This is not open space but a flat. Secondly so many flat owners from other wards have already received the khata after paying mutation fees. If someone wants to sell their property then what is their position ?I met your commissioner Mr Manish Moudgil last month but he assured that it will be looked into within two months.",General Consumer Services,Fathima/RO,Vasanthapura,,,,,2025-06-17 06:42:00.000000000,ReOpen
20768902,INDIAN_OPENCITY_BBMP,20768902,Garbage dump in Muneshwara Nagar Clear sir,General Consumer Services,Marshal Ward No 48/Marshal,Muneshwara Nagar,,,,,2025-06-17 06:10:00.000000000,Closed
20764118,INDIAN_OPENCITY_BBMP,20764118,Garbage dump in Benniganahalli Address not found not received cal,General Consumer Services,Marshal Ward No 50/Marshal,Benniganahalli,,,,,2025-06-13 03:34:00.000000000,Closed
20766652,INDIAN_OPENCITY_BBMP,20766652,Potholes in Kottigepalya This is nonsense come and fix else will file complaint,General Consumer Services,Hemanth/AEE,Kottigepalya,,,,,2025-06-16 06:48:00.000000000,ReOpen
20763611,INDIAN_OPENCITY_BBMP,20763611,Road side drains in Vannarpet Field inspection assigned to AE officer.,General Consumer Services,Meghana/AE,Vannarpet,,,,,2025-06-13 10:52:00.000000000,Registered
20768399,INDIAN_OPENCITY_BBMP,20768399,Garbage dump in Cottonpet Complaints cleard sir,General Consumer Services,Marshal ward no 120/Marshal,Cottonpet,,,,,2025-06-17 11:29:00.000000000,Closed
20767373,INDIAN_OPENCITY_BBMP,20767373,"Khata Services (Registration, Transfer, Bifurcation and Amalgamation) in Begur ಇ ಅಸ್ತಿ ಪಡೆದಿದ್ದಲಿ ಹೆಸರು ಬದಲಾವಣೆಯಾಗುತ್ತದೆ",General Consumer Services,Narasimhulu/ARO,Begur,,,,,2025-06-16 01:55:00.000000000,Closed
20769816,INDIAN_OPENCITY_BBMP,20769816,shifting of the street dogs to other places in Shiva Nagar Field inspection assigned to VI officer.,General Consumer Services,Lokesh/VI,Shiva Nagar,,,,,2025-06-18 01:17:00.000000000,Registered
20767514,INDIAN_OPENCITY_BBMP,20767514,Garbage dump in Marathalli Forwarded Task,General Consumer Services,Marshal Ward No 86/Marshal,Marathalli,,,,,2025-06-16 03:57:00.000000000,Registered
20767626,INDIAN_OPENCITY_BBMP,20767626,water stagnation in Horamavu Field inspection assigned to AE officer.,General Consumer Services,Ramesh Horamavu/AE,Horamavu,,,,,2025-06-16 05:33:00.000000000,Registered
20767005,INDIAN_OPENCITY_BBMP,20767005,Garbage dump in Moodalapalya Cleared,General Consumer Services,Marshal Ward No 127/Marshal,Moodalapalya,,,,,2025-06-16 10:55:00.000000000,Closed
20765255,INDIAN_OPENCITY_BBMP,20765255,Road cutting in Puttenahalli Field inspection assigned to AE officer.,General Consumer Services,Nandish/AE,Puttenahalli,,,,,2025-06-14 01:15:00.000000000,Registered
20768005,INDIAN_OPENCITY_BBMP,20768005,Garbage dump in Bagalagunte Clear,General Consumer Services,Marshal Ward No 14/Marshal,Bagalagunte,,,,,2025-06-17 07:08:00.000000000,Closed
20765446,INDIAN_OPENCITY_BBMP,20765446,Anti Rabies Vaccination of stray dogs in Maruthi Seva Nagar ARV drive is being conducted every year in all the wards of Bbmp on rotation system. ARV drive will be conducted in this respective ward very soon on its turn.,General Consumer Services,Chandrashekar/VI,Maruthi Seva Nagar,,,,,2025-06-14 04:40:00.000000000,Closed
20769250,INDIAN_OPENCITY_BBMP,20769250,Garbage dump in Kaveripura Field inspection assigned to Marshal officer.,General Consumer Services,Marshal Ward No 103/Marshal,Kaveripura,,,,,2025-06-18 06:50:00.000000000,In Progress
20763723,INDIAN_OPENCITY_BBMP,20763723,Debris Removal / Construction Material in BTM Layout complaint as not attend,General Consumer Services,Ashok S Biradar/AEE,BTM Layout,,,,,2025-06-13 11:31:00.000000000,ReOpen
20763277,INDIAN_OPENCITY_BBMP,20763277,Dead animal(s) in Kottigepalya Gead animal,General Consumer Services,Lakshminarayan G M/JHI,Kottigepalya,,,,,2025-06-13 06:15:00.000000000,Closed
20767417,INDIAN_OPENCITY_BBMP,20767417,ekhata approval pending with ARO in Gottigere Your application is under process,General Consumer Services,Dodda Shamachari/ARO,Gottigere,,,,,2025-06-16 02:29:00.000000000,Closed
20763244,INDIAN_OPENCITY_BBMP,20763244,Animal Rescue - Not well - Requires attention in Jayamahal Please contact rescue department,General Consumer Services,V Srinivas/VI,Jayamahal,,,,,2025-06-12 11:28:00.000000000,Closed
20769416,INDIAN_OPENCITY_BBMP,20769416,water stagnation in HAL Airport CLOSE,General Consumer Services,G.D SOMAIAH/AE,HAL Airport,,,,,2025-06-18 09:35:00.000000000,Closed
20769729,INDIAN_OPENCITY_BBMP,20769729,Technical Issue In Ekhata in Horamavu Field inspection assigned to RI officer.,General Consumer Services,Amar/RI,Horamavu,,,,,2025-06-18 12:10:00.000000000,Registered
20766939,INDIAN_OPENCITY_BBMP,20766939,Issues Related to Parks/Medians/Circles/Island. in Vidyaranyapura Field inspection assigned to HS officer.,General Consumer Services,Yelahanka HS/HS,Vidyaranyapura,,,,,2025-06-16 10:32:00.000000000,Registered
20768412,INDIAN_OPENCITY_BBMP,20768412,Garbage dump in BTM Layout Cleared,General Consumer Services,Marshal Ward No 176/Marshal,BTM Layout,,,,,2025-06-17 11:36:00.000000000,Closed
20761890,INDIAN_OPENCITY_BBMP,20761890,Road Infrastructure in Hanumantha Nagar Field inspection assigned to AE officer.,General Consumer Services,VENKATESH murthy H /AE,Hanumantha Nagar,,,,,2025-06-11 09:50:00.000000000,Registered
20768398,INDIAN_OPENCITY_BBMP,20768398,Debris Removal / Construction Material in Moodalapalya Field inspection assigned to AE officer.,General Consumer Services,TImmappa H/AE,Moodalapalya,,,,,2025-06-17 11:29:00.000000000,Registered
20765758,INDIAN_OPENCITY_BBMP,20765758,Garbage vehicle not arrived in Sanjay Nagar Cleared,General Consumer Services,Marshal Ward No 19/Marshal,Sanjay Nagar,,,,,2025-06-14 11:00:00.000000000,Closed
20763768,INDIAN_OPENCITY_BBMP,20763768,Footpath in Jogupalya Field inspection assigned to AE officer.,General Consumer Services,Murthi/AE,Jogupalya,,,,,2025-06-13 11:50:00.000000000,Registered
20771201,INDIAN_OPENCITY_BBMP,20771201,obstructions Branches / Trees. in Binnipet Field inspection assigned to DYRFO officer.,General Consumer Services,sudarshan/DYRFO,Binnipet,,,,,2025-06-19 03:06:00.000000000,Registered
20769093,INDIAN_OPENCITY_BBMP,20769093,obstructions Branches / Trees. in J.P.Nagar Field inspection assigned to DYRFO officer.,General Consumer Services,B.B Meti/DYRFO,J.P.Nagar,,,,,2025-06-17 08:40:00.000000000,Registered
20770074,INDIAN_OPENCITY_BBMP,20770074,Potholes in HBR Layout Field inspection assigned to AE officer.,General Consumer Services,Shivandaiah/AE,HBR Layout,,,,,2025-06-18 05:07:00.000000000,Registered
20771160,INDIAN_OPENCITY_BBMP,20771160,Garbage dump in Konanakunte Clear,General Consumer Services,Marshal Ward No 195/Marshal,Konanakunte,,,,,2025-06-19 02:36:00.000000000,Closed
20767646,INDIAN_OPENCITY_BBMP,20767646,Garbage thrown in storm water drain in Pulikeshi Nagar Field inspection assigned to AE officer.,General Consumer Services,Samatha/AE,Pulikeshi Nagar,,,,,2025-06-16 05:48:00.000000000,Registered
20770776,INDIAN_OPENCITY_BBMP,20770776,Khata / Ekhata mutation / transfer in Dodda Bidarkallu Field inspection assigned to ARO officer.,General Consumer Services,Manjula/ARO,Dodda Bidarkallu,,,,,2025-06-19 10:48:00.000000000,Registered
20765398,INDIAN_OPENCITY_BBMP,20765398,Garbage dumping in vacant sites in Vidyaranyapura Complient resolved,General Consumer Services,Marshal Ward No 09/Marshal,Vidyaranyapura,,,,,2025-06-14 03:46:00.000000000,Closed
20770819,INDIAN_OPENCITY_BBMP,20770819,Stray/Rabid dog bite in Puttenahalli Field inspection assigned to VI officer.,General Consumer Services,bhavani/VI,Puttenahalli,,,,,2025-06-19 11:14:00.000000000,Registered
20768376,INDIAN_OPENCITY_BBMP,20768376,Garbage dump in Vidyapeetha Unloading issue because of auto driver and help due 6 month not credited so Tommorow will be clear,General Consumer Services,Marshal Ward No 164/Marshal,Vidyapeetha,,,,,2025-06-17 11:17:00.000000000,Closed
20771415,INDIAN_OPENCITY_BBMP,20771415,obstructions Branches / Trees. in Nayandanahalli Field inspection assigned to DYRFO officer.,General Consumer Services,sudarshan/DYRFO,Nayandanahalli,,,,,2025-06-19 06:07:00.000000000,Registered
20770740,INDIAN_OPENCITY_BBMP,20770740,Garbage vehicle not arrived in Basavanagudi Clear,General Consumer Services,Marshal Ward No 154/Marshal,Basavanagudi,,,,,2025-06-19 10:29:00.000000000,Closed
20762369,INDIAN_OPENCITY_BBMP,20762369,water stagnation in Uttarahalli Field inspection assigned to AE officer.,General Consumer Services,Venkat Ramana/AE,Uttarahalli,,,,,2025-06-12 11:31:00.000000000,Closed
20767252,INDIAN_OPENCITY_BBMP,20767252,Garbage dump in Sagayapuram It's clear sir,General Consumer Services,Marshal Ward No 60/Marshal,Sagayapuram,,,,,2025-06-16 12:35:00.000000000,Closed
20767813,INDIAN_OPENCITY_BBMP,20767813,Road Infrastructure in Kacharakanahalli Field inspection assigned to AE officer.,General Consumer Services,Naveen.G/AE,Kacharakanahalli,,,,,2025-06-16 07:55:00.000000000,Registered
20771499,INDIAN_OPENCITY_BBMP,20771499,Garbage dump in Vidyaranyapura Field inspection assigned to Marshal officer.,General Consumer Services,Marshal Ward No 09/Marshal,Vidyaranyapura,,,,,2025-06-19 07:17:00.000000000,In Progress
20768086,INDIAN_OPENCITY_BBMP,20768086,Garbage dump in Hongasandra Clear,General Consumer Services,Marshal Ward No 189/Marshal,Hongasandra,,,,,2025-06-17 08:47:00.000000000,Closed
20764081,INDIAN_OPENCITY_BBMP,20764081,Footpath in Herohalli Forwarded Task,General Consumer Services,CHITTAYYA/AE,Herohalli,,,,,2025-06-13 03:22:00.000000000,Registered
20762384,INDIAN_OPENCITY_BBMP,20762384,Ekhata Area Correction in Begur Do not closed the complaint without providing resolution,General Consumer Services,Narayanappa M/RO,Begur,,,,,2025-06-12 11:39:00.000000000,ReOpen
20766993,INDIAN_OPENCITY_BBMP,20766993,Stray dog related complaints in Moodalapalya Closed,General Consumer Services,Anand G/VI,Moodalapalya,,,,,2025-06-16 10:50:00.000000000,Closed
20767424,INDIAN_OPENCITY_BBMP,20767424,Garbage vehicle not arrived in K.R.Market Clear,General Consumer Services,Marshal Ward No 139/Marshal,K.R.Market,,,,,2025-06-16 02:37:00.000000000,Closed
20770744,INDIAN_OPENCITY_BBMP,20770744,Animal Rescue - Not well - Requires attention in Horamavu Did not pick up the call,General Consumer Services,Smt Jahanar Ameer/VI,Horamavu,,,,,2025-06-19 10:30:00.000000000,Closed
20761691,INDIAN_OPENCITY_BBMP,20761691,"Garbage dump in Singasandra It doesn't belongs to bbmp limits ,comes under rayasandra panchayati limit.",General Consumer Services,Marshal Ward No 191/Marshal,Singasandra,,,,,2025-06-11 05:55:00.000000000,Closed
20768049,INDIAN_OPENCITY_BBMP,20768049,Garbage vehicle not arrived in Hoodi It's a Gated community,General Consumer Services,Marshal Ward No 54/Marshal,Hoodi,,,,,2025-06-17 08:11:00.000000000,Closed
20766897,INDIAN_OPENCITY_BBMP,20766897,Garbage dump in Bilekahalli This one is Vacant Site Foot bath Garbage clear,General Consumer Services,Marshal Ward No 188/Marshal,Bilekahalli,,,,,2025-06-16 10:15:00.000000000,Closed
20763266,INDIAN_OPENCITY_BBMP,20763266,"Khata Services (Registration, Transfer, Bifurcation and Amalgamation) in Hagadooru Hi you have vacant site of property presently bbmp not release to make of khata because of required for single site plan copy or visit your nearest BBMP office",General Consumer Services,Santhos Kumar/ARO,Hagadooru,,,,,2025-06-13 02:24:00.000000000,Closed
20765920,INDIAN_OPENCITY_BBMP,20765920,"Removal of dead/fallen trees in Bommanahalli Please submit application to BBMP, Forest Department",General Consumer Services,Narendra Babu/RFO,Bommanahalli,,,,,2025-06-15 09:39:00.000000000,Closed
20770006,INDIAN_OPENCITY_BBMP,20770006,Garbage dump in Ganga Nagar Field inspection assigned to Marshal officer.,General Consumer Services,Marshal Ward No 20/Marshal,Ganga Nagar,,,,,2025-06-18 04:15:00.000000000,Registered
20771359,INDIAN_OPENCITY_BBMP,20771359,Khata / Ekhata mutation / transfer in Yelachenahalli Field inspection assigned to ARO officer.,General Consumer Services,SHIVAPUTRA/ARO,Yelachenahalli,,,,,2025-06-19 05:35:00.000000000,Registered
20762782,INDIAN_OPENCITY_BBMP,20762782,Road Infrastructure in Jayangar Forwarded Task,General Consumer Services,VENKATESH murthy H /AE,Jayangar,,,,,2025-06-12 04:08:00.000000000,Registered
20770017,INDIAN_OPENCITY_BBMP,20770017,Stray dog related complaints in BTM Layout Field inspection assigned to VI officer.,General Consumer Services,SURESH/VI,BTM Layout,,,,,2025-06-18 04:28:00.000000000,Registered
20762212,INDIAN_OPENCITY_BBMP,20762212,Garbage vehicle not arrived in Marathalli Wet waste vehicle will be daily Dry waste vehicle will come weekly twice,General Consumer Services,Marshal Ward No 86/Marshal,Marathalli,,,,,2025-06-12 10:24:00.000000000,Closed
20768386,INDIAN_OPENCITY_BBMP,20768386,Garbage dump in Vannarpet Forwarded Task,General Consumer Services,Marshal Ward No 115/Marshal,Vannarpet,,,,,2025-06-17 11:23:00.000000000,Registered
20766867,INDIAN_OPENCITY_BBMP,20766867,Garbage dump in Vasanthapura This is vacant litigation site they don't allow for cleaning,General Consumer Services,Marshal Ward No 197/Marshal,Vasanthapura,,,,,2025-06-16 10:04:00.000000000,Closed
20769452,INDIAN_OPENCITY_BBMP,20769452,Complaint against SW collector/ SWM official for violation of SWM Rules in Kuvempu Nagar Complaint resolved,General Consumer Services,Marshal Ward No 11/Marshal,Kuvempu Nagar,,,,,2025-06-18 09:56:00.000000000,Closed
20767777,INDIAN_OPENCITY_BBMP,20767777,Potholes in Yelahanka old Satellite Town Field inspection assigned to AE officer.,General Consumer Services,AE Ward 004/AE,Yelahanka old Satellite Town,,,,,2025-06-16 07:33:00.000000000,Registered
20770638,INDIAN_OPENCITY_BBMP,20770638,Others in HBR Layout Field inspection assigned to Customer Support Representative officer.,General Consumer Services,BBMP Whatsapp/Customer Support Representative,HBR Layout,,,,,2025-06-19 09:25:00.000000000,Registered
20765994,INDIAN_OPENCITY_BBMP,20765994,"Garbage dump in Dattathreya Temple Sir please update proper details, mention your contact details",General Consumer Services,Marshal Ward No 77/Marshal,Dattathreya Temple,,,,,2025-06-15 10:56:00.000000000,Closed
20763783,INDIAN_OPENCITY_BBMP,20763783,water stagnation in Jakkur Field inspection assigned to AE officer.,General Consumer Services,Manthesh/AE,Jakkur,,,,,2025-06-13 12:01:00.000000000,Registered
20762981,INDIAN_OPENCITY_BBMP,20762981,Sweeping not done in Hemmigepura No remarks,General Consumer Services,Monika S D/ Chandrashekhar Murthy N/Kumari K/JHI,Hemmigepura,,,,,2025-06-12 06:36:00.000000000,Closed
20765885,INDIAN_OPENCITY_BBMP,20765885,Animal birth control/neutering of stray dogs in Arakere Field inspection assigned to VI officer.,General Consumer Services,Krishnaiah/VI,Arakere,,,,,2025-06-15 09:04:00.000000000,Registered
20766014,INDIAN_OPENCITY_BBMP,20766014,Road Infrastructure in Lakkasandra Field inspection assigned to AE officer.,General Consumer Services,Ramchandra despande /AE,Lakkasandra,,,,,2025-06-15 11:14:00.000000000,Registered
20770515,INDIAN_OPENCITY_BBMP,20770515,Garbage thrown in storm water drain in Hagadooru Field inspection assigned to AE officer.,General Consumer Services,Prashanth/AE,Hagadooru,,,,,2025-06-19 07:33:00.000000000,Registered
20766153,INDIAN_OPENCITY_BBMP,20766153,Road cutting in Jakkur Forwarded Task,General Consumer Services,Manthesh/AE,Jakkur,,,,,2025-06-15 01:12:00.000000000,Registered
20767494,INDIAN_OPENCITY_BBMP,20767494,Garbage vehicle not arrived in Muneshwara Nagar Clear sir,General Consumer Services,Marshal Ward No 48/Marshal,Muneshwara Nagar,,,,,2025-06-16 03:33:00.000000000,Closed
20762822,INDIAN_OPENCITY_BBMP,20762822,Footpath in Shanthala Nagar Field inspection assigned to Customer Support Representative officer.,General Consumer Services,BBMP Whatsapp/Customer Support Representative,Shanthala Nagar,,,,,2025-06-12 04:22:00.000000000,Non Relevant
20769550,INDIAN_OPENCITY_BBMP,20769550,eKhata - name Mismatch in Katriguppe Field inspection assigned to ARO officer.,General Consumer Services,Suresh/ARO,Katriguppe,,,,,2025-06-18 10:51:00.000000000,Registered
20770079,INDIAN_OPENCITY_BBMP,20770079,Anti Rabies Vaccination of stray dogs in Horamavu Field inspection assigned to VI officer.,General Consumer Services,Smt Jahanar Ameer/VI,Horamavu,,,,,2025-06-18 05:11:00.000000000,Registered
20764519,INDIAN_OPENCITY_BBMP,20764519,Earthing Issue relate to Electric Poles/Panel Boards in Jayanagar East Attended,Pole / Wire / Electrical Hazard,Umesh/AE,Jayanagar East,,,,,2025-06-13 08:18:00.000000000,Closed
20771438,INDIAN_OPENCITY_BBMP,20771438,Earthing Issue relate to Electric Poles/Panel Boards in Mallasandra Field inspection assigned to AE officer.,Pole / Wire / Electrical Hazard,H S Manjappa/AE,Mallasandra,,,,,2025-06-19 06:28:00.000000000,Registered
20763210,INDIAN_OPENCITY_BBMP,20763210,Earthing Issue relate to Electric Poles/Panel Boards in Thanisandra Resolved,Pole / Wire / Electrical Hazard,yeahanka JE Electrical/JE,Thanisandra,,,,,2025-06-12 10:03:00.000000000,Closed
20767826,INDIAN_OPENCITY_BBMP,20767826,Earthing Issue relate to Electric Poles/Panel Boards in Dodda Bidarkallu The complainant given number is not reachable,Pole / Wire / Electrical Hazard,sangamesh hadaginal/JE,Dodda Bidarkallu,,,,,2025-06-16 08:06:00.000000000,Closed
20768774,INDIAN_OPENCITY_BBMP,20768774,Earthing Issue relate to Electric Poles/Panel Boards in Jnanabharathi Ward Field inspection assigned to JE officer.,Pole / Wire / Electrical Hazard,sangamesh hadaginal/JE,Jnanabharathi Ward,,,,,2025-06-17 04:19:00.000000000,Registered
20762947,INDIAN_OPENCITY_BBMP,20762947,Earthing Issue relate to Electric Poles/Panel Boards in Chamrajpet Complaint Attended,Pole / Wire / Electrical Hazard,syed zameer/JE,Chamrajpet,,,,,2025-06-12 05:57:00.000000000,Closed
20771432,INDIAN_OPENCITY_BBMP,20771432,Earthing Issue relate to Electric Poles/Panel Boards in Kengeri Field inspection assigned to JE officer.,Pole / Wire / Electrical Hazard,sangamesh hadaginal/JE,Kengeri,,,,,2025-06-19 06:23:00.000000000,Registered
20766046,INDIAN_OPENCITY_BBMP,20766046,Earthing Issue relate to Electric Poles/Panel Boards in Shankaramata Forwarded Task,Pole / Wire / Electrical Hazard,Jameel/AE,Shankaramata,,,,,2025-06-15 11:35:00.000000000,Registered
20766344,INDIAN_OPENCITY_BBMP,20766344,Earthing Issue relate to Electric Poles/Panel Boards in Newthippasandra Field inspection assigned to AE officer.,Pole / Wire / Electrical Hazard,Durga Prasad/AE,Newthippasandra,,,,,2025-06-15 06:07:00.000000000,Registered
20768533,INDIAN_OPENCITY_BBMP,20768533,No electricity in public toilet(s) in Gottigere Field inspection assigned to JHI officer.,Power Outage / No Supply,Venkatesh/JHI,Gottigere,,,,,2025-06-17 12:46:00.000000000,Registered
20767454,INDIAN_OPENCITY_BBMP,20767454,Street Light Not Working in Ganga Nagar Resolved,Street/Public Electrical Infrastructure,Anand/AE,Ganga Nagar,,,,,2025-06-16 03:02:00.000000000,Closed
20771546,INDIAN_OPENCITY_BBMP,20771546,Street Light Not Working in Varthur Field inspection assigned to AE officer.,Street/Public Electrical Infrastructure,Sachin Malagi/AE,Varthur,,,,,2025-06-19 08:03:00.000000000,Registered
20765833,INDIAN_OPENCITY_BBMP,20765833,Street Light Not Working in Hosakerehalli as per citizen the complaint is not attended,Street/Public Electrical Infrastructure,Umesh/AEE,Hosakerehalli,,,,,2025-06-15 08:02:00.000000000,ReOpen
20771676,INDIAN_OPENCITY_BBMP,20771676,Street Light Not Working in Shankaramata Field inspection assigned to AE officer.,Street/Public Electrical Infrastructure,Jameel/AE,Shankaramata,,,,,2025-06-19 10:16:00.000000000,Registered
20766499,INDIAN_OPENCITY_BBMP,20766499,Requirement For New Street Lights in Rajarajeshwari Nagar Complainant is asking new street light will be provided on priority when the stock is available,Street/Public Electrical Infrastructure,sangamesh hadaginal/JE,Rajarajeshwari Nagar,,,,,2025-06-15 08:36:00.000000000,Closed
20764521,INDIAN_OPENCITY_BBMP,20764521,Street Light Not Working in K.R.Puram Forwarded Task,Street/Public Electrical Infrastructure,Sachin Malagi/AE,K.R.Puram,,,,,2025-06-13 08:20:00.000000000,Registered
20771537,INDIAN_OPENCITY_BBMP,20771537,Street Light Not Working in Kumaraswamy Layout Field inspection assigned to AE officer.,Street/Public Electrical Infrastructure,Umesh/AE,Kumaraswamy Layout,,,,,2025-06-19 07:53:00.000000000,Registered
20762012,INDIAN_OPENCITY_BBMP,20762012,Street Lights Switched On During Day Time in Konena Agrahara Resolved,Street/Public Electrical Infrastructure,Durga Prasad/AE,Konena Agrahara,,,,,2025-06-12 07:55:00.000000000,Closed
20769103,INDIAN_OPENCITY_BBMP,20769103,Street Light Not Working in Prakash Nagar Field inspection assigned to JE officer.,Street/Public Electrical Infrastructure,Anand/JE,Prakash Nagar,,,,,2025-06-17 08:49:00.000000000,Registered
20767857,INDIAN_OPENCITY_BBMP,20767857,Street Light Not Working in Yelachenahalli Atteded,Street/Public Electrical Infrastructure,Ramesh/JE,Yelachenahalli,,,,,2025-06-16 08:31:00.000000000,Closed
20767581,INDIAN_OPENCITY_BBMP,20767581,Street Light Not Working in Kushal Nagar Resolved,Street/Public Electrical Infrastructure,Sandeep Singh/AE,Kushal Nagar,,,,,2025-06-16 05:02:00.000000000,Closed
20771354,INDIAN_OPENCITY_BBMP,20771354,Street Light Not Working in Hosakerehalli Field inspection assigned to AE officer.,Street/Public Electrical Infrastructure,Umesh/AE,Hosakerehalli,,,,,2025-06-19 05:32:00.000000000,Registered
20766184,INDIAN_OPENCITY_BBMP,20766184,Street Light Not Working in Varthur Attended,Street/Public Electrical Infrastructure,Sachin Malagi/AE,Varthur,,,,,2025-06-15 01:53:00.000000000,Closed
20765534,INDIAN_OPENCITY_BBMP,20765534,Street Light Not Working in S.K.Garden Resolved,Street/Public Electrical Infrastructure,Sandeep Singh/AE,S.K.Garden,,,,,2025-06-14 06:24:00.000000000,Closed
20769031,INDIAN_OPENCITY_BBMP,20769031,Street Light Not Working in Jayachamarajendra Nagar Field inspection assigned to AE officer.,Street/Public Electrical Infrastructure,Anand/AE,Jayachamarajendra Nagar,,,,,2025-06-17 07:44:00.000000000,Registered
20761760,INDIAN_OPENCITY_BBMP,20761760,Street Light Not Working in Hemmigepura Complaint belongs to BDA pls contct mr Narendra bda engineer,Street/Public Electrical Infrastructure,sangamesh hadaginal/JE,Hemmigepura,,,,,2025-06-11 07:19:00.000000000,Closed
20771660,INDIAN_OPENCITY_BBMP,20771660,Street Light Not Working in Gottigere Field inspection assigned to JE officer.,Street/Public Electrical Infrastructure,Ramesh/JE,Gottigere,,,,,2025-06-19 10:04:00.000000000,Registered
20765203,INDIAN_OPENCITY_BBMP,20765203,Street Light Not Working in Kengeri Resolved,Street/Public Electrical Infrastructure,sangamesh hadaginal/JE,Kengeri,,,,,2025-06-14 12:33:00.000000000,Closed
20764662,INDIAN_OPENCITY_BBMP,20764662,Requirement For New Street Lights in Banaswadi Cleared,Street/Public Electrical Infrastructure,Vinay Kumar/AE,Banaswadi,,,,,2025-06-13 10:45:00.000000000,Closed
20771479,INDIAN_OPENCITY_BBMP,20771479,Street Light Not Working in Singasandra Field inspection assigned to JE officer.,Street/Public Electrical Infrastructure,Ramesh/JE,Singasandra,,,,,2025-06-19 07:08:00.000000000,Registered
20771547,INDIAN_OPENCITY_BBMP,20771547,Street Light Not Working in Shettyhalli Field inspection assigned to AE officer.,Street/Public Electrical Infrastructure,H S Manjappa/AE,Shettyhalli,,,,,2025-06-19 08:04:00.000000000,Registered
20770847,INDIAN_OPENCITY_BBMP,20770847,Street Light Not Working in Byatarayanapura Resolved,Street/Public Electrical Infrastructure,yeahanka JE Electrical/JE,Byatarayanapura,,,,,2025-06-19 11:25:00.000000000,Closed
20771589,INDIAN_OPENCITY_BBMP,20771589,Street Light Not Working in Jakkur Field inspection assigned to JE officer.,Street/Public Electrical Infrastructure,yeahanka JE Electrical/JE,Jakkur,,,,,2025-06-19 08:47:00.000000000,Registered
20770157,INDIAN_OPENCITY_BBMP,20770157,Street Light Not Working in Katriguppe Field inspection assigned to JE officer.,Street/Public Electrical Infrastructure,Jnanesh/JE,Katriguppe,,,,,2025-06-18 06:38:00.000000000,Registered
20764566,INDIAN_OPENCITY_BBMP,20764566,Street Light Not Working in Ganeshmandira Ward Attended,Street/Public Electrical Infrastructure,Umesh/AE,Ganeshmandira Ward,,,,,2025-06-13 09:14:00.000000000,Closed
20769964,INDIAN_OPENCITY_BBMP,20769964,Requirement For New Street Lights in Laggere Field inspection assigned to JE officer.,Street/Public Electrical Infrastructure,sangamesh hadaginal/JE,Laggere,,,,,2025-06-18 03:23:00.000000000,Registered
20771536,INDIAN_OPENCITY_BBMP,20771536,Street Light Not Working in Yelahanka old Satellite Town Field inspection assigned to JE officer.,Street/Public Electrical Infrastructure,yeahanka JE Electrical/JE,Yelahanka old Satellite Town,,,,,2025-06-19 07:51:00.000000000,Registered
20771156,INDIAN_OPENCITY_BBMP,20771156,Street Light Not Working in Kottigepalya Field inspection assigned to JE officer.,Street/Public Electrical Infrastructure,sangamesh hadaginal/JE,Kottigepalya,,,,,2025-06-19 02:31:00.000000000,Registered
20762372,INDIAN_OPENCITY_BBMP,20762372,Requirement For New Street Lights in Jnanabharathi Ward Resolved,Street/Public Electrical Infrastructure,sangamesh hadaginal/JE,Jnanabharathi Ward,,,,,2025-06-12 11:32:00.000000000,Closed
20767878,INDIAN_OPENCITY_BBMP,20767878,Street Light Not Working in Bilekahalli Atteded,Street/Public Electrical Infrastructure,Ramesh/JE,Bilekahalli,,,,,2025-06-16 08:59:00.000000000,Closed
20769322,INDIAN_OPENCITY_BBMP,20769322,Requirement For New Street Lights in Kottigepalya Field inspection assigned to JE officer.,Street/Public Electrical Infrastructure,sangamesh hadaginal/JE,Kottigepalya,,,,,2025-06-18 08:33:00.000000000,Registered
20766128,INDIAN_OPENCITY_BBMP,20766128,"Street Light Not Working in Deepanjali Nagar Yeshwanth singh Complainant Mobile [PHONE] Yeshwanth singh Complainant Mobile [PHONE] Grievance Details Grievance No. 20766825 Zone Name South Ward Name/Ward No. Bapuji Nagar/134 Category Electrical Sub Category Street Lights Switched On During Day Time Address Manjunatha Nilayam, 19, Guddadahalli, Bengaluru, Karnataka 560026, India",Street/Public Electrical Infrastructure,MURTHY/AE,Deepanjali Nagar,,,,,2025-06-15 12:48:00.000000000,Closed
20770524,INDIAN_OPENCITY_BBMP,20770524,Street Light Not Working in Ullalu Attended,Street/Public Electrical Infrastructure,sangamesh hadaginal/JE,Ullalu,,,,,2025-06-19 07:42:00.000000000,Closed
20763760,INDIAN_OPENCITY_BBMP,20763760,Street Light Not Working in Mangammanapalya Attended,Street/Public Electrical Infrastructure,Ramesh/JE,Mangammanapalya,,,,,2025-06-13 11:47:00.000000000,Closed
20764074,INDIAN_OPENCITY_BBMP,20764074,Street Light Not Working in Bharathi Nagar Resolved,Street/Public Electrical Infrastructure,Sandeep Singh/AE,Bharathi Nagar,,,,,2025-06-13 03:19:00.000000000,Closed
20768536,INDIAN_OPENCITY_BBMP,20768536,Street Light Not Working in Banaswadi Attended,Street/Public Electrical Infrastructure,Vinay Kumar/AE,Banaswadi,,,,,2025-06-17 12:48:00.000000000,Closed
20770300,INDIAN_OPENCITY_BBMP,20770300,Street Light Not Working in Laggere Field inspection assigned to JE officer.,Street/Public Electrical Infrastructure,sangamesh hadaginal/JE,Laggere,,,,,2025-06-18 08:38:00.000000000,Registered
20770319,INDIAN_OPENCITY_BBMP,20770319,Street Light Not Working in Pattabhiram Nagar Field inspection assigned to AE officer.,Street/Public Electrical Infrastructure,Umesh/AE,Pattabhiram Nagar,,,,,2025-06-18 08:53:00.000000000,Registered
20764230,INDIAN_OPENCITY_BBMP,20764230,Open Electrical Junction Box in Subedarapalya Complaint Attended,Street/Public Electrical Infrastructure,Anand/JE,Subedarapalya,,,,,2025-06-13 04:52:00.000000000,Closed
20771365,INDIAN_OPENCITY_BBMP,20771365,Street Light Not Working in Puttenahalli Field inspection assigned to JE officer.,Street/Public Electrical Infrastructure,Ramesh/JE,Puttenahalli,,,,,2025-06-19 05:38:00.000000000,Registered
20766508,INDIAN_OPENCITY_BBMP,20766508,Street Light Not Working in Jayachamarajendra Nagar Resolved,Street/Public Electrical Infrastructure,Anand/AE,Jayachamarajendra Nagar,,,,,2025-06-15 08:46:00.000000000,Closed
20771528,INDIAN_OPENCITY_BBMP,20771528,Street Light Not Working in Chikpete Field inspection assigned to JE officer.,Street/Public Electrical Infrastructure,syed zameer/JE,Chikpete,,,,,2025-06-19 07:40:00.000000000,Registered
20763004,INDIAN_OPENCITY_BBMP,20763004,Street Light Not Working in T-Dasarahalli Attended,Street/Public Electrical Infrastructure,H S Manjappa/AE,T-Dasarahalli,,,,,2025-06-12 06:59:00.000000000,Closed
20762266,INDIAN_OPENCITY_BBMP,20762266,Street Light Not Working in Dayananda Nagar Close,Street/Public Electrical Infrastructure,Anand/JE,Dayananda Nagar,,,,,2025-06-12 10:47:00.000000000,Closed
20771636,INDIAN_OPENCITY_BBMP,20771636,Street Light Not Working in Bagalagunte Field inspection assigned to AE officer.,Street/Public Electrical Infrastructure,H S Manjappa/AE,Bagalagunte,,,,,2025-06-19 09:19:00.000000000,Registered
20768135,INDIAN_OPENCITY_BBMP,20768135,Street Light Not Working in Sanjay Nagar Resolved,Street/Public Electrical Infrastructure,Anand/AE,Sanjay Nagar,,,,,2025-06-17 09:24:00.000000000,Closed
20766779,INDIAN_OPENCITY_BBMP,20766779,Street Light Not Working in Horamavu Forwarded Task,Street/Public Electrical Infrastructure,Sachin Malagi/AE,Horamavu,,,,,2025-06-16 09:23:00.000000000,Registered
20770805,INDIAN_OPENCITY_BBMP,20770805,Street Light Not Working in Vishwanathnagenahalli Resolved,Street/Public Electrical Infrastructure,Anand/AE,Vishwanathnagenahalli,,,,,2025-06-19 11:05:00.000000000,Closed
20767912,INDIAN_OPENCITY_BBMP,20767912,Street Light Not Working in Bagalagunte Attended,Street/Public Electrical Infrastructure,H S Manjappa/AE,Bagalagunte,,,,,2025-06-16 09:41:00.000000000,Closed
20770186,INDIAN_OPENCITY_BBMP,20770186,Street Lights Switched On During Day Time in Someshwara Field inspection assigned to JE officer.,Street/Public Electrical Infrastructure,yeahanka JE Electrical/JE,Someshwara,,,,,2025-06-18 07:10:00.000000000,Registered
20766500,INDIAN_OPENCITY_BBMP,20766500,Street Light Not Working in Hosahalli Attend,Street/Public Electrical Infrastructure,MURTHY/AE,Hosahalli,,,,,2025-06-15 08:36:00.000000000,Closed
20767822,INDIAN_OPENCITY_BBMP,20767822,Street Light Not Working in Ullalu They are not attended,Street/Public Electrical Infrastructure,gavisiddaiah/AEE,Ullalu,,,,,2025-06-16 08:01:00.000000000,ReOpen
20763182,INDIAN_OPENCITY_BBMP,20763182,Street Light Not Working in Lakshmidevi Nagar Attended,Street/Public Electrical Infrastructure,sangamesh hadaginal/JE,Lakshmidevi Nagar,,,,,2025-06-12 09:19:00.000000000,Closed
20767884,INDIAN_OPENCITY_BBMP,20767884,Street Light Not Working in Shanthi Nagar Resolved,Street/Public Electrical Infrastructure,Durga Prasad/AE,Shanthi Nagar,,,,,2025-06-16 09:01:00.000000000,Closed
20765682,INDIAN_OPENCITY_BBMP,20765682,Street Light Not Working in Gayathri Nagar Complaint Attended,Street/Public Electrical Infrastructure,Anand/JE,Gayathri Nagar,,,,,2025-06-14 08:55:00.000000000,Closed
20762219,INDIAN_OPENCITY_BBMP,20762219,Street Light Not Working in Ulsoor Forwarded Task,Street/Public Electrical Infrastructure,Sandeep Singh/AE,Ulsoor,,,,,2025-06-12 10:27:00.000000000,Registered
20761843,INDIAN_OPENCITY_BBMP,20761843,Street Light Not Working in Padmanabha Nagar require new street light fitting . survey under progress. we will install new light new month. thank you,Street/Public Electrical Infrastructure,Umesh/AE,Padmanabha Nagar,,,,,2025-06-11 08:46:00.000000000,Closed
20770698,INDIAN_OPENCITY_BBMP,20770698,Street Light Not Working in Hombegowda Nagar attended,Street/Public Electrical Infrastructure,MURTHY/AE,Hombegowda Nagar,,,,,2025-06-19 10:07:00.000000000,Closed
20763539,INDIAN_OPENCITY_BBMP,20763539,Street Light Not Working in J.P.Nagar bommanahalli complaint informed to concerned engineer,Street/Public Electrical Infrastructure,Umesh/AE,J.P.Nagar,,,,,2025-06-13 10:21:00.000000000,Closed
20770303,INDIAN_OPENCITY_BBMP,20770303,Street Light Not Working in Agrahara Dasarahalli Field inspection assigned to AE officer.,Street/Public Electrical Infrastructure,Jameel/AE,Agrahara Dasarahalli,,,,,2025-06-18 08:42:00.000000000,Registered
20761941,INDIAN_OPENCITY_BBMP,20761941,Street Light Not Working in Lingarajapuram Cleared,Street/Public Electrical Infrastructure,Vinay Kumar/AE,Lingarajapuram,,,,,2025-06-11 11:07:00.000000000,Closed
20771601,INDIAN_OPENCITY_BBMP,20771601,Street Light Not Working in Vishwanathnagenahalli Field inspection assigned to AE officer.,Street/Public Electrical Infrastructure,Anand/AE,Vishwanathnagenahalli,,,,,2025-06-19 08:58:00.000000000,Registered
20764498,INDIAN_OPENCITY_BBMP,20764498,Street Light Not Working in C.V.Raman Nagar Resolved,Street/Public Electrical Infrastructure,Durga Prasad/AE,C.V.Raman Nagar,,,,,2025-06-13 07:55:00.000000000,Closed
20768317,INDIAN_OPENCITY_BBMP,20768317,Street Light Not Working in Shiva Nagar Field inspection assigned to JE officer.,Street/Public Electrical Infrastructure,Anand/JE,Shiva Nagar,,,,,2025-06-17 10:48:00.000000000,Registered
20771322,INDIAN_OPENCITY_BBMP,20771322,Street Light Not Working in Doddabommasandra Field inspection assigned to JE officer.,Street/Public Electrical Infrastructure,yeahanka JE Electrical/JE,Doddabommasandra,,,,,2025-06-19 04:47:00.000000000,Registered
20770435,INDIAN_OPENCITY_BBMP,20770435,Street Light Not Working in Rajaji Nagar Field inspection assigned to JE officer.,Street/Public Electrical Infrastructure,Anand/JE,Rajaji Nagar,,,,,2025-06-18 11:11:00.000000000,Registered
20766429,INDIAN_OPENCITY_BBMP,20766429,Street Light Not Working in Basavanapura This complaint comes under panchyath limit,Street/Public Electrical Infrastructure,Sachin Malagi/AE,Basavanapura,,,,,2025-06-15 07:36:00.000000000,Closed
20771689,INDIAN_OPENCITY_BBMP,20771689,Street Light Not Working in Kammanahalli Field inspection assigned to AE officer.,Street/Public Electrical Infrastructure,Vinay Kumar/AE,Kammanahalli,,,,,2025-06-19 10:36:00.000000000,Registered
20768494,INDIAN_OPENCITY_BBMP,20768494,Street Light Not Working in Malleshwaram Complaint attended,Street/Public Electrical Infrastructure,Anand/JE,Malleshwaram,,,,,2025-06-17 12:19:00.000000000,Closed
20766387,INDIAN_OPENCITY_BBMP,20766387,Street Light Not Working in Bommanahalli Atteded,Street/Public Electrical Infrastructure,Ramesh/JE,Bommanahalli,,,,,2025-06-15 07:04:00.000000000,Closed
20770315,INDIAN_OPENCITY_BBMP,20770315,Street Light Not Working in Bommanahalli Field inspection assigned to JE officer.,Street/Public Electrical Infrastructure,Ramesh/JE,Bommanahalli,,,,,2025-06-18 08:51:00.000000000,Registered
20771673,INDIAN_OPENCITY_BBMP,20771673,Street Light Not Working in Begur Field inspection assigned to JE officer.,Street/Public Electrical Infrastructure,Ramesh/JE,Begur,,,,,2025-06-19 10:13:00.000000000,Registered
20770406,INDIAN_OPENCITY_BBMP,20770406,Street Light Not Working in Benniganahalli Resolved,Street/Public Electrical Infrastructure,Durga Prasad/AE,Benniganahalli,,,,,2025-06-18 10:19:00.000000000,Closed
20764284,INDIAN_OPENCITY_BBMP,20764284,Street Light Not Working in Hagadooru Attended,Street/Public Electrical Infrastructure,Sachin Malagi/AE,Hagadooru,,,,,2025-06-13 05:28:00.000000000,Closed
20765977,INDIAN_OPENCITY_BBMP,20765977,Street Lights Switched On During Day Time in Laggere The complainant is not answering the call,Street/Public Electrical Infrastructure,sangamesh hadaginal/JE,Laggere,,,,,2025-06-15 10:44:00.000000000,Closed
20771606,INDIAN_OPENCITY_BBMP,20771606,Street Light Not Working in Shakthiganapathi Nagar Field inspection assigned to AE officer.,Street/Public Electrical Infrastructure,Jameel/AE,Shakthiganapathi Nagar,,,,,2025-06-19 09:00:00.000000000,Registered
20770983,INDIAN_OPENCITY_BBMP,20770983,Street Light Not Working in Chowdeshwari Ward Resolved,Street/Public Electrical Infrastructure,yeahanka JE Electrical/JE,Chowdeshwari Ward,,,,,2025-06-19 12:29:00.000000000,Closed
20770970,INDIAN_OPENCITY_BBMP,20770970,Street Light Not Working in Neelasandra Field inspection assigned to AE officer.,Street/Public Electrical Infrastructure,Durga Prasad/AE,Neelasandra,,,,,2025-06-19 12:24:00.000000000,Registered
20770162,INDIAN_OPENCITY_BBMP,20770162,Street Lights Switched On During Day Time in Ullalu Field inspection assigned to JE officer.,Street/Public Electrical Infrastructure,sangamesh hadaginal/JE,Ullalu,,,,,2025-06-18 06:43:00.000000000,Registered
20768482,INDIAN_OPENCITY_BBMP,20768482,Street Light Not Working in Gottigere Atteded,Street/Public Electrical Infrastructure,Ramesh/JE,Gottigere,,,,,2025-06-17 12:11:00.000000000,Closed
20763091,INDIAN_OPENCITY_BBMP,20763091,Street Light Not Working in Dattathreya Temple Complaint Attended,Street/Public Electrical Infrastructure,syed zameer/JE,Dattathreya Temple,,,,,2025-06-12 07:50:00.000000000,Closed
20771592,INDIAN_OPENCITY_BBMP,20771592,Requirement For New Street Lights in Herohalli Field inspection assigned to JE officer.,Street/Public Electrical Infrastructure,sangamesh hadaginal/JE,Herohalli,,,,,2025-06-19 08:49:00.000000000,Registered
20765672,INDIAN_OPENCITY_BBMP,20765672,Street Light Not Working in Sri Nagar Not comes to south zone . anjanpura ward .,Street/Public Electrical Infrastructure,Jnanesh/JE,Sri Nagar,,,,,2025-06-14 08:49:00.000000000,Closed
20767255,INDIAN_OPENCITY_BBMP,20767255,Street Light Not Working in Newthippasandra Forwarded Task,Street/Public Electrical Infrastructure,Durga Prasad/AE,Newthippasandra,,,,,2025-06-16 12:38:00.000000000,Registered
20768196,INDIAN_OPENCITY_BBMP,20768196,Street Light Not Working in Kempapura Agrahara Field inspection assigned to AE officer.,Street/Public Electrical Infrastructure,MURTHY/AE,Kempapura Agrahara,,,,,2025-06-17 09:54:00.000000000,In Progress
20770360,INDIAN_OPENCITY_BBMP,20770360,Street Light Not Working in Anjanapur Field inspection assigned to JE officer.,Street/Public Electrical Infrastructure,Ramesh/JE,Anjanapur,,,,,2025-06-18 09:36:00.000000000,In Progress
20761813,INDIAN_OPENCITY_BBMP,20761813,Street Light Not Working in J.P.Park Resolved,Street/Public Electrical Infrastructure,sangamesh hadaginal/JE,J.P.Park,,,,,2025-06-11 08:05:00.000000000,Closed
20771344,INDIAN_OPENCITY_BBMP,20771344,Street Light Not Working in Adugodi Field inspection assigned to JE officer.,Street/Public Electrical Infrastructure,Jnanesh/JE,Adugodi,,,,,2025-06-19 05:21:00.000000000,Registered
20770734,INDIAN_OPENCITY_BBMP,20770734,Street Light Not Working in Dattathreya Temple Field inspection assigned to JE officer.,Street/Public Electrical Infrastructure,syed zameer/JE,Dattathreya Temple,,,,,2025-06-19 10:25:00.000000000,Registered
20770491,INDIAN_OPENCITY_BBMP,20770491,Requirement For New Street Lights in Hoodi Field inspection assigned to AE officer.,Street/Public Electrical Infrastructure,Sachin Malagi/AE,Hoodi,,,,,2025-06-19 07:05:00.000000000,Registered
20771268,INDIAN_OPENCITY_BBMP,20771268,Requirement For New Street Lights in Vasanthapura Field inspection assigned to JE officer.,Street/Public Electrical Infrastructure,Ramesh/JE,Vasanthapura,,,,,2025-06-19 03:46:00.000000000,In Progress
20768259,INDIAN_OPENCITY_BBMP,20768259,Street Light Not Working in H.M.T Attended,Street/Public Electrical Infrastructure,sangamesh hadaginal/JE,H.M.T,,,,,2025-06-17 10:18:00.000000000,Closed
20764439,INDIAN_OPENCITY_BBMP,20764439,Street Light Not Working in Sarakki Attended,Street/Public Electrical Infrastructure,Umesh/AE,Sarakki,,,,,2025-06-13 07:12:00.000000000,Closed
20771167,INDIAN_OPENCITY_BBMP,20771167,Street Light Not Working in Attiguppe Field inspection assigned to AE officer.,Street/Public Electrical Infrastructure,MURTHY/AE,Attiguppe,,,,,2025-06-19 02:41:00.000000000,In Progress
20771455,INDIAN_OPENCITY_BBMP,20771455,Street Light Not Working in Hoysala Nagar Field inspection assigned to AE officer.,Street/Public Electrical Infrastructure,Durga Prasad/AE,Hoysala Nagar,,,,,2025-06-19 06:43:00.000000000,Registered
20771582,INDIAN_OPENCITY_BBMP,20771582,Street Light Not Working in Kuvempu Nagar Field inspection assigned to JE officer.,Street/Public Electrical Infrastructure,yeahanka JE Electrical/JE,Kuvempu Nagar,,,,,2025-06-19 08:40:00.000000000,Registered
20769896,INDIAN_OPENCITY_BBMP,20769896,Street Lights Switched On During Day Time in C.V.Raman Nagar Field inspection assigned to AE officer.,Street/Public Electrical Infrastructure,Durga Prasad/AE,C.V.Raman Nagar,,,,,2025-06-18 02:14:00.000000000,Registered
20767733,INDIAN_OPENCITY_BBMP,20767733,Street Light Not Working in Marenahalli Complaint attended,Street/Public Electrical Infrastructure,Jameel/AE,Marenahalli,,,,,2025-06-16 07:09:00.000000000,Closed
20767850,INDIAN_OPENCITY_BBMP,20767850,Street Light Not Working in Ejipura Attended,Street/Public Electrical Infrastructure,Jnanesh/JE,Ejipura,,,,,2025-06-16 08:25:00.000000000,Closed
20767946,INDIAN_OPENCITY_BBMP,20767946,Street Light Not Working in Ullalu This complaint belongs to BDA,Street/Public Electrical Infrastructure,sangamesh hadaginal/JE,Ullalu,,,,,2025-06-16 10:25:00.000000000,Closed
20770786,INDIAN_OPENCITY_BBMP,20770786,Street Light Not Working in Jalahalli Forwarded Task,Street/Public Electrical Infrastructure,sangamesh hadaginal/JE,Jalahalli,,,,,2025-06-19 10:58:00.000000000,Registered
20769942,INDIAN_OPENCITY_BBMP,20769942,Street Light Not Working in Vannarpet Field inspection assigned to AE officer.,Street/Public Electrical Infrastructure,Durga Prasad/AE,Vannarpet,,,,,2025-06-18 03:00:00.000000000,Registered
20765658,INDIAN_OPENCITY_BBMP,20765658,Street Light Not Working in Mathikere Complaint Attended,Street/Public Electrical Infrastructure,Anand/JE,Mathikere,,,,,2025-06-14 08:32:00.000000000,Closed
20765267,INDIAN_OPENCITY_BBMP,20765267,Street Light Not Working in Shivaji Nagar Resolved,Street/Public Electrical Infrastructure,Sandeep Singh/AE,Shivaji Nagar,,,,,2025-06-14 01:23:00.000000000,Closed
20763013,INDIAN_OPENCITY_BBMP,20763013,Street Light Not Working in Jalahalli Resolved,Street/Public Electrical Infrastructure,sangamesh hadaginal/JE,Jalahalli,,,,,2025-06-12 07:07:00.000000000,Closed
20766203,INDIAN_OPENCITY_BBMP,20766203,Street Light Not Working in Sudduguntepalya ATTENDED,Street/Public Electrical Infrastructure,Jnanesh/JE,Sudduguntepalya,,,,,2025-06-15 02:07:00.000000000,Closed
20768778,INDIAN_OPENCITY_BBMP,20768778,Street Light Not Working in Uttarahalli It belongs to BDA layout and kindly contact BDA engineer,Street/Public Electrical Infrastructure,Ramesh/JE,Uttarahalli,,,,,2025-06-17 04:24:00.000000000,Closed
20761928,INDIAN_OPENCITY_BBMP,20761928,Street Light Not Working in Konanakunte Attteded,Street/Public Electrical Infrastructure,Ramesh/JE,Konanakunte,,,,,2025-06-11 10:41:00.000000000,Closed
20764530,INDIAN_OPENCITY_BBMP,20764530,Street Light Not Working in Hebbal Forwarded Task,Street/Public Electrical Infrastructure,Anand/AE,Hebbal,,,,,2025-06-13 08:27:00.000000000,Registered
20766989,INDIAN_OPENCITY_BBMP,20766989,Requirement For New Street Lights in Chikpete Field inspection assigned to JE officer.,Street/Public Electrical Infrastructure,syed zameer/JE,Chikpete,,,,,2025-06-16 10:49:00.000000000,Registered
20766542,INDIAN_OPENCITY_BBMP,20766542,Street Light Not Working in Banaswadi Cleared,Street/Public Electrical Infrastructure,Vinay Kumar/AE,Banaswadi,,,,,2025-06-15 09:17:00.000000000,Closed
20771440,INDIAN_OPENCITY_BBMP,20771440,Street Light Not Working in Binnipet Field inspection assigned to JE officer.,Street/Public Electrical Infrastructure,syed zameer/JE,Binnipet,,,,,2025-06-19 06:29:00.000000000,Registered
20768995,INDIAN_OPENCITY_BBMP,20768995,Street Light Not Working in Sunkenahalli Field inspection assigned to AE officer.,Street/Public Electrical Infrastructure,MURTHY/AE,Sunkenahalli,,,,,2025-06-17 07:30:00.000000000,Registered
20768179,INDIAN_OPENCITY_BBMP,20768179,Street Light Not Working in Yeshwanthpur Attended,Street/Public Electrical Infrastructure,sangamesh hadaginal/JE,Yeshwanthpur,,,,,2025-06-17 09:41:00.000000000,Closed
20765229,INDIAN_OPENCITY_BBMP,20765229,Street Light Not Working in Chamrajpet Complaint Attended,Street/Public Electrical Infrastructure,syed zameer/JE,Chamrajpet,,,,,2025-06-14 12:56:00.000000000,Closed
20770285,INDIAN_OPENCITY_BBMP,20770285,Street Light Not Working in Kacharakanahalli Field inspection assigned to AE officer.,Street/Public Electrical Infrastructure,Vinay Kumar/AE,Kacharakanahalli,,,,,2025-06-18 08:22:00.000000000,Registered
20766841,INDIAN_OPENCITY_BBMP,20766841,Street Light Not Working in Kavalbyrasandra Resolved,Street/Public Electrical Infrastructure,Sandeep Singh/AE,Kavalbyrasandra,,,,,2025-06-16 09:58:00.000000000,Closed
20769906,INDIAN_OPENCITY_BBMP,20769906,Street Lights Switched On During Day Time in BTM Layout Field inspection assigned to JE officer.,Street/Public Electrical Infrastructure,Jnanesh/JE,BTM Layout,,,,,2025-06-18 02:25:00.000000000,Registered
20764357,INDIAN_OPENCITY_BBMP,20764357,Requirement For New Street Lights in Rajamahal Complaint Attended,Street/Public Electrical Infrastructure,Anand/JE,Rajamahal,,,,,2025-06-13 06:26:00.000000000,Closed
20764478,INDIAN_OPENCITY_BBMP,20764478,Street Light Not Working in Begur Attteded,Street/Public Electrical Infrastructure,Ramesh/JE,Begur,,,,,2025-06-13 07:35:00.000000000,Closed
20763095,INDIAN_OPENCITY_BBMP,20763095,Street Light Not Working in Vannarpet Resolved,Street/Public Electrical Infrastructure,Durga Prasad/AE,Vannarpet,,,,,2025-06-12 07:52:00.000000000,Closed
20763832,INDIAN_OPENCITY_BBMP,20763832,Street Light Not Working in Uttarahalli Attended,Street/Public Electrical Infrastructure,Ramesh/JE,Uttarahalli,,,,,2025-06-13 12:30:00.000000000,Closed
20764950,INDIAN_OPENCITY_BBMP,20764950,Street Light Not Working in Varthur complaint not attend,Street/Public Electrical Infrastructure,Sharath Kumar/AEE,Varthur,,,,,2025-06-14 10:34:00.000000000,ReOpen
20768257,INDIAN_OPENCITY_BBMP,20768257,Street Light Not Working in Rajagopala Nagar Attended,Street/Public Electrical Infrastructure,H S Manjappa/AE,Rajagopala Nagar,,,,,2025-06-17 10:16:00.000000000,Closed
20769237,INDIAN_OPENCITY_BBMP,20769237,Street Light Not Working in Yelahanka old Satellite Town Resolved,Street/Public Electrical Infrastructure,yeahanka JE Electrical/JE,Yelahanka old Satellite Town,,,,,2025-06-18 01:02:00.000000000,Closed
20771373,INDIAN_OPENCITY_BBMP,20771373,Street Light Not Working in Lingarajapuram Field inspection assigned to AE officer.,Street/Public Electrical Infrastructure,Vinay Kumar/AE,Lingarajapuram,,,,,2025-06-19 05:44:00.000000000,Registered
20765426,INDIAN_OPENCITY_BBMP,20765426,Street Light Not Working in A.Narayanapura Attended,Street/Public Electrical Infrastructure,Sachin Malagi/AE,A.Narayanapura,,,,,2025-06-14 04:23:00.000000000,Closed
20766940,INDIAN_OPENCITY_BBMP,20766940,Street Light Not Working in Kacharakanahalli Cleared,Street/Public Electrical Infrastructure,Vinay Kumar/AE,Kacharakanahalli,,,,,2025-06-16 10:32:00.000000000,Closed
20762485,INDIAN_OPENCITY_BBMP,20762485,Street Light Not Working in Mangammanapalya This New light will be installed as early as possible,Street/Public Electrical Infrastructure,Ramesh/JE,Mangammanapalya,,,,,2025-06-12 12:25:00.000000000,Closed
20771498,INDIAN_OPENCITY_BBMP,20771498,Street Light Not Working in Malleshwaram Field inspection assigned to JE officer.,Street/Public Electrical Infrastructure,Anand/JE,Malleshwaram,,,,,2025-06-19 07:17:00.000000000,Registered
20763939,INDIAN_OPENCITY_BBMP,20763939,Street Light Not Working in Okalipuram Complaint Attended,Street/Public Electrical Infrastructure,syed zameer/JE,Okalipuram,,,,,2025-06-13 01:36:00.000000000,Closed
20764336,INDIAN_OPENCITY_BBMP,20764336,Street Light Not Working in HAL Airport Attended,Street/Public Electrical Infrastructure,Sachin Malagi/AE,HAL Airport,,,,,2025-06-13 06:10:00.000000000,Closed
20766462,INDIAN_OPENCITY_BBMP,20766462,Street Light Not Working in Vignana Nagar Attended,Street/Public Electrical Infrastructure,Sachin Malagi/AE,Vignana Nagar,,,,,2025-06-15 08:01:00.000000000,Closed
20763161,INDIAN_OPENCITY_BBMP,20763161,Street Light Not Working in Prakash Nagar Complaint Attended,Street/Public Electrical Infrastructure,Anand/JE,Prakash Nagar,,,,,2025-06-12 09:03:00.000000000,Closed
20767929,INDIAN_OPENCITY_BBMP,20767929,Street Light Not Working in Nagapura Complaint attended,Street/Public Electrical Infrastructure,Jameel/AE,Nagapura,,,,,2025-06-16 09:54:00.000000000,Closed
20765675,INDIAN_OPENCITY_BBMP,20765675,Street Light Not Working in Jayamahal Resolved,Street/Public Electrical Infrastructure,Sandeep Singh/AE,Jayamahal,,,,,2025-06-14 08:51:00.000000000,Closed
20766094,INDIAN_OPENCITY_BBMP,20766094,Requirement For New Street Lights in Herohalli Complainant is asking new street light will be provided on priority when the stock is available,Street/Public Electrical Infrastructure,sangamesh hadaginal/JE,Herohalli,,,,,2025-06-15 12:21:00.000000000,Closed
20771683,INDIAN_OPENCITY_BBMP,20771683,Street Light Not Working in Shanthi Nagar Field inspection assigned to AE officer.,Street/Public Electrical Infrastructure,Durga Prasad/AE,Shanthi Nagar,,,,,2025-06-19 10:30:00.000000000,Registered
20764494,INDIAN_OPENCITY_BBMP,20764494,Street Light Not Working in Yeshwanthpur Resolved,Street/Public Electrical Infrastructure,sangamesh hadaginal/JE,Yeshwanthpur,,,,,2025-06-13 07:53:00.000000000,Closed
20771271,INDIAN_OPENCITY_BBMP,20771271,Street Light Not Working in Hemmigepura This complaint belongs to BDA,Street/Public Electrical Infrastructure,sangamesh hadaginal/JE,Hemmigepura,,,,,2025-06-19 03:48:00.000000000,Closed
20762599,INDIAN_OPENCITY_BBMP,20762599,Street Light Not Working in Subhash Nagar Complaint Attended,Street/Public Electrical Infrastructure,syed zameer/JE,Subhash Nagar,,,,,2025-06-12 01:27:00.000000000,Closed
20771629,INDIAN_OPENCITY_BBMP,20771629,Street Light Not Working in Uttarahalli Field inspection assigned to JE officer.,Street/Public Electrical Infrastructure,Ramesh/JE,Uttarahalli,,,,,2025-06-19 09:16:00.000000000,Registered
20770323,INDIAN_OPENCITY_BBMP,20770323,Street Light Not Working in Shivaji Nagar Field inspection assigned to AE officer.,Street/Public Electrical Infrastructure,Sandeep Singh/AE,Shivaji Nagar,,,,,2025-06-18 08:55:00.000000000,Registered
20770355,INDIAN_OPENCITY_BBMP,20770355,Street Light Not Working in Kottigepalya Attended,Street/Public Electrical Infrastructure,sangamesh hadaginal/JE,Kottigepalya,,,,,2025-06-18 09:29:00.000000000,Closed
20770694,INDIAN_OPENCITY_BBMP,20770694,Street Light Not Working in Vidyaranyapura Resolved,Street/Public Electrical Infrastructure,yeahanka JE Electrical/JE,Vidyaranyapura,,,,,2025-06-19 10:06:00.000000000,Closed
20770425,INDIAN_OPENCITY_BBMP,20770425,Street Light Not Working in Someshwara Resolved,Street/Public Electrical Infrastructure,yeahanka JE Electrical/JE,Someshwara,,,,,2025-06-18 10:50:00.000000000,Closed
20771509,INDIAN_OPENCITY_BBMP,20771509,Street Light Not Working in Dodda Bidarkallu Field inspection assigned to JE officer.,Street/Public Electrical Infrastructure,sangamesh hadaginal/JE,Dodda Bidarkallu,,,,,2025-06-19 07:25:00.000000000,Registered
20771082,INDIAN_OPENCITY_BBMP,20771082,Street Light Not Working in Kadugodi Field inspection assigned to AE officer.,Street/Public Electrical Infrastructure,Sachin Malagi/AE,Kadugodi,,,,,2025-06-19 01:33:00.000000000,Registered
20764257,INDIAN_OPENCITY_BBMP,20764257,Street Lights Switched On During Day Time in Hampi Nagar Attended,Street/Public Electrical Infrastructure,MURTHY/AE,Hampi Nagar,,,,,2025-06-13 05:07:00.000000000,Closed
20765633,INDIAN_OPENCITY_BBMP,20765633,Street Light Not Working in Marathalli Forwarded Task,Street/Public Electrical Infrastructure,Sachin Malagi/AE,Marathalli,,,,,2025-06-14 08:05:00.000000000,Registered
20771477,INDIAN_OPENCITY_BBMP,20771477,Street Light Not Working in Kodigehalli Field inspection assigned to JE officer.,Street/Public Electrical Infrastructure,yeahanka JE Electrical/JE,Kodigehalli,,,,,2025-06-19 07:05:00.000000000,Registered
20765786,INDIAN_OPENCITY_BBMP,20765786,Street Light Not Working in Nagavara Cleared,Street/Public Electrical Infrastructure,Vinay Kumar/AE,Nagavara,,,,,2025-06-15 02:30:00.000000000,Closed
20765475,INDIAN_OPENCITY_BBMP,20765475,Street Light Not Working in Dharmarayaswamy Temple Ward Attended,Street/Public Electrical Infrastructure,MURTHY/AE,Dharmarayaswamy Temple Ward,,,,,2025-06-14 05:11:00.000000000,Closed
20762808,INDIAN_OPENCITY_BBMP,20762808,Street Light Not Working in Mahalakshmipuram Forwarded Task,Street/Public Electrical Infrastructure,Jameel/AE,Mahalakshmipuram,,,,,2025-06-12 04:19:00.000000000,Registered
20765636,INDIAN_OPENCITY_BBMP,20765636,Street Light Not Working in Subedarapalya Complaint Attended,Street/Public Electrical Infrastructure,Anand/JE,Subedarapalya,,,,,2025-06-14 08:07:00.000000000,Closed
20771647,INDIAN_OPENCITY_BBMP,20771647,Street Light Not Working in Sanjay Nagar Field inspection assigned to AE officer.,Street/Public Electrical Infrastructure,Anand/AE,Sanjay Nagar,,,,,2025-06-19 09:36:00.000000000,Registered
20768817,INDIAN_OPENCITY_BBMP,20768817,Street Light Not Working in Jayanagar East Field inspection assigned to AE officer.,Street/Public Electrical Infrastructure,Umesh/AE,Jayanagar East,,,,,2025-06-17 05:09:00.000000000,Registered
20766147,INDIAN_OPENCITY_BBMP,20766147,Street Lights Switched On During Day Time in Vijay Nagar Attended,Street/Public Electrical Infrastructure,MURTHY/AE,Vijay Nagar,,,,,2025-06-15 01:08:00.000000000,Closed
20764110,INDIAN_OPENCITY_BBMP,20764110,Street Light Not Working in C.V.Raman Nagar Required for new fitting,Street/Public Electrical Infrastructure,Durga Prasad/AE,C.V.Raman Nagar,,,,,2025-06-13 03:30:00.000000000,Closed
20767896,INDIAN_OPENCITY_BBMP,20767896,Street Light Not Working in Garudacharpalya Attended,Street/Public Electrical Infrastructure,Sachin Malagi/AE,Garudacharpalya,,,,,2025-06-16 09:20:00.000000000,Closed
20770376,INDIAN_OPENCITY_BBMP,20770376,Street Light Not Working in Banashankari Temple Ward Field inspection assigned to AE officer.,Street/Public Electrical Infrastructure,Umesh/AE,Banashankari Temple Ward,,,,,2025-06-18 09:52:00.000000000,In Progress
20768661,INDIAN_OPENCITY_BBMP,20768661,Street Light Not Working in Ullalu as per citizen unsatisfied,Street/Public Electrical Infrastructure,gavisiddaiah/AEE,Ullalu,,,,,2025-06-17 02:33:00.000000000,ReOpen
20768827,INDIAN_OPENCITY_BBMP,20768827,Street Light Not Working in Mathikere Field inspection assigned to JE officer.,Street/Public Electrical Infrastructure,Anand/JE,Mathikere,,,,,2025-06-17 05:20:00.000000000,Registered
20770254,INDIAN_OPENCITY_BBMP,20770254,Street Light Not Working in Azad Nagar Field inspection assigned to JE officer.,Street/Public Electrical Infrastructure,syed zameer/JE,Azad Nagar,,,,,2025-06-18 07:52:00.000000000,Registered
20768660,INDIAN_OPENCITY_BBMP,20768660,Street Light Not Working in Bapuji Nagar ATTENDED,Street/Public Electrical Infrastructure,MURTHY/AE,Bapuji Nagar,,,,,2025-06-17 02:33:00.000000000,Closed
20766986,INDIAN_OPENCITY_BBMP,20766986,Street Light Not Working in Sri Nagar Attended,Street/Public Electrical Infrastructure,Jnanesh/JE,Sri Nagar,,,,,2025-06-16 10:47:00.000000000,Closed
20761778,INDIAN_OPENCITY_BBMP,20761778,Requirement For New Street Lights in K.R.Puram This is not a street light complaint,Street/Public Electrical Infrastructure,Sachin Malagi/AE,K.R.Puram,,,,,2025-06-11 07:33:00.000000000,Closed
20771658,INDIAN_OPENCITY_BBMP,20771658,Street Light Not Working in Bellandur Field inspection assigned to AE officer.,Street/Public Electrical Infrastructure,Sachin Malagi/AE,Bellandur,,,,,2025-06-19 10:00:00.000000000,Registered
20765512,INDIAN_OPENCITY_BBMP,20765512,Street Light Not Working in Basaveshwara Nagar Complaint Attended,Street/Public Electrical Infrastructure,Anand/JE,Basaveshwara Nagar,,,,,2025-06-14 05:56:00.000000000,Closed
20770190,INDIAN_OPENCITY_BBMP,20770190,Street Light Not Working in Deepanjali Nagar Field inspection assigned to AE officer.,Street/Public Electrical Infrastructure,MURTHY/AE,Deepanjali Nagar,,,,,2025-06-18 07:13:00.000000000,Registered
20770413,INDIAN_OPENCITY_BBMP,20770413,Street Light Not Working in A.Narayanapura Field inspection assigned to AE officer.,Street/Public Electrical Infrastructure,Sachin Malagi/AE,A.Narayanapura,,,,,2025-06-18 10:23:00.000000000,Registered
20770644,INDIAN_OPENCITY_BBMP,20770644,Street Light Not Working in Koramangala attended,Street/Public Electrical Infrastructure,Jnanesh/JE,Koramangala,,,,,2025-06-19 09:30:00.000000000,Closed
20761840,INDIAN_OPENCITY_BBMP,20761840,Street Light Not Working in Sri Rammandira Complaint Attended,Street/Public Electrical Infrastructure,Anand/JE,Sri Rammandira,,,,,2025-06-11 08:35:00.000000000,Closed
20767675,INDIAN_OPENCITY_BBMP,20767675,Street Light Not Working in HSR Layout Atteded,Street/Public Electrical Infrastructure,Ramesh/JE,HSR Layout,,,,,2025-06-16 06:19:00.000000000,Closed
20766654,INDIAN_OPENCITY_BBMP,20766654,Street Light Not Working in Jayachamarajendra Nagar Unable to locate address please contact [PHONE],Street/Public Electrical Infrastructure,Anand/AE,Jayachamarajendra Nagar,,,,,2025-06-16 06:54:00.000000000,Closed
20770743,INDIAN_OPENCITY_BBMP,20770743,Requirement For New Street Lights in Hosahalli Required new street light. New Project Survey under process. thank you,Street/Public Electrical Infrastructure,MURTHY/AE,Hosahalli,,,,,2025-06-19 10:30:00.000000000,Closed
20770826,INDIAN_OPENCITY_BBMP,20770826,Requirement For New Street Lights in HBR Layout Field inspection assigned to AE officer.,Street/Public Electrical Infrastructure,Vinay Kumar/AE,HBR Layout,,,,,2025-06-19 11:16:00.000000000,Registered
20764611,INDIAN_OPENCITY_BBMP,20764611,Requirement For New Street Lights in Anjanapur This New light will be installed as early as possible,Street/Public Electrical Infrastructure,Ramesh/JE,Anjanapur,,,,,2025-06-13 09:57:00.000000000,Closed
20768082,INDIAN_OPENCITY_BBMP,20768082,Street Light Not Working in Doddabommasandra Bescom problem,Street/Public Electrical Infrastructure,yeahanka JE Electrical/JE,Doddabommasandra,,,,,2025-06-17 08:42:00.000000000,Closed
20770335,INDIAN_OPENCITY_BBMP,20770335,Street Light Not Working in Jaraganahalli Field inspection assigned to JE officer.,Street/Public Electrical Infrastructure,Ramesh/JE,Jaraganahalli,,,,,2025-06-18 09:03:00.000000000,Registered
20762726,INDIAN_OPENCITY_BBMP,20762726,Street Light Not Working in Jakkur New fitting will be provided on Priority as and when budget available,Street/Public Electrical Infrastructure,yeahanka JE Electrical/JE,Jakkur,,,,,2025-06-12 02:57:00.000000000,Closed
20766635,INDIAN_OPENCITY_BBMP,20766635,Street Light Not Working in Kadugondanahalli Cleared,Street/Public Electrical Infrastructure,Vinay Kumar/AE,Kadugondanahalli,,,,,2025-06-16 05:13:00.000000000,Closed
20765248,INDIAN_OPENCITY_BBMP,20765248,Street Lights Switched On During Day Time in Vijanapura Attended,Street/Public Electrical Infrastructure,Sachin Malagi/AE,Vijanapura,,,,,2025-06-14 01:12:00.000000000,Closed
20770859,INDIAN_OPENCITY_BBMP,20770859,Street Light Not Working in Jakkur Resolved,Street/Public Electrical Infrastructure,yeahanka JE Electrical/JE,Jakkur,,,,,2025-06-19 11:30:00.000000000,Closed
20771570,INDIAN_OPENCITY_BBMP,20771570,Street Light Not Working in Someshwara Field inspection assigned to JE officer.,Street/Public Electrical Infrastructure,yeahanka JE Electrical/JE,Someshwara,,,,,2025-06-19 08:27:00.000000000,Registered
20765712,INDIAN_OPENCITY_BBMP,20765712,Street Light Not Working in Herohalli It's private LED,Street/Public Electrical Infrastructure,sangamesh hadaginal/JE,Herohalli,,,,,2025-06-14 09:29:00.000000000,Closed
20769375,INDIAN_OPENCITY_BBMP,20769375,Street Lights Switched On During Day Time in Singasandra Field inspection assigned to JE officer.,Street/Public Electrical Infrastructure,Ramesh/JE,Singasandra,,,,,2025-06-18 09:13:00.000000000,In Progress
20770375,INDIAN_OPENCITY_BBMP,20770375,Street Light Not Working in Hongasandra Atteded,Street/Public Electrical Infrastructure,Ramesh/JE,Hongasandra,,,,,2025-06-18 09:51:00.000000000,Closed
20770024,INDIAN_OPENCITY_BBMP,20770024,Street Light Not Working in Aramane Nagar Field inspection assigned to JE officer.,Street/Public Electrical Infrastructure,Anand/JE,Aramane Nagar,,,,,2025-06-18 04:35:00.000000000,Registered
20765703,INDIAN_OPENCITY_BBMP,20765703,Street Light Not Working in Peenya Industrial Area RR NAGRA ZONE,Street/Public Electrical Infrastructure,H S Manjappa/AE,Peenya Industrial Area,,,,,2025-06-14 09:21:00.000000000,Closed
20766855,INDIAN_OPENCITY_BBMP,20766855,Street Light Not Working in Newthippasandra Resolved,Street/Public Electrical Infrastructure,Durga Prasad/AE,Newthippasandra,,,,,2025-06-16 10:01:00.000000000,Closed
20766544,INDIAN_OPENCITY_BBMP,20766544,Street Light Not Working in Kumaraswamy Layout attended,Street/Public Electrical Infrastructure,Umesh/AE,Kumaraswamy Layout,,,,,2025-06-15 09:19:00.000000000,Closed
20771574,INDIAN_OPENCITY_BBMP,20771574,Park Lights Not Working in Hampi Nagar Field inspection assigned to AE officer.,Street/Public Electrical Infrastructure,MURTHY/AE,Hampi Nagar,,,,,2025-06-19 08:30:00.000000000,Registered
20763236,INDIAN_OPENCITY_BBMP,20763236,Street Light Not Working in Hemmigepura Resolved,Street/Public Electrical Infrastructure,sangamesh hadaginal/JE,Hemmigepura,,,,,2025-06-12 10:49:00.000000000,Closed
20763052,INDIAN_OPENCITY_BBMP,20763052,Street Light Not Working in Gottigere Attend,Street/Public Electrical Infrastructure,Ramesh/JE,Gottigere,,,,,2025-06-12 07:33:00.000000000,Closed
20770760,INDIAN_OPENCITY_BBMP,20770760,Street Light Not Working in Vidyapeetha Field inspection assigned to JE officer.,Street/Public Electrical Infrastructure,Jnanesh/JE,Vidyapeetha,,,,,2025-06-19 10:37:00.000000000,In Progress
20764156,INDIAN_OPENCITY_BBMP,20764156,Street Light Not Working in Shivaji Nagar Forwarded Task,Street/Public Electrical Infrastructure,Sandeep Singh/AE,Shivaji Nagar,,,,,2025-06-13 04:04:00.000000000,Registered
20766574,INDIAN_OPENCITY_BBMP,20766574,Street Light Not Working in Agaram Resolved,Street/Public Electrical Infrastructure,Durga Prasad/AE,Agaram,,,,,2025-06-15 09:53:00.000000000,Closed
20765328,INDIAN_OPENCITY_BBMP,20765328,Street Light Not Working in Jnanabharathi Ward The complainant is not answering the call,Street/Public Electrical Infrastructure,sangamesh hadaginal/JE,Jnanabharathi Ward,,,,,2025-06-14 02:23:00.000000000,Closed
20766537,INDIAN_OPENCITY_BBMP,20766537,Street Light Not Working in Govindraja Nagara Complaint attended,Street/Public Electrical Infrastructure,Jameel/AE,Govindraja Nagara,,,,,2025-06-15 09:13:00.000000000,Closed
20770543,INDIAN_OPENCITY_BBMP,20770543,Street Lights Switched On During Day Time in Rajarajeshwari Nagar Attended,Street/Public Electrical Infrastructure,sangamesh hadaginal/JE,Rajarajeshwari Nagar,,,,,2025-06-19 07:57:00.000000000,Closed
20767807,INDIAN_OPENCITY_BBMP,20767807,Street Light Not Working in HBR Layout Cleared,Street/Public Electrical Infrastructure,Vinay Kumar/AE,HBR Layout,,,,,2025-06-16 07:52:00.000000000,Closed
20770388,INDIAN_OPENCITY_BBMP,20770388,Street Light Not Working in Marappana Palya Field inspection assigned to AE officer.,Street/Public Electrical Infrastructure,Jameel/AE,Marappana Palya,,,,,2025-06-18 10:00:00.000000000,Registered
20770312,INDIAN_OPENCITY_BBMP,20770312,Street Light Not Working in Kamakshipalya Field inspection assigned to JE officer.,Street/Public Electrical Infrastructure,Anand/JE,Kamakshipalya,,,,,2025-06-18 08:49:00.000000000,Registered
20764921,INDIAN_OPENCITY_BBMP,20764921,Street Lights Switched On During Day Time in Thanisandra Resolved,Street/Public Electrical Infrastructure,yeahanka JE Electrical/JE,Thanisandra,,,,,2025-06-14 10:18:00.000000000,Closed
20771690,INDIAN_OPENCITY_BBMP,20771690,Street Light Not Working in Jagajeevanram Nagar Field inspection assigned to JE officer.,Street/Public Electrical Infrastructure,syed zameer/JE,Jagajeevanram Nagar,,,,,2025-06-19 10:39:00.000000000,Registered
20768632,INDIAN_OPENCITY_BBMP,20768632,Street Light Not Working in Maruthi Mandira Ward Field inspection assigned to AE officer.,Street/Public Electrical Infrastructure,Jameel/AE,Maruthi Mandira Ward,,,,,2025-06-17 02:00:00.000000000,Registered
20765649,INDIAN_OPENCITY_BBMP,20765649,Requirement For New Street Lights in Jakkur This is Budgetary work. New fitting will be provided on priority as and when available,Street/Public Electrical Infrastructure,yeahanka JE Electrical/JE,Jakkur,,,,,2025-06-14 08:18:00.000000000,Closed
20766960,INDIAN_OPENCITY_BBMP,20766960,Street Lights Switched On During Day Time in Jakkur Resolved,Street/Public Electrical Infrastructure,yeahanka JE Electrical/JE,Jakkur,,,,,2025-06-16 10:37:00.000000000,Closed
20767843,INDIAN_OPENCITY_BBMP,20767843,Street Light Not Working in Sunkenahalli Attended,Street/Public Electrical Infrastructure,MURTHY/AE,Sunkenahalli,,,,,2025-06-16 08:18:00.000000000,Closed
20771655,INDIAN_OPENCITY_BBMP,20771655,Street Light Not Working in Basaveshwara Nagar Field inspection assigned to JE officer.,Street/Public Electrical Infrastructure,Anand/JE,Basaveshwara Nagar,,,,,2025-06-19 09:52:00.000000000,Registered
20771332,INDIAN_OPENCITY_BBMP,20771332,Street Light Not Working in H.M.T Field inspection assigned to JE officer.,Street/Public Electrical Infrastructure,sangamesh hadaginal/JE,H.M.T,,,,,2025-06-19 05:08:00.000000000,Registered
20769782,INDIAN_OPENCITY_BBMP,20769782,Street Light Not Working in Agaram Field inspection assigned to AE officer.,Street/Public Electrical Infrastructure,Durga Prasad/AE,Agaram,,,,,2025-06-18 12:42:00.000000000,Registered
20771480,INDIAN_OPENCITY_BBMP,20771480,Street Light Not Working in Basavanapura Field inspection assigned to AE officer.,Street/Public Electrical Infrastructure,Sachin Malagi/AE,Basavanapura,,,,,2025-06-19 07:08:00.000000000,Registered
20768806,INDIAN_OPENCITY_BBMP,20768806,Street Light Not Working in Yeshwanthpur Field inspection assigned to JE officer.,Street/Public Electrical Infrastructure,sangamesh hadaginal/JE,Yeshwanthpur,,,,,2025-06-17 04:52:00.000000000,Registered
20768634,INDIAN_OPENCITY_BBMP,20768634,Requirement For New Street Lights in Marappana Palya Field inspection assigned to AE officer.,Street/Public Electrical Infrastructure,Jameel/AE,Marappana Palya,,,,,2025-06-17 02:02:00.000000000,Registered
20771533,INDIAN_OPENCITY_BBMP,20771533,Street Light Not Working in Cottonpet Field inspection assigned to JE officer.,Street/Public Electrical Infrastructure,syed zameer/JE,Cottonpet,,,,,2025-06-19 07:45:00.000000000,Registered
20771680,INDIAN_OPENCITY_BBMP,20771680,Street Light Not Working in Kengeri Field inspection assigned to JE officer.,Street/Public Electrical Infrastructure,sangamesh hadaginal/JE,Kengeri,,,,,2025-06-19 10:20:00.000000000,Registered
20771661,INDIAN_OPENCITY_BBMP,20771661,Street Light Not Working in BTM Layout Field inspection assigned to JE officer.,Street/Public Electrical Infrastructure,Jnanesh/JE,BTM Layout,,,,,2025-06-19 10:04:00.000000000,Registered
20770384,INDIAN_OPENCITY_BBMP,20770384,Street Light Not Working in Chamrajpet Field inspection assigned to JE officer.,Street/Public Electrical Infrastructure,syed zameer/JE,Chamrajpet,,,,,2025-06-18 09:57:00.000000000,Registered
20766231,INDIAN_OPENCITY_BBMP,20766231,Street Light Not Working in Uttarahalli This New light will be installed as early as possible,Street/Public Electrical Infrastructure,Ramesh/JE,Uttarahalli,,,,,2025-06-15 02:48:00.000000000,Closed
20768236,INDIAN_OPENCITY_BBMP,20768236,Street Light Not Working in Adugodi ATTENDED,Street/Public Electrical Infrastructure,Jnanesh/JE,Adugodi,,,,,2025-06-17 10:10:00.000000000,Closed
20761808,INDIAN_OPENCITY_BBMP,20761808,Street Light Not Working in Kavalbyrasandra Not working,Street/Public Electrical Infrastructure,Sandeep Singh/AEE,Kavalbyrasandra,,,,,2025-06-11 07:54:00.000000000,ReOpen
20771577,INDIAN_OPENCITY_BBMP,20771577,Street Light Not Working in Nandini Layout Field inspection assigned to AE officer.,Street/Public Electrical Infrastructure,Jameel/AE,Nandini Layout,,,,,2025-06-19 08:32:00.000000000,Registered
20765497,INDIAN_OPENCITY_BBMP,20765497,Street Light Not Working in Shiva Nagar Complaint Attended,Street/Public Electrical Infrastructure,Anand/JE,Shiva Nagar,,,,,2025-06-14 05:36:00.000000000,Closed
20763980,INDIAN_OPENCITY_BBMP,20763980,Requirement For New Street Lights in Chamrajpet Complaint Attended,Street/Public Electrical Infrastructure,syed zameer/JE,Chamrajpet,,,,,2025-06-13 02:20:00.000000000,Closed
20767961,INDIAN_OPENCITY_BBMP,20767961,Street Light Not Working in Basavanapura Attended,Street/Public Electrical Infrastructure,Sachin Malagi/AE,Basavanapura,,,,,2025-06-16 10:51:00.000000000,Closed
20768416,INDIAN_OPENCITY_BBMP,20768416,Street Light Not Working in Chokkasandra Attended,Street/Public Electrical Infrastructure,H S Manjappa/AE,Chokkasandra,,,,,2025-06-17 11:38:00.000000000,Closed
20768993,INDIAN_OPENCITY_BBMP,20768993,Street Light Not Working in Maruthi Seva Nagar Field inspection assigned to AE officer.,Street/Public Electrical Infrastructure,Vinay Kumar/AE,Maruthi Seva Nagar,,,,,2025-06-17 07:29:00.000000000,Registered
20764371,INDIAN_OPENCITY_BBMP,20764371,Street Light Not Working in Ullalu Complaint belongs to BDA pls contact BDA Engineer mr Balaraj [PHONE],Street/Public Electrical Infrastructure,sangamesh hadaginal/JE,Ullalu,,,,,2025-06-13 06:33:00.000000000,Closed
20763999,INDIAN_OPENCITY_BBMP,20763999,Street Light Not Working in Aramane Nagar Complaint Attended,Street/Public Electrical Infrastructure,Anand/JE,Aramane Nagar,,,,,2025-06-13 02:36:00.000000000,Closed
20764614,INDIAN_OPENCITY_BBMP,20764614,Street Light Not Working in Radhakrishna Temple Unable to locate address has complainant is not answering calls,Street/Public Electrical Infrastructure,Anand/AE,Radhakrishna Temple,,,,,2025-06-13 10:00:00.000000000,Closed
20771097,INDIAN_OPENCITY_BBMP,20771097,Street Lights Switched On During Day Time in Gayathri Nagar Field inspection assigned to JE officer.,Street/Public Electrical Infrastructure,Anand/JE,Gayathri Nagar,,,,,2025-06-19 01:40:00.000000000,Registered
20767799,INDIAN_OPENCITY_BBMP,20767799,Street Light Not Working in Kengeri Attended,Street/Public Electrical Infrastructure,sangamesh hadaginal/JE,Kengeri,,,,,2025-06-16 07:50:00.000000000,Closed
20770813,INDIAN_OPENCITY_BBMP,20770813,Street Light Not Working in Hemmigepura Attended,Street/Public Electrical Infrastructure,sangamesh hadaginal/JE,Hemmigepura,,,,,2025-06-19 11:10:00.000000000,Closed
20766809,INDIAN_OPENCITY_BBMP,20766809,Street Light Not Working in Marappana Palya Complaint attended,Street/Public Electrical Infrastructure,Jameel/AE,Marappana Palya,,,,,2025-06-16 09:42:00.000000000,Closed
20771597,INDIAN_OPENCITY_BBMP,20771597,Street Light Not Working in Hombegowda Nagar Field inspection assigned to AE officer.,Street/Public Electrical Infrastructure,MURTHY/AE,Hombegowda Nagar,,,,,2025-06-19 08:54:00.000000000,Registered
20771568,INDIAN_OPENCITY_BBMP,20771568,Street Light Not Working in Peenya Industrial Area Field inspection assigned to AE officer.,Street/Public Electrical Infrastructure,H S Manjappa/AE,Peenya Industrial Area,,,,,2025-06-19 08:26:00.000000000,Registered
20771599,INDIAN_OPENCITY_BBMP,20771599,Street Light Not Working in Arakere Field inspection assigned to JE officer.,Street/Public Electrical Infrastructure,Ramesh/JE,Arakere,,,,,2025-06-19 08:56:00.000000000,Registered
20770400,INDIAN_OPENCITY_BBMP,20770400,Street Light Not Working in Madiwala attended,Street/Public Electrical Infrastructure,Jnanesh/JE,Madiwala,,,,,2025-06-18 10:11:00.000000000,Closed
20766291,INDIAN_OPENCITY_BBMP,20766291,Street Light Not Working in Rajaji Nagar Forwarded Task,Street/Public Electrical Infrastructure,Anand/JE,Rajaji Nagar,,,,,2025-06-15 04:33:00.000000000,Registered
20764354,INDIAN_OPENCITY_BBMP,20764354,Street Light Not Working in Rajamahal Complaint Attended,Street/Public Electrical Infrastructure,Anand/JE,Rajamahal,,,,,2025-06-13 06:24:00.000000000,Closed
20771604,INDIAN_OPENCITY_BBMP,20771604,Street Light Not Working in Banaswadi Field inspection assigned to AE officer.,Street/Public Electrical Infrastructure,Vinay Kumar/AE,Banaswadi,,,,,2025-06-19 09:00:00.000000000,Registered
20766369,INDIAN_OPENCITY_BBMP,20766369,Park Lights Not Working in Giri Nagar attended,Street/Public Electrical Infrastructure,Jnanesh/JE,Giri Nagar,,,,,2025-06-15 06:50:00.000000000,Closed
20769046,INDIAN_OPENCITY_BBMP,20769046,Street Light Not Working in Domlur Field inspection assigned to AE officer.,Street/Public Electrical Infrastructure,Durga Prasad/AE,Domlur,,,,,2025-06-17 08:04:00.000000000,Registered
20771553,INDIAN_OPENCITY_BBMP,20771553,Street Light Not Working in Hoodi Field inspection assigned to AE officer.,Street/Public Electrical Infrastructure,Sachin Malagi/AE,Hoodi,,,,,2025-06-19 08:08:00.000000000,Registered
20769186,INDIAN_OPENCITY_BBMP,20769186,Street Light Not Working in Ramaswamy Palya Field inspection assigned to AE officer.,Street/Public Electrical Infrastructure,Sandeep Singh/AE,Ramaswamy Palya,,,,,2025-06-17 10:18:00.000000000,Registered
20763408,INDIAN_OPENCITY_BBMP,20763408,Street Lights Switched On During Day Time in Ganga Nagar Resolved,Street/Public Electrical Infrastructure,Anand/AE,Ganga Nagar,,,,,2025-06-13 09:15:00.000000000,Closed
20764809,INDIAN_OPENCITY_BBMP,20764809,Street Light Not Working in Someshwara ResolvedResolved,Street/Public Electrical Infrastructure,yeahanka JE Electrical/JE,Someshwara,,,,,2025-06-14 08:52:00.000000000,Closed
20766376,INDIAN_OPENCITY_BBMP,20766376,Street Light Not Working in Gurappanapalya attended,Street/Public Electrical Infrastructure,Umesh/AE,Gurappanapalya,,,,,2025-06-15 06:53:00.000000000,Closed
20766564,INDIAN_OPENCITY_BBMP,20766564,Street Light Not Working in Basavanagudi Street light is not working 17/06/2025,Street/Public Electrical Infrastructure,Jnanesh/AEE,Basavanagudi,,,,,2025-06-15 09:43:00.000000000,ReOpen
20770922,INDIAN_OPENCITY_BBMP,20770922,Street Light Not Working in Kuvempu Nagar Resolved,Street/Public Electrical Infrastructure,yeahanka JE Electrical/JE,Kuvempu Nagar,,,,,2025-06-19 12:04:00.000000000,Closed
20763114,INDIAN_OPENCITY_BBMP,20763114,Street Light Not Working in Ulsoor Resolved,Street/Public Electrical Infrastructure,Sandeep Singh/AE,Ulsoor,,,,,2025-06-12 08:11:00.000000000,Closed
20764477,INDIAN_OPENCITY_BBMP,20764477,Street Light Not Working in Vasanthapura Attended,Street/Public Electrical Infrastructure,Ramesh/JE,Vasanthapura,,,,,2025-06-13 07:35:00.000000000,Closed
20771183,INDIAN_OPENCITY_BBMP,20771183,Street Light Not Working in HSR Layout Field inspection assigned to JE officer.,Street/Public Electrical Infrastructure,Ramesh/JE,HSR Layout,,,,,2025-06-19 02:55:00.000000000,In Progress
20771124,INDIAN_OPENCITY_BBMP,20771124,Street Light Not Working in Kodigehalli Resolved,Street/Public Electrical Infrastructure,yeahanka JE Electrical/JE,Kodigehalli,,,,,2025-06-19 02:01:00.000000000,Closed
20767687,INDIAN_OPENCITY_BBMP,20767687,Street Light Not Working in Hebbal Resolved,Street/Public Electrical Infrastructure,Anand/AE,Hebbal,,,,,2025-06-16 06:32:00.000000000,Closed
20770471,INDIAN_OPENCITY_BBMP,20770471,Street Light Not Working in Hosahalli attended,Street/Public Electrical Infrastructure,MURTHY/AE,Hosahalli,,,,,2025-06-19 02:14:00.000000000,Closed
20768991,INDIAN_OPENCITY_BBMP,20768991,Street Light Not Working in Ulsoor Field inspection assigned to AE officer.,Street/Public Electrical Infrastructure,Sandeep Singh/AE,Ulsoor,,,,,2025-06-17 07:29:00.000000000,Registered
20766864,INDIAN_OPENCITY_BBMP,20766864,Street Light Not Working in Ramamurthy Nagar Attended,Street/Public Electrical Infrastructure,Sachin Malagi/AE,Ramamurthy Nagar,,,,,2025-06-16 10:03:00.000000000,Closed
20766409,INDIAN_OPENCITY_BBMP,20766409,Street Light Not Working in Thanisandra Forwarded Task,Street/Public Electrical Infrastructure,yeahanka JE Electrical/JE,Thanisandra,,,,,2025-06-15 07:24:00.000000000,Registered
20771472,INDIAN_OPENCITY_BBMP,20771472,Street Light Not Working in Ullalu Field inspection assigned to JE officer.,Street/Public Electrical Infrastructure,sangamesh hadaginal/JE,Ullalu,,,,,2025-06-19 07:00:00.000000000,Registered
20765479,INDIAN_OPENCITY_BBMP,20765479,Street Light Not Working in K.R.Puram Attended,Street/Public Electrical Infrastructure,Sachin Malagi/AE,K.R.Puram,,,,,2025-06-14 05:14:00.000000000,Closed
20770333,INDIAN_OPENCITY_BBMP,20770333,Requirement For New Street Lights in Dodda Bidarkallu Field inspection assigned to JE officer.,Street/Public Electrical Infrastructure,sangamesh hadaginal/JE,Dodda Bidarkallu,,,,,2025-06-18 09:02:00.000000000,Registered
20771670,INDIAN_OPENCITY_BBMP,20771670,Street Light Not Working in Byatarayanapura Field inspection assigned to JE officer.,Street/Public Electrical Infrastructure,yeahanka JE Electrical/JE,Byatarayanapura,,,,,2025-06-19 10:10:00.000000000,Registered
20771115,INDIAN_OPENCITY_BBMP,20771115,Street Light Not Working in Konanakunte Atteded,Street/Public Electrical Infrastructure,Ramesh/JE,Konanakunte,,,,,2025-06-19 01:50:00.000000000,Closed
20766571,INDIAN_OPENCITY_BBMP,20766571,Park Lights Not Working in Marathalli Attended,Street/Public Electrical Infrastructure,Sachin Malagi/AE,Marathalli,,,,,2025-06-15 09:50:00.000000000,Closed
20769883,INDIAN_OPENCITY_BBMP,20769883,Street Light Not Working in Jayamahal Field inspection assigned to AE officer.,Street/Public Electrical Infrastructure,Sandeep Singh/AE,Jayamahal,,,,,2025-06-18 01:55:00.000000000,Registered
20771562,INDIAN_OPENCITY_BBMP,20771562,Street Light Not Working in K.R.Puram Field inspection assigned to AE officer.,Street/Public Electrical Infrastructure,Sachin Malagi/AE,K.R.Puram,,,,,2025-06-19 08:22:00.000000000,Registered
20764324,INDIAN_OPENCITY_BBMP,20764324,Requirement For New Street Lights in Vignana Nagar Attended,Street/Public Electrical Infrastructure,Sharath Kumar/AEE,Vignana Nagar,,,,,2025-06-13 06:01:00.000000000,Long Term Solution
20764482,INDIAN_OPENCITY_BBMP,20764482,Street Light Not Working in Azad Nagar Complaint Attended,Street/Public Electrical Infrastructure,syed zameer/JE,Azad Nagar,,,,,2025-06-13 07:40:00.000000000,Closed
20765716,INDIAN_OPENCITY_BBMP,20765716,Street Light Not Working in Marathalli Attended,Street/Public Electrical Infrastructure,Sachin Malagi/AE,Marathalli,,,,,2025-06-14 09:43:00.000000000,Closed
20771590,INDIAN_OPENCITY_BBMP,20771590,Requirement For New Street Lights in Vidyaranyapura Field inspection assigned to JE officer.,Street/Public Electrical Infrastructure,yeahanka JE Electrical/JE,Vidyaranyapura,,,,,2025-06-19 08:48:00.000000000,Registered
20766507,INDIAN_OPENCITY_BBMP,20766507,Requirement For New Street Lights in Bagalagunte New fitting no stock,Street/Public Electrical Infrastructure,H S Manjappa/AE,Bagalagunte,,,,,2025-06-15 08:44:00.000000000,Closed
20766168,INDIAN_OPENCITY_BBMP,20766168,Street Lights Switched On During Day Time in Ramaswamy Palya Field inspection assigned to AE officer.,Street/Public Electrical Infrastructure,Sandeep Singh/AE,Ramaswamy Palya,,,,,2025-06-15 01:29:00.000000000,Registered
20768251,INDIAN_OPENCITY_BBMP,20768251,Street Lights Switched On During Day Time in Dodda Bidarkallu Attended,Street/Public Electrical Infrastructure,sangamesh hadaginal/JE,Dodda Bidarkallu,,,,,2025-06-17 10:15:00.000000000,Closed
20771493,INDIAN_OPENCITY_BBMP,20771493,Street Light Not Working in T-Dasarahalli Field inspection assigned to AE officer.,Street/Public Electrical Infrastructure,H S Manjappa/AE,T-Dasarahalli,,,,,2025-06-19 07:16:00.000000000,Registered
20771600,INDIAN_OPENCITY_BBMP,20771600,Street Light Not Working in Yelachenahalli Field inspection assigned to JE officer.,Street/Public Electrical Infrastructure,Ramesh/JE,Yelachenahalli,,,,,2025-06-19 08:57:00.000000000,Registered
20766520,INDIAN_OPENCITY_BBMP,20766520,Street Light Not Working in Hosakerehalli attended,Street/Public Electrical Infrastructure,Umesh/AE,Hosakerehalli,,,,,2025-06-15 08:56:00.000000000,Closed
20764108,INDIAN_OPENCITY_BBMP,20764108,Requirement For New Street Lights in Horamavu Attended,Street/Public Electrical Infrastructure,Sharath Kumar/AEE,Horamavu,,,,,2025-06-13 03:29:00.000000000,Long Term Solution
20768351,INDIAN_OPENCITY_BBMP,20768351,Street Light Not Working in Mangammanapalya Atteded,Street/Public Electrical Infrastructure,Ramesh/JE,Mangammanapalya,,,,,2025-06-17 11:04:00.000000000,Closed
20768079,INDIAN_OPENCITY_BBMP,20768079,Street Light Not Working in Pattabhiram Nagar attended,Street/Public Electrical Infrastructure,Umesh/AE,Pattabhiram Nagar,,,,,2025-06-17 08:42:00.000000000,Closed
20762066,INDIAN_OPENCITY_BBMP,20762066,Street Light Not Working in Giri Nagar Belong to RR nagar zone.,Street/Public Electrical Infrastructure,Jnanesh/JE,Giri Nagar,,,,,2025-06-12 08:38:00.000000000,Closed
20767972,INDIAN_OPENCITY_BBMP,20767972,Street Light Not Working in Hoysala Nagar Resolved,Street/Public Electrical Infrastructure,Durga Prasad/AE,Hoysala Nagar,,,,,2025-06-16 11:15:00.000000000,Closed
20765651,INDIAN_OPENCITY_BBMP,20765651,Street Light Not Working in Shakambari Nagar Attended,Street/Public Electrical Infrastructure,Umesh/AE,Shakambari Nagar,,,,,2025-06-14 08:24:00.000000000,Closed
20769844,INDIAN_OPENCITY_BBMP,20769844,Street Light Not Working in Sri Rammandira Field inspection assigned to JE officer.,Street/Public Electrical Infrastructure,Anand/JE,Sri Rammandira,,,,,2025-06-18 01:31:00.000000000,Registered
20771512,INDIAN_OPENCITY_BBMP,20771512,Street Light Not Working in Garudacharpalya Field inspection assigned to AE officer.,Street/Public Electrical Infrastructure,Sachin Malagi/AE,Garudacharpalya,,,,,2025-06-19 07:25:00.000000000,Registered
20766568,INDIAN_OPENCITY_BBMP,20766568,Street Light Not Working in Sampangiram Nagar Forwarded Task,Street/Public Electrical Infrastructure,Sandeep Singh/AE,Sampangiram Nagar,,,,,2025-06-15 09:46:00.000000000,Registered
20767933,INDIAN_OPENCITY_BBMP,20767933,Street Light Not Working in Attiguppe Attended,Street/Public Electrical Infrastructure,MURTHY/AE,Attiguppe,,,,,2025-06-16 10:00:00.000000000,Closed
20762597,INDIAN_OPENCITY_BBMP,20762597,Requirement For New Street Lights in Singasandra This New light will be installed as early as possible,Street/Public Electrical Infrastructure,Ramesh/JE,Singasandra,,,,,2025-06-12 01:27:00.000000000,Closed
20771560,INDIAN_OPENCITY_BBMP,20771560,Street Light Not Working in Visvesvarapuram Field inspection assigned to AE officer.,Street/Public Electrical Infrastructure,MURTHY/AE,Visvesvarapuram,,,,,2025-06-19 08:19:00.000000000,Registered
20769016,INDIAN_OPENCITY_BBMP,20769016,Street Light Not Working in Karisandra Field inspection assigned to AE officer.,Street/Public Electrical Infrastructure,Umesh/AE,Karisandra,,,,,2025-06-17 07:38:00.000000000,Registered
20764685,INDIAN_OPENCITY_BBMP,20764685,Street Light Not Working in Sagayapuram Resolved,Street/Public Electrical Infrastructure,Sandeep Singh/AE,Sagayapuram,,,,,2025-06-14 12:26:00.000000000,Closed
20769731,INDIAN_OPENCITY_BBMP,20769731,Street Lights Switched On During Day Time in Uttarahalli Field inspection assigned to JE officer.,Street/Public Electrical Infrastructure,Ramesh/JE,Uttarahalli,,,,,2025-06-18 12:11:00.000000000,Registered
20770358,INDIAN_OPENCITY_BBMP,20770358,Street Light Not Working in Manorayanapalya Resolved,Street/Public Electrical Infrastructure,Anand/AE,Manorayanapalya,,,,,2025-06-18 09:32:00.000000000,Closed
20770626,INDIAN_OPENCITY_BBMP,20770626,Street Light Not Working in Singasandra Atteded,Street/Public Electrical Infrastructure,Ramesh/JE,Singasandra,,,,,2025-06-19 09:12:00.000000000,Closed
20764411,INDIAN_OPENCITY_BBMP,20764411,Street Light Not Working in Horamavu These are in private layout or BDA lights,Street/Public Electrical Infrastructure,Sachin Malagi/AE,Horamavu,,,,,2025-06-13 06:58:00.000000000,Closed
20769314,INDIAN_OPENCITY_BBMP,20769314,Street Light Not Working in Ejipura Field inspection assigned to JE officer.,Street/Public Electrical Infrastructure,Jnanesh/JE,Ejipura,,,,,2025-06-18 08:25:00.000000000,Registered
20764509,INDIAN_OPENCITY_BBMP,20764509,Street Light Not Working in Subramanya Nagar Complaint Attended,Street/Public Electrical Infrastructure,Anand/JE,Subramanya Nagar,,,,,2025-06-13 08:10:00.000000000,Closed
20769377,INDIAN_OPENCITY_BBMP,20769377,Street Light Not Working in Devarajeevanahalli Field inspection assigned to AE officer.,Street/Public Electrical Infrastructure,Sandeep Singh/AE,Devarajeevanahalli,,,,,2025-06-18 09:13:00.000000000,Registered
20771179,INDIAN_OPENCITY_BBMP,20771179,Street Light Not Working in Kadugondanahalli Field inspection assigned to AE officer.,Street/Public Electrical Infrastructure,Vinay Kumar/AE,Kadugondanahalli,,,,,2025-06-19 02:49:00.000000000,Registered
20763280,INDIAN_OPENCITY_BBMP,20763280,Street Light Not Working in Singasandra This New light will be installed as early as possible,Street/Public Electrical Infrastructure,Ramesh/JE,Singasandra,,,,,2025-06-13 06:42:00.000000000,Closed
20763793,INDIAN_OPENCITY_BBMP,20763793,Street Light Not Working in Rajaji Nagar Complaint Attended,Street/Public Electrical Infrastructure,Anand/JE,Rajaji Nagar,,,,,2025-06-13 12:08:00.000000000,Closed
20771425,INDIAN_OPENCITY_BBMP,20771425,Street Light Not Working in Hebbal Field inspection assigned to AE officer.,Street/Public Electrical Infrastructure,Anand/AE,Hebbal,,,,,2025-06-19 06:15:00.000000000,Registered
20766667,INDIAN_OPENCITY_BBMP,20766667,Street Light Not Working in BTM Layout ATTENDED,Street/Public Electrical Infrastructure,Jnanesh/JE,BTM Layout,,,,,2025-06-16 07:14:00.000000000,Closed
20769720,INDIAN_OPENCITY_BBMP,20769720,Street Lights Switched On During Day Time in Subhash Nagar Field inspection assigned to JE officer.,Street/Public Electrical Infrastructure,syed zameer/JE,Subhash Nagar,,,,,2025-06-18 12:07:00.000000000,Registered
20768394,INDIAN_OPENCITY_BBMP,20768394,Street Light Not Working in Maruthi Mandira Ward Complaint attended,Street/Public Electrical Infrastructure,Jameel/AE,Maruthi Mandira Ward,,,,,2025-06-17 11:26:00.000000000,Closed
20767849,INDIAN_OPENCITY_BBMP,20767849,Street Light Not Working in Jakkasandra ATTENDED,Street/Public Electrical Infrastructure,Jnanesh/JE,Jakkasandra,,,,,2025-06-16 08:24:00.000000000,Closed
20771626,INDIAN_OPENCITY_BBMP,20771626,Street Light Not Working in Jnanabharathi Ward Field inspection assigned to JE officer.,Street/Public Electrical Infrastructure,sangamesh hadaginal/JE,Jnanabharathi Ward,,,,,2025-06-19 09:15:00.000000000,Registered
20768683,INDIAN_OPENCITY_BBMP,20768683,Street Lights Switched On During Day Time in Vishwanathnagenahalli Field inspection assigned to AE officer.,Street/Public Electrical Infrastructure,Anand/AE,Vishwanathnagenahalli,,,,,2025-06-17 02:56:00.000000000,Registered
20766395,INDIAN_OPENCITY_BBMP,20766395,Street Light Not Working in Puttenahalli as per citizen unsatisfied,Street/Public Electrical Infrastructure,Sandeep/AEE,Puttenahalli,,,,,2025-06-15 07:13:00.000000000,ReOpen
20761940,INDIAN_OPENCITY_BBMP,20761940,Street Light Not Working in Katriguppe still not take action,Street/Public Electrical Infrastructure,Jnanesh/AEE,Katriguppe,,,,,2025-06-11 11:06:00.000000000,ReOpen
20764143,INDIAN_OPENCITY_BBMP,20764143,Street Light Not Working in Lakshmidevi Nagar Resolved,Street/Public Electrical Infrastructure,sangamesh hadaginal/JE,Lakshmidevi Nagar,,,,,2025-06-13 03:52:00.000000000,Closed
20769198,INDIAN_OPENCITY_BBMP,20769198,Street Light Not Working in Jayangar Field inspection assigned to AE officer.,Street/Public Electrical Infrastructure,MURTHY/AE,Jayangar,,,,,2025-06-17 10:35:00.000000000,Registered
20765498,INDIAN_OPENCITY_BBMP,20765498,Street Light Not Working in Shakthiganapathi Nagar Complaint attended,Street/Public Electrical Infrastructure,Jameel/AE,Shakthiganapathi Nagar,,,,,2025-06-14 05:36:00.000000000,Closed
20762222,INDIAN_OPENCITY_BBMP,20762222,Requirement For New Street Lights in Sanjay Nagar New light fitting has to be fix to this pole has CCMS project is under progress we have taken your request we will fix new LED light once tender works starts as per priority,Street/Public Electrical Infrastructure,Anand/AE,Sanjay Nagar,,,,,2025-06-12 10:28:00.000000000,Closed
20767674,INDIAN_OPENCITY_BBMP,20767674,Street Light Not Working in Ullalu Not working,Street/Public Electrical Infrastructure,gavisiddaiah/AEE,Ullalu,,,,,2025-06-16 06:19:00.000000000,ReOpen
20766308,INDIAN_OPENCITY_BBMP,20766308,Requirement For New Street Lights in Kadugodi Attended,Street/Public Electrical Infrastructure,Sharath Kumar/AEE,Kadugodi,,,,,2025-06-15 04:57:00.000000000,Long Term Solution
20765725,INDIAN_OPENCITY_BBMP,20765725,Street Light Not Working in Jakkur This is Budgetary work. New fitting will be provided on priority as and when available,Street/Public Electrical Infrastructure,yeahanka JE Electrical/JE,Jakkur,,,,,2025-06-14 09:55:00.000000000,Closed
20770890,INDIAN_OPENCITY_BBMP,20770890,Street Light Not Working in Gayathri Nagar Field inspection assigned to JE officer.,Street/Public Electrical Infrastructure,Anand/JE,Gayathri Nagar,,,,,2025-06-19 11:43:00.000000000,Registered
20768588,INDIAN_OPENCITY_BBMP,20768588,Street Light Not Working in Rajamahal Field inspection assigned to JE officer.,Street/Public Electrical Infrastructure,Anand/JE,Rajamahal,,,,,2025-06-17 01:20:00.000000000,Registered
20763910,INDIAN_OPENCITY_BBMP,20763910,Street Light Not Working in Radhakrishna Temple Resolved,Street/Public Electrical Infrastructure,Anand/AE,Radhakrishna Temple,,,,,2025-06-13 01:14:00.000000000,Closed
20769127,INDIAN_OPENCITY_BBMP,20769127,Requirement For New Street Lights in Gandhi Nagar Field inspection assigned to JE officer.,Street/Public Electrical Infrastructure,syed zameer/JE,Gandhi Nagar,,,,,2025-06-17 09:15:00.000000000,Registered
20764490,INDIAN_OPENCITY_BBMP,20764490,"obstructions Branches / Trees. in Shankaramata The complaint has not been solved. Even last year same complaint was given but it was closed without attending. Now the tree has grown still larger, the branches touching electric lines and pole but again this time the complaint is closed without attending and resolving the issue. Also the branches are covering street light. Request to attend the complaint and trim the branches.",Street/Public Electrical Infrastructure,sudarshan/RFO,Shankaramata,,,,,2025-06-13 07:49:00.000000000,ReOpen
20762033,INDIAN_OPENCITY_BBMP,20762033,Street Light Not Working in Dr.Rajkumar Ward Complaint attended,Street/Public Electrical Infrastructure,Jameel/AE,Dr.Rajkumar Ward,,,,,2025-06-12 08:14:00.000000000,Closed
20768193,INDIAN_OPENCITY_BBMP,20768193,Requirement For New Street Lights in Hoysala Nagar Field inspection assigned to AE officer.,Street/Public Electrical Infrastructure,Durga Prasad/AE,Hoysala Nagar,,,,,2025-06-17 09:53:00.000000000,Registered
20771637,INDIAN_OPENCITY_BBMP,20771637,Street Light Not Working in Chikkalasandra Field inspection assigned to AE officer.,Street/Public Electrical Infrastructure,Umesh/AE,Chikkalasandra,,,,,2025-06-19 09:20:00.000000000,Registered
20771441,INDIAN_OPENCITY_BBMP,20771441,Street Light Not Working in Hegganahalli Field inspection assigned to AE officer.,Street/Public Electrical Infrastructure,H S Manjappa/AE,Hegganahalli,,,,,2025-06-19 06:30:00.000000000,Registered
20763053,INDIAN_OPENCITY_BBMP,20763053,Street Light Not Working in Begur Attended,Street/Public Electrical Infrastructure,Ramesh/JE,Begur,,,,,2025-06-12 07:35:00.000000000,Closed
20768763,INDIAN_OPENCITY_BBMP,20768763,Open Electrical Junction Box in Yelahanka old Satellite Town Resolved,Street/Public Electrical Infrastructure,yeahanka JE Electrical/JE,Yelahanka old Satellite Town,,,,,2025-06-17 04:10:00.000000000,Closed
20771687,INDIAN_OPENCITY_BBMP,20771687,Street Light Not Working in Gandhi Nagar Field inspection assigned to JE officer.,Street/Public Electrical Infrastructure,syed zameer/JE,Gandhi Nagar,,,,,2025-06-19 10:34:00.000000000,Registered
20770392,INDIAN_OPENCITY_BBMP,20770392,Street Light Not Working in Jaraganahalli Atteded,Street/Public Electrical Infrastructure,Ramesh/JE,Jaraganahalli,,,,,2025-06-18 10:08:00.000000000,Closed
20770168,INDIAN_OPENCITY_BBMP,20770168,Street Light Not Working in Konanakunte Field inspection assigned to JE officer.,Street/Public Electrical Infrastructure,Ramesh/JE,Konanakunte,,,,,2025-06-18 06:48:00.000000000,Registered
20769071,INDIAN_OPENCITY_BBMP,20769071,Street Light Not Working in Govindraja Nagara Field inspection assigned to AE officer.,Street/Public Electrical Infrastructure,Jameel/AE,Govindraja Nagara,,,,,2025-06-17 08:24:00.000000000,Registered
20764456,INDIAN_OPENCITY_BBMP,20764456,Street Light Not Working in Dayananda Nagar Complaint Attended,Street/Public Electrical Infrastructure,Anand/JE,Dayananda Nagar,,,,,2025-06-13 07:21:00.000000000,Closed
20765728,INDIAN_OPENCITY_BBMP,20765728,Street Light Not Working in Padarayanapura Complaint Attended,Street/Public Electrical Infrastructure,syed zameer/JE,Padarayanapura,,,,,2025-06-14 09:58:00.000000000,Closed
20767817,INDIAN_OPENCITY_BBMP,20767817,Street Light Not Working in Horamavu Attended,Street/Public Electrical Infrastructure,Sachin Malagi/AE,Horamavu,,,,,2025-06-16 07:58:00.000000000,Closed
20770775,INDIAN_OPENCITY_BBMP,20770775,Street Light Not Working in Thanisandra Resolved,Street/Public Electrical Infrastructure,yeahanka JE Electrical/JE,Thanisandra,,,,,2025-06-19 10:47:00.000000000,Closed
20771613,INDIAN_OPENCITY_BBMP,20771613,Street Light Not Working in Subedarapalya Field inspection assigned to JE officer.,Street/Public Electrical Infrastructure,Anand/JE,Subedarapalya,,,,,2025-06-19 09:05:00.000000000,Registered
20765546,INDIAN_OPENCITY_BBMP,20765546,Requirement For New Street Lights in Rajaji Nagar Complaint Attended,Street/Public Electrical Infrastructure,Anand/JE,Rajaji Nagar,,,,,2025-06-14 06:32:00.000000000,Closed
20770577,INDIAN_OPENCITY_BBMP,20770577,Street Light Not Working in Jakkasandra Field inspection assigned to JE officer.,Street/Public Electrical Infrastructure,Jnanesh/JE,Jakkasandra,,,,,2025-06-19 08:38:00.000000000,In Progress
20766590,INDIAN_OPENCITY_BBMP,20766590,Street Light Not Working in Yadiyuru ATTENDED,Street/Public Electrical Infrastructure,Umesh/AE,Yadiyuru,,,,,2025-06-15 10:17:00.000000000,Closed
20771633,INDIAN_OPENCITY_BBMP,20771633,Street Light Not Working in Sarakki Field inspection assigned to AE officer.,Street/Public Electrical Infrastructure,Umesh/AE,Sarakki,,,,,2025-06-19 09:18:00.000000000,Registered
20763147,INDIAN_OPENCITY_BBMP,20763147,Street Light Not Working in Puttenahalli Attended,Street/Public Electrical Infrastructure,Ramesh/JE,Puttenahalli,,,,,2025-06-12 08:47:00.000000000,Closed
20763944,INDIAN_OPENCITY_BBMP,20763944,Street Light Not Working in Jnanabharathi Ward as per citizen unsatisfied,Street/Public Electrical Infrastructure,gavisiddaiah/AEE,Jnanabharathi Ward,,,,,2025-06-13 01:41:00.000000000,ReOpen
20763150,INDIAN_OPENCITY_BBMP,20763150,Street Light Not Working in Jnanabharathi Ward Resolved,Street/Public Electrical Infrastructure,sangamesh hadaginal/JE,Jnanabharathi Ward,,,,,2025-06-12 08:52:00.000000000,Closed
20767953,INDIAN_OPENCITY_BBMP,20767953,Street Light Not Working in Vijay Nagar Attended,Street/Public Electrical Infrastructure,MURTHY/AE,Vijay Nagar,,,,,2025-06-16 10:36:00.000000000,Closed
20771669,INDIAN_OPENCITY_BBMP,20771669,Street Light Not Working in Doddanekkundi Field inspection assigned to AE officer.,Street/Public Electrical Infrastructure,Sachin Malagi/AE,Doddanekkundi,,,,,2025-06-19 10:10:00.000000000,Registered
20764426,INDIAN_OPENCITY_BBMP,20764426,Street Light Not Working in Pulikeshi Nagar Resolved,Street/Public Electrical Infrastructure,Sandeep Singh/AE,Pulikeshi Nagar,,,,,2025-06-13 07:05:00.000000000,Closed
20769435,INDIAN_OPENCITY_BBMP,20769435,Street Light Not Working in Anjanapur It belongs to BDA layout and kindly contact BDA engineer,Street/Public Electrical Infrastructure,Ramesh/JE,Anjanapur,,,,,2025-06-18 09:47:00.000000000,Closed
20770313,INDIAN_OPENCITY_BBMP,20770313,Street Light Not Working in Bapuji Nagar Field inspection assigned to AE officer.,Street/Public Electrical Infrastructure,MURTHY/AE,Bapuji Nagar,,,,,2025-06-18 08:50:00.000000000,Registered
20765038,INDIAN_OPENCITY_BBMP,20765038,Street Light Not Working in Ullalu This complaint belongs to BDA pls contct mr Balaraj BDA Engineer,Street/Public Electrical Infrastructure,sangamesh hadaginal/JE,Ullalu,,,,,2025-06-14 11:21:00.000000000,Closed
20766606,INDIAN_OPENCITY_BBMP,20766606,Street Light Not Working in Hosahalli belong to west zone,Street/Public Electrical Infrastructure,MURTHY/AE,Hosahalli,,,,,2025-06-15 10:54:00.000000000,Closed
20765557,INDIAN_OPENCITY_BBMP,20765557,Street Light Not Working in Doddanekkundi Attended,Street/Public Electrical Infrastructure,Sachin Malagi/AE,Doddanekkundi,,,,,2025-06-14 06:41:00.000000000,Closed
20770477,INDIAN_OPENCITY_BBMP,20770477,Street Light Not Working in Jnanabharathi Ward Attended,Street/Public Electrical Infrastructure,sangamesh hadaginal/JE,Jnanabharathi Ward,,,,,2025-06-19 06:13:00.000000000,Closed
20769459,INDIAN_OPENCITY_BBMP,20769459,Street Light Not Working in Mangammanapalya Field inspection assigned to JE officer.,Street/Public Electrical Infrastructure,Ramesh/JE,Mangammanapalya,,,,,2025-06-18 10:02:00.000000000,In Progress
20765555,INDIAN_OPENCITY_BBMP,20765555,Street Light Not Working in Domlur Forwarded Task,Street/Public Electrical Infrastructure,Durga Prasad/AE,Domlur,,,,,2025-06-14 06:38:00.000000000,Registered
20764781,INDIAN_OPENCITY_BBMP,20764781,Street Lights Switched On During Day Time in Bellandur Attended,Street/Public Electrical Infrastructure,Sachin Malagi/AE,Bellandur,,,,,2025-06-14 08:27:00.000000000,Closed
20770430,INDIAN_OPENCITY_BBMP,20770430,Park Lights Not Working in J.P.Nagar Field inspection assigned to AE officer.,Street/Public Electrical Infrastructure,Umesh/AE,J.P.Nagar,,,,,2025-06-18 10:58:00.000000000,In Progress
20770368,INDIAN_OPENCITY_BBMP,20770368,Street Light Not Working in Anjanapur Atteded,Street/Public Electrical Infrastructure,Ramesh/JE,Anjanapur,,,,,2025-06-18 09:47:00.000000000,Closed
20763659,INDIAN_OPENCITY_BBMP,20763659,Street Light Not Working in Singasandra Attended,Street/Public Electrical Infrastructure,Ramesh/JE,Singasandra,,,,,2025-06-13 11:13:00.000000000,Closed
20768794,INDIAN_OPENCITY_BBMP,20768794,Requirement For New Street Lights in Domlur Field inspection assigned to AE officer.,Street/Public Electrical Infrastructure,Durga Prasad/AE,Domlur,,,,,2025-06-17 04:36:00.000000000,Registered
20766536,INDIAN_OPENCITY_BBMP,20766536,Street Light Not Working in Bommanahalli This New light will be installed as early as possible,Street/Public Electrical Infrastructure,Ramesh/JE,Bommanahalli,,,,,2025-06-15 09:06:00.000000000,Closed
20762439,INDIAN_OPENCITY_BBMP,20762439,Street Light Not Working in Kodigehalli This is Budgetary work. New fitting will be provided on priority as and when available,Street/Public Electrical Infrastructure,yeahanka JE Electrical/JE,Kodigehalli,,,,,2025-06-12 12:02:00.000000000,Closed
20771456,INDIAN_OPENCITY_BBMP,20771456,Street Light Not Working in Sagayapuram Field inspection assigned to AE officer.,Street/Public Electrical Infrastructure,Sandeep Singh/AE,Sagayapuram,,,,,2025-06-19 06:43:00.000000000,Registered
20768075,INDIAN_OPENCITY_BBMP,20768075,Street Lights Switched On During Day Time in Bapuji Nagar attended,Street/Public Electrical Infrastructure,MURTHY/AE,Bapuji Nagar,,,,,2025-06-17 08:38:00.000000000,Closed
20762940,INDIAN_OPENCITY_BBMP,20762940,Street Light Not Working in Horamavu This complaint belongs to bescom problem contact 1912,Street/Public Electrical Infrastructure,Sachin Malagi/AE,Horamavu,,,,,2025-06-12 05:52:00.000000000,Closed
20766295,INDIAN_OPENCITY_BBMP,20766295,Street Light Not Working in Mallasandra Attended,Street/Public Electrical Infrastructure,H S Manjappa/AE,Mallasandra,,,,,2025-06-15 04:39:00.000000000,Closed
20768518,INDIAN_OPENCITY_BBMP,20768518,Street Light Not Working in Doddabommasandra Resolved,Street/Public Electrical Infrastructure,yeahanka JE Electrical/JE,Doddabommasandra,,,,,2025-06-17 12:36:00.000000000,Closed
20763712,INDIAN_OPENCITY_BBMP,20763712,Street Light Not Working in Bommanahalli This Complaint belongs to south zone,Street/Public Electrical Infrastructure,Ramesh/JE,Bommanahalli,,,,,2025-06-13 11:26:00.000000000,Closed
20767566,INDIAN_OPENCITY_BBMP,20767566,Street Light Not Working in Gangenahalli New light fitting has to be fix to this pole has CCMS project is under progress we have taken your request we will fix new LED light once tender works starts as per priority,Street/Public Electrical Infrastructure,Anand/AE,Gangenahalli,,,,,2025-06-16 04:46:00.000000000,Closed
20763079,INDIAN_OPENCITY_BBMP,20763079,Street Light Not Working in Malleshwaram Forwarded Task,Street/Public Electrical Infrastructure,Anand/JE,Malleshwaram,,,,,2025-06-12 07:44:00.000000000,Registered
20767943,INDIAN_OPENCITY_BBMP,20767943,Requirement For New Street Lights in Vignana Nagar Field inspection assigned to AE officer.,Street/Public Electrical Infrastructure,Sachin Malagi/AE,Vignana Nagar,,,,,2025-06-16 10:18:00.000000000,Registered
20763042,INDIAN_OPENCITY_BBMP,20763042,Street Light Not Working in Anjanapur Attended,Street/Public Electrical Infrastructure,Ramesh/JE,Anjanapur,,,,,2025-06-12 07:23:00.000000000,Closed
20766649,INDIAN_OPENCITY_BBMP,20766649,Street Light Not Working in Banaswadi The lights are still not working. Two lamppost are totally dark.,Street/Public Electrical Infrastructure,Durga Prasad/AEE,Banaswadi,,,,,2025-06-16 06:45:00.000000000,ReOpen
20770781,INDIAN_OPENCITY_BBMP,20770781,Street Light Not Working in Lakkasandra Field inspection assigned to JE officer.,Street/Public Electrical Infrastructure,Jnanesh/JE,Lakkasandra,,,,,2025-06-19 10:55:00.000000000,In Progress
20769210,INDIAN_OPENCITY_BBMP,20769210,Street Light Not Working in Bharathi Nagar Field inspection assigned to AE officer.,Street/Public Electrical Infrastructure,Sandeep Singh/AE,Bharathi Nagar,,,,,2025-06-17 11:14:00.000000000,Registered
20766420,INDIAN_OPENCITY_BBMP,20766420,Street Light Not Working in Vasanth Nagar Forwarded Task,Street/Public Electrical Infrastructure,Sandeep Singh/AE,Vasanth Nagar,,,,,2025-06-15 07:32:00.000000000,Registered
20767685,INDIAN_OPENCITY_BBMP,20767685,Requirement For New Street Lights in Thanisandra This is Budgetary work. New fitting will be provided on priority as and when available,Street/Public Electrical Infrastructure,yeahanka JE Electrical/JE,Thanisandra,,,,,2025-06-16 06:31:00.000000000,Closed
20771586,INDIAN_OPENCITY_BBMP,20771586,Street Light Not Working in Ganeshmandira Ward Field inspection assigned to AE officer.,Street/Public Electrical Infrastructure,Umesh/AE,Ganeshmandira Ward,,,,,2025-06-19 08:45:00.000000000,Registered
20771674,INDIAN_OPENCITY_BBMP,20771674,Street Light Not Working in Giri Nagar Field inspection assigned to JE officer.,Street/Public Electrical Infrastructure,Jnanesh/JE,Giri Nagar,,,,,2025-06-19 10:14:00.000000000,Registered
20763063,INDIAN_OPENCITY_BBMP,20763063,Park Lights Not Working in Ramamurthy Nagar Attended,Street/Public Electrical Infrastructure,Sachin Malagi/AE,Ramamurthy Nagar,,,,,2025-06-12 07:39:00.000000000,Closed
20765237,INDIAN_OPENCITY_BBMP,20765237,Street Light Not Working in Chikkalasandra attended,Street/Public Electrical Infrastructure,Umesh/AE,Chikkalasandra,,,,,2025-06-14 01:01:00.000000000,Closed
20771507,INDIAN_OPENCITY_BBMP,20771507,Street Light Not Working in Okalipuram Field inspection assigned to JE officer.,Street/Public Electrical Infrastructure,syed zameer/JE,Okalipuram,,,,,2025-06-19 07:23:00.000000000,Registered
20763815,INDIAN_OPENCITY_BBMP,20763815,Street Light Not Working in Dodda Bidarkallu Resolved,Street/Public Electrical Infrastructure,sangamesh hadaginal/JE,Dodda Bidarkallu,,,,,2025-06-13 12:19:00.000000000,Closed
20771532,INDIAN_OPENCITY_BBMP,20771532,Street Light Not Working in Vasanth Nagar Field inspection assigned to AE officer.,Street/Public Electrical Infrastructure,Sandeep Singh/AE,Vasanth Nagar,,,,,2025-06-19 07:44:00.000000000,Registered
20767148,INDIAN_OPENCITY_BBMP,20767148,Street Lights Switched On During Day Time in Doddabommasandra Resolved,Street/Public Electrical Infrastructure,yeahanka JE Electrical/JE,Doddabommasandra,,,,,2025-06-16 11:45:00.000000000,Closed
20770953,INDIAN_OPENCITY_BBMP,20770953,Street Light Not Working in Vasanthapura Atteded,Street/Public Electrical Infrastructure,Ramesh/JE,Vasanthapura,,,,,2025-06-19 12:17:00.000000000,Closed
20764555,INDIAN_OPENCITY_BBMP,20764555,Stray dog related complaints in Uttarahalli Wrong information street light complaint lodged (counseling),Street/Public Electrical Infrastructure,Uday Kulkarni/VI,Uttarahalli,,,,,2025-06-13 09:02:00.000000000,Closed
20767741,INDIAN_OPENCITY_BBMP,20767741,Street Light Not Working in J.P.Nagar ATTENDED,Street/Public Electrical Infrastructure,Umesh/AE,J.P.Nagar,,,,,2025-06-16 07:13:00.000000000,Closed
20764454,INDIAN_OPENCITY_BBMP,20764454,Street Light Not Working in Kamakshipalya Complaint Attended,Street/Public Electrical Infrastructure,Anand/JE,Kamakshipalya,,,,,2025-06-13 07:20:00.000000000,Closed
20763144,INDIAN_OPENCITY_BBMP,20763144,Street Light Not Working in Cottonpet Complaint Attended,Street/Public Electrical Infrastructure,syed zameer/JE,Cottonpet,,,,,2025-06-12 08:44:00.000000000,Closed
20765532,INDIAN_OPENCITY_BBMP,20765532,Park Lights Not Working in Ulsoor Field inspection assigned to AE officer.,Street/Public Electrical Infrastructure,Sandeep Singh/AE,Ulsoor,,,,,2025-06-14 06:22:00.000000000,Registered
20769728,INDIAN_OPENCITY_BBMP,20769728,Street Light Not Working in Gurappanapalya Field inspection assigned to AE officer.,Street/Public Electrical Infrastructure,Umesh/AE,Gurappanapalya,,,,,2025-06-18 12:09:00.000000000,Registered
20769789,INDIAN_OPENCITY_BBMP,20769789,Street Light Not Working in Koramangala Field inspection assigned to JE officer.,Street/Public Electrical Infrastructure,Jnanesh/JE,Koramangala,,,,,2025-06-18 12:48:00.000000000,Registered
20766095,INDIAN_OPENCITY_BBMP,20766095,Street Light Not Working in Vijanapura Attended,Street/Public Electrical Infrastructure,Sachin Malagi/AE,Vijanapura,,,,,2025-06-15 12:23:00.000000000,Closed
20768759,INDIAN_OPENCITY_BBMP,20768759,Street Light Not Working in Kaveripura Field inspection assigned to AE officer.,Street/Public Electrical Infrastructure,Jameel/AE,Kaveripura,,,,,2025-06-17 04:08:00.000000000,Registered
20770068,INDIAN_OPENCITY_BBMP,20770068,Street Light Not Working in Hanumantha Nagar Field inspection assigned to JE officer.,Street/Public Electrical Infrastructure,Jnanesh/JE,Hanumantha Nagar,,,,,2025-06-18 05:02:00.000000000,Registered
20761743,INDIAN_OPENCITY_BBMP,20761743,Requirement For New Street Lights in Bellandur Long term solution,Street/Public Electrical Infrastructure,Sharath Kumar/AEE,Bellandur,,,,,2025-06-11 06:58:00.000000000,Long Term Solution
20765654,INDIAN_OPENCITY_BBMP,20765654,Street Light Not Working in Konena Agrahara Resolved,Street/Public Electrical Infrastructure,Durga Prasad/AE,Konena Agrahara,,,,,2025-06-14 08:29:00.000000000,Closed
20770445,INDIAN_OPENCITY_BBMP,20770445,Street Light Not Working in Hampi Nagar attended,Street/Public Electrical Infrastructure,MURTHY/AE,Hampi Nagar,,,,,2025-06-18 11:35:00.000000000,Closed
20771616,INDIAN_OPENCITY_BBMP,20771616,Street Light Not Working in Hemmigepura Field inspection assigned to JE officer.,Street/Public Electrical Infrastructure,sangamesh hadaginal/JE,Hemmigepura,,,,,2025-06-19 09:06:00.000000000,Registered
20768513,INDIAN_OPENCITY_BBMP,20768513,Park Lights Not Working in Aramane Nagar Field inspection assigned to JE officer.,Street/Public Electrical Infrastructure,Anand/JE,Aramane Nagar,,,,,2025-06-17 12:34:00.000000000,Registered
20765698,INDIAN_OPENCITY_BBMP,20765698,Street Light Not Working in Bapuji Nagar belong to west zone.,Street/Public Electrical Infrastructure,MURTHY/AE,Bapuji Nagar,,,,,2025-06-14 09:13:00.000000000,Closed
20767823,INDIAN_OPENCITY_BBMP,20767823,Street Light Not Working in Bagalagunte Forwarded Task,Street/Public Electrical Infrastructure,H S Manjappa/AE,Bagalagunte,,,,,2025-06-16 08:02:00.000000000,Registered
20764547,INDIAN_OPENCITY_BBMP,20764547,Street Light Not Working in Banashankari Temple Ward Attended,Street/Public Electrical Infrastructure,Umesh/AE,Banashankari Temple Ward,,,,,2025-06-13 08:54:00.000000000,Closed
